ISO-10303-21;
HEADER;
FILE_DESCRIPTION(('KiCad electronic assembly'),'2;1');
FILE_NAME('seiboku-pmw3610.step','2026-09-24T00:30:05',('Pcbnew'),(
    'Kicad'),'Open CASCADE STEP processor 7.9','KiCad to STEP converter'
  ,'Unknown');
FILE_SCHEMA(('AUTOMOTIVE_DESIGN { 1 0 10303 214 1 1 1 1 }'));
ENDSEC;
DATA;
#1 = APPLICATION_PROTOCOL_DEFINITION('international standard',
  'automotive_design',2000,#2);
#2 = APPLICATION_CONTEXT(
  'core data for automotive mechanical design processes');
#3 = SHAPE_DEFINITION_REPRESENTATION(#4,#10);
#4 = PRODUCT_DEFINITION_SHAPE('','',#5);
#5 = PRODUCT_DEFINITION('design','',#6,#9);
#6 = PRODUCT_DEFINITION_FORMATION('','',#7);
#7 = PRODUCT('seiboku-pmw3610 1','seiboku-pmw3610 1','',(#8));
#8 = PRODUCT_CONTEXT('',#2,'mechanical');
#9 = PRODUCT_DEFINITION_CONTEXT('part definition',#2,'design');
#10 = SHAPE_REPRESENTATION('',(#11,#15,#19,#23,#27,#31,#35,#39,#43,#47,
    #51,#55,#59),#63);
#11 = AXIS2_PLACEMENT_3D('',#12,#13,#14);
#12 = CARTESIAN_POINT('',(0.,0.,0.));
#13 = DIRECTION('',(0.,0.,1.));
#14 = DIRECTION('',(1.,0.,-0.));
#15 = AXIS2_PLACEMENT_3D('',#16,#17,#18);
#16 = CARTESIAN_POINT('',(141.59,-88.8,-8.5E-02));
#17 = DIRECTION('',(0.,-1.224646799147E-16,-1.));
#18 = DIRECTION('',(1.,0.,0.));
#19 = AXIS2_PLACEMENT_3D('',#20,#21,#22);
#20 = CARTESIAN_POINT('',(140.69,-98.9625,-8.5E-02));
#21 = DIRECTION('',(-1.224646799147E-16,-1.359631073447E-32,-1.));
#22 = DIRECTION('',(1.110223024625E-16,-1.,0.));
#23 = AXIS2_PLACEMENT_3D('',#24,#25,#26);
#24 = CARTESIAN_POINT('',(153.69,-88.5,-8.5E-02));
#25 = DIRECTION('',(1.224646799147E-16,-1.359631073447E-32,-1.));
#26 = DIRECTION('',(1.110223024625E-16,1.,0.));
#27 = AXIS2_PLACEMENT_3D('',#28,#29,#30);
#28 = CARTESIAN_POINT('',(146.69,-104.5375,-8.5E-02));
#29 = DIRECTION('',(-1.224646799147E-16,-1.359631073447E-32,-1.));
#30 = DIRECTION('',(1.110223024625E-16,-1.,0.));
#31 = AXIS2_PLACEMENT_3D('',#32,#33,#34);
#32 = CARTESIAN_POINT('',(150.19,-88.5,-8.5E-02));
#33 = DIRECTION('',(1.224646799147E-16,-1.359631073447E-32,-1.));
#34 = DIRECTION('',(1.110223024625E-16,1.,0.));
#35 = AXIS2_PLACEMENT_3D('',#36,#37,#38);
#36 = CARTESIAN_POINT('',(159.69,-94.25,-8.5E-02));
#37 = DIRECTION('',(1.224646799147E-16,-1.359631073447E-32,-1.));
#38 = DIRECTION('',(1.110223024625E-16,1.,0.));
#39 = AXIS2_PLACEMENT_3D('',#40,#41,#42);
#40 = CARTESIAN_POINT('',(146.5,-88.5,-8.5E-02));
#41 = DIRECTION('',(1.224646799147E-16,-1.359631073447E-32,-1.));
#42 = DIRECTION('',(1.110223024625E-16,1.,0.));
#43 = AXIS2_PLACEMENT_3D('',#44,#45,#46);
#44 = CARTESIAN_POINT('',(153.69,-104.5375,-8.5E-02));
#45 = DIRECTION('',(-1.224646799147E-16,-1.359631073447E-32,-1.));
#46 = DIRECTION('',(1.110223024625E-16,-1.,0.));
#47 = AXIS2_PLACEMENT_3D('',#48,#49,#50);
#48 = CARTESIAN_POINT('',(143.19,-104.5375,-8.5E-02));
#49 = DIRECTION('',(-1.224646799147E-16,-1.359631073447E-32,-1.));
#50 = DIRECTION('',(1.110223024625E-16,-1.,0.));
#51 = AXIS2_PLACEMENT_3D('',#52,#53,#54);
#52 = CARTESIAN_POINT('',(140.69,-94.2125,-8.5E-02));
#53 = DIRECTION('',(-1.224646799147E-16,-1.359631073447E-32,-1.));
#54 = DIRECTION('',(1.110223024625E-16,-1.,0.));
#55 = AXIS2_PLACEMENT_3D('',#56,#57,#58);
#56 = CARTESIAN_POINT('',(159.69,-98.5,-8.5E-02));
#57 = DIRECTION('',(1.224646799147E-16,-1.359631073447E-32,-1.));
#58 = DIRECTION('',(1.110223024625E-16,1.,0.));
#59 = AXIS2_PLACEMENT_3D('',#60,#61,#62);
#60 = CARTESIAN_POINT('',(0.,0.,0.));
#61 = DIRECTION('',(0.,0.,1.));
#62 = DIRECTION('',(1.,0.,-0.));
#63 = ( GEOMETRIC_REPRESENTATION_CONTEXT(3) 
GLOBAL_UNCERTAINTY_ASSIGNED_CONTEXT((#67)) GLOBAL_UNIT_ASSIGNED_CONTEXT(
(#64,#65,#66)) REPRESENTATION_CONTEXT('Context #1',
  '3D Context with UNIT and UNCERTAINTY') );
#64 = ( LENGTH_UNIT() NAMED_UNIT(*) SI_UNIT(.MILLI.,.METRE.) );
#65 = ( NAMED_UNIT(*) PLANE_ANGLE_UNIT() SI_UNIT($,.RADIAN.) );
#66 = ( NAMED_UNIT(*) SI_UNIT($,.STERADIAN.) SOLID_ANGLE_UNIT() );
#67 = UNCERTAINTY_MEASURE_WITH_UNIT(LENGTH_MEASURE(1.E-07),#64,
  'distance_accuracy_value','confusion accuracy');
#68 = PRODUCT_RELATED_PRODUCT_CATEGORY('part',$,(#7));
#69 = SHAPE_DEFINITION_REPRESENTATION(#70,#76);
#70 = PRODUCT_DEFINITION_SHAPE('','',#71);
#71 = PRODUCT_DEFINITION('design','',#72,#75);
#72 = PRODUCT_DEFINITION_FORMATION('','',#73);
#73 = PRODUCT('SOT-23-5','SOT-23-5','',(#74));
#74 = PRODUCT_CONTEXT('',#2,'mechanical');
#75 = PRODUCT_DEFINITION_CONTEXT('part definition',#2,'design');
#76 = SHAPE_REPRESENTATION('',(#11,#77),#81);
#77 = AXIS2_PLACEMENT_3D('',#78,#79,#80);
#78 = CARTESIAN_POINT('',(0.,0.,0.));
#79 = DIRECTION('',(0.,0.,1.));
#80 = DIRECTION('',(1.,0.,-0.));
#81 = ( GEOMETRIC_REPRESENTATION_CONTEXT(3) 
GLOBAL_UNCERTAINTY_ASSIGNED_CONTEXT((#85)) GLOBAL_UNIT_ASSIGNED_CONTEXT(
(#82,#83,#84)) REPRESENTATION_CONTEXT('Context #1',
  '3D Context with UNIT and UNCERTAINTY') );
#82 = ( LENGTH_UNIT() NAMED_UNIT(*) SI_UNIT(.MILLI.,.METRE.) );
#83 = ( NAMED_UNIT(*) PLANE_ANGLE_UNIT() SI_UNIT($,.RADIAN.) );
#84 = ( NAMED_UNIT(*) SI_UNIT($,.STERADIAN.) SOLID_ANGLE_UNIT() );
#85 = UNCERTAINTY_MEASURE_WITH_UNIT(LENGTH_MEASURE(1.E-07),#82,
  'distance_accuracy_value','confusion accuracy');
#86 = CONTEXT_DEPENDENT_SHAPE_REPRESENTATION(#87,#89);
#87 = ( REPRESENTATION_RELATIONSHIP('','',#76,#10) 
REPRESENTATION_RELATIONSHIP_WITH_TRANSFORMATION(#88) 
SHAPE_REPRESENTATION_RELATIONSHIP() );
#88 = ITEM_DEFINED_TRANSFORMATION('','',#11,#15);
#89 = PRODUCT_DEFINITION_SHAPE('Placement','Placement of an item',#90);
#90 = NEXT_ASSEMBLY_USAGE_OCCURRENCE('2','U1','',#5,#71,$);
#91 = PRODUCT_RELATED_PRODUCT_CATEGORY('part',$,(#73));
#92 = SHAPE_DEFINITION_REPRESENTATION(#93,#99);
#93 = PRODUCT_DEFINITION_SHAPE('','',#94);
#94 = PRODUCT_DEFINITION('design','',#95,#98);
#95 = PRODUCT_DEFINITION_FORMATION('','',#96);
#96 = PRODUCT('SOT-23-5','SOT-23-5','',(#97));
#97 = PRODUCT_CONTEXT('',#2,'mechanical');
#98 = PRODUCT_DEFINITION_CONTEXT('part definition',#2,'design');
#99 = ADVANCED_BREP_SHAPE_REPRESENTATION('',(#11,#100),#3169);
#100 = MANIFOLD_SOLID_BREP('',#101);
#101 = CLOSED_SHELL('',(#102,#140,#203,#226,#255,#278,#349,#404,#427,
    #450,#467,#490,#578,#594,#624,#655,#686,#717,#748,#779,#796,#813,
    #844,#875,#906,#936,#959,#982,#999,#1044,#1114,#1137,#1160,#1183,
    #1238,#1276,#1325,#1417,#1442,#1526,#1548,#1640,#1665,#1749,#1766,
    #1851,#1876,#1953,#2038,#2063,#2140,#2157,#2249,#2274,#2358,#2375,
    #2394,#2413,#2459,#2475,#2494,#2510,#2527,#2539,#2556,#2573,#2590,
    #2607,#2624,#2641,#2658,#2670,#2687,#2704,#2721,#2738,#2755,#2772,
    #2789,#2801,#2818,#2835,#2852,#2869,#2886,#2903,#2915,#2932,#2949,
    #2966,#2983,#3000,#3017,#3029,#3046,#3063,#3080,#3097,#3114,#3131,
    #3148,#3160));
#102 = ADVANCED_FACE('',(#103),#135,.F.);
#103 = FACE_BOUND('',#104,.F.);
#104 = EDGE_LOOP('',(#105,#115,#122,#130));
#105 = ORIENTED_EDGE('',*,*,#106,.T.);
#106 = EDGE_CURVE('',#107,#109,#111,.T.);
#107 = VERTEX_POINT('',#108);
#108 = CARTESIAN_POINT('',(-0.659324228722,1.358648457443,0.1));
#109 = VERTEX_POINT('',#110);
#110 = CARTESIAN_POINT('',(0.659324228722,1.358648457443,0.1));
#111 = LINE('',#112,#113);
#112 = CARTESIAN_POINT('',(-0.659324228722,1.358648457443,0.1));
#113 = VECTOR('',#114,1.);
#114 = DIRECTION('',(1.,1.110223024625E-16,0.));
#115 = ORIENTED_EDGE('',*,*,#116,.T.);
#116 = EDGE_CURVE('',#109,#117,#119,.T.);
#117 = VERTEX_POINT('',#118);
#118 = CARTESIAN_POINT('',(0.705,1.45,0.75));
#119 = B_SPLINE_CURVE_WITH_KNOTS('',1,(#120,#121),.UNSPECIFIED.,.F.,.F.,
  (2,2),(0.,1.),.PIECEWISE_BEZIER_KNOTS.);
#120 = CARTESIAN_POINT('',(0.659324228722,1.358648457443,0.1));
#121 = CARTESIAN_POINT('',(0.705,1.45,0.75));
#122 = ORIENTED_EDGE('',*,*,#123,.F.);
#123 = EDGE_CURVE('',#124,#117,#126,.T.);
#124 = VERTEX_POINT('',#125);
#125 = CARTESIAN_POINT('',(-0.705,1.45,0.75));
#126 = LINE('',#127,#128);
#127 = CARTESIAN_POINT('',(-0.705,1.45,0.75));
#128 = VECTOR('',#129,1.);
#129 = DIRECTION('',(1.,1.110223024625E-16,0.));
#130 = ORIENTED_EDGE('',*,*,#131,.F.);
#131 = EDGE_CURVE('',#107,#124,#132,.T.);
#132 = B_SPLINE_CURVE_WITH_KNOTS('',1,(#133,#134),.UNSPECIFIED.,.F.,.F.,
  (2,2),(0.,1.),.PIECEWISE_BEZIER_KNOTS.);
#133 = CARTESIAN_POINT('',(-0.659324228722,1.358648457443,0.1));
#134 = CARTESIAN_POINT('',(-0.705,1.45,0.75));
#135 = B_SPLINE_SURFACE_WITH_KNOTS('',1,1,(
    (#136,#137)
    ,(#138,#139
    )),.UNSPECIFIED.,.F.,.F.,.F.,(2,2),(2,2),(0.,1.41),(0.,1.),
  .PIECEWISE_BEZIER_KNOTS.);
#136 = CARTESIAN_POINT('',(-0.659324228722,1.358648457443,0.1));
#137 = CARTESIAN_POINT('',(-0.705,1.45,0.75));
#138 = CARTESIAN_POINT('',(0.659324228722,1.358648457443,0.1));
#139 = CARTESIAN_POINT('',(0.705,1.45,0.75));
#140 = ADVANCED_FACE('',(#141),#198,.F.);
#141 = FACE_BOUND('',#142,.T.);
#142 = EDGE_LOOP('',(#143,#144,#152,#160,#168,#176,#184,#192));
#143 = ORIENTED_EDGE('',*,*,#106,.T.);
#144 = ORIENTED_EDGE('',*,*,#145,.T.);
#145 = EDGE_CURVE('',#109,#146,#148,.T.);
#146 = VERTEX_POINT('',#147);
#147 = CARTESIAN_POINT('',(0.708648457443,1.309324228722,0.1));
#148 = LINE('',#149,#150);
#149 = CARTESIAN_POINT('',(0.659324228722,1.358648457443,0.1));
#150 = VECTOR('',#151,1.);
#151 = DIRECTION('',(0.707106781187,-0.707106781187,0.));
#152 = ORIENTED_EDGE('',*,*,#153,.T.);
#153 = EDGE_CURVE('',#146,#154,#156,.T.);
#154 = VERTEX_POINT('',#155);
#155 = CARTESIAN_POINT('',(0.708648457443,-1.309324228722,0.1));
#156 = LINE('',#157,#158);
#157 = CARTESIAN_POINT('',(0.708648457443,1.309324228722,0.1));
#158 = VECTOR('',#159,1.);
#159 = DIRECTION('',(1.110223024625E-16,-1.,0.));
#160 = ORIENTED_EDGE('',*,*,#161,.T.);
#161 = EDGE_CURVE('',#154,#162,#164,.T.);
#162 = VERTEX_POINT('',#163);
#163 = CARTESIAN_POINT('',(0.659324228722,-1.358648457443,0.1));
#164 = LINE('',#165,#166);
#165 = CARTESIAN_POINT('',(0.708648457443,-1.309324228722,0.1));
#166 = VECTOR('',#167,1.);
#167 = DIRECTION('',(-0.707106781187,-0.707106781187,0.));
#168 = ORIENTED_EDGE('',*,*,#169,.T.);
#169 = EDGE_CURVE('',#162,#170,#172,.T.);
#170 = VERTEX_POINT('',#171);
#171 = CARTESIAN_POINT('',(-0.659324228722,-1.358648457443,0.1));
#172 = LINE('',#173,#174);
#173 = CARTESIAN_POINT('',(0.659324228722,-1.358648457443,0.1));
#174 = VECTOR('',#175,1.);
#175 = DIRECTION('',(-1.,-1.110223024625E-16,0.));
#176 = ORIENTED_EDGE('',*,*,#177,.T.);
#177 = EDGE_CURVE('',#170,#178,#180,.T.);
#178 = VERTEX_POINT('',#179);
#179 = CARTESIAN_POINT('',(-0.708648457443,-1.309324228722,0.1));
#180 = LINE('',#181,#182);
#181 = CARTESIAN_POINT('',(-0.659324228722,-1.358648457443,0.1));
#182 = VECTOR('',#183,1.);
#183 = DIRECTION('',(-0.707106781187,0.707106781187,0.));
#184 = ORIENTED_EDGE('',*,*,#185,.T.);
#185 = EDGE_CURVE('',#178,#186,#188,.T.);
#186 = VERTEX_POINT('',#187);
#187 = CARTESIAN_POINT('',(-0.708648457443,1.309324228722,0.1));
#188 = LINE('',#189,#190);
#189 = CARTESIAN_POINT('',(-0.708648457443,-1.309324228722,0.1));
#190 = VECTOR('',#191,1.);
#191 = DIRECTION('',(-1.110223024625E-16,1.,0.));
#192 = ORIENTED_EDGE('',*,*,#193,.T.);
#193 = EDGE_CURVE('',#186,#107,#194,.T.);
#194 = LINE('',#195,#196);
#195 = CARTESIAN_POINT('',(-0.708648457443,1.309324228722,0.1));
#196 = VECTOR('',#197,1.);
#197 = DIRECTION('',(0.707106781187,0.707106781187,0.));
#198 = PLANE('',#199);
#199 = AXIS2_PLACEMENT_3D('',#200,#201,#202);
#200 = CARTESIAN_POINT('',(-0.659324228722,1.358648457443,0.1));
#201 = DIRECTION('',(0.,0.,1.));
#202 = DIRECTION('',(0.436587433964,-0.899661832304,0.));
#203 = ADVANCED_FACE('',(#204),#221,.F.);
#204 = FACE_BOUND('',#205,.F.);
#205 = EDGE_LOOP('',(#206,#207,#214,#220));
#206 = ORIENTED_EDGE('',*,*,#145,.T.);
#207 = ORIENTED_EDGE('',*,*,#208,.T.);
#208 = EDGE_CURVE('',#146,#209,#211,.T.);
#209 = VERTEX_POINT('',#210);
#210 = CARTESIAN_POINT('',(0.8,1.355,0.75));
#211 = B_SPLINE_CURVE_WITH_KNOTS('',1,(#212,#213),.UNSPECIFIED.,.F.,.F.,
  (2,2),(0.,1.),.PIECEWISE_BEZIER_KNOTS.);
#212 = CARTESIAN_POINT('',(0.708648457443,1.309324228722,0.1));
#213 = CARTESIAN_POINT('',(0.8,1.355,0.75));
#214 = ORIENTED_EDGE('',*,*,#215,.F.);
#215 = EDGE_CURVE('',#117,#209,#216,.T.);
#216 = LINE('',#217,#218);
#217 = CARTESIAN_POINT('',(0.705,1.45,0.75));
#218 = VECTOR('',#219,1.);
#219 = DIRECTION('',(0.707106781187,-0.707106781187,0.));
#220 = ORIENTED_EDGE('',*,*,#116,.F.);
#221 = B_SPLINE_SURFACE_WITH_KNOTS('',1,1,(
    (#222,#223)
    ,(#224,#225
    )),.UNSPECIFIED.,.F.,.F.,.F.,(2,2),(2,2),(0.,0.134350288425),(0.,1.)
  ,.PIECEWISE_BEZIER_KNOTS.);
#222 = CARTESIAN_POINT('',(0.659324228722,1.358648457443,0.1));
#223 = CARTESIAN_POINT('',(0.705,1.45,0.75));
#224 = CARTESIAN_POINT('',(0.708648457443,1.309324228722,0.1));
#225 = CARTESIAN_POINT('',(0.8,1.355,0.75));
#226 = ADVANCED_FACE('',(#227),#250,.F.);
#227 = FACE_BOUND('',#228,.F.);
#228 = EDGE_LOOP('',(#229,#230,#237,#245));
#229 = ORIENTED_EDGE('',*,*,#123,.T.);
#230 = ORIENTED_EDGE('',*,*,#231,.T.);
#231 = EDGE_CURVE('',#117,#232,#234,.T.);
#232 = VERTEX_POINT('',#233);
#233 = CARTESIAN_POINT('',(0.705,1.45,0.9));
#234 = B_SPLINE_CURVE_WITH_KNOTS('',1,(#235,#236),.UNSPECIFIED.,.F.,.F.,
  (2,2),(0.,1.),.PIECEWISE_BEZIER_KNOTS.);
#235 = CARTESIAN_POINT('',(0.705,1.45,0.75));
#236 = CARTESIAN_POINT('',(0.705,1.45,0.9));
#237 = ORIENTED_EDGE('',*,*,#238,.F.);
#238 = EDGE_CURVE('',#239,#232,#241,.T.);
#239 = VERTEX_POINT('',#240);
#240 = CARTESIAN_POINT('',(-0.705,1.45,0.9));
#241 = LINE('',#242,#243);
#242 = CARTESIAN_POINT('',(-0.705,1.45,0.9));
#243 = VECTOR('',#244,1.);
#244 = DIRECTION('',(1.,1.110223024625E-16,0.));
#245 = ORIENTED_EDGE('',*,*,#246,.F.);
#246 = EDGE_CURVE('',#124,#239,#247,.T.);
#247 = B_SPLINE_CURVE_WITH_KNOTS('',1,(#248,#249),.UNSPECIFIED.,.F.,.F.,
  (2,2),(0.,1.),.PIECEWISE_BEZIER_KNOTS.);
#248 = CARTESIAN_POINT('',(-0.705,1.45,0.75));
#249 = CARTESIAN_POINT('',(-0.705,1.45,0.9));
#250 = PLANE('',#251);
#251 = AXIS2_PLACEMENT_3D('',#252,#253,#254);
#252 = CARTESIAN_POINT('',(-0.705,1.45,0.9));
#253 = DIRECTION('',(1.110223024625E-16,-1.,0.));
#254 = DIRECTION('',(1.,1.110223024625E-16,0.));
#255 = ADVANCED_FACE('',(#256),#273,.F.);
#256 = FACE_BOUND('',#257,.F.);
#257 = EDGE_LOOP('',(#258,#259,#260,#268));
#258 = ORIENTED_EDGE('',*,*,#193,.T.);
#259 = ORIENTED_EDGE('',*,*,#131,.T.);
#260 = ORIENTED_EDGE('',*,*,#261,.F.);
#261 = EDGE_CURVE('',#262,#124,#264,.T.);
#262 = VERTEX_POINT('',#263);
#263 = CARTESIAN_POINT('',(-0.8,1.355,0.75));
#264 = LINE('',#265,#266);
#265 = CARTESIAN_POINT('',(-0.8,1.355,0.75));
#266 = VECTOR('',#267,1.);
#267 = DIRECTION('',(0.707106781187,0.707106781187,0.));
#268 = ORIENTED_EDGE('',*,*,#269,.F.);
#269 = EDGE_CURVE('',#186,#262,#270,.T.);
#270 = B_SPLINE_CURVE_WITH_KNOTS('',1,(#271,#272),.UNSPECIFIED.,.F.,.F.,
  (2,2),(0.,1.),.PIECEWISE_BEZIER_KNOTS.);
#271 = CARTESIAN_POINT('',(-0.708648457443,1.309324228722,0.1));
#272 = CARTESIAN_POINT('',(-0.8,1.355,0.75));
#273 = B_SPLINE_SURFACE_WITH_KNOTS('',1,1,(
    (#274,#275)
    ,(#276,#277
    )),.UNSPECIFIED.,.F.,.F.,.F.,(2,2),(2,2),(0.,0.134350288425),(0.,1.)
  ,.PIECEWISE_BEZIER_KNOTS.);
#274 = CARTESIAN_POINT('',(-0.708648457443,1.309324228722,0.1));
#275 = CARTESIAN_POINT('',(-0.8,1.355,0.75));
#276 = CARTESIAN_POINT('',(-0.659324228722,1.358648457443,0.1));
#277 = CARTESIAN_POINT('',(-0.705,1.45,0.75));
#278 = ADVANCED_FACE('',(#279),#344,.F.);
#279 = FACE_BOUND('',#280,.F.);
#280 = EDGE_LOOP('',(#281,#282,#283,#291,#299,#307,#315,#323,#331,#339)
  );
#281 = ORIENTED_EDGE('',*,*,#185,.T.);
#282 = ORIENTED_EDGE('',*,*,#269,.T.);
#283 = ORIENTED_EDGE('',*,*,#284,.F.);
#284 = EDGE_CURVE('',#285,#262,#287,.T.);
#285 = VERTEX_POINT('',#286);
#286 = CARTESIAN_POINT('',(-0.8,1.2,0.75));
#287 = LINE('',#288,#289);
#288 = CARTESIAN_POINT('',(-0.8,-1.355,0.75));
#289 = VECTOR('',#290,1.);
#290 = DIRECTION('',(-1.110223024625E-16,1.,0.));
#291 = ORIENTED_EDGE('',*,*,#292,.F.);
#292 = EDGE_CURVE('',#293,#285,#295,.T.);
#293 = VERTEX_POINT('',#294);
#294 = CARTESIAN_POINT('',(-0.8,0.7,0.75));
#295 = LINE('',#296,#297);
#296 = CARTESIAN_POINT('',(-0.8,-1.355,0.75));
#297 = VECTOR('',#298,1.);
#298 = DIRECTION('',(-1.110223024625E-16,1.,0.));
#299 = ORIENTED_EDGE('',*,*,#300,.F.);
#300 = EDGE_CURVE('',#301,#293,#303,.T.);
#301 = VERTEX_POINT('',#302);
#302 = CARTESIAN_POINT('',(-0.8,0.25,0.75));
#303 = LINE('',#304,#305);
#304 = CARTESIAN_POINT('',(-0.8,-1.355,0.75));
#305 = VECTOR('',#306,1.);
#306 = DIRECTION('',(-1.110223024625E-16,1.,0.));
#307 = ORIENTED_EDGE('',*,*,#308,.F.);
#308 = EDGE_CURVE('',#309,#301,#311,.T.);
#309 = VERTEX_POINT('',#310);
#310 = CARTESIAN_POINT('',(-0.8,-0.25,0.75));
#311 = LINE('',#312,#313);
#312 = CARTESIAN_POINT('',(-0.8,-1.355,0.75));
#313 = VECTOR('',#314,1.);
#314 = DIRECTION('',(-1.110223024625E-16,1.,0.));
#315 = ORIENTED_EDGE('',*,*,#316,.F.);
#316 = EDGE_CURVE('',#317,#309,#319,.T.);
#317 = VERTEX_POINT('',#318);
#318 = CARTESIAN_POINT('',(-0.8,-0.7,0.75));
#319 = LINE('',#320,#321);
#320 = CARTESIAN_POINT('',(-0.8,-1.355,0.75));
#321 = VECTOR('',#322,1.);
#322 = DIRECTION('',(-1.110223024625E-16,1.,0.));
#323 = ORIENTED_EDGE('',*,*,#324,.F.);
#324 = EDGE_CURVE('',#325,#317,#327,.T.);
#325 = VERTEX_POINT('',#326);
#326 = CARTESIAN_POINT('',(-0.8,-1.2,0.75));
#327 = LINE('',#328,#329);
#328 = CARTESIAN_POINT('',(-0.8,-1.355,0.75));
#329 = VECTOR('',#330,1.);
#330 = DIRECTION('',(-1.110223024625E-16,1.,0.));
#331 = ORIENTED_EDGE('',*,*,#332,.F.);
#332 = EDGE_CURVE('',#333,#325,#335,.T.);
#333 = VERTEX_POINT('',#334);
#334 = CARTESIAN_POINT('',(-0.8,-1.355,0.75));
#335 = LINE('',#336,#337);
#336 = CARTESIAN_POINT('',(-0.8,-1.355,0.75));
#337 = VECTOR('',#338,1.);
#338 = DIRECTION('',(-1.110223024625E-16,1.,0.));
#339 = ORIENTED_EDGE('',*,*,#340,.F.);
#340 = EDGE_CURVE('',#178,#333,#341,.T.);
#341 = B_SPLINE_CURVE_WITH_KNOTS('',1,(#342,#343),.UNSPECIFIED.,.F.,.F.,
  (2,2),(0.,1.),.PIECEWISE_BEZIER_KNOTS.);
#342 = CARTESIAN_POINT('',(-0.708648457443,-1.309324228722,0.1));
#343 = CARTESIAN_POINT('',(-0.8,-1.355,0.75));
#344 = B_SPLINE_SURFACE_WITH_KNOTS('',1,1,(
    (#345,#346)
    ,(#347,#348
    )),.UNSPECIFIED.,.F.,.F.,.F.,(2,2),(2,2),(0.,2.71),(0.,1.),
  .PIECEWISE_BEZIER_KNOTS.);
#345 = CARTESIAN_POINT('',(-0.708648457443,-1.309324228722,0.1));
#346 = CARTESIAN_POINT('',(-0.8,-1.355,0.75));
#347 = CARTESIAN_POINT('',(-0.708648457443,1.309324228722,0.1));
#348 = CARTESIAN_POINT('',(-0.8,1.355,0.75));
#349 = ADVANCED_FACE('',(#350),#399,.F.);
#350 = FACE_BOUND('',#351,.F.);
#351 = EDGE_LOOP('',(#352,#353,#360,#368,#376,#384,#392,#398));
#352 = ORIENTED_EDGE('',*,*,#153,.T.);
#353 = ORIENTED_EDGE('',*,*,#354,.T.);
#354 = EDGE_CURVE('',#154,#355,#357,.T.);
#355 = VERTEX_POINT('',#356);
#356 = CARTESIAN_POINT('',(0.8,-1.355,0.75));
#357 = B_SPLINE_CURVE_WITH_KNOTS('',1,(#358,#359),.UNSPECIFIED.,.F.,.F.,
  (2,2),(0.,1.),.PIECEWISE_BEZIER_KNOTS.);
#358 = CARTESIAN_POINT('',(0.708648457443,-1.309324228722,0.1));
#359 = CARTESIAN_POINT('',(0.8,-1.355,0.75));
#360 = ORIENTED_EDGE('',*,*,#361,.F.);
#361 = EDGE_CURVE('',#362,#355,#364,.T.);
#362 = VERTEX_POINT('',#363);
#363 = CARTESIAN_POINT('',(0.8,-1.2,0.75));
#364 = LINE('',#365,#366);
#365 = CARTESIAN_POINT('',(0.8,1.355,0.75));
#366 = VECTOR('',#367,1.);
#367 = DIRECTION('',(1.110223024625E-16,-1.,0.));
#368 = ORIENTED_EDGE('',*,*,#369,.F.);
#369 = EDGE_CURVE('',#370,#362,#372,.T.);
#370 = VERTEX_POINT('',#371);
#371 = CARTESIAN_POINT('',(0.8,-0.7,0.75));
#372 = LINE('',#373,#374);
#373 = CARTESIAN_POINT('',(0.8,1.355,0.75));
#374 = VECTOR('',#375,1.);
#375 = DIRECTION('',(1.110223024625E-16,-1.,0.));
#376 = ORIENTED_EDGE('',*,*,#377,.F.);
#377 = EDGE_CURVE('',#378,#370,#380,.T.);
#378 = VERTEX_POINT('',#379);
#379 = CARTESIAN_POINT('',(0.8,0.7,0.75));
#380 = LINE('',#381,#382);
#381 = CARTESIAN_POINT('',(0.8,1.355,0.75));
#382 = VECTOR('',#383,1.);
#383 = DIRECTION('',(1.110223024625E-16,-1.,0.));
#384 = ORIENTED_EDGE('',*,*,#385,.F.);
#385 = EDGE_CURVE('',#386,#378,#388,.T.);
#386 = VERTEX_POINT('',#387);
#387 = CARTESIAN_POINT('',(0.8,1.2,0.75));
#388 = LINE('',#389,#390);
#389 = CARTESIAN_POINT('',(0.8,1.355,0.75));
#390 = VECTOR('',#391,1.);
#391 = DIRECTION('',(1.110223024625E-16,-1.,0.));
#392 = ORIENTED_EDGE('',*,*,#393,.F.);
#393 = EDGE_CURVE('',#209,#386,#394,.T.);
#394 = LINE('',#395,#396);
#395 = CARTESIAN_POINT('',(0.8,1.355,0.75));
#396 = VECTOR('',#397,1.);
#397 = DIRECTION('',(1.110223024625E-16,-1.,0.));
#398 = ORIENTED_EDGE('',*,*,#208,.F.);
#399 = B_SPLINE_SURFACE_WITH_KNOTS('',1,1,(
    (#400,#401)
    ,(#402,#403
    )),.UNSPECIFIED.,.F.,.F.,.F.,(2,2),(2,2),(0.,2.71),(0.,1.),
  .PIECEWISE_BEZIER_KNOTS.);
#400 = CARTESIAN_POINT('',(0.708648457443,1.309324228722,0.1));
#401 = CARTESIAN_POINT('',(0.8,1.355,0.75));
#402 = CARTESIAN_POINT('',(0.708648457443,-1.309324228722,0.1));
#403 = CARTESIAN_POINT('',(0.8,-1.355,0.75));
#404 = ADVANCED_FACE('',(#405),#422,.F.);
#405 = FACE_BOUND('',#406,.F.);
#406 = EDGE_LOOP('',(#407,#408,#409,#417));
#407 = ORIENTED_EDGE('',*,*,#177,.T.);
#408 = ORIENTED_EDGE('',*,*,#340,.T.);
#409 = ORIENTED_EDGE('',*,*,#410,.F.);
#410 = EDGE_CURVE('',#411,#333,#413,.T.);
#411 = VERTEX_POINT('',#412);
#412 = CARTESIAN_POINT('',(-0.705,-1.45,0.75));
#413 = LINE('',#414,#415);
#414 = CARTESIAN_POINT('',(-0.705,-1.45,0.75));
#415 = VECTOR('',#416,1.);
#416 = DIRECTION('',(-0.707106781187,0.707106781187,0.));
#417 = ORIENTED_EDGE('',*,*,#418,.F.);
#418 = EDGE_CURVE('',#170,#411,#419,.T.);
#419 = B_SPLINE_CURVE_WITH_KNOTS('',1,(#420,#421),.UNSPECIFIED.,.F.,.F.,
  (2,2),(0.,1.),.PIECEWISE_BEZIER_KNOTS.);
#420 = CARTESIAN_POINT('',(-0.659324228722,-1.358648457443,0.1));
#421 = CARTESIAN_POINT('',(-0.705,-1.45,0.75));
#422 = B_SPLINE_SURFACE_WITH_KNOTS('',1,1,(
    (#423,#424)
    ,(#425,#426
    )),.UNSPECIFIED.,.F.,.F.,.F.,(2,2),(2,2),(0.,0.134350288425),(0.,1.)
  ,.PIECEWISE_BEZIER_KNOTS.);
#423 = CARTESIAN_POINT('',(-0.659324228722,-1.358648457443,0.1));
#424 = CARTESIAN_POINT('',(-0.705,-1.45,0.75));
#425 = CARTESIAN_POINT('',(-0.708648457443,-1.309324228722,0.1));
#426 = CARTESIAN_POINT('',(-0.8,-1.355,0.75));
#427 = ADVANCED_FACE('',(#428),#445,.F.);
#428 = FACE_BOUND('',#429,.F.);
#429 = EDGE_LOOP('',(#430,#431,#438,#444));
#430 = ORIENTED_EDGE('',*,*,#161,.T.);
#431 = ORIENTED_EDGE('',*,*,#432,.T.);
#432 = EDGE_CURVE('',#162,#433,#435,.T.);
#433 = VERTEX_POINT('',#434);
#434 = CARTESIAN_POINT('',(0.705,-1.45,0.75));
#435 = B_SPLINE_CURVE_WITH_KNOTS('',1,(#436,#437),.UNSPECIFIED.,.F.,.F.,
  (2,2),(0.,1.),.PIECEWISE_BEZIER_KNOTS.);
#436 = CARTESIAN_POINT('',(0.659324228722,-1.358648457443,0.1));
#437 = CARTESIAN_POINT('',(0.705,-1.45,0.75));
#438 = ORIENTED_EDGE('',*,*,#439,.F.);
#439 = EDGE_CURVE('',#355,#433,#440,.T.);
#440 = LINE('',#441,#442);
#441 = CARTESIAN_POINT('',(0.8,-1.355,0.75));
#442 = VECTOR('',#443,1.);
#443 = DIRECTION('',(-0.707106781187,-0.707106781187,0.));
#444 = ORIENTED_EDGE('',*,*,#354,.F.);
#445 = B_SPLINE_SURFACE_WITH_KNOTS('',1,1,(
    (#446,#447)
    ,(#448,#449
    )),.UNSPECIFIED.,.F.,.F.,.F.,(2,2),(2,2),(0.,0.134350288425),(0.,1.)
  ,.PIECEWISE_BEZIER_KNOTS.);
#446 = CARTESIAN_POINT('',(0.708648457443,-1.309324228722,0.1));
#447 = CARTESIAN_POINT('',(0.8,-1.355,0.75));
#448 = CARTESIAN_POINT('',(0.659324228722,-1.358648457443,0.1));
#449 = CARTESIAN_POINT('',(0.705,-1.45,0.75));
#450 = ADVANCED_FACE('',(#451),#462,.F.);
#451 = FACE_BOUND('',#452,.F.);
#452 = EDGE_LOOP('',(#453,#454,#455,#461));
#453 = ORIENTED_EDGE('',*,*,#169,.T.);
#454 = ORIENTED_EDGE('',*,*,#418,.T.);
#455 = ORIENTED_EDGE('',*,*,#456,.F.);
#456 = EDGE_CURVE('',#433,#411,#457,.T.);
#457 = LINE('',#458,#459);
#458 = CARTESIAN_POINT('',(0.705,-1.45,0.75));
#459 = VECTOR('',#460,1.);
#460 = DIRECTION('',(-1.,-1.110223024625E-16,0.));
#461 = ORIENTED_EDGE('',*,*,#432,.F.);
#462 = B_SPLINE_SURFACE_WITH_KNOTS('',1,1,(
    (#463,#464)
    ,(#465,#466
    )),.UNSPECIFIED.,.F.,.F.,.F.,(2,2),(2,2),(0.,1.41),(0.,1.),
  .PIECEWISE_BEZIER_KNOTS.);
#463 = CARTESIAN_POINT('',(0.659324228722,-1.358648457443,0.1));
#464 = CARTESIAN_POINT('',(0.705,-1.45,0.75));
#465 = CARTESIAN_POINT('',(-0.659324228722,-1.358648457443,0.1));
#466 = CARTESIAN_POINT('',(-0.705,-1.45,0.75));
#467 = ADVANCED_FACE('',(#468),#485,.F.);
#468 = FACE_BOUND('',#469,.F.);
#469 = EDGE_LOOP('',(#470,#471,#478,#484));
#470 = ORIENTED_EDGE('',*,*,#215,.T.);
#471 = ORIENTED_EDGE('',*,*,#472,.T.);
#472 = EDGE_CURVE('',#209,#473,#475,.T.);
#473 = VERTEX_POINT('',#474);
#474 = CARTESIAN_POINT('',(0.8,1.355,0.9));
#475 = B_SPLINE_CURVE_WITH_KNOTS('',1,(#476,#477),.UNSPECIFIED.,.F.,.F.,
  (2,2),(0.,1.),.PIECEWISE_BEZIER_KNOTS.);
#476 = CARTESIAN_POINT('',(0.8,1.355,0.75));
#477 = CARTESIAN_POINT('',(0.8,1.355,0.9));
#478 = ORIENTED_EDGE('',*,*,#479,.F.);
#479 = EDGE_CURVE('',#232,#473,#480,.T.);
#480 = LINE('',#481,#482);
#481 = CARTESIAN_POINT('',(0.705,1.45,0.9));
#482 = VECTOR('',#483,1.);
#483 = DIRECTION('',(0.707106781187,-0.707106781187,0.));
#484 = ORIENTED_EDGE('',*,*,#231,.F.);
#485 = PLANE('',#486);
#486 = AXIS2_PLACEMENT_3D('',#487,#488,#489);
#487 = CARTESIAN_POINT('',(0.705,1.45,0.9));
#488 = DIRECTION('',(-0.707106781187,-0.707106781187,0.));
#489 = DIRECTION('',(0.707106781187,-0.707106781187,0.));
#490 = ADVANCED_FACE('',(#491),#573,.F.);
#491 = FACE_BOUND('',#492,.F.);
#492 = EDGE_LOOP('',(#493,#501,#502,#503,#511,#519,#527,#535,#543,#551,
    #559,#567));
#493 = ORIENTED_EDGE('',*,*,#494,.T.);
#494 = EDGE_CURVE('',#495,#239,#497,.T.);
#495 = VERTEX_POINT('',#496);
#496 = CARTESIAN_POINT('',(-0.8,1.355,0.9));
#497 = LINE('',#498,#499);
#498 = CARTESIAN_POINT('',(-0.8,1.355,0.9));
#499 = VECTOR('',#500,1.);
#500 = DIRECTION('',(0.707106781187,0.707106781187,0.));
#501 = ORIENTED_EDGE('',*,*,#238,.T.);
#502 = ORIENTED_EDGE('',*,*,#479,.T.);
#503 = ORIENTED_EDGE('',*,*,#504,.T.);
#504 = EDGE_CURVE('',#473,#505,#507,.T.);
#505 = VERTEX_POINT('',#506);
#506 = CARTESIAN_POINT('',(0.8,1.2,0.9));
#507 = LINE('',#508,#509);
#508 = CARTESIAN_POINT('',(0.8,1.355,0.9));
#509 = VECTOR('',#510,1.);
#510 = DIRECTION('',(1.110223024625E-16,-1.,0.));
#511 = ORIENTED_EDGE('',*,*,#512,.T.);
#512 = EDGE_CURVE('',#505,#513,#515,.T.);
#513 = VERTEX_POINT('',#514);
#514 = CARTESIAN_POINT('',(0.775,1.2,0.9));
#515 = LINE('',#516,#517);
#516 = CARTESIAN_POINT('',(0.85,1.2,0.9));
#517 = VECTOR('',#518,1.);
#518 = DIRECTION('',(-1.,-1.110223024625E-16,0.));
#519 = ORIENTED_EDGE('',*,*,#520,.F.);
#520 = EDGE_CURVE('',#521,#513,#523,.T.);
#521 = VERTEX_POINT('',#522);
#522 = CARTESIAN_POINT('',(0.775,1.3425,0.9));
#523 = LINE('',#524,#525);
#524 = CARTESIAN_POINT('',(0.775,1.3425,0.9));
#525 = VECTOR('',#526,1.);
#526 = DIRECTION('',(1.110223024625E-16,-1.,0.));
#527 = ORIENTED_EDGE('',*,*,#528,.F.);
#528 = EDGE_CURVE('',#529,#521,#531,.T.);
#529 = VERTEX_POINT('',#530);
#530 = CARTESIAN_POINT('',(0.6925,1.425,0.9));
#531 = LINE('',#532,#533);
#532 = CARTESIAN_POINT('',(0.6925,1.425,0.9));
#533 = VECTOR('',#534,1.);
#534 = DIRECTION('',(0.707106781187,-0.707106781187,0.));
#535 = ORIENTED_EDGE('',*,*,#536,.F.);
#536 = EDGE_CURVE('',#537,#529,#539,.T.);
#537 = VERTEX_POINT('',#538);
#538 = CARTESIAN_POINT('',(-0.6925,1.425,0.9));
#539 = LINE('',#540,#541);
#540 = CARTESIAN_POINT('',(-0.6925,1.425,0.9));
#541 = VECTOR('',#542,1.);
#542 = DIRECTION('',(1.,1.110223024625E-16,0.));
#543 = ORIENTED_EDGE('',*,*,#544,.F.);
#544 = EDGE_CURVE('',#545,#537,#547,.T.);
#545 = VERTEX_POINT('',#546);
#546 = CARTESIAN_POINT('',(-0.775,1.3425,0.9));
#547 = LINE('',#548,#549);
#548 = CARTESIAN_POINT('',(-0.775,1.3425,0.9));
#549 = VECTOR('',#550,1.);
#550 = DIRECTION('',(0.707106781187,0.707106781187,0.));
#551 = ORIENTED_EDGE('',*,*,#552,.F.);
#552 = EDGE_CURVE('',#553,#545,#555,.T.);
#553 = VERTEX_POINT('',#554);
#554 = CARTESIAN_POINT('',(-0.775,1.2,0.9));
#555 = LINE('',#556,#557);
#556 = CARTESIAN_POINT('',(-0.775,-1.3425,0.9));
#557 = VECTOR('',#558,1.);
#558 = DIRECTION('',(-1.110223024625E-16,1.,0.));
#559 = ORIENTED_EDGE('',*,*,#560,.F.);
#560 = EDGE_CURVE('',#561,#553,#563,.T.);
#561 = VERTEX_POINT('',#562);
#562 = CARTESIAN_POINT('',(-0.8,1.2,0.9));
#563 = LINE('',#564,#565);
#564 = CARTESIAN_POINT('',(-0.85,1.2,0.9));
#565 = VECTOR('',#566,1.);
#566 = DIRECTION('',(1.,-1.144237745222E-17,0.));
#567 = ORIENTED_EDGE('',*,*,#568,.T.);
#568 = EDGE_CURVE('',#561,#495,#569,.T.);
#569 = LINE('',#570,#571);
#570 = CARTESIAN_POINT('',(-0.8,-1.355,0.9));
#571 = VECTOR('',#572,1.);
#572 = DIRECTION('',(-1.110223024625E-16,1.,0.));
#573 = PLANE('',#574);
#574 = AXIS2_PLACEMENT_3D('',#575,#576,#577);
#575 = CARTESIAN_POINT('',(-2.091417030376E-16,1.4375,0.9));
#576 = DIRECTION('',(4.595758349624E-18,6.551522493592E-27,-1.));
#577 = DIRECTION('',(1.,1.51922136901E-16,4.595758349624E-18));
#578 = ADVANCED_FACE('',(#579),#589,.F.);
#579 = FACE_BOUND('',#580,.F.);
#580 = EDGE_LOOP('',(#581,#582,#583,#584));
#581 = ORIENTED_EDGE('',*,*,#261,.T.);
#582 = ORIENTED_EDGE('',*,*,#246,.T.);
#583 = ORIENTED_EDGE('',*,*,#494,.F.);
#584 = ORIENTED_EDGE('',*,*,#585,.F.);
#585 = EDGE_CURVE('',#262,#495,#586,.T.);
#586 = B_SPLINE_CURVE_WITH_KNOTS('',1,(#587,#588),.UNSPECIFIED.,.F.,.F.,
  (2,2),(0.,1.),.PIECEWISE_BEZIER_KNOTS.);
#587 = CARTESIAN_POINT('',(-0.8,1.355,0.75));
#588 = CARTESIAN_POINT('',(-0.8,1.355,0.9));
#589 = PLANE('',#590);
#590 = AXIS2_PLACEMENT_3D('',#591,#592,#593);
#591 = CARTESIAN_POINT('',(-0.8,1.355,0.9));
#592 = DIRECTION('',(0.707106781187,-0.707106781187,0.));
#593 = DIRECTION('',(0.707106781187,0.707106781187,0.));
#594 = ADVANCED_FACE('',(#595),#619,.F.);
#595 = FACE_BOUND('',#596,.F.);
#596 = EDGE_LOOP('',(#597,#604,#605,#613));
#597 = ORIENTED_EDGE('',*,*,#598,.F.);
#598 = EDGE_CURVE('',#333,#599,#601,.T.);
#599 = VERTEX_POINT('',#600);
#600 = CARTESIAN_POINT('',(-0.8,-1.355,0.9));
#601 = B_SPLINE_CURVE_WITH_KNOTS('',1,(#602,#603),.UNSPECIFIED.,.F.,.F.,
  (2,2),(0.,1.),.PIECEWISE_BEZIER_KNOTS.);
#602 = CARTESIAN_POINT('',(-0.8,-1.355,0.75));
#603 = CARTESIAN_POINT('',(-0.8,-1.355,0.9));
#604 = ORIENTED_EDGE('',*,*,#332,.T.);
#605 = ORIENTED_EDGE('',*,*,#606,.T.);
#606 = EDGE_CURVE('',#325,#607,#609,.T.);
#607 = VERTEX_POINT('',#608);
#608 = CARTESIAN_POINT('',(-0.8,-1.2,0.9));
#609 = LINE('',#610,#611);
#610 = CARTESIAN_POINT('',(-0.8,-1.2,0.670847817658));
#611 = VECTOR('',#612,1.);
#612 = DIRECTION('',(0.,0.,1.));
#613 = ORIENTED_EDGE('',*,*,#614,.F.);
#614 = EDGE_CURVE('',#599,#607,#615,.T.);
#615 = LINE('',#616,#617);
#616 = CARTESIAN_POINT('',(-0.8,-1.355,0.9));
#617 = VECTOR('',#618,1.);
#618 = DIRECTION('',(-1.110223024625E-16,1.,0.));
#619 = PLANE('',#620);
#620 = AXIS2_PLACEMENT_3D('',#621,#622,#623);
#621 = CARTESIAN_POINT('',(-0.8,-1.355,0.9));
#622 = DIRECTION('',(1.,1.110223024625E-16,0.));
#623 = DIRECTION('',(-1.110223024625E-16,1.,0.));
#624 = ADVANCED_FACE('',(#625),#650,.F.);
#625 = FACE_BOUND('',#626,.F.);
#626 = EDGE_LOOP('',(#627,#635,#636,#644));
#627 = ORIENTED_EDGE('',*,*,#628,.F.);
#628 = EDGE_CURVE('',#325,#629,#631,.T.);
#629 = VERTEX_POINT('',#630);
#630 = CARTESIAN_POINT('',(-0.85,-1.2,0.75));
#631 = LINE('',#632,#633);
#632 = CARTESIAN_POINT('',(-0.75,-1.2,0.75));
#633 = VECTOR('',#634,1.);
#634 = DIRECTION('',(-1.,1.144237745222E-17,0.));
#635 = ORIENTED_EDGE('',*,*,#324,.T.);
#636 = ORIENTED_EDGE('',*,*,#637,.T.);
#637 = EDGE_CURVE('',#317,#638,#640,.T.);
#638 = VERTEX_POINT('',#639);
#639 = CARTESIAN_POINT('',(-0.85,-0.7,0.75));
#640 = LINE('',#641,#642);
#641 = CARTESIAN_POINT('',(-0.75,-0.7,0.75));
#642 = VECTOR('',#643,1.);
#643 = DIRECTION('',(-1.,1.144237745222E-17,0.));
#644 = ORIENTED_EDGE('',*,*,#645,.F.);
#645 = EDGE_CURVE('',#629,#638,#646,.T.);
#646 = LINE('',#647,#648);
#647 = CARTESIAN_POINT('',(-0.85,-1.2,0.75));
#648 = VECTOR('',#649,1.);
#649 = DIRECTION('',(1.144237745222E-17,1.,0.));
#650 = PLANE('',#651);
#651 = AXIS2_PLACEMENT_3D('',#652,#653,#654);
#652 = CARTESIAN_POINT('',(-0.75,-1.2,0.75));
#653 = DIRECTION('',(0.,0.,1.));
#654 = DIRECTION('',(-1.,1.144237745222E-17,0.));
#655 = ADVANCED_FACE('',(#656),#681,.F.);
#656 = FACE_BOUND('',#657,.F.);
#657 = EDGE_LOOP('',(#658,#666,#667,#675));
#658 = ORIENTED_EDGE('',*,*,#659,.F.);
#659 = EDGE_CURVE('',#317,#660,#662,.T.);
#660 = VERTEX_POINT('',#661);
#661 = CARTESIAN_POINT('',(-0.8,-0.7,0.9));
#662 = LINE('',#663,#664);
#663 = CARTESIAN_POINT('',(-0.8,-0.7,0.670847817658));
#664 = VECTOR('',#665,1.);
#665 = DIRECTION('',(0.,0.,1.));
#666 = ORIENTED_EDGE('',*,*,#316,.T.);
#667 = ORIENTED_EDGE('',*,*,#668,.T.);
#668 = EDGE_CURVE('',#309,#669,#671,.T.);
#669 = VERTEX_POINT('',#670);
#670 = CARTESIAN_POINT('',(-0.8,-0.25,0.9));
#671 = LINE('',#672,#673);
#672 = CARTESIAN_POINT('',(-0.8,-0.25,0.670847817658));
#673 = VECTOR('',#674,1.);
#674 = DIRECTION('',(0.,0.,1.));
#675 = ORIENTED_EDGE('',*,*,#676,.F.);
#676 = EDGE_CURVE('',#660,#669,#677,.T.);
#677 = LINE('',#678,#679);
#678 = CARTESIAN_POINT('',(-0.8,-1.355,0.9));
#679 = VECTOR('',#680,1.);
#680 = DIRECTION('',(-1.110223024625E-16,1.,0.));
#681 = PLANE('',#682);
#682 = AXIS2_PLACEMENT_3D('',#683,#684,#685);
#683 = CARTESIAN_POINT('',(-0.8,-1.355,0.9));
#684 = DIRECTION('',(1.,1.110223024625E-16,0.));
#685 = DIRECTION('',(-1.110223024625E-16,1.,0.));
#686 = ADVANCED_FACE('',(#687),#712,.F.);
#687 = FACE_BOUND('',#688,.F.);
#688 = EDGE_LOOP('',(#689,#697,#698,#706));
#689 = ORIENTED_EDGE('',*,*,#690,.F.);
#690 = EDGE_CURVE('',#309,#691,#693,.T.);
#691 = VERTEX_POINT('',#692);
#692 = CARTESIAN_POINT('',(-0.85,-0.25,0.75));
#693 = LINE('',#694,#695);
#694 = CARTESIAN_POINT('',(-0.75,-0.25,0.75));
#695 = VECTOR('',#696,1.);
#696 = DIRECTION('',(-1.,1.144237745222E-17,0.));
#697 = ORIENTED_EDGE('',*,*,#308,.T.);
#698 = ORIENTED_EDGE('',*,*,#699,.T.);
#699 = EDGE_CURVE('',#301,#700,#702,.T.);
#700 = VERTEX_POINT('',#701);
#701 = CARTESIAN_POINT('',(-0.85,0.25,0.75));
#702 = LINE('',#703,#704);
#703 = CARTESIAN_POINT('',(-0.75,0.25,0.75));
#704 = VECTOR('',#705,1.);
#705 = DIRECTION('',(-1.,1.144237745222E-17,0.));
#706 = ORIENTED_EDGE('',*,*,#707,.F.);
#707 = EDGE_CURVE('',#691,#700,#708,.T.);
#708 = LINE('',#709,#710);
#709 = CARTESIAN_POINT('',(-0.85,-0.25,0.75));
#710 = VECTOR('',#711,1.);
#711 = DIRECTION('',(1.144237745222E-17,1.,0.));
#712 = PLANE('',#713);
#713 = AXIS2_PLACEMENT_3D('',#714,#715,#716);
#714 = CARTESIAN_POINT('',(-0.75,-0.25,0.75));
#715 = DIRECTION('',(0.,0.,1.));
#716 = DIRECTION('',(-1.,1.144237745222E-17,0.));
#717 = ADVANCED_FACE('',(#718),#743,.F.);
#718 = FACE_BOUND('',#719,.F.);
#719 = EDGE_LOOP('',(#720,#728,#729,#737));
#720 = ORIENTED_EDGE('',*,*,#721,.F.);
#721 = EDGE_CURVE('',#301,#722,#724,.T.);
#722 = VERTEX_POINT('',#723);
#723 = CARTESIAN_POINT('',(-0.8,0.25,0.9));
#724 = LINE('',#725,#726);
#725 = CARTESIAN_POINT('',(-0.8,0.25,0.670847817658));
#726 = VECTOR('',#727,1.);
#727 = DIRECTION('',(0.,0.,1.));
#728 = ORIENTED_EDGE('',*,*,#300,.T.);
#729 = ORIENTED_EDGE('',*,*,#730,.T.);
#730 = EDGE_CURVE('',#293,#731,#733,.T.);
#731 = VERTEX_POINT('',#732);
#732 = CARTESIAN_POINT('',(-0.8,0.7,0.9));
#733 = LINE('',#734,#735);
#734 = CARTESIAN_POINT('',(-0.8,0.7,0.670847817658));
#735 = VECTOR('',#736,1.);
#736 = DIRECTION('',(0.,0.,1.));
#737 = ORIENTED_EDGE('',*,*,#738,.F.);
#738 = EDGE_CURVE('',#722,#731,#739,.T.);
#739 = LINE('',#740,#741);
#740 = CARTESIAN_POINT('',(-0.8,-1.355,0.9));
#741 = VECTOR('',#742,1.);
#742 = DIRECTION('',(-1.110223024625E-16,1.,0.));
#743 = PLANE('',#744);
#744 = AXIS2_PLACEMENT_3D('',#745,#746,#747);
#745 = CARTESIAN_POINT('',(-0.8,-1.355,0.9));
#746 = DIRECTION('',(1.,1.110223024625E-16,0.));
#747 = DIRECTION('',(-1.110223024625E-16,1.,0.));
#748 = ADVANCED_FACE('',(#749),#774,.F.);
#749 = FACE_BOUND('',#750,.F.);
#750 = EDGE_LOOP('',(#751,#759,#760,#768));
#751 = ORIENTED_EDGE('',*,*,#752,.F.);
#752 = EDGE_CURVE('',#293,#753,#755,.T.);
#753 = VERTEX_POINT('',#754);
#754 = CARTESIAN_POINT('',(-0.85,0.7,0.75));
#755 = LINE('',#756,#757);
#756 = CARTESIAN_POINT('',(-0.75,0.7,0.75));
#757 = VECTOR('',#758,1.);
#758 = DIRECTION('',(-1.,1.144237745222E-17,0.));
#759 = ORIENTED_EDGE('',*,*,#292,.T.);
#760 = ORIENTED_EDGE('',*,*,#761,.T.);
#761 = EDGE_CURVE('',#285,#762,#764,.T.);
#762 = VERTEX_POINT('',#763);
#763 = CARTESIAN_POINT('',(-0.85,1.2,0.75));
#764 = LINE('',#765,#766);
#765 = CARTESIAN_POINT('',(-0.75,1.2,0.75));
#766 = VECTOR('',#767,1.);
#767 = DIRECTION('',(-1.,1.144237745222E-17,0.));
#768 = ORIENTED_EDGE('',*,*,#769,.F.);
#769 = EDGE_CURVE('',#753,#762,#770,.T.);
#770 = LINE('',#771,#772);
#771 = CARTESIAN_POINT('',(-0.85,0.7,0.75));
#772 = VECTOR('',#773,1.);
#773 = DIRECTION('',(1.144237745222E-17,1.,0.));
#774 = PLANE('',#775);
#775 = AXIS2_PLACEMENT_3D('',#776,#777,#778);
#776 = CARTESIAN_POINT('',(-0.75,0.7,0.75));
#777 = DIRECTION('',(0.,0.,1.));
#778 = DIRECTION('',(-1.,1.144237745222E-17,0.));
#779 = ADVANCED_FACE('',(#780),#791,.F.);
#780 = FACE_BOUND('',#781,.F.);
#781 = EDGE_LOOP('',(#782,#788,#789,#790));
#782 = ORIENTED_EDGE('',*,*,#783,.F.);
#783 = EDGE_CURVE('',#285,#561,#784,.T.);
#784 = LINE('',#785,#786);
#785 = CARTESIAN_POINT('',(-0.8,1.2,0.670847817658));
#786 = VECTOR('',#787,1.);
#787 = DIRECTION('',(0.,0.,1.));
#788 = ORIENTED_EDGE('',*,*,#284,.T.);
#789 = ORIENTED_EDGE('',*,*,#585,.T.);
#790 = ORIENTED_EDGE('',*,*,#568,.F.);
#791 = PLANE('',#792);
#792 = AXIS2_PLACEMENT_3D('',#793,#794,#795);
#793 = CARTESIAN_POINT('',(-0.8,-1.355,0.9));
#794 = DIRECTION('',(1.,1.110223024625E-16,0.));
#795 = DIRECTION('',(-1.110223024625E-16,1.,0.));
#796 = ADVANCED_FACE('',(#797),#808,.F.);
#797 = FACE_BOUND('',#798,.F.);
#798 = EDGE_LOOP('',(#799,#800,#801,#807));
#799 = ORIENTED_EDGE('',*,*,#472,.F.);
#800 = ORIENTED_EDGE('',*,*,#393,.T.);
#801 = ORIENTED_EDGE('',*,*,#802,.T.);
#802 = EDGE_CURVE('',#386,#505,#803,.T.);
#803 = LINE('',#804,#805);
#804 = CARTESIAN_POINT('',(0.8,1.2,0.670847817658));
#805 = VECTOR('',#806,1.);
#806 = DIRECTION('',(0.,0.,1.));
#807 = ORIENTED_EDGE('',*,*,#504,.F.);
#808 = PLANE('',#809);
#809 = AXIS2_PLACEMENT_3D('',#810,#811,#812);
#810 = CARTESIAN_POINT('',(0.8,1.355,0.9));
#811 = DIRECTION('',(-1.,-1.110223024625E-16,0.));
#812 = DIRECTION('',(1.110223024625E-16,-1.,0.));
#813 = ADVANCED_FACE('',(#814),#839,.F.);
#814 = FACE_BOUND('',#815,.F.);
#815 = EDGE_LOOP('',(#816,#824,#825,#833));
#816 = ORIENTED_EDGE('',*,*,#817,.F.);
#817 = EDGE_CURVE('',#386,#818,#820,.T.);
#818 = VERTEX_POINT('',#819);
#819 = CARTESIAN_POINT('',(0.85,1.2,0.75));
#820 = LINE('',#821,#822);
#821 = CARTESIAN_POINT('',(0.75,1.2,0.75));
#822 = VECTOR('',#823,1.);
#823 = DIRECTION('',(1.,1.110223024625E-16,0.));
#824 = ORIENTED_EDGE('',*,*,#385,.T.);
#825 = ORIENTED_EDGE('',*,*,#826,.T.);
#826 = EDGE_CURVE('',#378,#827,#829,.T.);
#827 = VERTEX_POINT('',#828);
#828 = CARTESIAN_POINT('',(0.85,0.7,0.75));
#829 = LINE('',#830,#831);
#830 = CARTESIAN_POINT('',(0.75,0.7,0.75));
#831 = VECTOR('',#832,1.);
#832 = DIRECTION('',(1.,1.110223024625E-16,0.));
#833 = ORIENTED_EDGE('',*,*,#834,.F.);
#834 = EDGE_CURVE('',#818,#827,#835,.T.);
#835 = LINE('',#836,#837);
#836 = CARTESIAN_POINT('',(0.85,1.2,0.75));
#837 = VECTOR('',#838,1.);
#838 = DIRECTION('',(1.110223024625E-16,-1.,0.));
#839 = PLANE('',#840);
#840 = AXIS2_PLACEMENT_3D('',#841,#842,#843);
#841 = CARTESIAN_POINT('',(0.75,1.2,0.75));
#842 = DIRECTION('',(0.,0.,1.));
#843 = DIRECTION('',(1.,1.110223024625E-16,-0.));
#844 = ADVANCED_FACE('',(#845),#870,.F.);
#845 = FACE_BOUND('',#846,.F.);
#846 = EDGE_LOOP('',(#847,#855,#856,#864));
#847 = ORIENTED_EDGE('',*,*,#848,.F.);
#848 = EDGE_CURVE('',#378,#849,#851,.T.);
#849 = VERTEX_POINT('',#850);
#850 = CARTESIAN_POINT('',(0.8,0.7,0.9));
#851 = LINE('',#852,#853);
#852 = CARTESIAN_POINT('',(0.8,0.7,0.670847817658));
#853 = VECTOR('',#854,1.);
#854 = DIRECTION('',(0.,0.,1.));
#855 = ORIENTED_EDGE('',*,*,#377,.T.);
#856 = ORIENTED_EDGE('',*,*,#857,.T.);
#857 = EDGE_CURVE('',#370,#858,#860,.T.);
#858 = VERTEX_POINT('',#859);
#859 = CARTESIAN_POINT('',(0.8,-0.7,0.9));
#860 = LINE('',#861,#862);
#861 = CARTESIAN_POINT('',(0.8,-0.7,0.670847817658));
#862 = VECTOR('',#863,1.);
#863 = DIRECTION('',(0.,0.,1.));
#864 = ORIENTED_EDGE('',*,*,#865,.F.);
#865 = EDGE_CURVE('',#849,#858,#866,.T.);
#866 = LINE('',#867,#868);
#867 = CARTESIAN_POINT('',(0.8,1.355,0.9));
#868 = VECTOR('',#869,1.);
#869 = DIRECTION('',(1.110223024625E-16,-1.,0.));
#870 = PLANE('',#871);
#871 = AXIS2_PLACEMENT_3D('',#872,#873,#874);
#872 = CARTESIAN_POINT('',(0.8,1.355,0.9));
#873 = DIRECTION('',(-1.,-1.110223024625E-16,0.));
#874 = DIRECTION('',(1.110223024625E-16,-1.,0.));
#875 = ADVANCED_FACE('',(#876),#901,.F.);
#876 = FACE_BOUND('',#877,.F.);
#877 = EDGE_LOOP('',(#878,#886,#887,#895));
#878 = ORIENTED_EDGE('',*,*,#879,.F.);
#879 = EDGE_CURVE('',#370,#880,#882,.T.);
#880 = VERTEX_POINT('',#881);
#881 = CARTESIAN_POINT('',(0.85,-0.7,0.75));
#882 = LINE('',#883,#884);
#883 = CARTESIAN_POINT('',(0.75,-0.7,0.75));
#884 = VECTOR('',#885,1.);
#885 = DIRECTION('',(1.,1.110223024625E-16,0.));
#886 = ORIENTED_EDGE('',*,*,#369,.T.);
#887 = ORIENTED_EDGE('',*,*,#888,.T.);
#888 = EDGE_CURVE('',#362,#889,#891,.T.);
#889 = VERTEX_POINT('',#890);
#890 = CARTESIAN_POINT('',(0.85,-1.2,0.75));
#891 = LINE('',#892,#893);
#892 = CARTESIAN_POINT('',(0.75,-1.2,0.75));
#893 = VECTOR('',#894,1.);
#894 = DIRECTION('',(1.,1.110223024625E-16,0.));
#895 = ORIENTED_EDGE('',*,*,#896,.F.);
#896 = EDGE_CURVE('',#880,#889,#897,.T.);
#897 = LINE('',#898,#899);
#898 = CARTESIAN_POINT('',(0.85,-0.7,0.75));
#899 = VECTOR('',#900,1.);
#900 = DIRECTION('',(1.110223024625E-16,-1.,0.));
#901 = PLANE('',#902);
#902 = AXIS2_PLACEMENT_3D('',#903,#904,#905);
#903 = CARTESIAN_POINT('',(0.75,-0.7,0.75));
#904 = DIRECTION('',(0.,0.,1.));
#905 = DIRECTION('',(1.,1.110223024625E-16,-0.));
#906 = ADVANCED_FACE('',(#907),#931,.F.);
#907 = FACE_BOUND('',#908,.F.);
#908 = EDGE_LOOP('',(#909,#917,#918,#925));
#909 = ORIENTED_EDGE('',*,*,#910,.F.);
#910 = EDGE_CURVE('',#362,#911,#913,.T.);
#911 = VERTEX_POINT('',#912);
#912 = CARTESIAN_POINT('',(0.8,-1.2,0.9));
#913 = LINE('',#914,#915);
#914 = CARTESIAN_POINT('',(0.8,-1.2,0.670847817658));
#915 = VECTOR('',#916,1.);
#916 = DIRECTION('',(0.,0.,1.));
#917 = ORIENTED_EDGE('',*,*,#361,.T.);
#918 = ORIENTED_EDGE('',*,*,#919,.T.);
#919 = EDGE_CURVE('',#355,#920,#922,.T.);
#920 = VERTEX_POINT('',#921);
#921 = CARTESIAN_POINT('',(0.8,-1.355,0.9));
#922 = B_SPLINE_CURVE_WITH_KNOTS('',1,(#923,#924),.UNSPECIFIED.,.F.,.F.,
  (2,2),(0.,1.),.PIECEWISE_BEZIER_KNOTS.);
#923 = CARTESIAN_POINT('',(0.8,-1.355,0.75));
#924 = CARTESIAN_POINT('',(0.8,-1.355,0.9));
#925 = ORIENTED_EDGE('',*,*,#926,.F.);
#926 = EDGE_CURVE('',#911,#920,#927,.T.);
#927 = LINE('',#928,#929);
#928 = CARTESIAN_POINT('',(0.8,1.355,0.9));
#929 = VECTOR('',#930,1.);
#930 = DIRECTION('',(1.110223024625E-16,-1.,0.));
#931 = PLANE('',#932);
#932 = AXIS2_PLACEMENT_3D('',#933,#934,#935);
#933 = CARTESIAN_POINT('',(0.8,1.355,0.9));
#934 = DIRECTION('',(-1.,-1.110223024625E-16,0.));
#935 = DIRECTION('',(1.110223024625E-16,-1.,0.));
#936 = ADVANCED_FACE('',(#937),#954,.F.);
#937 = FACE_BOUND('',#938,.F.);
#938 = EDGE_LOOP('',(#939,#940,#941,#949));
#939 = ORIENTED_EDGE('',*,*,#410,.T.);
#940 = ORIENTED_EDGE('',*,*,#598,.T.);
#941 = ORIENTED_EDGE('',*,*,#942,.F.);
#942 = EDGE_CURVE('',#943,#599,#945,.T.);
#943 = VERTEX_POINT('',#944);
#944 = CARTESIAN_POINT('',(-0.705,-1.45,0.9));
#945 = LINE('',#946,#947);
#946 = CARTESIAN_POINT('',(-0.705,-1.45,0.9));
#947 = VECTOR('',#948,1.);
#948 = DIRECTION('',(-0.707106781187,0.707106781187,0.));
#949 = ORIENTED_EDGE('',*,*,#950,.F.);
#950 = EDGE_CURVE('',#411,#943,#951,.T.);
#951 = B_SPLINE_CURVE_WITH_KNOTS('',1,(#952,#953),.UNSPECIFIED.,.F.,.F.,
  (2,2),(0.,1.),.PIECEWISE_BEZIER_KNOTS.);
#952 = CARTESIAN_POINT('',(-0.705,-1.45,0.75));
#953 = CARTESIAN_POINT('',(-0.705,-1.45,0.9));
#954 = PLANE('',#955);
#955 = AXIS2_PLACEMENT_3D('',#956,#957,#958);
#956 = CARTESIAN_POINT('',(-0.705,-1.45,0.9));
#957 = DIRECTION('',(0.707106781187,0.707106781187,0.));
#958 = DIRECTION('',(-0.707106781187,0.707106781187,0.));
#959 = ADVANCED_FACE('',(#960),#977,.F.);
#960 = FACE_BOUND('',#961,.F.);
#961 = EDGE_LOOP('',(#962,#963,#970,#976));
#962 = ORIENTED_EDGE('',*,*,#439,.T.);
#963 = ORIENTED_EDGE('',*,*,#964,.T.);
#964 = EDGE_CURVE('',#433,#965,#967,.T.);
#965 = VERTEX_POINT('',#966);
#966 = CARTESIAN_POINT('',(0.705,-1.45,0.9));
#967 = B_SPLINE_CURVE_WITH_KNOTS('',1,(#968,#969),.UNSPECIFIED.,.F.,.F.,
  (2,2),(0.,1.),.PIECEWISE_BEZIER_KNOTS.);
#968 = CARTESIAN_POINT('',(0.705,-1.45,0.75));
#969 = CARTESIAN_POINT('',(0.705,-1.45,0.9));
#970 = ORIENTED_EDGE('',*,*,#971,.F.);
#971 = EDGE_CURVE('',#920,#965,#972,.T.);
#972 = LINE('',#973,#974);
#973 = CARTESIAN_POINT('',(0.8,-1.355,0.9));
#974 = VECTOR('',#975,1.);
#975 = DIRECTION('',(-0.707106781187,-0.707106781187,0.));
#976 = ORIENTED_EDGE('',*,*,#919,.F.);
#977 = PLANE('',#978);
#978 = AXIS2_PLACEMENT_3D('',#979,#980,#981);
#979 = CARTESIAN_POINT('',(0.8,-1.355,0.9));
#980 = DIRECTION('',(-0.707106781187,0.707106781187,0.));
#981 = DIRECTION('',(-0.707106781187,-0.707106781187,0.));
#982 = ADVANCED_FACE('',(#983),#994,.F.);
#983 = FACE_BOUND('',#984,.F.);
#984 = EDGE_LOOP('',(#985,#986,#987,#993));
#985 = ORIENTED_EDGE('',*,*,#456,.T.);
#986 = ORIENTED_EDGE('',*,*,#950,.T.);
#987 = ORIENTED_EDGE('',*,*,#988,.F.);
#988 = EDGE_CURVE('',#965,#943,#989,.T.);
#989 = LINE('',#990,#991);
#990 = CARTESIAN_POINT('',(0.705,-1.45,0.9));
#991 = VECTOR('',#992,1.);
#992 = DIRECTION('',(-1.,-1.110223024625E-16,0.));
#993 = ORIENTED_EDGE('',*,*,#964,.F.);
#994 = PLANE('',#995);
#995 = AXIS2_PLACEMENT_3D('',#996,#997,#998);
#996 = CARTESIAN_POINT('',(0.705,-1.45,0.9));
#997 = DIRECTION('',(-1.110223024625E-16,1.,0.));
#998 = DIRECTION('',(-1.,-1.110223024625E-16,0.));
#999 = ADVANCED_FACE('',(#1000),#1039,.F.);
#1000 = FACE_BOUND('',#1001,.F.);
#1001 = EDGE_LOOP('',(#1002,#1010,#1018,#1024,#1025,#1033));
#1002 = ORIENTED_EDGE('',*,*,#1003,.F.);
#1003 = EDGE_CURVE('',#1004,#731,#1006,.T.);
#1004 = VERTEX_POINT('',#1005);
#1005 = CARTESIAN_POINT('',(-0.85,0.7,0.9));
#1006 = LINE('',#1007,#1008);
#1007 = CARTESIAN_POINT('',(-0.85,0.7,0.9));
#1008 = VECTOR('',#1009,1.);
#1009 = DIRECTION('',(1.,-1.144237745222E-17,0.));
#1010 = ORIENTED_EDGE('',*,*,#1011,.T.);
#1011 = EDGE_CURVE('',#1004,#1012,#1014,.T.);
#1012 = VERTEX_POINT('',#1013);
#1013 = CARTESIAN_POINT('',(-0.85,1.2,0.9));
#1014 = LINE('',#1015,#1016);
#1015 = CARTESIAN_POINT('',(-0.85,0.7,0.9));
#1016 = VECTOR('',#1017,1.);
#1017 = DIRECTION('',(1.144237745222E-17,1.,0.));
#1018 = ORIENTED_EDGE('',*,*,#1019,.T.);
#1019 = EDGE_CURVE('',#1012,#561,#1020,.T.);
#1020 = LINE('',#1021,#1022);
#1021 = CARTESIAN_POINT('',(-0.85,1.2,0.9));
#1022 = VECTOR('',#1023,1.);
#1023 = DIRECTION('',(1.,-1.144237745222E-17,0.));
#1024 = ORIENTED_EDGE('',*,*,#560,.T.);
#1025 = ORIENTED_EDGE('',*,*,#1026,.F.);
#1026 = EDGE_CURVE('',#1027,#553,#1029,.T.);
#1027 = VERTEX_POINT('',#1028);
#1028 = CARTESIAN_POINT('',(-0.775,0.7,0.9));
#1029 = LINE('',#1030,#1031);
#1030 = CARTESIAN_POINT('',(-0.775,-1.3425,0.9));
#1031 = VECTOR('',#1032,1.);
#1032 = DIRECTION('',(-1.110223024625E-16,1.,0.));
#1033 = ORIENTED_EDGE('',*,*,#1034,.F.);
#1034 = EDGE_CURVE('',#731,#1027,#1035,.T.);
#1035 = LINE('',#1036,#1037);
#1036 = CARTESIAN_POINT('',(-0.85,0.7,0.9));
#1037 = VECTOR('',#1038,1.);
#1038 = DIRECTION('',(1.,-1.144237745222E-17,0.));
#1039 = PLANE('',#1040);
#1040 = AXIS2_PLACEMENT_3D('',#1041,#1042,#1043);
#1041 = CARTESIAN_POINT('',(-0.85,0.7,0.9));
#1042 = DIRECTION('',(0.,0.,-1.));
#1043 = DIRECTION('',(1.,-1.144237745222E-17,0.));
#1044 = ADVANCED_FACE('',(#1045),#1109,.F.);
#1045 = FACE_BOUND('',#1046,.F.);
#1046 = EDGE_LOOP('',(#1047,#1057,#1065,#1073,#1081,#1087,#1088,#1089,
    #1096,#1104));
#1047 = ORIENTED_EDGE('',*,*,#1048,.T.);
#1048 = EDGE_CURVE('',#1049,#1051,#1053,.T.);
#1049 = VERTEX_POINT('',#1050);
#1050 = CARTESIAN_POINT('',(-0.775,-1.3425,0.9));
#1051 = VERTEX_POINT('',#1052);
#1052 = CARTESIAN_POINT('',(-0.775,-1.2,0.9));
#1053 = LINE('',#1054,#1055);
#1054 = CARTESIAN_POINT('',(-0.775,-1.3425,0.9));
#1055 = VECTOR('',#1056,1.);
#1056 = DIRECTION('',(-1.110223024625E-16,1.,0.));
#1057 = ORIENTED_EDGE('',*,*,#1058,.T.);
#1058 = EDGE_CURVE('',#1051,#1059,#1061,.T.);
#1059 = VERTEX_POINT('',#1060);
#1060 = CARTESIAN_POINT('',(-0.775,-0.7,0.9));
#1061 = LINE('',#1062,#1063);
#1062 = CARTESIAN_POINT('',(-0.775,-1.3425,0.9));
#1063 = VECTOR('',#1064,1.);
#1064 = DIRECTION('',(-1.110223024625E-16,1.,0.));
#1065 = ORIENTED_EDGE('',*,*,#1066,.T.);
#1066 = EDGE_CURVE('',#1059,#1067,#1069,.T.);
#1067 = VERTEX_POINT('',#1068);
#1068 = CARTESIAN_POINT('',(-0.775,-0.25,0.9));
#1069 = LINE('',#1070,#1071);
#1070 = CARTESIAN_POINT('',(-0.775,-1.3425,0.9));
#1071 = VECTOR('',#1072,1.);
#1072 = DIRECTION('',(-1.110223024625E-16,1.,0.));
#1073 = ORIENTED_EDGE('',*,*,#1074,.T.);
#1074 = EDGE_CURVE('',#1067,#1075,#1077,.T.);
#1075 = VERTEX_POINT('',#1076);
#1076 = CARTESIAN_POINT('',(-0.775,0.25,0.9));
#1077 = LINE('',#1078,#1079);
#1078 = CARTESIAN_POINT('',(-0.775,-1.3425,0.9));
#1079 = VECTOR('',#1080,1.);
#1080 = DIRECTION('',(-1.110223024625E-16,1.,0.));
#1081 = ORIENTED_EDGE('',*,*,#1082,.T.);
#1082 = EDGE_CURVE('',#1075,#1027,#1083,.T.);
#1083 = LINE('',#1084,#1085);
#1084 = CARTESIAN_POINT('',(-0.775,-1.3425,0.9));
#1085 = VECTOR('',#1086,1.);
#1086 = DIRECTION('',(-1.110223024625E-16,1.,0.));
#1087 = ORIENTED_EDGE('',*,*,#1026,.T.);
#1088 = ORIENTED_EDGE('',*,*,#552,.T.);
#1089 = ORIENTED_EDGE('',*,*,#1090,.T.);
#1090 = EDGE_CURVE('',#545,#1091,#1093,.T.);
#1091 = VERTEX_POINT('',#1092);
#1092 = CARTESIAN_POINT('',(-0.683648457443,1.296824228722,1.55));
#1093 = B_SPLINE_CURVE_WITH_KNOTS('',1,(#1094,#1095),.UNSPECIFIED.,.F.,
  .F.,(2,2),(0.,1.),.PIECEWISE_BEZIER_KNOTS.);
#1094 = CARTESIAN_POINT('',(-0.775,1.3425,0.9));
#1095 = CARTESIAN_POINT('',(-0.683648457443,1.296824228722,1.55));
#1096 = ORIENTED_EDGE('',*,*,#1097,.F.);
#1097 = EDGE_CURVE('',#1098,#1091,#1100,.T.);
#1098 = VERTEX_POINT('',#1099);
#1099 = CARTESIAN_POINT('',(-0.683648457443,-1.296824228722,1.55));
#1100 = LINE('',#1101,#1102);
#1101 = CARTESIAN_POINT('',(-0.683648457443,-1.296824228722,1.55));
#1102 = VECTOR('',#1103,1.);
#1103 = DIRECTION('',(-1.110223024625E-16,1.,0.));
#1104 = ORIENTED_EDGE('',*,*,#1105,.F.);
#1105 = EDGE_CURVE('',#1049,#1098,#1106,.T.);
#1106 = B_SPLINE_CURVE_WITH_KNOTS('',1,(#1107,#1108),.UNSPECIFIED.,.F.,
  .F.,(2,2),(0.,1.),.PIECEWISE_BEZIER_KNOTS.);
#1107 = CARTESIAN_POINT('',(-0.775,-1.3425,0.9));
#1108 = CARTESIAN_POINT('',(-0.683648457443,-1.296824228722,1.55));
#1109 = B_SPLINE_SURFACE_WITH_KNOTS('',1,1,(
    (#1110,#1111)
    ,(#1112,#1113
    )),.UNSPECIFIED.,.F.,.F.,.F.,(2,2),(2,2),(0.,2.685),(0.,1.),
  .PIECEWISE_BEZIER_KNOTS.);
#1110 = CARTESIAN_POINT('',(-0.775,-1.3425,0.9));
#1111 = CARTESIAN_POINT('',(-0.683648457443,-1.296824228722,1.55));
#1112 = CARTESIAN_POINT('',(-0.775,1.3425,0.9));
#1113 = CARTESIAN_POINT('',(-0.683648457443,1.296824228722,1.55));
#1114 = ADVANCED_FACE('',(#1115),#1132,.F.);
#1115 = FACE_BOUND('',#1116,.F.);
#1116 = EDGE_LOOP('',(#1117,#1118,#1125,#1131));
#1117 = ORIENTED_EDGE('',*,*,#544,.T.);
#1118 = ORIENTED_EDGE('',*,*,#1119,.T.);
#1119 = EDGE_CURVE('',#537,#1120,#1122,.T.);
#1120 = VERTEX_POINT('',#1121);
#1121 = CARTESIAN_POINT('',(-0.646824228722,1.333648457443,1.55));
#1122 = B_SPLINE_CURVE_WITH_KNOTS('',1,(#1123,#1124),.UNSPECIFIED.,.F.,
  .F.,(2,2),(0.,1.),.PIECEWISE_BEZIER_KNOTS.);
#1123 = CARTESIAN_POINT('',(-0.6925,1.425,0.9));
#1124 = CARTESIAN_POINT('',(-0.646824228722,1.333648457443,1.55));
#1125 = ORIENTED_EDGE('',*,*,#1126,.F.);
#1126 = EDGE_CURVE('',#1091,#1120,#1127,.T.);
#1127 = LINE('',#1128,#1129);
#1128 = CARTESIAN_POINT('',(-0.683648457443,1.296824228722,1.55));
#1129 = VECTOR('',#1130,1.);
#1130 = DIRECTION('',(0.707106781187,0.707106781187,0.));
#1131 = ORIENTED_EDGE('',*,*,#1090,.F.);
#1132 = B_SPLINE_SURFACE_WITH_KNOTS('',1,1,(
    (#1133,#1134)
    ,(#1135,#1136
    )),.UNSPECIFIED.,.F.,.F.,.F.,(2,2),(2,2),(0.,0.116672618896),(0.,1.)
  ,.PIECEWISE_BEZIER_KNOTS.);
#1133 = CARTESIAN_POINT('',(-0.775,1.3425,0.9));
#1134 = CARTESIAN_POINT('',(-0.683648457443,1.296824228722,1.55));
#1135 = CARTESIAN_POINT('',(-0.6925,1.425,0.9));
#1136 = CARTESIAN_POINT('',(-0.646824228722,1.333648457443,1.55));
#1137 = ADVANCED_FACE('',(#1138),#1155,.F.);
#1138 = FACE_BOUND('',#1139,.F.);
#1139 = EDGE_LOOP('',(#1140,#1141,#1148,#1154));
#1140 = ORIENTED_EDGE('',*,*,#536,.T.);
#1141 = ORIENTED_EDGE('',*,*,#1142,.T.);
#1142 = EDGE_CURVE('',#529,#1143,#1145,.T.);
#1143 = VERTEX_POINT('',#1144);
#1144 = CARTESIAN_POINT('',(0.646824228722,1.333648457443,1.55));
#1145 = B_SPLINE_CURVE_WITH_KNOTS('',1,(#1146,#1147),.UNSPECIFIED.,.F.,
  .F.,(2,2),(0.,1.),.PIECEWISE_BEZIER_KNOTS.);
#1146 = CARTESIAN_POINT('',(0.6925,1.425,0.9));
#1147 = CARTESIAN_POINT('',(0.646824228722,1.333648457443,1.55));
#1148 = ORIENTED_EDGE('',*,*,#1149,.F.);
#1149 = EDGE_CURVE('',#1120,#1143,#1150,.T.);
#1150 = LINE('',#1151,#1152);
#1151 = CARTESIAN_POINT('',(-0.646824228722,1.333648457443,1.55));
#1152 = VECTOR('',#1153,1.);
#1153 = DIRECTION('',(1.,1.110223024625E-16,0.));
#1154 = ORIENTED_EDGE('',*,*,#1119,.F.);
#1155 = B_SPLINE_SURFACE_WITH_KNOTS('',1,1,(
    (#1156,#1157)
    ,(#1158,#1159
    )),.UNSPECIFIED.,.F.,.F.,.F.,(2,2),(2,2),(0.,1.385),(0.,1.),
  .PIECEWISE_BEZIER_KNOTS.);
#1156 = CARTESIAN_POINT('',(-0.6925,1.425,0.9));
#1157 = CARTESIAN_POINT('',(-0.646824228722,1.333648457443,1.55));
#1158 = CARTESIAN_POINT('',(0.6925,1.425,0.9));
#1159 = CARTESIAN_POINT('',(0.646824228722,1.333648457443,1.55));
#1160 = ADVANCED_FACE('',(#1161),#1178,.F.);
#1161 = FACE_BOUND('',#1162,.F.);
#1162 = EDGE_LOOP('',(#1163,#1164,#1171,#1177));
#1163 = ORIENTED_EDGE('',*,*,#528,.T.);
#1164 = ORIENTED_EDGE('',*,*,#1165,.T.);
#1165 = EDGE_CURVE('',#521,#1166,#1168,.T.);
#1166 = VERTEX_POINT('',#1167);
#1167 = CARTESIAN_POINT('',(0.683648457443,1.296824228722,1.55));
#1168 = B_SPLINE_CURVE_WITH_KNOTS('',1,(#1169,#1170),.UNSPECIFIED.,.F.,
  .F.,(2,2),(0.,1.),.PIECEWISE_BEZIER_KNOTS.);
#1169 = CARTESIAN_POINT('',(0.775,1.3425,0.9));
#1170 = CARTESIAN_POINT('',(0.683648457443,1.296824228722,1.55));
#1171 = ORIENTED_EDGE('',*,*,#1172,.F.);
#1172 = EDGE_CURVE('',#1143,#1166,#1173,.T.);
#1173 = LINE('',#1174,#1175);
#1174 = CARTESIAN_POINT('',(0.646824228722,1.333648457443,1.55));
#1175 = VECTOR('',#1176,1.);
#1176 = DIRECTION('',(0.707106781187,-0.707106781187,0.));
#1177 = ORIENTED_EDGE('',*,*,#1142,.F.);
#1178 = B_SPLINE_SURFACE_WITH_KNOTS('',1,1,(
    (#1179,#1180)
    ,(#1181,#1182
    )),.UNSPECIFIED.,.F.,.F.,.F.,(2,2),(2,2),(0.,0.116672618896),(0.,1.)
  ,.PIECEWISE_BEZIER_KNOTS.);
#1179 = CARTESIAN_POINT('',(0.6925,1.425,0.9));
#1180 = CARTESIAN_POINT('',(0.646824228722,1.333648457443,1.55));
#1181 = CARTESIAN_POINT('',(0.775,1.3425,0.9));
#1182 = CARTESIAN_POINT('',(0.683648457443,1.296824228722,1.55));
#1183 = ADVANCED_FACE('',(#1184),#1233,.F.);
#1184 = FACE_BOUND('',#1185,.F.);
#1185 = EDGE_LOOP('',(#1186,#1187,#1195,#1203,#1211,#1219,#1226,#1232));
#1186 = ORIENTED_EDGE('',*,*,#520,.T.);
#1187 = ORIENTED_EDGE('',*,*,#1188,.T.);
#1188 = EDGE_CURVE('',#513,#1189,#1191,.T.);
#1189 = VERTEX_POINT('',#1190);
#1190 = CARTESIAN_POINT('',(0.775,0.7,0.9));
#1191 = LINE('',#1192,#1193);
#1192 = CARTESIAN_POINT('',(0.775,1.3425,0.9));
#1193 = VECTOR('',#1194,1.);
#1194 = DIRECTION('',(1.110223024625E-16,-1.,0.));
#1195 = ORIENTED_EDGE('',*,*,#1196,.T.);
#1196 = EDGE_CURVE('',#1189,#1197,#1199,.T.);
#1197 = VERTEX_POINT('',#1198);
#1198 = CARTESIAN_POINT('',(0.775,-0.7,0.9));
#1199 = LINE('',#1200,#1201);
#1200 = CARTESIAN_POINT('',(0.775,1.3425,0.9));
#1201 = VECTOR('',#1202,1.);
#1202 = DIRECTION('',(1.110223024625E-16,-1.,0.));
#1203 = ORIENTED_EDGE('',*,*,#1204,.T.);
#1204 = EDGE_CURVE('',#1197,#1205,#1207,.T.);
#1205 = VERTEX_POINT('',#1206);
#1206 = CARTESIAN_POINT('',(0.775,-1.2,0.9));
#1207 = LINE('',#1208,#1209);
#1208 = CARTESIAN_POINT('',(0.775,1.3425,0.9));
#1209 = VECTOR('',#1210,1.);
#1210 = DIRECTION('',(1.110223024625E-16,-1.,0.));
#1211 = ORIENTED_EDGE('',*,*,#1212,.T.);
#1212 = EDGE_CURVE('',#1205,#1213,#1215,.T.);
#1213 = VERTEX_POINT('',#1214);
#1214 = CARTESIAN_POINT('',(0.775,-1.3425,0.9));
#1215 = LINE('',#1216,#1217);
#1216 = CARTESIAN_POINT('',(0.775,1.3425,0.9));
#1217 = VECTOR('',#1218,1.);
#1218 = DIRECTION('',(1.110223024625E-16,-1.,0.));
#1219 = ORIENTED_EDGE('',*,*,#1220,.T.);
#1220 = EDGE_CURVE('',#1213,#1221,#1223,.T.);
#1221 = VERTEX_POINT('',#1222);
#1222 = CARTESIAN_POINT('',(0.683648457443,-1.296824228722,1.55));
#1223 = B_SPLINE_CURVE_WITH_KNOTS('',1,(#1224,#1225),.UNSPECIFIED.,.F.,
  .F.,(2,2),(0.,1.),.PIECEWISE_BEZIER_KNOTS.);
#1224 = CARTESIAN_POINT('',(0.775,-1.3425,0.9));
#1225 = CARTESIAN_POINT('',(0.683648457443,-1.296824228722,1.55));
#1226 = ORIENTED_EDGE('',*,*,#1227,.F.);
#1227 = EDGE_CURVE('',#1166,#1221,#1228,.T.);
#1228 = LINE('',#1229,#1230);
#1229 = CARTESIAN_POINT('',(0.683648457443,1.296824228722,1.55));
#1230 = VECTOR('',#1231,1.);
#1231 = DIRECTION('',(1.110223024625E-16,-1.,0.));
#1232 = ORIENTED_EDGE('',*,*,#1165,.F.);
#1233 = B_SPLINE_SURFACE_WITH_KNOTS('',1,1,(
    (#1234,#1235)
    ,(#1236,#1237
    )),.UNSPECIFIED.,.F.,.F.,.F.,(2,2),(2,2),(0.,2.685),(0.,1.),
  .PIECEWISE_BEZIER_KNOTS.);
#1234 = CARTESIAN_POINT('',(0.775,1.3425,0.9));
#1235 = CARTESIAN_POINT('',(0.683648457443,1.296824228722,1.55));
#1236 = CARTESIAN_POINT('',(0.775,-1.3425,0.9));
#1237 = CARTESIAN_POINT('',(0.683648457443,-1.296824228722,1.55));
#1238 = ADVANCED_FACE('',(#1239),#1271,.F.);
#1239 = FACE_BOUND('',#1240,.F.);
#1240 = EDGE_LOOP('',(#1241,#1249,#1257,#1263,#1269,#1270));
#1241 = ORIENTED_EDGE('',*,*,#1242,.F.);
#1242 = EDGE_CURVE('',#1243,#505,#1245,.T.);
#1243 = VERTEX_POINT('',#1244);
#1244 = CARTESIAN_POINT('',(0.85,1.2,0.9));
#1245 = LINE('',#1246,#1247);
#1246 = CARTESIAN_POINT('',(0.85,1.2,0.9));
#1247 = VECTOR('',#1248,1.);
#1248 = DIRECTION('',(-1.,-1.110223024625E-16,0.));
#1249 = ORIENTED_EDGE('',*,*,#1250,.T.);
#1250 = EDGE_CURVE('',#1243,#1251,#1253,.T.);
#1251 = VERTEX_POINT('',#1252);
#1252 = CARTESIAN_POINT('',(0.85,0.7,0.9));
#1253 = LINE('',#1254,#1255);
#1254 = CARTESIAN_POINT('',(0.85,1.2,0.9));
#1255 = VECTOR('',#1256,1.);
#1256 = DIRECTION('',(1.110223024625E-16,-1.,0.));
#1257 = ORIENTED_EDGE('',*,*,#1258,.T.);
#1258 = EDGE_CURVE('',#1251,#849,#1259,.T.);
#1259 = LINE('',#1260,#1261);
#1260 = CARTESIAN_POINT('',(0.85,0.7,0.9));
#1261 = VECTOR('',#1262,1.);
#1262 = DIRECTION('',(-1.,-1.110223024625E-16,0.));
#1263 = ORIENTED_EDGE('',*,*,#1264,.T.);
#1264 = EDGE_CURVE('',#849,#1189,#1265,.T.);
#1265 = LINE('',#1266,#1267);
#1266 = CARTESIAN_POINT('',(0.85,0.7,0.9));
#1267 = VECTOR('',#1268,1.);
#1268 = DIRECTION('',(-1.,-1.110223024625E-16,0.));
#1269 = ORIENTED_EDGE('',*,*,#1188,.F.);
#1270 = ORIENTED_EDGE('',*,*,#512,.F.);
#1271 = PLANE('',#1272);
#1272 = AXIS2_PLACEMENT_3D('',#1273,#1274,#1275);
#1273 = CARTESIAN_POINT('',(0.85,1.2,0.9));
#1274 = DIRECTION('',(0.,0.,-1.));
#1275 = DIRECTION('',(-1.,-1.110223024625E-16,-0.));
#1276 = ADVANCED_FACE('',(#1277),#1320,.F.);
#1277 = FACE_BOUND('',#1278,.F.);
#1278 = EDGE_LOOP('',(#1279,#1285,#1286,#1287,#1288,#1289,#1290,#1296,
    #1297,#1305,#1313,#1319));
#1279 = ORIENTED_EDGE('',*,*,#1280,.F.);
#1280 = EDGE_CURVE('',#911,#1205,#1281,.T.);
#1281 = LINE('',#1282,#1283);
#1282 = CARTESIAN_POINT('',(0.85,-1.2,0.9));
#1283 = VECTOR('',#1284,1.);
#1284 = DIRECTION('',(-1.,-1.110223024625E-16,0.));
#1285 = ORIENTED_EDGE('',*,*,#926,.T.);
#1286 = ORIENTED_EDGE('',*,*,#971,.T.);
#1287 = ORIENTED_EDGE('',*,*,#988,.T.);
#1288 = ORIENTED_EDGE('',*,*,#942,.T.);
#1289 = ORIENTED_EDGE('',*,*,#614,.T.);
#1290 = ORIENTED_EDGE('',*,*,#1291,.T.);
#1291 = EDGE_CURVE('',#607,#1051,#1292,.T.);
#1292 = LINE('',#1293,#1294);
#1293 = CARTESIAN_POINT('',(-0.85,-1.2,0.9));
#1294 = VECTOR('',#1295,1.);
#1295 = DIRECTION('',(1.,-1.144237745222E-17,0.));
#1296 = ORIENTED_EDGE('',*,*,#1048,.F.);
#1297 = ORIENTED_EDGE('',*,*,#1298,.F.);
#1298 = EDGE_CURVE('',#1299,#1049,#1301,.T.);
#1299 = VERTEX_POINT('',#1300);
#1300 = CARTESIAN_POINT('',(-0.6925,-1.425,0.9));
#1301 = LINE('',#1302,#1303);
#1302 = CARTESIAN_POINT('',(-0.6925,-1.425,0.9));
#1303 = VECTOR('',#1304,1.);
#1304 = DIRECTION('',(-0.707106781187,0.707106781187,0.));
#1305 = ORIENTED_EDGE('',*,*,#1306,.F.);
#1306 = EDGE_CURVE('',#1307,#1299,#1309,.T.);
#1307 = VERTEX_POINT('',#1308);
#1308 = CARTESIAN_POINT('',(0.6925,-1.425,0.9));
#1309 = LINE('',#1310,#1311);
#1310 = CARTESIAN_POINT('',(0.6925,-1.425,0.9));
#1311 = VECTOR('',#1312,1.);
#1312 = DIRECTION('',(-1.,-1.110223024625E-16,0.));
#1313 = ORIENTED_EDGE('',*,*,#1314,.F.);
#1314 = EDGE_CURVE('',#1213,#1307,#1315,.T.);
#1315 = LINE('',#1316,#1317);
#1316 = CARTESIAN_POINT('',(0.775,-1.3425,0.9));
#1317 = VECTOR('',#1318,1.);
#1318 = DIRECTION('',(-0.707106781187,-0.707106781187,0.));
#1319 = ORIENTED_EDGE('',*,*,#1212,.F.);
#1320 = PLANE('',#1321);
#1321 = AXIS2_PLACEMENT_3D('',#1322,#1323,#1324);
#1322 = CARTESIAN_POINT('',(-2.091417030376E-16,1.4375,0.9));
#1323 = DIRECTION('',(4.595758349624E-18,6.551522493592E-27,-1.));
#1324 = DIRECTION('',(1.,1.51922136901E-16,4.595758349624E-18));
#1325 = ADVANCED_FACE('',(#1326),#1412,.F.);
#1326 = FACE_BOUND('',#1327,.F.);
#1327 = EDGE_LOOP('',(#1328,#1329,#1330,#1339,#1347,#1356,#1364,#1372,
    #1380,#1389,#1397,#1406));
#1328 = ORIENTED_EDGE('',*,*,#606,.F.);
#1329 = ORIENTED_EDGE('',*,*,#628,.T.);
#1330 = ORIENTED_EDGE('',*,*,#1331,.T.);
#1331 = EDGE_CURVE('',#629,#1332,#1334,.T.);
#1332 = VERTEX_POINT('',#1333);
#1333 = CARTESIAN_POINT('',(-0.948480775301,-1.2,0.667364817767));
#1334 = CIRCLE('',#1335,0.1);
#1335 = AXIS2_PLACEMENT_3D('',#1336,#1337,#1338);
#1336 = CARTESIAN_POINT('',(-0.85,-1.2,0.65));
#1337 = DIRECTION('',(-1.144237745222E-17,-1.,0.));
#1338 = DIRECTION('',(0.,0.,1.));
#1339 = ORIENTED_EDGE('',*,*,#1340,.T.);
#1340 = EDGE_CURVE('',#1332,#1341,#1343,.T.);
#1341 = VERTEX_POINT('',#1342);
#1342 = CARTESIAN_POINT('',(-1.02432885403,-1.2,0.206587955583));
#1343 = LINE('',#1344,#1345);
#1344 = CARTESIAN_POINT('',(-0.948480775301,-1.2,0.667364817767));
#1345 = VECTOR('',#1346,1.);
#1346 = DIRECTION('',(-0.162423314012,1.858508865964E-18,-0.986721169868
    ));
#1347 = ORIENTED_EDGE('',*,*,#1348,.T.);
#1348 = EDGE_CURVE('',#1341,#1349,#1351,.T.);
#1349 = VERTEX_POINT('',#1350);
#1350 = CARTESIAN_POINT('',(-1.270530792283,-1.2,0.));
#1351 = CIRCLE('',#1352,0.25);
#1352 = AXIS2_PLACEMENT_3D('',#1353,#1354,#1355);
#1353 = CARTESIAN_POINT('',(-1.270530792283,-1.2,0.25));
#1354 = DIRECTION('',(1.144237745222E-17,1.,1.24725095109E-33));
#1355 = DIRECTION('',(0.984807753012,-1.126854202784E-17,-0.173648177667
    ));
#1356 = ORIENTED_EDGE('',*,*,#1357,.T.);
#1357 = EDGE_CURVE('',#1349,#1358,#1360,.T.);
#1358 = VERTEX_POINT('',#1359);
#1359 = CARTESIAN_POINT('',(-1.4,-1.2,0.));
#1360 = LINE('',#1361,#1362);
#1361 = CARTESIAN_POINT('',(-1.270530792283,-1.2,0.));
#1362 = VECTOR('',#1363,1.);
#1363 = DIRECTION('',(-1.,1.144237745222E-17,0.));
#1364 = ORIENTED_EDGE('',*,*,#1365,.T.);
#1365 = EDGE_CURVE('',#1358,#1366,#1368,.T.);
#1366 = VERTEX_POINT('',#1367);
#1367 = CARTESIAN_POINT('',(-1.4,-1.2,0.15));
#1368 = LINE('',#1369,#1370);
#1369 = CARTESIAN_POINT('',(-1.4,-1.2,0.));
#1370 = VECTOR('',#1371,1.);
#1371 = DIRECTION('',(0.,0.,1.));
#1372 = ORIENTED_EDGE('',*,*,#1373,.T.);
#1373 = EDGE_CURVE('',#1366,#1374,#1376,.T.);
#1374 = VERTEX_POINT('',#1375);
#1375 = CARTESIAN_POINT('',(-1.270530792283,-1.2,0.15));
#1376 = LINE('',#1377,#1378);
#1377 = CARTESIAN_POINT('',(-1.4,-1.2,0.15));
#1378 = VECTOR('',#1379,1.);
#1379 = DIRECTION('',(1.,-1.144237745222E-17,0.));
#1380 = ORIENTED_EDGE('',*,*,#1381,.T.);
#1381 = EDGE_CURVE('',#1374,#1382,#1384,.T.);
#1382 = VERTEX_POINT('',#1383);
#1383 = CARTESIAN_POINT('',(-1.172050016982,-1.2,0.232635182233));
#1384 = CIRCLE('',#1385,0.1);
#1385 = AXIS2_PLACEMENT_3D('',#1386,#1387,#1388);
#1386 = CARTESIAN_POINT('',(-1.270530792283,-1.2,0.25));
#1387 = DIRECTION('',(-1.144237745222E-17,-1.,1.855131475086E-48));
#1388 = DIRECTION('',(-2.22044604925E-15,2.540718180781E-32,-1.));
#1389 = ORIENTED_EDGE('',*,*,#1390,.T.);
#1390 = EDGE_CURVE('',#1382,#1391,#1393,.T.);
#1391 = VERTEX_POINT('',#1392);
#1392 = CARTESIAN_POINT('',(-1.096201938253,-1.2,0.693412044417));
#1393 = LINE('',#1394,#1395);
#1394 = CARTESIAN_POINT('',(-1.172050016982,-1.2,0.232635182233));
#1395 = VECTOR('',#1396,1.);
#1396 = DIRECTION('',(0.162423314012,-1.858508865964E-18,0.986721169868)
  );
#1397 = ORIENTED_EDGE('',*,*,#1398,.T.);
#1398 = EDGE_CURVE('',#1391,#1399,#1401,.T.);
#1399 = VERTEX_POINT('',#1400);
#1400 = CARTESIAN_POINT('',(-0.85,-1.2,0.9));
#1401 = CIRCLE('',#1402,0.25);
#1402 = AXIS2_PLACEMENT_3D('',#1403,#1404,#1405);
#1403 = CARTESIAN_POINT('',(-0.85,-1.2,0.65));
#1404 = DIRECTION('',(1.144237745222E-17,1.,8.679168028915E-34));
#1405 = DIRECTION('',(-0.984807753012,1.126854202784E-17,0.173648177667)
  );
#1406 = ORIENTED_EDGE('',*,*,#1407,.T.);
#1407 = EDGE_CURVE('',#1399,#607,#1408,.T.);
#1408 = LINE('',#1409,#1410);
#1409 = CARTESIAN_POINT('',(-0.85,-1.2,0.9));
#1410 = VECTOR('',#1411,1.);
#1411 = DIRECTION('',(1.,-1.144237745222E-17,0.));
#1412 = PLANE('',#1413);
#1413 = AXIS2_PLACEMENT_3D('',#1414,#1415,#1416);
#1414 = CARTESIAN_POINT('',(-1.069123385139,-1.2,0.441695635315));
#1415 = DIRECTION('',(1.144237745222E-17,1.,0.));
#1416 = DIRECTION('',(0.,-0.,1.));
#1417 = ADVANCED_FACE('',(#1418),#1437,.F.);
#1418 = FACE_BOUND('',#1419,.F.);
#1419 = EDGE_LOOP('',(#1420,#1421,#1430,#1436));
#1420 = ORIENTED_EDGE('',*,*,#645,.T.);
#1421 = ORIENTED_EDGE('',*,*,#1422,.T.);
#1422 = EDGE_CURVE('',#638,#1423,#1425,.T.);
#1423 = VERTEX_POINT('',#1424);
#1424 = CARTESIAN_POINT('',(-0.948480775301,-0.7,0.667364817767));
#1425 = CIRCLE('',#1426,0.1);
#1426 = AXIS2_PLACEMENT_3D('',#1427,#1428,#1429);
#1427 = CARTESIAN_POINT('',(-0.85,-0.7,0.65));
#1428 = DIRECTION('',(-1.144237745222E-17,-1.,0.));
#1429 = DIRECTION('',(0.,0.,1.));
#1430 = ORIENTED_EDGE('',*,*,#1431,.F.);
#1431 = EDGE_CURVE('',#1332,#1423,#1432,.T.);
#1432 = LINE('',#1433,#1434);
#1433 = CARTESIAN_POINT('',(-0.948480775301,-1.2,0.667364817767));
#1434 = VECTOR('',#1435,1.);
#1435 = DIRECTION('',(1.144237745222E-17,1.,0.));
#1436 = ORIENTED_EDGE('',*,*,#1331,.F.);
#1437 = CYLINDRICAL_SURFACE('',#1438,0.1);
#1438 = AXIS2_PLACEMENT_3D('',#1439,#1440,#1441);
#1439 = CARTESIAN_POINT('',(-0.85,-1.2,0.65));
#1440 = DIRECTION('',(-1.144237745222E-17,-1.,0.));
#1441 = DIRECTION('',(0.,0.,1.));
#1442 = ADVANCED_FACE('',(#1443),#1521,.T.);
#1443 = FACE_BOUND('',#1444,.T.);
#1444 = EDGE_LOOP('',(#1445,#1446,#1447,#1448,#1456,#1465,#1473,#1481,
    #1489,#1498,#1506,#1515));
#1445 = ORIENTED_EDGE('',*,*,#659,.F.);
#1446 = ORIENTED_EDGE('',*,*,#637,.T.);
#1447 = ORIENTED_EDGE('',*,*,#1422,.T.);
#1448 = ORIENTED_EDGE('',*,*,#1449,.T.);
#1449 = EDGE_CURVE('',#1423,#1450,#1452,.T.);
#1450 = VERTEX_POINT('',#1451);
#1451 = CARTESIAN_POINT('',(-1.02432885403,-0.7,0.206587955583));
#1452 = LINE('',#1453,#1454);
#1453 = CARTESIAN_POINT('',(-0.948480775301,-0.7,0.667364817767));
#1454 = VECTOR('',#1455,1.);
#1455 = DIRECTION('',(-0.162423314012,1.858508865964E-18,-0.986721169868
    ));
#1456 = ORIENTED_EDGE('',*,*,#1457,.T.);
#1457 = EDGE_CURVE('',#1450,#1458,#1460,.T.);
#1458 = VERTEX_POINT('',#1459);
#1459 = CARTESIAN_POINT('',(-1.270530792283,-0.7,0.));
#1460 = CIRCLE('',#1461,0.25);
#1461 = AXIS2_PLACEMENT_3D('',#1462,#1463,#1464);
#1462 = CARTESIAN_POINT('',(-1.270530792283,-0.7,0.25));
#1463 = DIRECTION('',(1.144237745222E-17,1.,1.24725095109E-33));
#1464 = DIRECTION('',(0.984807753012,-1.126854202784E-17,-0.173648177667
    ));
#1465 = ORIENTED_EDGE('',*,*,#1466,.T.);
#1466 = EDGE_CURVE('',#1458,#1467,#1469,.T.);
#1467 = VERTEX_POINT('',#1468);
#1468 = CARTESIAN_POINT('',(-1.4,-0.7,0.));
#1469 = LINE('',#1470,#1471);
#1470 = CARTESIAN_POINT('',(-1.270530792283,-0.7,0.));
#1471 = VECTOR('',#1472,1.);
#1472 = DIRECTION('',(-1.,1.144237745222E-17,0.));
#1473 = ORIENTED_EDGE('',*,*,#1474,.T.);
#1474 = EDGE_CURVE('',#1467,#1475,#1477,.T.);
#1475 = VERTEX_POINT('',#1476);
#1476 = CARTESIAN_POINT('',(-1.4,-0.7,0.15));
#1477 = LINE('',#1478,#1479);
#1478 = CARTESIAN_POINT('',(-1.4,-0.7,0.));
#1479 = VECTOR('',#1480,1.);
#1480 = DIRECTION('',(0.,0.,1.));
#1481 = ORIENTED_EDGE('',*,*,#1482,.T.);
#1482 = EDGE_CURVE('',#1475,#1483,#1485,.T.);
#1483 = VERTEX_POINT('',#1484);
#1484 = CARTESIAN_POINT('',(-1.270530792283,-0.7,0.15));
#1485 = LINE('',#1486,#1487);
#1486 = CARTESIAN_POINT('',(-1.4,-0.7,0.15));
#1487 = VECTOR('',#1488,1.);
#1488 = DIRECTION('',(1.,-1.144237745222E-17,0.));
#1489 = ORIENTED_EDGE('',*,*,#1490,.T.);
#1490 = EDGE_CURVE('',#1483,#1491,#1493,.T.);
#1491 = VERTEX_POINT('',#1492);
#1492 = CARTESIAN_POINT('',(-1.172050016982,-0.7,0.232635182233));
#1493 = CIRCLE('',#1494,0.1);
#1494 = AXIS2_PLACEMENT_3D('',#1495,#1496,#1497);
#1495 = CARTESIAN_POINT('',(-1.270530792283,-0.7,0.25));
#1496 = DIRECTION('',(-1.144237745222E-17,-1.,1.855131475086E-48));
#1497 = DIRECTION('',(-2.22044604925E-15,2.540718180781E-32,-1.));
#1498 = ORIENTED_EDGE('',*,*,#1499,.T.);
#1499 = EDGE_CURVE('',#1491,#1500,#1502,.T.);
#1500 = VERTEX_POINT('',#1501);
#1501 = CARTESIAN_POINT('',(-1.096201938253,-0.7,0.693412044417));
#1502 = LINE('',#1503,#1504);
#1503 = CARTESIAN_POINT('',(-1.172050016982,-0.7,0.232635182233));
#1504 = VECTOR('',#1505,1.);
#1505 = DIRECTION('',(0.162423314012,-1.858508865964E-18,0.986721169868)
  );
#1506 = ORIENTED_EDGE('',*,*,#1507,.T.);
#1507 = EDGE_CURVE('',#1500,#1508,#1510,.T.);
#1508 = VERTEX_POINT('',#1509);
#1509 = CARTESIAN_POINT('',(-0.85,-0.7,0.9));
#1510 = CIRCLE('',#1511,0.25);
#1511 = AXIS2_PLACEMENT_3D('',#1512,#1513,#1514);
#1512 = CARTESIAN_POINT('',(-0.85,-0.7,0.65));
#1513 = DIRECTION('',(1.144237745222E-17,1.,8.679168028915E-34));
#1514 = DIRECTION('',(-0.984807753012,1.126854202784E-17,0.173648177667)
  );
#1515 = ORIENTED_EDGE('',*,*,#1516,.T.);
#1516 = EDGE_CURVE('',#1508,#660,#1517,.T.);
#1517 = LINE('',#1518,#1519);
#1518 = CARTESIAN_POINT('',(-0.85,-0.7,0.9));
#1519 = VECTOR('',#1520,1.);
#1520 = DIRECTION('',(1.,-1.144237745222E-17,0.));
#1521 = PLANE('',#1522);
#1522 = AXIS2_PLACEMENT_3D('',#1523,#1524,#1525);
#1523 = CARTESIAN_POINT('',(-1.069123385139,-0.7,0.441695635315));
#1524 = DIRECTION('',(1.144237745222E-17,1.,0.));
#1525 = DIRECTION('',(0.,-0.,1.));
#1526 = ADVANCED_FACE('',(#1527),#1543,.F.);
#1527 = FACE_BOUND('',#1528,.F.);
#1528 = EDGE_LOOP('',(#1529,#1530,#1536,#1537));
#1529 = ORIENTED_EDGE('',*,*,#676,.T.);
#1530 = ORIENTED_EDGE('',*,*,#1531,.T.);
#1531 = EDGE_CURVE('',#669,#1067,#1532,.T.);
#1532 = LINE('',#1533,#1534);
#1533 = CARTESIAN_POINT('',(-0.85,-0.25,0.9));
#1534 = VECTOR('',#1535,1.);
#1535 = DIRECTION('',(1.,-1.144237745222E-17,0.));
#1536 = ORIENTED_EDGE('',*,*,#1066,.F.);
#1537 = ORIENTED_EDGE('',*,*,#1538,.F.);
#1538 = EDGE_CURVE('',#660,#1059,#1539,.T.);
#1539 = LINE('',#1540,#1541);
#1540 = CARTESIAN_POINT('',(-0.85,-0.7,0.9));
#1541 = VECTOR('',#1542,1.);
#1542 = DIRECTION('',(1.,-1.144237745222E-17,0.));
#1543 = PLANE('',#1544);
#1544 = AXIS2_PLACEMENT_3D('',#1545,#1546,#1547);
#1545 = CARTESIAN_POINT('',(-2.091417030376E-16,1.4375,0.9));
#1546 = DIRECTION('',(4.595758349624E-18,6.551522493592E-27,-1.));
#1547 = DIRECTION('',(1.,1.51922136901E-16,4.595758349624E-18));
#1548 = ADVANCED_FACE('',(#1549),#1635,.F.);
#1549 = FACE_BOUND('',#1550,.F.);
#1550 = EDGE_LOOP('',(#1551,#1552,#1553,#1562,#1570,#1579,#1587,#1595,
    #1603,#1612,#1620,#1629));
#1551 = ORIENTED_EDGE('',*,*,#668,.F.);
#1552 = ORIENTED_EDGE('',*,*,#690,.T.);
#1553 = ORIENTED_EDGE('',*,*,#1554,.T.);
#1554 = EDGE_CURVE('',#691,#1555,#1557,.T.);
#1555 = VERTEX_POINT('',#1556);
#1556 = CARTESIAN_POINT('',(-0.948480775301,-0.25,0.667364817767));
#1557 = CIRCLE('',#1558,0.1);
#1558 = AXIS2_PLACEMENT_3D('',#1559,#1560,#1561);
#1559 = CARTESIAN_POINT('',(-0.85,-0.25,0.65));
#1560 = DIRECTION('',(-1.144237745222E-17,-1.,0.));
#1561 = DIRECTION('',(0.,0.,1.));
#1562 = ORIENTED_EDGE('',*,*,#1563,.T.);
#1563 = EDGE_CURVE('',#1555,#1564,#1566,.T.);
#1564 = VERTEX_POINT('',#1565);
#1565 = CARTESIAN_POINT('',(-1.02432885403,-0.25,0.206587955583));
#1566 = LINE('',#1567,#1568);
#1567 = CARTESIAN_POINT('',(-0.948480775301,-0.25,0.667364817767));
#1568 = VECTOR('',#1569,1.);
#1569 = DIRECTION('',(-0.162423314012,1.858508865964E-18,-0.986721169868
    ));
#1570 = ORIENTED_EDGE('',*,*,#1571,.T.);
#1571 = EDGE_CURVE('',#1564,#1572,#1574,.T.);
#1572 = VERTEX_POINT('',#1573);
#1573 = CARTESIAN_POINT('',(-1.270530792283,-0.25,0.));
#1574 = CIRCLE('',#1575,0.25);
#1575 = AXIS2_PLACEMENT_3D('',#1576,#1577,#1578);
#1576 = CARTESIAN_POINT('',(-1.270530792283,-0.25,0.25));
#1577 = DIRECTION('',(1.144237745222E-17,1.,1.24725095109E-33));
#1578 = DIRECTION('',(0.984807753012,-1.126854202784E-17,-0.173648177667
    ));
#1579 = ORIENTED_EDGE('',*,*,#1580,.T.);
#1580 = EDGE_CURVE('',#1572,#1581,#1583,.T.);
#1581 = VERTEX_POINT('',#1582);
#1582 = CARTESIAN_POINT('',(-1.4,-0.25,0.));
#1583 = LINE('',#1584,#1585);
#1584 = CARTESIAN_POINT('',(-1.270530792283,-0.25,0.));
#1585 = VECTOR('',#1586,1.);
#1586 = DIRECTION('',(-1.,1.144237745222E-17,0.));
#1587 = ORIENTED_EDGE('',*,*,#1588,.T.);
#1588 = EDGE_CURVE('',#1581,#1589,#1591,.T.);
#1589 = VERTEX_POINT('',#1590);
#1590 = CARTESIAN_POINT('',(-1.4,-0.25,0.15));
#1591 = LINE('',#1592,#1593);
#1592 = CARTESIAN_POINT('',(-1.4,-0.25,0.));
#1593 = VECTOR('',#1594,1.);
#1594 = DIRECTION('',(0.,0.,1.));
#1595 = ORIENTED_EDGE('',*,*,#1596,.T.);
#1596 = EDGE_CURVE('',#1589,#1597,#1599,.T.);
#1597 = VERTEX_POINT('',#1598);
#1598 = CARTESIAN_POINT('',(-1.270530792283,-0.25,0.15));
#1599 = LINE('',#1600,#1601);
#1600 = CARTESIAN_POINT('',(-1.4,-0.25,0.15));
#1601 = VECTOR('',#1602,1.);
#1602 = DIRECTION('',(1.,-1.144237745222E-17,0.));
#1603 = ORIENTED_EDGE('',*,*,#1604,.T.);
#1604 = EDGE_CURVE('',#1597,#1605,#1607,.T.);
#1605 = VERTEX_POINT('',#1606);
#1606 = CARTESIAN_POINT('',(-1.172050016982,-0.25,0.232635182233));
#1607 = CIRCLE('',#1608,0.1);
#1608 = AXIS2_PLACEMENT_3D('',#1609,#1610,#1611);
#1609 = CARTESIAN_POINT('',(-1.270530792283,-0.25,0.25));
#1610 = DIRECTION('',(-1.144237745222E-17,-1.,1.855131475086E-48));
#1611 = DIRECTION('',(-2.22044604925E-15,2.540718180781E-32,-1.));
#1612 = ORIENTED_EDGE('',*,*,#1613,.T.);
#1613 = EDGE_CURVE('',#1605,#1614,#1616,.T.);
#1614 = VERTEX_POINT('',#1615);
#1615 = CARTESIAN_POINT('',(-1.096201938253,-0.25,0.693412044417));
#1616 = LINE('',#1617,#1618);
#1617 = CARTESIAN_POINT('',(-1.172050016982,-0.25,0.232635182233));
#1618 = VECTOR('',#1619,1.);
#1619 = DIRECTION('',(0.162423314012,-1.858508865964E-18,0.986721169868)
  );
#1620 = ORIENTED_EDGE('',*,*,#1621,.T.);
#1621 = EDGE_CURVE('',#1614,#1622,#1624,.T.);
#1622 = VERTEX_POINT('',#1623);
#1623 = CARTESIAN_POINT('',(-0.85,-0.25,0.9));
#1624 = CIRCLE('',#1625,0.25);
#1625 = AXIS2_PLACEMENT_3D('',#1626,#1627,#1628);
#1626 = CARTESIAN_POINT('',(-0.85,-0.25,0.65));
#1627 = DIRECTION('',(1.144237745222E-17,1.,8.679168028915E-34));
#1628 = DIRECTION('',(-0.984807753012,1.126854202784E-17,0.173648177667)
  );
#1629 = ORIENTED_EDGE('',*,*,#1630,.T.);
#1630 = EDGE_CURVE('',#1622,#669,#1631,.T.);
#1631 = LINE('',#1632,#1633);
#1632 = CARTESIAN_POINT('',(-0.85,-0.25,0.9));
#1633 = VECTOR('',#1634,1.);
#1634 = DIRECTION('',(1.,-1.144237745222E-17,0.));
#1635 = PLANE('',#1636);
#1636 = AXIS2_PLACEMENT_3D('',#1637,#1638,#1639);
#1637 = CARTESIAN_POINT('',(-1.069123385139,-0.25,0.441695635315));
#1638 = DIRECTION('',(1.144237745222E-17,1.,0.));
#1639 = DIRECTION('',(0.,-0.,1.));
#1640 = ADVANCED_FACE('',(#1641),#1660,.F.);
#1641 = FACE_BOUND('',#1642,.F.);
#1642 = EDGE_LOOP('',(#1643,#1644,#1653,#1659));
#1643 = ORIENTED_EDGE('',*,*,#707,.T.);
#1644 = ORIENTED_EDGE('',*,*,#1645,.T.);
#1645 = EDGE_CURVE('',#700,#1646,#1648,.T.);
#1646 = VERTEX_POINT('',#1647);
#1647 = CARTESIAN_POINT('',(-0.948480775301,0.25,0.667364817767));
#1648 = CIRCLE('',#1649,0.1);
#1649 = AXIS2_PLACEMENT_3D('',#1650,#1651,#1652);
#1650 = CARTESIAN_POINT('',(-0.85,0.25,0.65));
#1651 = DIRECTION('',(-1.144237745222E-17,-1.,0.));
#1652 = DIRECTION('',(0.,0.,1.));
#1653 = ORIENTED_EDGE('',*,*,#1654,.F.);
#1654 = EDGE_CURVE('',#1555,#1646,#1655,.T.);
#1655 = LINE('',#1656,#1657);
#1656 = CARTESIAN_POINT('',(-0.948480775301,-0.25,0.667364817767));
#1657 = VECTOR('',#1658,1.);
#1658 = DIRECTION('',(1.144237745222E-17,1.,0.));
#1659 = ORIENTED_EDGE('',*,*,#1554,.F.);
#1660 = CYLINDRICAL_SURFACE('',#1661,0.1);
#1661 = AXIS2_PLACEMENT_3D('',#1662,#1663,#1664);
#1662 = CARTESIAN_POINT('',(-0.85,-0.25,0.65));
#1663 = DIRECTION('',(-1.144237745222E-17,-1.,0.));
#1664 = DIRECTION('',(0.,0.,1.));
#1665 = ADVANCED_FACE('',(#1666),#1744,.T.);
#1666 = FACE_BOUND('',#1667,.T.);
#1667 = EDGE_LOOP('',(#1668,#1669,#1670,#1671,#1679,#1688,#1696,#1704,
    #1712,#1721,#1729,#1738));
#1668 = ORIENTED_EDGE('',*,*,#721,.F.);
#1669 = ORIENTED_EDGE('',*,*,#699,.T.);
#1670 = ORIENTED_EDGE('',*,*,#1645,.T.);
#1671 = ORIENTED_EDGE('',*,*,#1672,.T.);
#1672 = EDGE_CURVE('',#1646,#1673,#1675,.T.);
#1673 = VERTEX_POINT('',#1674);
#1674 = CARTESIAN_POINT('',(-1.02432885403,0.25,0.206587955583));
#1675 = LINE('',#1676,#1677);
#1676 = CARTESIAN_POINT('',(-0.948480775301,0.25,0.667364817767));
#1677 = VECTOR('',#1678,1.);
#1678 = DIRECTION('',(-0.162423314012,1.858508865964E-18,-0.986721169868
    ));
#1679 = ORIENTED_EDGE('',*,*,#1680,.T.);
#1680 = EDGE_CURVE('',#1673,#1681,#1683,.T.);
#1681 = VERTEX_POINT('',#1682);
#1682 = CARTESIAN_POINT('',(-1.270530792283,0.25,0.));
#1683 = CIRCLE('',#1684,0.25);
#1684 = AXIS2_PLACEMENT_3D('',#1685,#1686,#1687);
#1685 = CARTESIAN_POINT('',(-1.270530792283,0.25,0.25));
#1686 = DIRECTION('',(1.144237745222E-17,1.,1.24725095109E-33));
#1687 = DIRECTION('',(0.984807753012,-1.126854202784E-17,-0.173648177667
    ));
#1688 = ORIENTED_EDGE('',*,*,#1689,.T.);
#1689 = EDGE_CURVE('',#1681,#1690,#1692,.T.);
#1690 = VERTEX_POINT('',#1691);
#1691 = CARTESIAN_POINT('',(-1.4,0.25,0.));
#1692 = LINE('',#1693,#1694);
#1693 = CARTESIAN_POINT('',(-1.270530792283,0.25,0.));
#1694 = VECTOR('',#1695,1.);
#1695 = DIRECTION('',(-1.,1.144237745222E-17,0.));
#1696 = ORIENTED_EDGE('',*,*,#1697,.T.);
#1697 = EDGE_CURVE('',#1690,#1698,#1700,.T.);
#1698 = VERTEX_POINT('',#1699);
#1699 = CARTESIAN_POINT('',(-1.4,0.25,0.15));
#1700 = LINE('',#1701,#1702);
#1701 = CARTESIAN_POINT('',(-1.4,0.25,0.));
#1702 = VECTOR('',#1703,1.);
#1703 = DIRECTION('',(0.,0.,1.));
#1704 = ORIENTED_EDGE('',*,*,#1705,.T.);
#1705 = EDGE_CURVE('',#1698,#1706,#1708,.T.);
#1706 = VERTEX_POINT('',#1707);
#1707 = CARTESIAN_POINT('',(-1.270530792283,0.25,0.15));
#1708 = LINE('',#1709,#1710);
#1709 = CARTESIAN_POINT('',(-1.4,0.25,0.15));
#1710 = VECTOR('',#1711,1.);
#1711 = DIRECTION('',(1.,-1.144237745222E-17,0.));
#1712 = ORIENTED_EDGE('',*,*,#1713,.T.);
#1713 = EDGE_CURVE('',#1706,#1714,#1716,.T.);
#1714 = VERTEX_POINT('',#1715);
#1715 = CARTESIAN_POINT('',(-1.172050016982,0.25,0.232635182233));
#1716 = CIRCLE('',#1717,0.1);
#1717 = AXIS2_PLACEMENT_3D('',#1718,#1719,#1720);
#1718 = CARTESIAN_POINT('',(-1.270530792283,0.25,0.25));
#1719 = DIRECTION('',(-1.144237745222E-17,-1.,1.855131475086E-48));
#1720 = DIRECTION('',(-2.22044604925E-15,2.540718180781E-32,-1.));
#1721 = ORIENTED_EDGE('',*,*,#1722,.T.);
#1722 = EDGE_CURVE('',#1714,#1723,#1725,.T.);
#1723 = VERTEX_POINT('',#1724);
#1724 = CARTESIAN_POINT('',(-1.096201938253,0.25,0.693412044417));
#1725 = LINE('',#1726,#1727);
#1726 = CARTESIAN_POINT('',(-1.172050016982,0.25,0.232635182233));
#1727 = VECTOR('',#1728,1.);
#1728 = DIRECTION('',(0.162423314012,-1.858508865964E-18,0.986721169868)
  );
#1729 = ORIENTED_EDGE('',*,*,#1730,.T.);
#1730 = EDGE_CURVE('',#1723,#1731,#1733,.T.);
#1731 = VERTEX_POINT('',#1732);
#1732 = CARTESIAN_POINT('',(-0.85,0.25,0.9));
#1733 = CIRCLE('',#1734,0.25);
#1734 = AXIS2_PLACEMENT_3D('',#1735,#1736,#1737);
#1735 = CARTESIAN_POINT('',(-0.85,0.25,0.65));
#1736 = DIRECTION('',(1.144237745222E-17,1.,8.679168028915E-34));
#1737 = DIRECTION('',(-0.984807753012,1.126854202784E-17,0.173648177667)
  );
#1738 = ORIENTED_EDGE('',*,*,#1739,.T.);
#1739 = EDGE_CURVE('',#1731,#722,#1740,.T.);
#1740 = LINE('',#1741,#1742);
#1741 = CARTESIAN_POINT('',(-0.85,0.25,0.9));
#1742 = VECTOR('',#1743,1.);
#1743 = DIRECTION('',(1.,-1.144237745222E-17,0.));
#1744 = PLANE('',#1745);
#1745 = AXIS2_PLACEMENT_3D('',#1746,#1747,#1748);
#1746 = CARTESIAN_POINT('',(-1.069123385139,0.25,0.441695635315));
#1747 = DIRECTION('',(1.144237745222E-17,1.,0.));
#1748 = DIRECTION('',(0.,-0.,1.));
#1749 = ADVANCED_FACE('',(#1750),#1761,.F.);
#1750 = FACE_BOUND('',#1751,.F.);
#1751 = EDGE_LOOP('',(#1752,#1753,#1754,#1755));
#1752 = ORIENTED_EDGE('',*,*,#738,.T.);
#1753 = ORIENTED_EDGE('',*,*,#1034,.T.);
#1754 = ORIENTED_EDGE('',*,*,#1082,.F.);
#1755 = ORIENTED_EDGE('',*,*,#1756,.F.);
#1756 = EDGE_CURVE('',#722,#1075,#1757,.T.);
#1757 = LINE('',#1758,#1759);
#1758 = CARTESIAN_POINT('',(-0.85,0.25,0.9));
#1759 = VECTOR('',#1760,1.);
#1760 = DIRECTION('',(1.,-1.144237745222E-17,0.));
#1761 = PLANE('',#1762);
#1762 = AXIS2_PLACEMENT_3D('',#1763,#1764,#1765);
#1763 = CARTESIAN_POINT('',(-2.091417030376E-16,1.4375,0.9));
#1764 = DIRECTION('',(4.595758349624E-18,6.551522493592E-27,-1.));
#1765 = DIRECTION('',(1.,1.51922136901E-16,4.595758349624E-18));
#1766 = ADVANCED_FACE('',(#1767),#1846,.F.);
#1767 = FACE_BOUND('',#1768,.F.);
#1768 = EDGE_LOOP('',(#1769,#1770,#1771,#1780,#1788,#1797,#1805,#1813,
    #1821,#1830,#1838,#1845));
#1769 = ORIENTED_EDGE('',*,*,#730,.F.);
#1770 = ORIENTED_EDGE('',*,*,#752,.T.);
#1771 = ORIENTED_EDGE('',*,*,#1772,.T.);
#1772 = EDGE_CURVE('',#753,#1773,#1775,.T.);
#1773 = VERTEX_POINT('',#1774);
#1774 = CARTESIAN_POINT('',(-0.948480775301,0.7,0.667364817767));
#1775 = CIRCLE('',#1776,0.1);
#1776 = AXIS2_PLACEMENT_3D('',#1777,#1778,#1779);
#1777 = CARTESIAN_POINT('',(-0.85,0.7,0.65));
#1778 = DIRECTION('',(-1.144237745222E-17,-1.,0.));
#1779 = DIRECTION('',(0.,0.,1.));
#1780 = ORIENTED_EDGE('',*,*,#1781,.T.);
#1781 = EDGE_CURVE('',#1773,#1782,#1784,.T.);
#1782 = VERTEX_POINT('',#1783);
#1783 = CARTESIAN_POINT('',(-1.02432885403,0.7,0.206587955583));
#1784 = LINE('',#1785,#1786);
#1785 = CARTESIAN_POINT('',(-0.948480775301,0.7,0.667364817767));
#1786 = VECTOR('',#1787,1.);
#1787 = DIRECTION('',(-0.162423314012,1.858508865964E-18,-0.986721169868
    ));
#1788 = ORIENTED_EDGE('',*,*,#1789,.T.);
#1789 = EDGE_CURVE('',#1782,#1790,#1792,.T.);
#1790 = VERTEX_POINT('',#1791);
#1791 = CARTESIAN_POINT('',(-1.270530792283,0.7,0.));
#1792 = CIRCLE('',#1793,0.25);
#1793 = AXIS2_PLACEMENT_3D('',#1794,#1795,#1796);
#1794 = CARTESIAN_POINT('',(-1.270530792283,0.7,0.25));
#1795 = DIRECTION('',(1.144237745222E-17,1.,1.24725095109E-33));
#1796 = DIRECTION('',(0.984807753012,-1.126854202784E-17,-0.173648177667
    ));
#1797 = ORIENTED_EDGE('',*,*,#1798,.T.);
#1798 = EDGE_CURVE('',#1790,#1799,#1801,.T.);
#1799 = VERTEX_POINT('',#1800);
#1800 = CARTESIAN_POINT('',(-1.4,0.7,0.));
#1801 = LINE('',#1802,#1803);
#1802 = CARTESIAN_POINT('',(-1.270530792283,0.7,0.));
#1803 = VECTOR('',#1804,1.);
#1804 = DIRECTION('',(-1.,1.144237745222E-17,0.));
#1805 = ORIENTED_EDGE('',*,*,#1806,.T.);
#1806 = EDGE_CURVE('',#1799,#1807,#1809,.T.);
#1807 = VERTEX_POINT('',#1808);
#1808 = CARTESIAN_POINT('',(-1.4,0.7,0.15));
#1809 = LINE('',#1810,#1811);
#1810 = CARTESIAN_POINT('',(-1.4,0.7,0.));
#1811 = VECTOR('',#1812,1.);
#1812 = DIRECTION('',(0.,0.,1.));
#1813 = ORIENTED_EDGE('',*,*,#1814,.T.);
#1814 = EDGE_CURVE('',#1807,#1815,#1817,.T.);
#1815 = VERTEX_POINT('',#1816);
#1816 = CARTESIAN_POINT('',(-1.270530792283,0.7,0.15));
#1817 = LINE('',#1818,#1819);
#1818 = CARTESIAN_POINT('',(-1.4,0.7,0.15));
#1819 = VECTOR('',#1820,1.);
#1820 = DIRECTION('',(1.,-1.144237745222E-17,0.));
#1821 = ORIENTED_EDGE('',*,*,#1822,.T.);
#1822 = EDGE_CURVE('',#1815,#1823,#1825,.T.);
#1823 = VERTEX_POINT('',#1824);
#1824 = CARTESIAN_POINT('',(-1.172050016982,0.7,0.232635182233));
#1825 = CIRCLE('',#1826,0.1);
#1826 = AXIS2_PLACEMENT_3D('',#1827,#1828,#1829);
#1827 = CARTESIAN_POINT('',(-1.270530792283,0.7,0.25));
#1828 = DIRECTION('',(-1.144237745222E-17,-1.,1.855131475086E-48));
#1829 = DIRECTION('',(-2.22044604925E-15,2.540718180781E-32,-1.));
#1830 = ORIENTED_EDGE('',*,*,#1831,.T.);
#1831 = EDGE_CURVE('',#1823,#1832,#1834,.T.);
#1832 = VERTEX_POINT('',#1833);
#1833 = CARTESIAN_POINT('',(-1.096201938253,0.7,0.693412044417));
#1834 = LINE('',#1835,#1836);
#1835 = CARTESIAN_POINT('',(-1.172050016982,0.7,0.232635182233));
#1836 = VECTOR('',#1837,1.);
#1837 = DIRECTION('',(0.162423314012,-1.858508865964E-18,0.986721169868)
  );
#1838 = ORIENTED_EDGE('',*,*,#1839,.T.);
#1839 = EDGE_CURVE('',#1832,#1004,#1840,.T.);
#1840 = CIRCLE('',#1841,0.25);
#1841 = AXIS2_PLACEMENT_3D('',#1842,#1843,#1844);
#1842 = CARTESIAN_POINT('',(-0.85,0.7,0.65));
#1843 = DIRECTION('',(1.144237745222E-17,1.,8.679168028915E-34));
#1844 = DIRECTION('',(-0.984807753012,1.126854202784E-17,0.173648177667)
  );
#1845 = ORIENTED_EDGE('',*,*,#1003,.T.);
#1846 = PLANE('',#1847);
#1847 = AXIS2_PLACEMENT_3D('',#1848,#1849,#1850);
#1848 = CARTESIAN_POINT('',(-1.069123385139,0.7,0.441695635315));
#1849 = DIRECTION('',(1.144237745222E-17,1.,0.));
#1850 = DIRECTION('',(0.,-0.,1.));
#1851 = ADVANCED_FACE('',(#1852),#1871,.F.);
#1852 = FACE_BOUND('',#1853,.F.);
#1853 = EDGE_LOOP('',(#1854,#1855,#1864,#1870));
#1854 = ORIENTED_EDGE('',*,*,#769,.T.);
#1855 = ORIENTED_EDGE('',*,*,#1856,.T.);
#1856 = EDGE_CURVE('',#762,#1857,#1859,.T.);
#1857 = VERTEX_POINT('',#1858);
#1858 = CARTESIAN_POINT('',(-0.948480775301,1.2,0.667364817767));
#1859 = CIRCLE('',#1860,0.1);
#1860 = AXIS2_PLACEMENT_3D('',#1861,#1862,#1863);
#1861 = CARTESIAN_POINT('',(-0.85,1.2,0.65));
#1862 = DIRECTION('',(-1.144237745222E-17,-1.,0.));
#1863 = DIRECTION('',(0.,0.,1.));
#1864 = ORIENTED_EDGE('',*,*,#1865,.F.);
#1865 = EDGE_CURVE('',#1773,#1857,#1866,.T.);
#1866 = LINE('',#1867,#1868);
#1867 = CARTESIAN_POINT('',(-0.948480775301,0.7,0.667364817767));
#1868 = VECTOR('',#1869,1.);
#1869 = DIRECTION('',(1.144237745222E-17,1.,0.));
#1870 = ORIENTED_EDGE('',*,*,#1772,.F.);
#1871 = CYLINDRICAL_SURFACE('',#1872,0.1);
#1872 = AXIS2_PLACEMENT_3D('',#1873,#1874,#1875);
#1873 = CARTESIAN_POINT('',(-0.85,0.7,0.65));
#1874 = DIRECTION('',(-1.144237745222E-17,-1.,0.));
#1875 = DIRECTION('',(0.,0.,1.));
#1876 = ADVANCED_FACE('',(#1877),#1948,.T.);
#1877 = FACE_BOUND('',#1878,.T.);
#1878 = EDGE_LOOP('',(#1879,#1880,#1881,#1882,#1890,#1899,#1907,#1915,
    #1923,#1932,#1940,#1947));
#1879 = ORIENTED_EDGE('',*,*,#783,.F.);
#1880 = ORIENTED_EDGE('',*,*,#761,.T.);
#1881 = ORIENTED_EDGE('',*,*,#1856,.T.);
#1882 = ORIENTED_EDGE('',*,*,#1883,.T.);
#1883 = EDGE_CURVE('',#1857,#1884,#1886,.T.);
#1884 = VERTEX_POINT('',#1885);
#1885 = CARTESIAN_POINT('',(-1.02432885403,1.2,0.206587955583));
#1886 = LINE('',#1887,#1888);
#1887 = CARTESIAN_POINT('',(-0.948480775301,1.2,0.667364817767));
#1888 = VECTOR('',#1889,1.);
#1889 = DIRECTION('',(-0.162423314012,1.858508865964E-18,-0.986721169868
    ));
#1890 = ORIENTED_EDGE('',*,*,#1891,.T.);
#1891 = EDGE_CURVE('',#1884,#1892,#1894,.T.);
#1892 = VERTEX_POINT('',#1893);
#1893 = CARTESIAN_POINT('',(-1.270530792283,1.2,0.));
#1894 = CIRCLE('',#1895,0.25);
#1895 = AXIS2_PLACEMENT_3D('',#1896,#1897,#1898);
#1896 = CARTESIAN_POINT('',(-1.270530792283,1.2,0.25));
#1897 = DIRECTION('',(1.144237745222E-17,1.,1.24725095109E-33));
#1898 = DIRECTION('',(0.984807753012,-1.126854202784E-17,-0.173648177667
    ));
#1899 = ORIENTED_EDGE('',*,*,#1900,.T.);
#1900 = EDGE_CURVE('',#1892,#1901,#1903,.T.);
#1901 = VERTEX_POINT('',#1902);
#1902 = CARTESIAN_POINT('',(-1.4,1.2,0.));
#1903 = LINE('',#1904,#1905);
#1904 = CARTESIAN_POINT('',(-1.270530792283,1.2,0.));
#1905 = VECTOR('',#1906,1.);
#1906 = DIRECTION('',(-1.,1.144237745222E-17,0.));
#1907 = ORIENTED_EDGE('',*,*,#1908,.T.);
#1908 = EDGE_CURVE('',#1901,#1909,#1911,.T.);
#1909 = VERTEX_POINT('',#1910);
#1910 = CARTESIAN_POINT('',(-1.4,1.2,0.15));
#1911 = LINE('',#1912,#1913);
#1912 = CARTESIAN_POINT('',(-1.4,1.2,0.));
#1913 = VECTOR('',#1914,1.);
#1914 = DIRECTION('',(0.,0.,1.));
#1915 = ORIENTED_EDGE('',*,*,#1916,.T.);
#1916 = EDGE_CURVE('',#1909,#1917,#1919,.T.);
#1917 = VERTEX_POINT('',#1918);
#1918 = CARTESIAN_POINT('',(-1.270530792283,1.2,0.15));
#1919 = LINE('',#1920,#1921);
#1920 = CARTESIAN_POINT('',(-1.4,1.2,0.15));
#1921 = VECTOR('',#1922,1.);
#1922 = DIRECTION('',(1.,-1.144237745222E-17,0.));
#1923 = ORIENTED_EDGE('',*,*,#1924,.T.);
#1924 = EDGE_CURVE('',#1917,#1925,#1927,.T.);
#1925 = VERTEX_POINT('',#1926);
#1926 = CARTESIAN_POINT('',(-1.172050016982,1.2,0.232635182233));
#1927 = CIRCLE('',#1928,0.1);
#1928 = AXIS2_PLACEMENT_3D('',#1929,#1930,#1931);
#1929 = CARTESIAN_POINT('',(-1.270530792283,1.2,0.25));
#1930 = DIRECTION('',(-1.144237745222E-17,-1.,1.855131475086E-48));
#1931 = DIRECTION('',(-2.22044604925E-15,2.540718180781E-32,-1.));
#1932 = ORIENTED_EDGE('',*,*,#1933,.T.);
#1933 = EDGE_CURVE('',#1925,#1934,#1936,.T.);
#1934 = VERTEX_POINT('',#1935);
#1935 = CARTESIAN_POINT('',(-1.096201938253,1.2,0.693412044417));
#1936 = LINE('',#1937,#1938);
#1937 = CARTESIAN_POINT('',(-1.172050016982,1.2,0.232635182233));
#1938 = VECTOR('',#1939,1.);
#1939 = DIRECTION('',(0.162423314012,-1.858508865964E-18,0.986721169868)
  );
#1940 = ORIENTED_EDGE('',*,*,#1941,.T.);
#1941 = EDGE_CURVE('',#1934,#1012,#1942,.T.);
#1942 = CIRCLE('',#1943,0.25);
#1943 = AXIS2_PLACEMENT_3D('',#1944,#1945,#1946);
#1944 = CARTESIAN_POINT('',(-0.85,1.2,0.65));
#1945 = DIRECTION('',(1.144237745222E-17,1.,8.679168028915E-34));
#1946 = DIRECTION('',(-0.984807753012,1.126854202784E-17,0.173648177667)
  );
#1947 = ORIENTED_EDGE('',*,*,#1019,.T.);
#1948 = PLANE('',#1949);
#1949 = AXIS2_PLACEMENT_3D('',#1950,#1951,#1952);
#1950 = CARTESIAN_POINT('',(-1.069123385139,1.2,0.441695635315));
#1951 = DIRECTION('',(1.144237745222E-17,1.,0.));
#1952 = DIRECTION('',(0.,-0.,1.));
#1953 = ADVANCED_FACE('',(#1954),#2033,.F.);
#1954 = FACE_BOUND('',#1955,.F.);
#1955 = EDGE_LOOP('',(#1956,#1957,#1958,#1967,#1975,#1984,#1992,#2000,
    #2008,#2017,#2025,#2032));
#1956 = ORIENTED_EDGE('',*,*,#802,.F.);
#1957 = ORIENTED_EDGE('',*,*,#817,.T.);
#1958 = ORIENTED_EDGE('',*,*,#1959,.T.);
#1959 = EDGE_CURVE('',#818,#1960,#1962,.T.);
#1960 = VERTEX_POINT('',#1961);
#1961 = CARTESIAN_POINT('',(0.948480775301,1.2,0.667364817767));
#1962 = CIRCLE('',#1963,0.1);
#1963 = AXIS2_PLACEMENT_3D('',#1964,#1965,#1966);
#1964 = CARTESIAN_POINT('',(0.85,1.2,0.65));
#1965 = DIRECTION('',(-1.110223024625E-16,1.,0.));
#1966 = DIRECTION('',(0.,0.,1.));
#1967 = ORIENTED_EDGE('',*,*,#1968,.T.);
#1968 = EDGE_CURVE('',#1960,#1969,#1971,.T.);
#1969 = VERTEX_POINT('',#1970);
#1970 = CARTESIAN_POINT('',(1.02432885403,1.2,0.206587955583));
#1971 = LINE('',#1972,#1973);
#1972 = CARTESIAN_POINT('',(0.948480775301,1.2,0.667364817767));
#1973 = VECTOR('',#1974,1.);
#1974 = DIRECTION('',(0.162423314012,1.803261029519E-17,-0.986721169868)
  );
#1975 = ORIENTED_EDGE('',*,*,#1976,.T.);
#1976 = EDGE_CURVE('',#1969,#1977,#1979,.T.);
#1977 = VERTEX_POINT('',#1978);
#1978 = CARTESIAN_POINT('',(1.270530792283,1.2,0.));
#1979 = CIRCLE('',#1980,0.25);
#1980 = AXIS2_PLACEMENT_3D('',#1981,#1982,#1983);
#1981 = CARTESIAN_POINT('',(1.270530792283,1.2,0.25));
#1982 = DIRECTION('',(1.110223024625E-16,-1.,-6.255634725081E-34));
#1983 = DIRECTION('',(-0.984807753012,-1.093356242223E-16,
    -0.173648177667));
#1984 = ORIENTED_EDGE('',*,*,#1985,.T.);
#1985 = EDGE_CURVE('',#1977,#1986,#1988,.T.);
#1986 = VERTEX_POINT('',#1987);
#1987 = CARTESIAN_POINT('',(1.4,1.2,0.));
#1988 = LINE('',#1989,#1990);
#1989 = CARTESIAN_POINT('',(1.270530792283,1.2,0.));
#1990 = VECTOR('',#1991,1.);
#1991 = DIRECTION('',(1.,1.110223024625E-16,0.));
#1992 = ORIENTED_EDGE('',*,*,#1993,.T.);
#1993 = EDGE_CURVE('',#1986,#1994,#1996,.T.);
#1994 = VERTEX_POINT('',#1995);
#1995 = CARTESIAN_POINT('',(1.4,1.2,0.15));
#1996 = LINE('',#1997,#1998);
#1997 = CARTESIAN_POINT('',(1.4,1.2,0.));
#1998 = VECTOR('',#1999,1.);
#1999 = DIRECTION('',(0.,0.,1.));
#2000 = ORIENTED_EDGE('',*,*,#2001,.T.);
#2001 = EDGE_CURVE('',#1994,#2002,#2004,.T.);
#2002 = VERTEX_POINT('',#2003);
#2003 = CARTESIAN_POINT('',(1.270530792283,1.2,0.15));
#2004 = LINE('',#2005,#2006);
#2005 = CARTESIAN_POINT('',(1.4,1.2,0.15));
#2006 = VECTOR('',#2007,1.);
#2007 = DIRECTION('',(-1.,-1.110223024625E-16,0.));
#2008 = ORIENTED_EDGE('',*,*,#2009,.T.);
#2009 = EDGE_CURVE('',#2002,#2010,#2012,.T.);
#2010 = VERTEX_POINT('',#2011);
#2011 = CARTESIAN_POINT('',(1.172050016982,1.2,0.232635182233));
#2012 = CIRCLE('',#2013,0.1);
#2013 = AXIS2_PLACEMENT_3D('',#2014,#2015,#2016);
#2014 = CARTESIAN_POINT('',(1.270530792283,1.2,0.25));
#2015 = DIRECTION('',(-1.110223024625E-16,1.,-1.094764425744E-47));
#2016 = DIRECTION('',(2.22044604925E-15,2.465190328815E-31,-1.));
#2017 = ORIENTED_EDGE('',*,*,#2018,.T.);
#2018 = EDGE_CURVE('',#2010,#2019,#2021,.T.);
#2019 = VERTEX_POINT('',#2020);
#2020 = CARTESIAN_POINT('',(1.096201938253,1.2,0.693412044417));
#2021 = LINE('',#2022,#2023);
#2022 = CARTESIAN_POINT('',(1.172050016982,1.2,0.232635182233));
#2023 = VECTOR('',#2024,1.);
#2024 = DIRECTION('',(-0.162423314012,-1.803261029519E-17,0.986721169868
    ));
#2025 = ORIENTED_EDGE('',*,*,#2026,.T.);
#2026 = EDGE_CURVE('',#2019,#1243,#2027,.T.);
#2027 = CIRCLE('',#2028,0.25);
#2028 = AXIS2_PLACEMENT_3D('',#2029,#2030,#2031);
#2029 = CARTESIAN_POINT('',(0.85,1.2,0.65));
#2030 = DIRECTION('',(1.110223024625E-16,-1.,-6.255634725081E-34));
#2031 = DIRECTION('',(0.984807753012,1.093356242223E-16,0.173648177667)
  );
#2032 = ORIENTED_EDGE('',*,*,#1242,.T.);
#2033 = PLANE('',#2034);
#2034 = AXIS2_PLACEMENT_3D('',#2035,#2036,#2037);
#2035 = CARTESIAN_POINT('',(1.069123385139,1.2,0.441695635315));
#2036 = DIRECTION('',(1.110223024625E-16,-1.,0.));
#2037 = DIRECTION('',(0.,0.,1.));
#2038 = ADVANCED_FACE('',(#2039),#2058,.F.);
#2039 = FACE_BOUND('',#2040,.F.);
#2040 = EDGE_LOOP('',(#2041,#2042,#2051,#2057));
#2041 = ORIENTED_EDGE('',*,*,#834,.T.);
#2042 = ORIENTED_EDGE('',*,*,#2043,.T.);
#2043 = EDGE_CURVE('',#827,#2044,#2046,.T.);
#2044 = VERTEX_POINT('',#2045);
#2045 = CARTESIAN_POINT('',(0.948480775301,0.7,0.667364817767));
#2046 = CIRCLE('',#2047,0.1);
#2047 = AXIS2_PLACEMENT_3D('',#2048,#2049,#2050);
#2048 = CARTESIAN_POINT('',(0.85,0.7,0.65));
#2049 = DIRECTION('',(-1.110223024625E-16,1.,0.));
#2050 = DIRECTION('',(0.,0.,1.));
#2051 = ORIENTED_EDGE('',*,*,#2052,.F.);
#2052 = EDGE_CURVE('',#1960,#2044,#2053,.T.);
#2053 = LINE('',#2054,#2055);
#2054 = CARTESIAN_POINT('',(0.948480775301,1.2,0.667364817767));
#2055 = VECTOR('',#2056,1.);
#2056 = DIRECTION('',(1.110223024625E-16,-1.,0.));
#2057 = ORIENTED_EDGE('',*,*,#1959,.F.);
#2058 = CYLINDRICAL_SURFACE('',#2059,0.1);
#2059 = AXIS2_PLACEMENT_3D('',#2060,#2061,#2062);
#2060 = CARTESIAN_POINT('',(0.85,1.2,0.65));
#2061 = DIRECTION('',(-1.110223024625E-16,1.,0.));
#2062 = DIRECTION('',(0.,0.,1.));
#2063 = ADVANCED_FACE('',(#2064),#2135,.T.);
#2064 = FACE_BOUND('',#2065,.T.);
#2065 = EDGE_LOOP('',(#2066,#2067,#2068,#2069,#2077,#2086,#2094,#2102,
    #2110,#2119,#2127,#2134));
#2066 = ORIENTED_EDGE('',*,*,#848,.F.);
#2067 = ORIENTED_EDGE('',*,*,#826,.T.);
#2068 = ORIENTED_EDGE('',*,*,#2043,.T.);
#2069 = ORIENTED_EDGE('',*,*,#2070,.T.);
#2070 = EDGE_CURVE('',#2044,#2071,#2073,.T.);
#2071 = VERTEX_POINT('',#2072);
#2072 = CARTESIAN_POINT('',(1.02432885403,0.7,0.206587955583));
#2073 = LINE('',#2074,#2075);
#2074 = CARTESIAN_POINT('',(0.948480775301,0.7,0.667364817767));
#2075 = VECTOR('',#2076,1.);
#2076 = DIRECTION('',(0.162423314012,1.803261029519E-17,-0.986721169868)
  );
#2077 = ORIENTED_EDGE('',*,*,#2078,.T.);
#2078 = EDGE_CURVE('',#2071,#2079,#2081,.T.);
#2079 = VERTEX_POINT('',#2080);
#2080 = CARTESIAN_POINT('',(1.270530792283,0.7,0.));
#2081 = CIRCLE('',#2082,0.25);
#2082 = AXIS2_PLACEMENT_3D('',#2083,#2084,#2085);
#2083 = CARTESIAN_POINT('',(1.270530792283,0.7,0.25));
#2084 = DIRECTION('',(1.110223024625E-16,-1.,-6.255634725081E-34));
#2085 = DIRECTION('',(-0.984807753012,-1.093356242223E-16,
    -0.173648177667));
#2086 = ORIENTED_EDGE('',*,*,#2087,.T.);
#2087 = EDGE_CURVE('',#2079,#2088,#2090,.T.);
#2088 = VERTEX_POINT('',#2089);
#2089 = CARTESIAN_POINT('',(1.4,0.7,0.));
#2090 = LINE('',#2091,#2092);
#2091 = CARTESIAN_POINT('',(1.270530792283,0.7,0.));
#2092 = VECTOR('',#2093,1.);
#2093 = DIRECTION('',(1.,1.110223024625E-16,0.));
#2094 = ORIENTED_EDGE('',*,*,#2095,.T.);
#2095 = EDGE_CURVE('',#2088,#2096,#2098,.T.);
#2096 = VERTEX_POINT('',#2097);
#2097 = CARTESIAN_POINT('',(1.4,0.7,0.15));
#2098 = LINE('',#2099,#2100);
#2099 = CARTESIAN_POINT('',(1.4,0.7,0.));
#2100 = VECTOR('',#2101,1.);
#2101 = DIRECTION('',(0.,0.,1.));
#2102 = ORIENTED_EDGE('',*,*,#2103,.T.);
#2103 = EDGE_CURVE('',#2096,#2104,#2106,.T.);
#2104 = VERTEX_POINT('',#2105);
#2105 = CARTESIAN_POINT('',(1.270530792283,0.7,0.15));
#2106 = LINE('',#2107,#2108);
#2107 = CARTESIAN_POINT('',(1.4,0.7,0.15));
#2108 = VECTOR('',#2109,1.);
#2109 = DIRECTION('',(-1.,-1.110223024625E-16,0.));
#2110 = ORIENTED_EDGE('',*,*,#2111,.T.);
#2111 = EDGE_CURVE('',#2104,#2112,#2114,.T.);
#2112 = VERTEX_POINT('',#2113);
#2113 = CARTESIAN_POINT('',(1.172050016982,0.7,0.232635182233));
#2114 = CIRCLE('',#2115,0.1);
#2115 = AXIS2_PLACEMENT_3D('',#2116,#2117,#2118);
#2116 = CARTESIAN_POINT('',(1.270530792283,0.7,0.25));
#2117 = DIRECTION('',(-1.110223024625E-16,1.,-1.094764425744E-47));
#2118 = DIRECTION('',(2.22044604925E-15,2.465190328815E-31,-1.));
#2119 = ORIENTED_EDGE('',*,*,#2120,.T.);
#2120 = EDGE_CURVE('',#2112,#2121,#2123,.T.);
#2121 = VERTEX_POINT('',#2122);
#2122 = CARTESIAN_POINT('',(1.096201938253,0.7,0.693412044417));
#2123 = LINE('',#2124,#2125);
#2124 = CARTESIAN_POINT('',(1.172050016982,0.7,0.232635182233));
#2125 = VECTOR('',#2126,1.);
#2126 = DIRECTION('',(-0.162423314012,-1.803261029519E-17,0.986721169868
    ));
#2127 = ORIENTED_EDGE('',*,*,#2128,.T.);
#2128 = EDGE_CURVE('',#2121,#1251,#2129,.T.);
#2129 = CIRCLE('',#2130,0.25);
#2130 = AXIS2_PLACEMENT_3D('',#2131,#2132,#2133);
#2131 = CARTESIAN_POINT('',(0.85,0.7,0.65));
#2132 = DIRECTION('',(1.110223024625E-16,-1.,-6.255634725081E-34));
#2133 = DIRECTION('',(0.984807753012,1.093356242223E-16,0.173648177667)
  );
#2134 = ORIENTED_EDGE('',*,*,#1258,.T.);
#2135 = PLANE('',#2136);
#2136 = AXIS2_PLACEMENT_3D('',#2137,#2138,#2139);
#2137 = CARTESIAN_POINT('',(1.069123385139,0.7,0.441695635315));
#2138 = DIRECTION('',(1.110223024625E-16,-1.,0.));
#2139 = DIRECTION('',(0.,0.,1.));
#2140 = ADVANCED_FACE('',(#2141),#2152,.F.);
#2141 = FACE_BOUND('',#2142,.F.);
#2142 = EDGE_LOOP('',(#2143,#2144,#2145,#2151));
#2143 = ORIENTED_EDGE('',*,*,#1264,.F.);
#2144 = ORIENTED_EDGE('',*,*,#865,.T.);
#2145 = ORIENTED_EDGE('',*,*,#2146,.T.);
#2146 = EDGE_CURVE('',#858,#1197,#2147,.T.);
#2147 = LINE('',#2148,#2149);
#2148 = CARTESIAN_POINT('',(0.85,-0.7,0.9));
#2149 = VECTOR('',#2150,1.);
#2150 = DIRECTION('',(-1.,-1.110223024625E-16,0.));
#2151 = ORIENTED_EDGE('',*,*,#1196,.F.);
#2152 = PLANE('',#2153);
#2153 = AXIS2_PLACEMENT_3D('',#2154,#2155,#2156);
#2154 = CARTESIAN_POINT('',(-2.091417030376E-16,1.4375,0.9));
#2155 = DIRECTION('',(4.595758349624E-18,6.551522493592E-27,-1.));
#2156 = DIRECTION('',(1.,1.51922136901E-16,4.595758349624E-18));
#2157 = ADVANCED_FACE('',(#2158),#2244,.F.);
#2158 = FACE_BOUND('',#2159,.F.);
#2159 = EDGE_LOOP('',(#2160,#2161,#2162,#2171,#2179,#2188,#2196,#2204,
    #2212,#2221,#2229,#2238));
#2160 = ORIENTED_EDGE('',*,*,#857,.F.);
#2161 = ORIENTED_EDGE('',*,*,#879,.T.);
#2162 = ORIENTED_EDGE('',*,*,#2163,.T.);
#2163 = EDGE_CURVE('',#880,#2164,#2166,.T.);
#2164 = VERTEX_POINT('',#2165);
#2165 = CARTESIAN_POINT('',(0.948480775301,-0.7,0.667364817767));
#2166 = CIRCLE('',#2167,0.1);
#2167 = AXIS2_PLACEMENT_3D('',#2168,#2169,#2170);
#2168 = CARTESIAN_POINT('',(0.85,-0.7,0.65));
#2169 = DIRECTION('',(-1.110223024625E-16,1.,0.));
#2170 = DIRECTION('',(0.,0.,1.));
#2171 = ORIENTED_EDGE('',*,*,#2172,.T.);
#2172 = EDGE_CURVE('',#2164,#2173,#2175,.T.);
#2173 = VERTEX_POINT('',#2174);
#2174 = CARTESIAN_POINT('',(1.02432885403,-0.7,0.206587955583));
#2175 = LINE('',#2176,#2177);
#2176 = CARTESIAN_POINT('',(0.948480775301,-0.7,0.667364817767));
#2177 = VECTOR('',#2178,1.);
#2178 = DIRECTION('',(0.162423314012,1.803261029519E-17,-0.986721169868)
  );
#2179 = ORIENTED_EDGE('',*,*,#2180,.T.);
#2180 = EDGE_CURVE('',#2173,#2181,#2183,.T.);
#2181 = VERTEX_POINT('',#2182);
#2182 = CARTESIAN_POINT('',(1.270530792283,-0.7,0.));
#2183 = CIRCLE('',#2184,0.25);
#2184 = AXIS2_PLACEMENT_3D('',#2185,#2186,#2187);
#2185 = CARTESIAN_POINT('',(1.270530792283,-0.7,0.25));
#2186 = DIRECTION('',(1.110223024625E-16,-1.,-6.255634725081E-34));
#2187 = DIRECTION('',(-0.984807753012,-1.093356242223E-16,
    -0.173648177667));
#2188 = ORIENTED_EDGE('',*,*,#2189,.T.);
#2189 = EDGE_CURVE('',#2181,#2190,#2192,.T.);
#2190 = VERTEX_POINT('',#2191);
#2191 = CARTESIAN_POINT('',(1.4,-0.7,0.));
#2192 = LINE('',#2193,#2194);
#2193 = CARTESIAN_POINT('',(1.270530792283,-0.7,0.));
#2194 = VECTOR('',#2195,1.);
#2195 = DIRECTION('',(1.,1.110223024625E-16,0.));
#2196 = ORIENTED_EDGE('',*,*,#2197,.T.);
#2197 = EDGE_CURVE('',#2190,#2198,#2200,.T.);
#2198 = VERTEX_POINT('',#2199);
#2199 = CARTESIAN_POINT('',(1.4,-0.7,0.15));
#2200 = LINE('',#2201,#2202);
#2201 = CARTESIAN_POINT('',(1.4,-0.7,0.));
#2202 = VECTOR('',#2203,1.);
#2203 = DIRECTION('',(0.,0.,1.));
#2204 = ORIENTED_EDGE('',*,*,#2205,.T.);
#2205 = EDGE_CURVE('',#2198,#2206,#2208,.T.);
#2206 = VERTEX_POINT('',#2207);
#2207 = CARTESIAN_POINT('',(1.270530792283,-0.7,0.15));
#2208 = LINE('',#2209,#2210);
#2209 = CARTESIAN_POINT('',(1.4,-0.7,0.15));
#2210 = VECTOR('',#2211,1.);
#2211 = DIRECTION('',(-1.,-1.110223024625E-16,0.));
#2212 = ORIENTED_EDGE('',*,*,#2213,.T.);
#2213 = EDGE_CURVE('',#2206,#2214,#2216,.T.);
#2214 = VERTEX_POINT('',#2215);
#2215 = CARTESIAN_POINT('',(1.172050016982,-0.7,0.232635182233));
#2216 = CIRCLE('',#2217,0.1);
#2217 = AXIS2_PLACEMENT_3D('',#2218,#2219,#2220);
#2218 = CARTESIAN_POINT('',(1.270530792283,-0.7,0.25));
#2219 = DIRECTION('',(-1.110223024625E-16,1.,-1.094764425744E-47));
#2220 = DIRECTION('',(2.22044604925E-15,2.465190328815E-31,-1.));
#2221 = ORIENTED_EDGE('',*,*,#2222,.T.);
#2222 = EDGE_CURVE('',#2214,#2223,#2225,.T.);
#2223 = VERTEX_POINT('',#2224);
#2224 = CARTESIAN_POINT('',(1.096201938253,-0.7,0.693412044417));
#2225 = LINE('',#2226,#2227);
#2226 = CARTESIAN_POINT('',(1.172050016982,-0.7,0.232635182233));
#2227 = VECTOR('',#2228,1.);
#2228 = DIRECTION('',(-0.162423314012,-1.803261029519E-17,0.986721169868
    ));
#2229 = ORIENTED_EDGE('',*,*,#2230,.T.);
#2230 = EDGE_CURVE('',#2223,#2231,#2233,.T.);
#2231 = VERTEX_POINT('',#2232);
#2232 = CARTESIAN_POINT('',(0.85,-0.7,0.9));
#2233 = CIRCLE('',#2234,0.25);
#2234 = AXIS2_PLACEMENT_3D('',#2235,#2236,#2237);
#2235 = CARTESIAN_POINT('',(0.85,-0.7,0.65));
#2236 = DIRECTION('',(1.110223024625E-16,-1.,-6.255634725081E-34));
#2237 = DIRECTION('',(0.984807753012,1.093356242223E-16,0.173648177667)
  );
#2238 = ORIENTED_EDGE('',*,*,#2239,.T.);
#2239 = EDGE_CURVE('',#2231,#858,#2240,.T.);
#2240 = LINE('',#2241,#2242);
#2241 = CARTESIAN_POINT('',(0.85,-0.7,0.9));
#2242 = VECTOR('',#2243,1.);
#2243 = DIRECTION('',(-1.,-1.110223024625E-16,0.));
#2244 = PLANE('',#2245);
#2245 = AXIS2_PLACEMENT_3D('',#2246,#2247,#2248);
#2246 = CARTESIAN_POINT('',(1.069123385139,-0.7,0.441695635315));
#2247 = DIRECTION('',(1.110223024625E-16,-1.,0.));
#2248 = DIRECTION('',(0.,0.,1.));
#2249 = ADVANCED_FACE('',(#2250),#2269,.F.);
#2250 = FACE_BOUND('',#2251,.F.);
#2251 = EDGE_LOOP('',(#2252,#2253,#2262,#2268));
#2252 = ORIENTED_EDGE('',*,*,#896,.T.);
#2253 = ORIENTED_EDGE('',*,*,#2254,.T.);
#2254 = EDGE_CURVE('',#889,#2255,#2257,.T.);
#2255 = VERTEX_POINT('',#2256);
#2256 = CARTESIAN_POINT('',(0.948480775301,-1.2,0.667364817767));
#2257 = CIRCLE('',#2258,0.1);
#2258 = AXIS2_PLACEMENT_3D('',#2259,#2260,#2261);
#2259 = CARTESIAN_POINT('',(0.85,-1.2,0.65));
#2260 = DIRECTION('',(-1.110223024625E-16,1.,0.));
#2261 = DIRECTION('',(0.,0.,1.));
#2262 = ORIENTED_EDGE('',*,*,#2263,.F.);
#2263 = EDGE_CURVE('',#2164,#2255,#2264,.T.);
#2264 = LINE('',#2265,#2266);
#2265 = CARTESIAN_POINT('',(0.948480775301,-0.7,0.667364817767));
#2266 = VECTOR('',#2267,1.);
#2267 = DIRECTION('',(1.110223024625E-16,-1.,0.));
#2268 = ORIENTED_EDGE('',*,*,#2163,.F.);
#2269 = CYLINDRICAL_SURFACE('',#2270,0.1);
#2270 = AXIS2_PLACEMENT_3D('',#2271,#2272,#2273);
#2271 = CARTESIAN_POINT('',(0.85,-0.7,0.65));
#2272 = DIRECTION('',(-1.110223024625E-16,1.,0.));
#2273 = DIRECTION('',(0.,0.,1.));
#2274 = ADVANCED_FACE('',(#2275),#2353,.T.);
#2275 = FACE_BOUND('',#2276,.T.);
#2276 = EDGE_LOOP('',(#2277,#2278,#2279,#2280,#2288,#2297,#2305,#2313,
    #2321,#2330,#2338,#2347));
#2277 = ORIENTED_EDGE('',*,*,#910,.F.);
#2278 = ORIENTED_EDGE('',*,*,#888,.T.);
#2279 = ORIENTED_EDGE('',*,*,#2254,.T.);
#2280 = ORIENTED_EDGE('',*,*,#2281,.T.);
#2281 = EDGE_CURVE('',#2255,#2282,#2284,.T.);
#2282 = VERTEX_POINT('',#2283);
#2283 = CARTESIAN_POINT('',(1.02432885403,-1.2,0.206587955583));
#2284 = LINE('',#2285,#2286);
#2285 = CARTESIAN_POINT('',(0.948480775301,-1.2,0.667364817767));
#2286 = VECTOR('',#2287,1.);
#2287 = DIRECTION('',(0.162423314012,1.803261029519E-17,-0.986721169868)
  );
#2288 = ORIENTED_EDGE('',*,*,#2289,.T.);
#2289 = EDGE_CURVE('',#2282,#2290,#2292,.T.);
#2290 = VERTEX_POINT('',#2291);
#2291 = CARTESIAN_POINT('',(1.270530792283,-1.2,0.));
#2292 = CIRCLE('',#2293,0.25);
#2293 = AXIS2_PLACEMENT_3D('',#2294,#2295,#2296);
#2294 = CARTESIAN_POINT('',(1.270530792283,-1.2,0.25));
#2295 = DIRECTION('',(1.110223024625E-16,-1.,-6.255634725081E-34));
#2296 = DIRECTION('',(-0.984807753012,-1.093356242223E-16,
    -0.173648177667));
#2297 = ORIENTED_EDGE('',*,*,#2298,.T.);
#2298 = EDGE_CURVE('',#2290,#2299,#2301,.T.);
#2299 = VERTEX_POINT('',#2300);
#2300 = CARTESIAN_POINT('',(1.4,-1.2,0.));
#2301 = LINE('',#2302,#2303);
#2302 = CARTESIAN_POINT('',(1.270530792283,-1.2,0.));
#2303 = VECTOR('',#2304,1.);
#2304 = DIRECTION('',(1.,1.110223024625E-16,0.));
#2305 = ORIENTED_EDGE('',*,*,#2306,.T.);
#2306 = EDGE_CURVE('',#2299,#2307,#2309,.T.);
#2307 = VERTEX_POINT('',#2308);
#2308 = CARTESIAN_POINT('',(1.4,-1.2,0.15));
#2309 = LINE('',#2310,#2311);
#2310 = CARTESIAN_POINT('',(1.4,-1.2,0.));
#2311 = VECTOR('',#2312,1.);
#2312 = DIRECTION('',(0.,0.,1.));
#2313 = ORIENTED_EDGE('',*,*,#2314,.T.);
#2314 = EDGE_CURVE('',#2307,#2315,#2317,.T.);
#2315 = VERTEX_POINT('',#2316);
#2316 = CARTESIAN_POINT('',(1.270530792283,-1.2,0.15));
#2317 = LINE('',#2318,#2319);
#2318 = CARTESIAN_POINT('',(1.4,-1.2,0.15));
#2319 = VECTOR('',#2320,1.);
#2320 = DIRECTION('',(-1.,-1.110223024625E-16,0.));
#2321 = ORIENTED_EDGE('',*,*,#2322,.T.);
#2322 = EDGE_CURVE('',#2315,#2323,#2325,.T.);
#2323 = VERTEX_POINT('',#2324);
#2324 = CARTESIAN_POINT('',(1.172050016982,-1.2,0.232635182233));
#2325 = CIRCLE('',#2326,0.1);
#2326 = AXIS2_PLACEMENT_3D('',#2327,#2328,#2329);
#2327 = CARTESIAN_POINT('',(1.270530792283,-1.2,0.25));
#2328 = DIRECTION('',(-1.110223024625E-16,1.,-1.094764425744E-47));
#2329 = DIRECTION('',(2.22044604925E-15,2.465190328815E-31,-1.));
#2330 = ORIENTED_EDGE('',*,*,#2331,.T.);
#2331 = EDGE_CURVE('',#2323,#2332,#2334,.T.);
#2332 = VERTEX_POINT('',#2333);
#2333 = CARTESIAN_POINT('',(1.096201938253,-1.2,0.693412044417));
#2334 = LINE('',#2335,#2336);
#2335 = CARTESIAN_POINT('',(1.172050016982,-1.2,0.232635182233));
#2336 = VECTOR('',#2337,1.);
#2337 = DIRECTION('',(-0.162423314012,-1.803261029519E-17,0.986721169868
    ));
#2338 = ORIENTED_EDGE('',*,*,#2339,.T.);
#2339 = EDGE_CURVE('',#2332,#2340,#2342,.T.);
#2340 = VERTEX_POINT('',#2341);
#2341 = CARTESIAN_POINT('',(0.85,-1.2,0.9));
#2342 = CIRCLE('',#2343,0.25);
#2343 = AXIS2_PLACEMENT_3D('',#2344,#2345,#2346);
#2344 = CARTESIAN_POINT('',(0.85,-1.2,0.65));
#2345 = DIRECTION('',(1.110223024625E-16,-1.,-6.255634725081E-34));
#2346 = DIRECTION('',(0.984807753012,1.093356242223E-16,0.173648177667)
  );
#2347 = ORIENTED_EDGE('',*,*,#2348,.T.);
#2348 = EDGE_CURVE('',#2340,#911,#2349,.T.);
#2349 = LINE('',#2350,#2351);
#2350 = CARTESIAN_POINT('',(0.85,-1.2,0.9));
#2351 = VECTOR('',#2352,1.);
#2352 = DIRECTION('',(-1.,-1.110223024625E-16,0.));
#2353 = PLANE('',#2354);
#2354 = AXIS2_PLACEMENT_3D('',#2355,#2356,#2357);
#2355 = CARTESIAN_POINT('',(1.069123385139,-1.2,0.441695635315));
#2356 = DIRECTION('',(1.110223024625E-16,-1.,0.));
#2357 = DIRECTION('',(0.,0.,1.));
#2358 = ADVANCED_FACE('',(#2359),#2370,.T.);
#2359 = FACE_BOUND('',#2360,.T.);
#2360 = EDGE_LOOP('',(#2361,#2362,#2363,#2364));
#2361 = ORIENTED_EDGE('',*,*,#1839,.T.);
#2362 = ORIENTED_EDGE('',*,*,#1011,.T.);
#2363 = ORIENTED_EDGE('',*,*,#1941,.F.);
#2364 = ORIENTED_EDGE('',*,*,#2365,.F.);
#2365 = EDGE_CURVE('',#1832,#1934,#2366,.T.);
#2366 = LINE('',#2367,#2368);
#2367 = CARTESIAN_POINT('',(-1.096201938253,0.7,0.693412044417));
#2368 = VECTOR('',#2369,1.);
#2369 = DIRECTION('',(1.144237745222E-17,1.,0.));
#2370 = CYLINDRICAL_SURFACE('',#2371,0.25);
#2371 = AXIS2_PLACEMENT_3D('',#2372,#2373,#2374);
#2372 = CARTESIAN_POINT('',(-0.85,0.7,0.65));
#2373 = DIRECTION('',(-1.144237745222E-17,-1.,0.));
#2374 = DIRECTION('',(-0.984807753012,1.126854202784E-17,0.173648177667)
  );
#2375 = ADVANCED_FACE('',(#2376),#2389,.F.);
#2376 = FACE_BOUND('',#2377,.F.);
#2377 = EDGE_LOOP('',(#2378,#2379,#2385,#2386,#2387,#2388));
#2378 = ORIENTED_EDGE('',*,*,#1407,.F.);
#2379 = ORIENTED_EDGE('',*,*,#2380,.T.);
#2380 = EDGE_CURVE('',#1399,#1508,#2381,.T.);
#2381 = LINE('',#2382,#2383);
#2382 = CARTESIAN_POINT('',(-0.85,-1.2,0.9));
#2383 = VECTOR('',#2384,1.);
#2384 = DIRECTION('',(1.144237745222E-17,1.,0.));
#2385 = ORIENTED_EDGE('',*,*,#1516,.T.);
#2386 = ORIENTED_EDGE('',*,*,#1538,.T.);
#2387 = ORIENTED_EDGE('',*,*,#1058,.F.);
#2388 = ORIENTED_EDGE('',*,*,#1291,.F.);
#2389 = PLANE('',#2390);
#2390 = AXIS2_PLACEMENT_3D('',#2391,#2392,#2393);
#2391 = CARTESIAN_POINT('',(-0.85,-1.2,0.9));
#2392 = DIRECTION('',(0.,0.,-1.));
#2393 = DIRECTION('',(1.,-1.144237745222E-17,0.));
#2394 = ADVANCED_FACE('',(#2395),#2408,.F.);
#2395 = FACE_BOUND('',#2396,.F.);
#2396 = EDGE_LOOP('',(#2397,#2398,#2404,#2405,#2406,#2407));
#2397 = ORIENTED_EDGE('',*,*,#1630,.F.);
#2398 = ORIENTED_EDGE('',*,*,#2399,.T.);
#2399 = EDGE_CURVE('',#1622,#1731,#2400,.T.);
#2400 = LINE('',#2401,#2402);
#2401 = CARTESIAN_POINT('',(-0.85,-0.25,0.9));
#2402 = VECTOR('',#2403,1.);
#2403 = DIRECTION('',(1.144237745222E-17,1.,0.));
#2404 = ORIENTED_EDGE('',*,*,#1739,.T.);
#2405 = ORIENTED_EDGE('',*,*,#1756,.T.);
#2406 = ORIENTED_EDGE('',*,*,#1074,.F.);
#2407 = ORIENTED_EDGE('',*,*,#1531,.F.);
#2408 = PLANE('',#2409);
#2409 = AXIS2_PLACEMENT_3D('',#2410,#2411,#2412);
#2410 = CARTESIAN_POINT('',(-0.85,-0.25,0.9));
#2411 = DIRECTION('',(0.,0.,-1.));
#2412 = DIRECTION('',(1.,-1.144237745222E-17,0.));
#2413 = ADVANCED_FACE('',(#2414,#2443),#2454,.T.);
#2414 = FACE_BOUND('',#2415,.T.);
#2415 = EDGE_LOOP('',(#2416,#2417,#2418,#2419,#2427,#2435,#2441,#2442));
#2416 = ORIENTED_EDGE('',*,*,#1149,.F.);
#2417 = ORIENTED_EDGE('',*,*,#1126,.F.);
#2418 = ORIENTED_EDGE('',*,*,#1097,.F.);
#2419 = ORIENTED_EDGE('',*,*,#2420,.F.);
#2420 = EDGE_CURVE('',#2421,#1098,#2423,.T.);
#2421 = VERTEX_POINT('',#2422);
#2422 = CARTESIAN_POINT('',(-0.646824228722,-1.333648457443,1.55));
#2423 = LINE('',#2424,#2425);
#2424 = CARTESIAN_POINT('',(-0.646824228722,-1.333648457443,1.55));
#2425 = VECTOR('',#2426,1.);
#2426 = DIRECTION('',(-0.707106781187,0.707106781187,0.));
#2427 = ORIENTED_EDGE('',*,*,#2428,.F.);
#2428 = EDGE_CURVE('',#2429,#2421,#2431,.T.);
#2429 = VERTEX_POINT('',#2430);
#2430 = CARTESIAN_POINT('',(0.646824228722,-1.333648457443,1.55));
#2431 = LINE('',#2432,#2433);
#2432 = CARTESIAN_POINT('',(0.646824228722,-1.333648457443,1.55));
#2433 = VECTOR('',#2434,1.);
#2434 = DIRECTION('',(-1.,-1.110223024625E-16,0.));
#2435 = ORIENTED_EDGE('',*,*,#2436,.F.);
#2436 = EDGE_CURVE('',#1221,#2429,#2437,.T.);
#2437 = LINE('',#2438,#2439);
#2438 = CARTESIAN_POINT('',(0.683648457443,-1.296824228722,1.55));
#2439 = VECTOR('',#2440,1.);
#2440 = DIRECTION('',(-0.707106781187,-0.707106781187,0.));
#2441 = ORIENTED_EDGE('',*,*,#1227,.F.);
#2442 = ORIENTED_EDGE('',*,*,#1172,.F.);
#2443 = FACE_BOUND('',#2444,.T.);
#2444 = EDGE_LOOP('',(#2445));
#2445 = ORIENTED_EDGE('',*,*,#2446,.T.);
#2446 = EDGE_CURVE('',#2447,#2447,#2449,.T.);
#2447 = VERTEX_POINT('',#2448);
#2448 = CARTESIAN_POINT('',(-0.483648457443,1.083648457443,1.55));
#2449 = CIRCLE('',#2450,5.E-02);
#2450 = AXIS2_PLACEMENT_3D('',#2451,#2452,#2453);
#2451 = CARTESIAN_POINT('',(-0.483648457443,1.133648457443,1.55));
#2452 = DIRECTION('',(0.,-0.,-1.));
#2453 = DIRECTION('',(1.110223024625E-16,-1.,0.));
#2454 = PLANE('',#2455);
#2455 = AXIS2_PLACEMENT_3D('',#2456,#2457,#2458);
#2456 = CARTESIAN_POINT('',(-0.646824228722,1.333648457443,1.55));
#2457 = DIRECTION('',(0.,0.,1.));
#2458 = DIRECTION('',(0.436386464522,-0.899759330922,0.));
#2459 = ADVANCED_FACE('',(#2460),#2470,.F.);
#2460 = FACE_BOUND('',#2461,.F.);
#2461 = EDGE_LOOP('',(#2462,#2463,#2464,#2465));
#2462 = ORIENTED_EDGE('',*,*,#1298,.T.);
#2463 = ORIENTED_EDGE('',*,*,#1105,.T.);
#2464 = ORIENTED_EDGE('',*,*,#2420,.F.);
#2465 = ORIENTED_EDGE('',*,*,#2466,.F.);
#2466 = EDGE_CURVE('',#1299,#2421,#2467,.T.);
#2467 = B_SPLINE_CURVE_WITH_KNOTS('',1,(#2468,#2469),.UNSPECIFIED.,.F.,
  .F.,(2,2),(0.,1.),.PIECEWISE_BEZIER_KNOTS.);
#2468 = CARTESIAN_POINT('',(-0.6925,-1.425,0.9));
#2469 = CARTESIAN_POINT('',(-0.646824228722,-1.333648457443,1.55));
#2470 = B_SPLINE_SURFACE_WITH_KNOTS('',1,1,(
    (#2471,#2472)
    ,(#2473,#2474
    )),.UNSPECIFIED.,.F.,.F.,.F.,(2,2),(2,2),(0.,0.116672618896),(0.,1.)
  ,.PIECEWISE_BEZIER_KNOTS.);
#2471 = CARTESIAN_POINT('',(-0.6925,-1.425,0.9));
#2472 = CARTESIAN_POINT('',(-0.646824228722,-1.333648457443,1.55));
#2473 = CARTESIAN_POINT('',(-0.775,-1.3425,0.9));
#2474 = CARTESIAN_POINT('',(-0.683648457443,-1.296824228722,1.55));
#2475 = ADVANCED_FACE('',(#2476),#2489,.F.);
#2476 = FACE_BOUND('',#2477,.F.);
#2477 = EDGE_LOOP('',(#2478,#2479,#2485,#2486,#2487,#2488));
#2478 = ORIENTED_EDGE('',*,*,#2239,.F.);
#2479 = ORIENTED_EDGE('',*,*,#2480,.T.);
#2480 = EDGE_CURVE('',#2231,#2340,#2481,.T.);
#2481 = LINE('',#2482,#2483);
#2482 = CARTESIAN_POINT('',(0.85,-0.7,0.9));
#2483 = VECTOR('',#2484,1.);
#2484 = DIRECTION('',(1.110223024625E-16,-1.,0.));
#2485 = ORIENTED_EDGE('',*,*,#2348,.T.);
#2486 = ORIENTED_EDGE('',*,*,#1280,.T.);
#2487 = ORIENTED_EDGE('',*,*,#1204,.F.);
#2488 = ORIENTED_EDGE('',*,*,#2146,.F.);
#2489 = PLANE('',#2490);
#2490 = AXIS2_PLACEMENT_3D('',#2491,#2492,#2493);
#2491 = CARTESIAN_POINT('',(0.85,-0.7,0.9));
#2492 = DIRECTION('',(0.,0.,-1.));
#2493 = DIRECTION('',(-1.,-1.110223024625E-16,-0.));
#2494 = ADVANCED_FACE('',(#2495),#2505,.F.);
#2495 = FACE_BOUND('',#2496,.F.);
#2496 = EDGE_LOOP('',(#2497,#2498,#2503,#2504));
#2497 = ORIENTED_EDGE('',*,*,#1314,.T.);
#2498 = ORIENTED_EDGE('',*,*,#2499,.T.);
#2499 = EDGE_CURVE('',#1307,#2429,#2500,.T.);
#2500 = B_SPLINE_CURVE_WITH_KNOTS('',1,(#2501,#2502),.UNSPECIFIED.,.F.,
  .F.,(2,2),(0.,1.),.PIECEWISE_BEZIER_KNOTS.);
#2501 = CARTESIAN_POINT('',(0.6925,-1.425,0.9));
#2502 = CARTESIAN_POINT('',(0.646824228722,-1.333648457443,1.55));
#2503 = ORIENTED_EDGE('',*,*,#2436,.F.);
#2504 = ORIENTED_EDGE('',*,*,#1220,.F.);
#2505 = B_SPLINE_SURFACE_WITH_KNOTS('',1,1,(
    (#2506,#2507)
    ,(#2508,#2509
    )),.UNSPECIFIED.,.F.,.F.,.F.,(2,2),(2,2),(0.,0.116672618896),(0.,1.)
  ,.PIECEWISE_BEZIER_KNOTS.);
#2506 = CARTESIAN_POINT('',(0.775,-1.3425,0.9));
#2507 = CARTESIAN_POINT('',(0.683648457443,-1.296824228722,1.55));
#2508 = CARTESIAN_POINT('',(0.6925,-1.425,0.9));
#2509 = CARTESIAN_POINT('',(0.646824228722,-1.333648457443,1.55));
#2510 = ADVANCED_FACE('',(#2511),#2522,.T.);
#2511 = FACE_BOUND('',#2512,.T.);
#2512 = EDGE_LOOP('',(#2513,#2514,#2515,#2516));
#2513 = ORIENTED_EDGE('',*,*,#2026,.T.);
#2514 = ORIENTED_EDGE('',*,*,#1250,.T.);
#2515 = ORIENTED_EDGE('',*,*,#2128,.F.);
#2516 = ORIENTED_EDGE('',*,*,#2517,.F.);
#2517 = EDGE_CURVE('',#2019,#2121,#2518,.T.);
#2518 = LINE('',#2519,#2520);
#2519 = CARTESIAN_POINT('',(1.096201938253,1.2,0.693412044417));
#2520 = VECTOR('',#2521,1.);
#2521 = DIRECTION('',(1.110223024625E-16,-1.,0.));
#2522 = CYLINDRICAL_SURFACE('',#2523,0.25);
#2523 = AXIS2_PLACEMENT_3D('',#2524,#2525,#2526);
#2524 = CARTESIAN_POINT('',(0.85,1.2,0.65));
#2525 = DIRECTION('',(-1.110223024625E-16,1.,0.));
#2526 = DIRECTION('',(0.984807753012,1.093356242223E-16,0.173648177667)
  );
#2527 = ADVANCED_FACE('',(#2528),#2534,.F.);
#2528 = FACE_BOUND('',#2529,.F.);
#2529 = EDGE_LOOP('',(#2530,#2531,#2532,#2533));
#2530 = ORIENTED_EDGE('',*,*,#1306,.T.);
#2531 = ORIENTED_EDGE('',*,*,#2466,.T.);
#2532 = ORIENTED_EDGE('',*,*,#2428,.F.);
#2533 = ORIENTED_EDGE('',*,*,#2499,.F.);
#2534 = B_SPLINE_SURFACE_WITH_KNOTS('',1,1,(
    (#2535,#2536)
    ,(#2537,#2538
    )),.UNSPECIFIED.,.F.,.F.,.F.,(2,2),(2,2),(0.,1.385),(0.,1.),
  .PIECEWISE_BEZIER_KNOTS.);
#2535 = CARTESIAN_POINT('',(0.6925,-1.425,0.9));
#2536 = CARTESIAN_POINT('',(0.646824228722,-1.333648457443,1.55));
#2537 = CARTESIAN_POINT('',(-0.6925,-1.425,0.9));
#2538 = CARTESIAN_POINT('',(-0.646824228722,-1.333648457443,1.55));
#2539 = ADVANCED_FACE('',(#2540),#2551,.T.);
#2540 = FACE_BOUND('',#2541,.T.);
#2541 = EDGE_LOOP('',(#2542,#2543,#2544,#2545));
#2542 = ORIENTED_EDGE('',*,*,#1398,.T.);
#2543 = ORIENTED_EDGE('',*,*,#2380,.T.);
#2544 = ORIENTED_EDGE('',*,*,#1507,.F.);
#2545 = ORIENTED_EDGE('',*,*,#2546,.F.);
#2546 = EDGE_CURVE('',#1391,#1500,#2547,.T.);
#2547 = LINE('',#2548,#2549);
#2548 = CARTESIAN_POINT('',(-1.096201938253,-1.2,0.693412044417));
#2549 = VECTOR('',#2550,1.);
#2550 = DIRECTION('',(1.144237745222E-17,1.,0.));
#2551 = CYLINDRICAL_SURFACE('',#2552,0.25);
#2552 = AXIS2_PLACEMENT_3D('',#2553,#2554,#2555);
#2553 = CARTESIAN_POINT('',(-0.85,-1.2,0.65));
#2554 = DIRECTION('',(-1.144237745222E-17,-1.,0.));
#2555 = DIRECTION('',(-0.984807753012,1.126854202784E-17,0.173648177667)
  );
#2556 = ADVANCED_FACE('',(#2557),#2568,.F.);
#2557 = FACE_BOUND('',#2558,.F.);
#2558 = EDGE_LOOP('',(#2559,#2565,#2566,#2567));
#2559 = ORIENTED_EDGE('',*,*,#2560,.T.);
#2560 = EDGE_CURVE('',#1382,#1491,#2561,.T.);
#2561 = LINE('',#2562,#2563);
#2562 = CARTESIAN_POINT('',(-1.172050016982,-1.2,0.232635182233));
#2563 = VECTOR('',#2564,1.);
#2564 = DIRECTION('',(1.144237745222E-17,1.,0.));
#2565 = ORIENTED_EDGE('',*,*,#1499,.T.);
#2566 = ORIENTED_EDGE('',*,*,#2546,.F.);
#2567 = ORIENTED_EDGE('',*,*,#1390,.F.);
#2568 = PLANE('',#2569);
#2569 = AXIS2_PLACEMENT_3D('',#2570,#2571,#2572);
#2570 = CARTESIAN_POINT('',(-1.172050016982,-1.2,0.232635182233));
#2571 = DIRECTION('',(0.986721169868,-1.129043606572E-17,-0.162423314012
    ));
#2572 = DIRECTION('',(0.162423314012,-1.858508865964E-18,0.986721169868)
  );
#2573 = ADVANCED_FACE('',(#2574),#2585,.F.);
#2574 = FACE_BOUND('',#2575,.F.);
#2575 = EDGE_LOOP('',(#2576,#2582,#2583,#2584));
#2576 = ORIENTED_EDGE('',*,*,#2577,.T.);
#2577 = EDGE_CURVE('',#1374,#1483,#2578,.T.);
#2578 = LINE('',#2579,#2580);
#2579 = CARTESIAN_POINT('',(-1.270530792283,-1.2,0.15));
#2580 = VECTOR('',#2581,1.);
#2581 = DIRECTION('',(1.144237745222E-17,1.,0.));
#2582 = ORIENTED_EDGE('',*,*,#1490,.T.);
#2583 = ORIENTED_EDGE('',*,*,#2560,.F.);
#2584 = ORIENTED_EDGE('',*,*,#1381,.F.);
#2585 = CYLINDRICAL_SURFACE('',#2586,0.1);
#2586 = AXIS2_PLACEMENT_3D('',#2587,#2588,#2589);
#2587 = CARTESIAN_POINT('',(-1.270530792283,-1.2,0.25));
#2588 = DIRECTION('',(-1.144237745222E-17,-1.,0.));
#2589 = DIRECTION('',(-2.22044604925E-15,2.540718180781E-32,-1.));
#2590 = ADVANCED_FACE('',(#2591),#2602,.F.);
#2591 = FACE_BOUND('',#2592,.F.);
#2592 = EDGE_LOOP('',(#2593,#2599,#2600,#2601));
#2593 = ORIENTED_EDGE('',*,*,#2594,.T.);
#2594 = EDGE_CURVE('',#1366,#1475,#2595,.T.);
#2595 = LINE('',#2596,#2597);
#2596 = CARTESIAN_POINT('',(-1.4,-1.2,0.15));
#2597 = VECTOR('',#2598,1.);
#2598 = DIRECTION('',(1.144237745222E-17,1.,0.));
#2599 = ORIENTED_EDGE('',*,*,#1482,.T.);
#2600 = ORIENTED_EDGE('',*,*,#2577,.F.);
#2601 = ORIENTED_EDGE('',*,*,#1373,.F.);
#2602 = PLANE('',#2603);
#2603 = AXIS2_PLACEMENT_3D('',#2604,#2605,#2606);
#2604 = CARTESIAN_POINT('',(-1.4,-1.2,0.15));
#2605 = DIRECTION('',(0.,0.,-1.));
#2606 = DIRECTION('',(1.,-1.144237745222E-17,0.));
#2607 = ADVANCED_FACE('',(#2608),#2619,.F.);
#2608 = FACE_BOUND('',#2609,.F.);
#2609 = EDGE_LOOP('',(#2610,#2616,#2617,#2618));
#2610 = ORIENTED_EDGE('',*,*,#2611,.T.);
#2611 = EDGE_CURVE('',#1358,#1467,#2612,.T.);
#2612 = LINE('',#2613,#2614);
#2613 = CARTESIAN_POINT('',(-1.4,-1.2,0.));
#2614 = VECTOR('',#2615,1.);
#2615 = DIRECTION('',(1.144237745222E-17,1.,0.));
#2616 = ORIENTED_EDGE('',*,*,#1474,.T.);
#2617 = ORIENTED_EDGE('',*,*,#2594,.F.);
#2618 = ORIENTED_EDGE('',*,*,#1365,.F.);
#2619 = PLANE('',#2620);
#2620 = AXIS2_PLACEMENT_3D('',#2621,#2622,#2623);
#2621 = CARTESIAN_POINT('',(-1.4,-1.2,0.));
#2622 = DIRECTION('',(1.,-1.144237745222E-17,0.));
#2623 = DIRECTION('',(0.,0.,1.));
#2624 = ADVANCED_FACE('',(#2625),#2636,.F.);
#2625 = FACE_BOUND('',#2626,.F.);
#2626 = EDGE_LOOP('',(#2627,#2633,#2634,#2635));
#2627 = ORIENTED_EDGE('',*,*,#2628,.T.);
#2628 = EDGE_CURVE('',#1349,#1458,#2629,.T.);
#2629 = LINE('',#2630,#2631);
#2630 = CARTESIAN_POINT('',(-1.270530792283,-1.2,0.));
#2631 = VECTOR('',#2632,1.);
#2632 = DIRECTION('',(1.144237745222E-17,1.,0.));
#2633 = ORIENTED_EDGE('',*,*,#1466,.T.);
#2634 = ORIENTED_EDGE('',*,*,#2611,.F.);
#2635 = ORIENTED_EDGE('',*,*,#1357,.F.);
#2636 = PLANE('',#2637);
#2637 = AXIS2_PLACEMENT_3D('',#2638,#2639,#2640);
#2638 = CARTESIAN_POINT('',(-1.270530792283,-1.2,0.));
#2639 = DIRECTION('',(0.,0.,1.));
#2640 = DIRECTION('',(-1.,1.144237745222E-17,0.));
#2641 = ADVANCED_FACE('',(#2642),#2653,.T.);
#2642 = FACE_BOUND('',#2643,.T.);
#2643 = EDGE_LOOP('',(#2644,#2645,#2646,#2647));
#2644 = ORIENTED_EDGE('',*,*,#1348,.T.);
#2645 = ORIENTED_EDGE('',*,*,#2628,.T.);
#2646 = ORIENTED_EDGE('',*,*,#1457,.F.);
#2647 = ORIENTED_EDGE('',*,*,#2648,.F.);
#2648 = EDGE_CURVE('',#1341,#1450,#2649,.T.);
#2649 = LINE('',#2650,#2651);
#2650 = CARTESIAN_POINT('',(-1.02432885403,-1.2,0.206587955583));
#2651 = VECTOR('',#2652,1.);
#2652 = DIRECTION('',(1.144237745222E-17,1.,0.));
#2653 = CYLINDRICAL_SURFACE('',#2654,0.25);
#2654 = AXIS2_PLACEMENT_3D('',#2655,#2656,#2657);
#2655 = CARTESIAN_POINT('',(-1.270530792283,-1.2,0.25));
#2656 = DIRECTION('',(-1.144237745222E-17,-1.,0.));
#2657 = DIRECTION('',(0.984807753012,-1.126854202784E-17,-0.173648177667
    ));
#2658 = ADVANCED_FACE('',(#2659),#2665,.F.);
#2659 = FACE_BOUND('',#2660,.F.);
#2660 = EDGE_LOOP('',(#2661,#2662,#2663,#2664));
#2661 = ORIENTED_EDGE('',*,*,#1431,.T.);
#2662 = ORIENTED_EDGE('',*,*,#1449,.T.);
#2663 = ORIENTED_EDGE('',*,*,#2648,.F.);
#2664 = ORIENTED_EDGE('',*,*,#1340,.F.);
#2665 = PLANE('',#2666);
#2666 = AXIS2_PLACEMENT_3D('',#2667,#2668,#2669);
#2667 = CARTESIAN_POINT('',(-0.948480775301,-1.2,0.667364817767));
#2668 = DIRECTION('',(-0.986721169868,1.129043606572E-17,0.162423314012)
  );
#2669 = DIRECTION('',(-0.162423314012,1.858508865964E-18,-0.986721169868
    ));
#2670 = ADVANCED_FACE('',(#2671),#2682,.T.);
#2671 = FACE_BOUND('',#2672,.T.);
#2672 = EDGE_LOOP('',(#2673,#2674,#2675,#2676));
#2673 = ORIENTED_EDGE('',*,*,#1621,.T.);
#2674 = ORIENTED_EDGE('',*,*,#2399,.T.);
#2675 = ORIENTED_EDGE('',*,*,#1730,.F.);
#2676 = ORIENTED_EDGE('',*,*,#2677,.F.);
#2677 = EDGE_CURVE('',#1614,#1723,#2678,.T.);
#2678 = LINE('',#2679,#2680);
#2679 = CARTESIAN_POINT('',(-1.096201938253,-0.25,0.693412044417));
#2680 = VECTOR('',#2681,1.);
#2681 = DIRECTION('',(1.144237745222E-17,1.,0.));
#2682 = CYLINDRICAL_SURFACE('',#2683,0.25);
#2683 = AXIS2_PLACEMENT_3D('',#2684,#2685,#2686);
#2684 = CARTESIAN_POINT('',(-0.85,-0.25,0.65));
#2685 = DIRECTION('',(-1.144237745222E-17,-1.,0.));
#2686 = DIRECTION('',(-0.984807753012,1.126854202784E-17,0.173648177667)
  );
#2687 = ADVANCED_FACE('',(#2688),#2699,.F.);
#2688 = FACE_BOUND('',#2689,.F.);
#2689 = EDGE_LOOP('',(#2690,#2696,#2697,#2698));
#2690 = ORIENTED_EDGE('',*,*,#2691,.T.);
#2691 = EDGE_CURVE('',#1605,#1714,#2692,.T.);
#2692 = LINE('',#2693,#2694);
#2693 = CARTESIAN_POINT('',(-1.172050016982,-0.25,0.232635182233));
#2694 = VECTOR('',#2695,1.);
#2695 = DIRECTION('',(1.144237745222E-17,1.,0.));
#2696 = ORIENTED_EDGE('',*,*,#1722,.T.);
#2697 = ORIENTED_EDGE('',*,*,#2677,.F.);
#2698 = ORIENTED_EDGE('',*,*,#1613,.F.);
#2699 = PLANE('',#2700);
#2700 = AXIS2_PLACEMENT_3D('',#2701,#2702,#2703);
#2701 = CARTESIAN_POINT('',(-1.172050016982,-0.25,0.232635182233));
#2702 = DIRECTION('',(0.986721169868,-1.129043606572E-17,-0.162423314012
    ));
#2703 = DIRECTION('',(0.162423314012,-1.858508865964E-18,0.986721169868)
  );
#2704 = ADVANCED_FACE('',(#2705),#2716,.F.);
#2705 = FACE_BOUND('',#2706,.F.);
#2706 = EDGE_LOOP('',(#2707,#2713,#2714,#2715));
#2707 = ORIENTED_EDGE('',*,*,#2708,.T.);
#2708 = EDGE_CURVE('',#1597,#1706,#2709,.T.);
#2709 = LINE('',#2710,#2711);
#2710 = CARTESIAN_POINT('',(-1.270530792283,-0.25,0.15));
#2711 = VECTOR('',#2712,1.);
#2712 = DIRECTION('',(1.144237745222E-17,1.,0.));
#2713 = ORIENTED_EDGE('',*,*,#1713,.T.);
#2714 = ORIENTED_EDGE('',*,*,#2691,.F.);
#2715 = ORIENTED_EDGE('',*,*,#1604,.F.);
#2716 = CYLINDRICAL_SURFACE('',#2717,0.1);
#2717 = AXIS2_PLACEMENT_3D('',#2718,#2719,#2720);
#2718 = CARTESIAN_POINT('',(-1.270530792283,-0.25,0.25));
#2719 = DIRECTION('',(-1.144237745222E-17,-1.,0.));
#2720 = DIRECTION('',(-2.22044604925E-15,2.540718180781E-32,-1.));
#2721 = ADVANCED_FACE('',(#2722),#2733,.F.);
#2722 = FACE_BOUND('',#2723,.F.);
#2723 = EDGE_LOOP('',(#2724,#2730,#2731,#2732));
#2724 = ORIENTED_EDGE('',*,*,#2725,.T.);
#2725 = EDGE_CURVE('',#1589,#1698,#2726,.T.);
#2726 = LINE('',#2727,#2728);
#2727 = CARTESIAN_POINT('',(-1.4,-0.25,0.15));
#2728 = VECTOR('',#2729,1.);
#2729 = DIRECTION('',(1.144237745222E-17,1.,0.));
#2730 = ORIENTED_EDGE('',*,*,#1705,.T.);
#2731 = ORIENTED_EDGE('',*,*,#2708,.F.);
#2732 = ORIENTED_EDGE('',*,*,#1596,.F.);
#2733 = PLANE('',#2734);
#2734 = AXIS2_PLACEMENT_3D('',#2735,#2736,#2737);
#2735 = CARTESIAN_POINT('',(-1.4,-0.25,0.15));
#2736 = DIRECTION('',(0.,0.,-1.));
#2737 = DIRECTION('',(1.,-1.144237745222E-17,0.));
#2738 = ADVANCED_FACE('',(#2739),#2750,.F.);
#2739 = FACE_BOUND('',#2740,.F.);
#2740 = EDGE_LOOP('',(#2741,#2747,#2748,#2749));
#2741 = ORIENTED_EDGE('',*,*,#2742,.T.);
#2742 = EDGE_CURVE('',#1581,#1690,#2743,.T.);
#2743 = LINE('',#2744,#2745);
#2744 = CARTESIAN_POINT('',(-1.4,-0.25,0.));
#2745 = VECTOR('',#2746,1.);
#2746 = DIRECTION('',(1.144237745222E-17,1.,0.));
#2747 = ORIENTED_EDGE('',*,*,#1697,.T.);
#2748 = ORIENTED_EDGE('',*,*,#2725,.F.);
#2749 = ORIENTED_EDGE('',*,*,#1588,.F.);
#2750 = PLANE('',#2751);
#2751 = AXIS2_PLACEMENT_3D('',#2752,#2753,#2754);
#2752 = CARTESIAN_POINT('',(-1.4,-0.25,0.));
#2753 = DIRECTION('',(1.,-1.144237745222E-17,0.));
#2754 = DIRECTION('',(0.,0.,1.));
#2755 = ADVANCED_FACE('',(#2756),#2767,.F.);
#2756 = FACE_BOUND('',#2757,.F.);
#2757 = EDGE_LOOP('',(#2758,#2764,#2765,#2766));
#2758 = ORIENTED_EDGE('',*,*,#2759,.T.);
#2759 = EDGE_CURVE('',#1572,#1681,#2760,.T.);
#2760 = LINE('',#2761,#2762);
#2761 = CARTESIAN_POINT('',(-1.270530792283,-0.25,0.));
#2762 = VECTOR('',#2763,1.);
#2763 = DIRECTION('',(1.144237745222E-17,1.,0.));
#2764 = ORIENTED_EDGE('',*,*,#1689,.T.);
#2765 = ORIENTED_EDGE('',*,*,#2742,.F.);
#2766 = ORIENTED_EDGE('',*,*,#1580,.F.);
#2767 = PLANE('',#2768);
#2768 = AXIS2_PLACEMENT_3D('',#2769,#2770,#2771);
#2769 = CARTESIAN_POINT('',(-1.270530792283,-0.25,0.));
#2770 = DIRECTION('',(0.,0.,1.));
#2771 = DIRECTION('',(-1.,1.144237745222E-17,0.));
#2772 = ADVANCED_FACE('',(#2773),#2784,.T.);
#2773 = FACE_BOUND('',#2774,.T.);
#2774 = EDGE_LOOP('',(#2775,#2776,#2777,#2778));
#2775 = ORIENTED_EDGE('',*,*,#1571,.T.);
#2776 = ORIENTED_EDGE('',*,*,#2759,.T.);
#2777 = ORIENTED_EDGE('',*,*,#1680,.F.);
#2778 = ORIENTED_EDGE('',*,*,#2779,.F.);
#2779 = EDGE_CURVE('',#1564,#1673,#2780,.T.);
#2780 = LINE('',#2781,#2782);
#2781 = CARTESIAN_POINT('',(-1.02432885403,-0.25,0.206587955583));
#2782 = VECTOR('',#2783,1.);
#2783 = DIRECTION('',(1.144237745222E-17,1.,0.));
#2784 = CYLINDRICAL_SURFACE('',#2785,0.25);
#2785 = AXIS2_PLACEMENT_3D('',#2786,#2787,#2788);
#2786 = CARTESIAN_POINT('',(-1.270530792283,-0.25,0.25));
#2787 = DIRECTION('',(-1.144237745222E-17,-1.,0.));
#2788 = DIRECTION('',(0.984807753012,-1.126854202784E-17,-0.173648177667
    ));
#2789 = ADVANCED_FACE('',(#2790),#2796,.F.);
#2790 = FACE_BOUND('',#2791,.F.);
#2791 = EDGE_LOOP('',(#2792,#2793,#2794,#2795));
#2792 = ORIENTED_EDGE('',*,*,#1654,.T.);
#2793 = ORIENTED_EDGE('',*,*,#1672,.T.);
#2794 = ORIENTED_EDGE('',*,*,#2779,.F.);
#2795 = ORIENTED_EDGE('',*,*,#1563,.F.);
#2796 = PLANE('',#2797);
#2797 = AXIS2_PLACEMENT_3D('',#2798,#2799,#2800);
#2798 = CARTESIAN_POINT('',(-0.948480775301,-0.25,0.667364817767));
#2799 = DIRECTION('',(-0.986721169868,1.129043606572E-17,0.162423314012)
  );
#2800 = DIRECTION('',(-0.162423314012,1.858508865964E-18,-0.986721169868
    ));
#2801 = ADVANCED_FACE('',(#2802),#2813,.F.);
#2802 = FACE_BOUND('',#2803,.F.);
#2803 = EDGE_LOOP('',(#2804,#2810,#2811,#2812));
#2804 = ORIENTED_EDGE('',*,*,#2805,.T.);
#2805 = EDGE_CURVE('',#1823,#1925,#2806,.T.);
#2806 = LINE('',#2807,#2808);
#2807 = CARTESIAN_POINT('',(-1.172050016982,0.7,0.232635182233));
#2808 = VECTOR('',#2809,1.);
#2809 = DIRECTION('',(1.144237745222E-17,1.,0.));
#2810 = ORIENTED_EDGE('',*,*,#1933,.T.);
#2811 = ORIENTED_EDGE('',*,*,#2365,.F.);
#2812 = ORIENTED_EDGE('',*,*,#1831,.F.);
#2813 = PLANE('',#2814);
#2814 = AXIS2_PLACEMENT_3D('',#2815,#2816,#2817);
#2815 = CARTESIAN_POINT('',(-1.172050016982,0.7,0.232635182233));
#2816 = DIRECTION('',(0.986721169868,-1.129043606572E-17,-0.162423314012
    ));
#2817 = DIRECTION('',(0.162423314012,-1.858508865964E-18,0.986721169868)
  );
#2818 = ADVANCED_FACE('',(#2819),#2830,.F.);
#2819 = FACE_BOUND('',#2820,.F.);
#2820 = EDGE_LOOP('',(#2821,#2827,#2828,#2829));
#2821 = ORIENTED_EDGE('',*,*,#2822,.T.);
#2822 = EDGE_CURVE('',#1815,#1917,#2823,.T.);
#2823 = LINE('',#2824,#2825);
#2824 = CARTESIAN_POINT('',(-1.270530792283,0.7,0.15));
#2825 = VECTOR('',#2826,1.);
#2826 = DIRECTION('',(1.144237745222E-17,1.,0.));
#2827 = ORIENTED_EDGE('',*,*,#1924,.T.);
#2828 = ORIENTED_EDGE('',*,*,#2805,.F.);
#2829 = ORIENTED_EDGE('',*,*,#1822,.F.);
#2830 = CYLINDRICAL_SURFACE('',#2831,0.1);
#2831 = AXIS2_PLACEMENT_3D('',#2832,#2833,#2834);
#2832 = CARTESIAN_POINT('',(-1.270530792283,0.7,0.25));
#2833 = DIRECTION('',(-1.144237745222E-17,-1.,0.));
#2834 = DIRECTION('',(-2.22044604925E-15,2.540718180781E-32,-1.));
#2835 = ADVANCED_FACE('',(#2836),#2847,.F.);
#2836 = FACE_BOUND('',#2837,.F.);
#2837 = EDGE_LOOP('',(#2838,#2844,#2845,#2846));
#2838 = ORIENTED_EDGE('',*,*,#2839,.T.);
#2839 = EDGE_CURVE('',#1807,#1909,#2840,.T.);
#2840 = LINE('',#2841,#2842);
#2841 = CARTESIAN_POINT('',(-1.4,0.7,0.15));
#2842 = VECTOR('',#2843,1.);
#2843 = DIRECTION('',(1.144237745222E-17,1.,0.));
#2844 = ORIENTED_EDGE('',*,*,#1916,.T.);
#2845 = ORIENTED_EDGE('',*,*,#2822,.F.);
#2846 = ORIENTED_EDGE('',*,*,#1814,.F.);
#2847 = PLANE('',#2848);
#2848 = AXIS2_PLACEMENT_3D('',#2849,#2850,#2851);
#2849 = CARTESIAN_POINT('',(-1.4,0.7,0.15));
#2850 = DIRECTION('',(0.,0.,-1.));
#2851 = DIRECTION('',(1.,-1.144237745222E-17,0.));
#2852 = ADVANCED_FACE('',(#2853),#2864,.F.);
#2853 = FACE_BOUND('',#2854,.F.);
#2854 = EDGE_LOOP('',(#2855,#2861,#2862,#2863));
#2855 = ORIENTED_EDGE('',*,*,#2856,.T.);
#2856 = EDGE_CURVE('',#1799,#1901,#2857,.T.);
#2857 = LINE('',#2858,#2859);
#2858 = CARTESIAN_POINT('',(-1.4,0.7,0.));
#2859 = VECTOR('',#2860,1.);
#2860 = DIRECTION('',(1.144237745222E-17,1.,0.));
#2861 = ORIENTED_EDGE('',*,*,#1908,.T.);
#2862 = ORIENTED_EDGE('',*,*,#2839,.F.);
#2863 = ORIENTED_EDGE('',*,*,#1806,.F.);
#2864 = PLANE('',#2865);
#2865 = AXIS2_PLACEMENT_3D('',#2866,#2867,#2868);
#2866 = CARTESIAN_POINT('',(-1.4,0.7,0.));
#2867 = DIRECTION('',(1.,-1.144237745222E-17,0.));
#2868 = DIRECTION('',(0.,0.,1.));
#2869 = ADVANCED_FACE('',(#2870),#2881,.F.);
#2870 = FACE_BOUND('',#2871,.F.);
#2871 = EDGE_LOOP('',(#2872,#2878,#2879,#2880));
#2872 = ORIENTED_EDGE('',*,*,#2873,.T.);
#2873 = EDGE_CURVE('',#1790,#1892,#2874,.T.);
#2874 = LINE('',#2875,#2876);
#2875 = CARTESIAN_POINT('',(-1.270530792283,0.7,0.));
#2876 = VECTOR('',#2877,1.);
#2877 = DIRECTION('',(1.144237745222E-17,1.,0.));
#2878 = ORIENTED_EDGE('',*,*,#1900,.T.);
#2879 = ORIENTED_EDGE('',*,*,#2856,.F.);
#2880 = ORIENTED_EDGE('',*,*,#1798,.F.);
#2881 = PLANE('',#2882);
#2882 = AXIS2_PLACEMENT_3D('',#2883,#2884,#2885);
#2883 = CARTESIAN_POINT('',(-1.270530792283,0.7,0.));
#2884 = DIRECTION('',(0.,0.,1.));
#2885 = DIRECTION('',(-1.,1.144237745222E-17,0.));
#2886 = ADVANCED_FACE('',(#2887),#2898,.T.);
#2887 = FACE_BOUND('',#2888,.T.);
#2888 = EDGE_LOOP('',(#2889,#2890,#2891,#2892));
#2889 = ORIENTED_EDGE('',*,*,#1789,.T.);
#2890 = ORIENTED_EDGE('',*,*,#2873,.T.);
#2891 = ORIENTED_EDGE('',*,*,#1891,.F.);
#2892 = ORIENTED_EDGE('',*,*,#2893,.F.);
#2893 = EDGE_CURVE('',#1782,#1884,#2894,.T.);
#2894 = LINE('',#2895,#2896);
#2895 = CARTESIAN_POINT('',(-1.02432885403,0.7,0.206587955583));
#2896 = VECTOR('',#2897,1.);
#2897 = DIRECTION('',(1.144237745222E-17,1.,0.));
#2898 = CYLINDRICAL_SURFACE('',#2899,0.25);
#2899 = AXIS2_PLACEMENT_3D('',#2900,#2901,#2902);
#2900 = CARTESIAN_POINT('',(-1.270530792283,0.7,0.25));
#2901 = DIRECTION('',(-1.144237745222E-17,-1.,0.));
#2902 = DIRECTION('',(0.984807753012,-1.126854202784E-17,-0.173648177667
    ));
#2903 = ADVANCED_FACE('',(#2904),#2910,.F.);
#2904 = FACE_BOUND('',#2905,.F.);
#2905 = EDGE_LOOP('',(#2906,#2907,#2908,#2909));
#2906 = ORIENTED_EDGE('',*,*,#1865,.T.);
#2907 = ORIENTED_EDGE('',*,*,#1883,.T.);
#2908 = ORIENTED_EDGE('',*,*,#2893,.F.);
#2909 = ORIENTED_EDGE('',*,*,#1781,.F.);
#2910 = PLANE('',#2911);
#2911 = AXIS2_PLACEMENT_3D('',#2912,#2913,#2914);
#2912 = CARTESIAN_POINT('',(-0.948480775301,0.7,0.667364817767));
#2913 = DIRECTION('',(-0.986721169868,1.129043606572E-17,0.162423314012)
  );
#2914 = DIRECTION('',(-0.162423314012,1.858508865964E-18,-0.986721169868
    ));
#2915 = ADVANCED_FACE('',(#2916),#2927,.F.);
#2916 = FACE_BOUND('',#2917,.F.);
#2917 = EDGE_LOOP('',(#2918,#2924,#2925,#2926));
#2918 = ORIENTED_EDGE('',*,*,#2919,.T.);
#2919 = EDGE_CURVE('',#2010,#2112,#2920,.T.);
#2920 = LINE('',#2921,#2922);
#2921 = CARTESIAN_POINT('',(1.172050016982,1.2,0.232635182233));
#2922 = VECTOR('',#2923,1.);
#2923 = DIRECTION('',(1.110223024625E-16,-1.,0.));
#2924 = ORIENTED_EDGE('',*,*,#2120,.T.);
#2925 = ORIENTED_EDGE('',*,*,#2517,.F.);
#2926 = ORIENTED_EDGE('',*,*,#2018,.F.);
#2927 = PLANE('',#2928);
#2928 = AXIS2_PLACEMENT_3D('',#2929,#2930,#2931);
#2929 = CARTESIAN_POINT('',(1.172050016982,1.2,0.232635182233));
#2930 = DIRECTION('',(-0.986721169868,-1.095480561672E-16,
    -0.162423314012));
#2931 = DIRECTION('',(-0.162423314012,-1.803261029519E-17,0.986721169868
    ));
#2932 = ADVANCED_FACE('',(#2933),#2944,.F.);
#2933 = FACE_BOUND('',#2934,.F.);
#2934 = EDGE_LOOP('',(#2935,#2941,#2942,#2943));
#2935 = ORIENTED_EDGE('',*,*,#2936,.T.);
#2936 = EDGE_CURVE('',#2002,#2104,#2937,.T.);
#2937 = LINE('',#2938,#2939);
#2938 = CARTESIAN_POINT('',(1.270530792283,1.2,0.15));
#2939 = VECTOR('',#2940,1.);
#2940 = DIRECTION('',(1.110223024625E-16,-1.,0.));
#2941 = ORIENTED_EDGE('',*,*,#2111,.T.);
#2942 = ORIENTED_EDGE('',*,*,#2919,.F.);
#2943 = ORIENTED_EDGE('',*,*,#2009,.F.);
#2944 = CYLINDRICAL_SURFACE('',#2945,0.1);
#2945 = AXIS2_PLACEMENT_3D('',#2946,#2947,#2948);
#2946 = CARTESIAN_POINT('',(1.270530792283,1.2,0.25));
#2947 = DIRECTION('',(-1.110223024625E-16,1.,0.));
#2948 = DIRECTION('',(2.22044604925E-15,2.465190328815E-31,-1.));
#2949 = ADVANCED_FACE('',(#2950),#2961,.F.);
#2950 = FACE_BOUND('',#2951,.F.);
#2951 = EDGE_LOOP('',(#2952,#2958,#2959,#2960));
#2952 = ORIENTED_EDGE('',*,*,#2953,.T.);
#2953 = EDGE_CURVE('',#1994,#2096,#2954,.T.);
#2954 = LINE('',#2955,#2956);
#2955 = CARTESIAN_POINT('',(1.4,1.2,0.15));
#2956 = VECTOR('',#2957,1.);
#2957 = DIRECTION('',(1.110223024625E-16,-1.,0.));
#2958 = ORIENTED_EDGE('',*,*,#2103,.T.);
#2959 = ORIENTED_EDGE('',*,*,#2936,.F.);
#2960 = ORIENTED_EDGE('',*,*,#2001,.F.);
#2961 = PLANE('',#2962);
#2962 = AXIS2_PLACEMENT_3D('',#2963,#2964,#2965);
#2963 = CARTESIAN_POINT('',(1.4,1.2,0.15));
#2964 = DIRECTION('',(0.,0.,-1.));
#2965 = DIRECTION('',(-1.,-1.110223024625E-16,-0.));
#2966 = ADVANCED_FACE('',(#2967),#2978,.F.);
#2967 = FACE_BOUND('',#2968,.F.);
#2968 = EDGE_LOOP('',(#2969,#2975,#2976,#2977));
#2969 = ORIENTED_EDGE('',*,*,#2970,.T.);
#2970 = EDGE_CURVE('',#1986,#2088,#2971,.T.);
#2971 = LINE('',#2972,#2973);
#2972 = CARTESIAN_POINT('',(1.4,1.2,0.));
#2973 = VECTOR('',#2974,1.);
#2974 = DIRECTION('',(1.110223024625E-16,-1.,0.));
#2975 = ORIENTED_EDGE('',*,*,#2095,.T.);
#2976 = ORIENTED_EDGE('',*,*,#2953,.F.);
#2977 = ORIENTED_EDGE('',*,*,#1993,.F.);
#2978 = PLANE('',#2979);
#2979 = AXIS2_PLACEMENT_3D('',#2980,#2981,#2982);
#2980 = CARTESIAN_POINT('',(1.4,1.2,0.));
#2981 = DIRECTION('',(-1.,-1.110223024625E-16,0.));
#2982 = DIRECTION('',(0.,0.,1.));
#2983 = ADVANCED_FACE('',(#2984),#2995,.F.);
#2984 = FACE_BOUND('',#2985,.F.);
#2985 = EDGE_LOOP('',(#2986,#2992,#2993,#2994));
#2986 = ORIENTED_EDGE('',*,*,#2987,.T.);
#2987 = EDGE_CURVE('',#1977,#2079,#2988,.T.);
#2988 = LINE('',#2989,#2990);
#2989 = CARTESIAN_POINT('',(1.270530792283,1.2,0.));
#2990 = VECTOR('',#2991,1.);
#2991 = DIRECTION('',(1.110223024625E-16,-1.,0.));
#2992 = ORIENTED_EDGE('',*,*,#2087,.T.);
#2993 = ORIENTED_EDGE('',*,*,#2970,.F.);
#2994 = ORIENTED_EDGE('',*,*,#1985,.F.);
#2995 = PLANE('',#2996);
#2996 = AXIS2_PLACEMENT_3D('',#2997,#2998,#2999);
#2997 = CARTESIAN_POINT('',(1.270530792283,1.2,0.));
#2998 = DIRECTION('',(0.,0.,1.));
#2999 = DIRECTION('',(1.,1.110223024625E-16,-0.));
#3000 = ADVANCED_FACE('',(#3001),#3012,.T.);
#3001 = FACE_BOUND('',#3002,.T.);
#3002 = EDGE_LOOP('',(#3003,#3004,#3005,#3006));
#3003 = ORIENTED_EDGE('',*,*,#1976,.T.);
#3004 = ORIENTED_EDGE('',*,*,#2987,.T.);
#3005 = ORIENTED_EDGE('',*,*,#2078,.F.);
#3006 = ORIENTED_EDGE('',*,*,#3007,.F.);
#3007 = EDGE_CURVE('',#1969,#2071,#3008,.T.);
#3008 = LINE('',#3009,#3010);
#3009 = CARTESIAN_POINT('',(1.02432885403,1.2,0.206587955583));
#3010 = VECTOR('',#3011,1.);
#3011 = DIRECTION('',(1.110223024625E-16,-1.,0.));
#3012 = CYLINDRICAL_SURFACE('',#3013,0.25);
#3013 = AXIS2_PLACEMENT_3D('',#3014,#3015,#3016);
#3014 = CARTESIAN_POINT('',(1.270530792283,1.2,0.25));
#3015 = DIRECTION('',(-1.110223024625E-16,1.,0.));
#3016 = DIRECTION('',(-0.984807753012,-1.093356242223E-16,
    -0.173648177667));
#3017 = ADVANCED_FACE('',(#3018),#3024,.F.);
#3018 = FACE_BOUND('',#3019,.F.);
#3019 = EDGE_LOOP('',(#3020,#3021,#3022,#3023));
#3020 = ORIENTED_EDGE('',*,*,#2052,.T.);
#3021 = ORIENTED_EDGE('',*,*,#2070,.T.);
#3022 = ORIENTED_EDGE('',*,*,#3007,.F.);
#3023 = ORIENTED_EDGE('',*,*,#1968,.F.);
#3024 = PLANE('',#3025);
#3025 = AXIS2_PLACEMENT_3D('',#3026,#3027,#3028);
#3026 = CARTESIAN_POINT('',(0.948480775301,1.2,0.667364817767));
#3027 = DIRECTION('',(0.986721169868,1.095480561672E-16,0.162423314012)
  );
#3028 = DIRECTION('',(0.162423314012,1.803261029519E-17,-0.986721169868)
  );
#3029 = ADVANCED_FACE('',(#3030),#3041,.T.);
#3030 = FACE_BOUND('',#3031,.T.);
#3031 = EDGE_LOOP('',(#3032,#3033,#3034,#3035));
#3032 = ORIENTED_EDGE('',*,*,#2230,.T.);
#3033 = ORIENTED_EDGE('',*,*,#2480,.T.);
#3034 = ORIENTED_EDGE('',*,*,#2339,.F.);
#3035 = ORIENTED_EDGE('',*,*,#3036,.F.);
#3036 = EDGE_CURVE('',#2223,#2332,#3037,.T.);
#3037 = LINE('',#3038,#3039);
#3038 = CARTESIAN_POINT('',(1.096201938253,-0.7,0.693412044417));
#3039 = VECTOR('',#3040,1.);
#3040 = DIRECTION('',(1.110223024625E-16,-1.,0.));
#3041 = CYLINDRICAL_SURFACE('',#3042,0.25);
#3042 = AXIS2_PLACEMENT_3D('',#3043,#3044,#3045);
#3043 = CARTESIAN_POINT('',(0.85,-0.7,0.65));
#3044 = DIRECTION('',(-1.110223024625E-16,1.,0.));
#3045 = DIRECTION('',(0.984807753012,1.093356242223E-16,0.173648177667)
  );
#3046 = ADVANCED_FACE('',(#3047),#3058,.F.);
#3047 = FACE_BOUND('',#3048,.F.);
#3048 = EDGE_LOOP('',(#3049,#3055,#3056,#3057));
#3049 = ORIENTED_EDGE('',*,*,#3050,.T.);
#3050 = EDGE_CURVE('',#2214,#2323,#3051,.T.);
#3051 = LINE('',#3052,#3053);
#3052 = CARTESIAN_POINT('',(1.172050016982,-0.7,0.232635182233));
#3053 = VECTOR('',#3054,1.);
#3054 = DIRECTION('',(1.110223024625E-16,-1.,0.));
#3055 = ORIENTED_EDGE('',*,*,#2331,.T.);
#3056 = ORIENTED_EDGE('',*,*,#3036,.F.);
#3057 = ORIENTED_EDGE('',*,*,#2222,.F.);
#3058 = PLANE('',#3059);
#3059 = AXIS2_PLACEMENT_3D('',#3060,#3061,#3062);
#3060 = CARTESIAN_POINT('',(1.172050016982,-0.7,0.232635182233));
#3061 = DIRECTION('',(-0.986721169868,-1.095480561672E-16,
    -0.162423314012));
#3062 = DIRECTION('',(-0.162423314012,-1.803261029519E-17,0.986721169868
    ));
#3063 = ADVANCED_FACE('',(#3064),#3075,.F.);
#3064 = FACE_BOUND('',#3065,.F.);
#3065 = EDGE_LOOP('',(#3066,#3072,#3073,#3074));
#3066 = ORIENTED_EDGE('',*,*,#3067,.T.);
#3067 = EDGE_CURVE('',#2206,#2315,#3068,.T.);
#3068 = LINE('',#3069,#3070);
#3069 = CARTESIAN_POINT('',(1.270530792283,-0.7,0.15));
#3070 = VECTOR('',#3071,1.);
#3071 = DIRECTION('',(1.110223024625E-16,-1.,0.));
#3072 = ORIENTED_EDGE('',*,*,#2322,.T.);
#3073 = ORIENTED_EDGE('',*,*,#3050,.F.);
#3074 = ORIENTED_EDGE('',*,*,#2213,.F.);
#3075 = CYLINDRICAL_SURFACE('',#3076,0.1);
#3076 = AXIS2_PLACEMENT_3D('',#3077,#3078,#3079);
#3077 = CARTESIAN_POINT('',(1.270530792283,-0.7,0.25));
#3078 = DIRECTION('',(-1.110223024625E-16,1.,0.));
#3079 = DIRECTION('',(2.22044604925E-15,2.465190328815E-31,-1.));
#3080 = ADVANCED_FACE('',(#3081),#3092,.F.);
#3081 = FACE_BOUND('',#3082,.F.);
#3082 = EDGE_LOOP('',(#3083,#3089,#3090,#3091));
#3083 = ORIENTED_EDGE('',*,*,#3084,.T.);
#3084 = EDGE_CURVE('',#2198,#2307,#3085,.T.);
#3085 = LINE('',#3086,#3087);
#3086 = CARTESIAN_POINT('',(1.4,-0.7,0.15));
#3087 = VECTOR('',#3088,1.);
#3088 = DIRECTION('',(1.110223024625E-16,-1.,0.));
#3089 = ORIENTED_EDGE('',*,*,#2314,.T.);
#3090 = ORIENTED_EDGE('',*,*,#3067,.F.);
#3091 = ORIENTED_EDGE('',*,*,#2205,.F.);
#3092 = PLANE('',#3093);
#3093 = AXIS2_PLACEMENT_3D('',#3094,#3095,#3096);
#3094 = CARTESIAN_POINT('',(1.4,-0.7,0.15));
#3095 = DIRECTION('',(0.,0.,-1.));
#3096 = DIRECTION('',(-1.,-1.110223024625E-16,-0.));
#3097 = ADVANCED_FACE('',(#3098),#3109,.F.);
#3098 = FACE_BOUND('',#3099,.F.);
#3099 = EDGE_LOOP('',(#3100,#3106,#3107,#3108));
#3100 = ORIENTED_EDGE('',*,*,#3101,.T.);
#3101 = EDGE_CURVE('',#2190,#2299,#3102,.T.);
#3102 = LINE('',#3103,#3104);
#3103 = CARTESIAN_POINT('',(1.4,-0.7,0.));
#3104 = VECTOR('',#3105,1.);
#3105 = DIRECTION('',(1.110223024625E-16,-1.,0.));
#3106 = ORIENTED_EDGE('',*,*,#2306,.T.);
#3107 = ORIENTED_EDGE('',*,*,#3084,.F.);
#3108 = ORIENTED_EDGE('',*,*,#2197,.F.);
#3109 = PLANE('',#3110);
#3110 = AXIS2_PLACEMENT_3D('',#3111,#3112,#3113);
#3111 = CARTESIAN_POINT('',(1.4,-0.7,0.));
#3112 = DIRECTION('',(-1.,-1.110223024625E-16,0.));
#3113 = DIRECTION('',(0.,0.,1.));
#3114 = ADVANCED_FACE('',(#3115),#3126,.F.);
#3115 = FACE_BOUND('',#3116,.F.);
#3116 = EDGE_LOOP('',(#3117,#3123,#3124,#3125));
#3117 = ORIENTED_EDGE('',*,*,#3118,.T.);
#3118 = EDGE_CURVE('',#2181,#2290,#3119,.T.);
#3119 = LINE('',#3120,#3121);
#3120 = CARTESIAN_POINT('',(1.270530792283,-0.7,0.));
#3121 = VECTOR('',#3122,1.);
#3122 = DIRECTION('',(1.110223024625E-16,-1.,0.));
#3123 = ORIENTED_EDGE('',*,*,#2298,.T.);
#3124 = ORIENTED_EDGE('',*,*,#3101,.F.);
#3125 = ORIENTED_EDGE('',*,*,#2189,.F.);
#3126 = PLANE('',#3127);
#3127 = AXIS2_PLACEMENT_3D('',#3128,#3129,#3130);
#3128 = CARTESIAN_POINT('',(1.270530792283,-0.7,0.));
#3129 = DIRECTION('',(0.,0.,1.));
#3130 = DIRECTION('',(1.,1.110223024625E-16,-0.));
#3131 = ADVANCED_FACE('',(#3132),#3143,.T.);
#3132 = FACE_BOUND('',#3133,.T.);
#3133 = EDGE_LOOP('',(#3134,#3135,#3136,#3137));
#3134 = ORIENTED_EDGE('',*,*,#2180,.T.);
#3135 = ORIENTED_EDGE('',*,*,#3118,.T.);
#3136 = ORIENTED_EDGE('',*,*,#2289,.F.);
#3137 = ORIENTED_EDGE('',*,*,#3138,.F.);
#3138 = EDGE_CURVE('',#2173,#2282,#3139,.T.);
#3139 = LINE('',#3140,#3141);
#3140 = CARTESIAN_POINT('',(1.02432885403,-0.7,0.206587955583));
#3141 = VECTOR('',#3142,1.);
#3142 = DIRECTION('',(1.110223024625E-16,-1.,0.));
#3143 = CYLINDRICAL_SURFACE('',#3144,0.25);
#3144 = AXIS2_PLACEMENT_3D('',#3145,#3146,#3147);
#3145 = CARTESIAN_POINT('',(1.270530792283,-0.7,0.25));
#3146 = DIRECTION('',(-1.110223024625E-16,1.,0.));
#3147 = DIRECTION('',(-0.984807753012,-1.093356242223E-16,
    -0.173648177667));
#3148 = ADVANCED_FACE('',(#3149),#3155,.F.);
#3149 = FACE_BOUND('',#3150,.F.);
#3150 = EDGE_LOOP('',(#3151,#3152,#3153,#3154));
#3151 = ORIENTED_EDGE('',*,*,#2263,.T.);
#3152 = ORIENTED_EDGE('',*,*,#2281,.T.);
#3153 = ORIENTED_EDGE('',*,*,#3138,.F.);
#3154 = ORIENTED_EDGE('',*,*,#2172,.F.);
#3155 = PLANE('',#3156);
#3156 = AXIS2_PLACEMENT_3D('',#3157,#3158,#3159);
#3157 = CARTESIAN_POINT('',(0.948480775301,-0.7,0.667364817767));
#3158 = DIRECTION('',(0.986721169868,1.095480561672E-16,0.162423314012)
  );
#3159 = DIRECTION('',(0.162423314012,1.803261029519E-17,-0.986721169868)
  );
#3160 = ADVANCED_FACE('',(#3161),#3164,.F.);
#3161 = FACE_BOUND('',#3162,.T.);
#3162 = EDGE_LOOP('',(#3163));
#3163 = ORIENTED_EDGE('',*,*,#2446,.F.);
#3164 = PLANE('',#3165);
#3165 = AXIS2_PLACEMENT_3D('',#3166,#3167,#3168);
#3166 = CARTESIAN_POINT('',(-0.483648457443,1.133648457443,1.55));
#3167 = DIRECTION('',(0.,0.,-1.));
#3168 = DIRECTION('',(1.110223024625E-16,-1.,0.));
#3169 = ( GEOMETRIC_REPRESENTATION_CONTEXT(3) 
GLOBAL_UNCERTAINTY_ASSIGNED_CONTEXT((#3173)) 
GLOBAL_UNIT_ASSIGNED_CONTEXT((#3170,#3171,#3172)) REPRESENTATION_CONTEXT
('Context #1','3D Context with UNIT and UNCERTAINTY') );
#3170 = ( LENGTH_UNIT() NAMED_UNIT(*) SI_UNIT(.MILLI.,.METRE.) );
#3171 = ( NAMED_UNIT(*) PLANE_ANGLE_UNIT() SI_UNIT($,.RADIAN.) );
#3172 = ( NAMED_UNIT(*) SI_UNIT($,.STERADIAN.) SOLID_ANGLE_UNIT() );
#3173 = UNCERTAINTY_MEASURE_WITH_UNIT(LENGTH_MEASURE(1.E-07),#3170,
  'distance_accuracy_value','confusion accuracy');
#3174 = CONTEXT_DEPENDENT_SHAPE_REPRESENTATION(#3175,#3177);
#3175 = ( REPRESENTATION_RELATIONSHIP('','',#99,#76) 
REPRESENTATION_RELATIONSHIP_WITH_TRANSFORMATION(#3176) 
SHAPE_REPRESENTATION_RELATIONSHIP() );
#3176 = ITEM_DEFINED_TRANSFORMATION('','',#11,#77);
#3177 = PRODUCT_DEFINITION_SHAPE('Placement','Placement of an item',
  #3178);
#3178 = NEXT_ASSEMBLY_USAGE_OCCURRENCE('1','=>[0:1:1:3]','',#71,#94,$);
#3179 = PRODUCT_RELATED_PRODUCT_CATEGORY('part',$,(#96));
#3180 = SHAPE_DEFINITION_REPRESENTATION(#3181,#3187);
#3181 = PRODUCT_DEFINITION_SHAPE('','',#3182);
#3182 = PRODUCT_DEFINITION('design','',#3183,#3186);
#3183 = PRODUCT_DEFINITION_FORMATION('','',#3184);
#3184 = PRODUCT('C_0805_2012Metric','C_0805_2012Metric','',(#3185));
#3185 = PRODUCT_CONTEXT('',#2,'mechanical');
#3186 = PRODUCT_DEFINITION_CONTEXT('part definition',#2,'design');
#3187 = SHAPE_REPRESENTATION('',(#11,#3188),#3192);
#3188 = AXIS2_PLACEMENT_3D('',#3189,#3190,#3191);
#3189 = CARTESIAN_POINT('',(0.,0.,0.));
#3190 = DIRECTION('',(0.,0.,1.));
#3191 = DIRECTION('',(1.,0.,-0.));
#3192 = ( GEOMETRIC_REPRESENTATION_CONTEXT(3) 
GLOBAL_UNCERTAINTY_ASSIGNED_CONTEXT((#3196)) 
GLOBAL_UNIT_ASSIGNED_CONTEXT((#3193,#3194,#3195)) REPRESENTATION_CONTEXT
('Context #1','3D Context with UNIT and UNCERTAINTY') );
#3193 = ( LENGTH_UNIT() NAMED_UNIT(*) SI_UNIT(.MILLI.,.METRE.) );
#3194 = ( NAMED_UNIT(*) PLANE_ANGLE_UNIT() SI_UNIT($,.RADIAN.) );
#3195 = ( NAMED_UNIT(*) SI_UNIT($,.STERADIAN.) SOLID_ANGLE_UNIT() );
#3196 = UNCERTAINTY_MEASURE_WITH_UNIT(LENGTH_MEASURE(1.E-07),#3193,
  'distance_accuracy_value','confusion accuracy');
#3197 = CONTEXT_DEPENDENT_SHAPE_REPRESENTATION(#3198,#3200);
#3198 = ( REPRESENTATION_RELATIONSHIP('','',#3187,#10) 
REPRESENTATION_RELATIONSHIP_WITH_TRANSFORMATION(#3199) 
SHAPE_REPRESENTATION_RELATIONSHIP() );
#3199 = ITEM_DEFINED_TRANSFORMATION('','',#11,#19);
#3200 = PRODUCT_DEFINITION_SHAPE('Placement','Placement of an item',
  #3201);
#3201 = NEXT_ASSEMBLY_USAGE_OCCURRENCE('4','C3','',#5,#3182,$);
#3202 = PRODUCT_RELATED_PRODUCT_CATEGORY('part',$,(#3184));
#3203 = SHAPE_DEFINITION_REPRESENTATION(#3204,#3210);
#3204 = PRODUCT_DEFINITION_SHAPE('','',#3205);
#3205 = PRODUCT_DEFINITION('design','',#3206,#3209);
#3206 = PRODUCT_DEFINITION_FORMATION('','',#3207);
#3207 = PRODUCT('C_0805_2012Metric','C_0805_2012Metric','',(#3208));
#3208 = PRODUCT_CONTEXT('',#2,'mechanical');
#3209 = PRODUCT_DEFINITION_CONTEXT('part definition',#2,'design');
#3210 = ADVANCED_BREP_SHAPE_REPRESENTATION('',(#11,#3211),#4065);
#3211 = MANIFOLD_SOLID_BREP('',#3212);
#3212 = CLOSED_SHELL('',(#3213,#3289,#3320,#3345,#3370,#3394,#3418,#3443
    ,#3468,#3485,#3571,#3603,#3627,#3652,#3676,#3701,#3725,#3750,#3767,
    #3853,#3884,#3909,#3934,#3958,#3982,#4007,#4032,#4049));
#3213 = ADVANCED_FACE('',(#3214),#3284,.F.);
#3214 = FACE_BOUND('',#3215,.F.);
#3215 = EDGE_LOOP('',(#3216,#3226,#3235,#3243,#3252,#3260,#3269,#3277));
#3216 = ORIENTED_EDGE('',*,*,#3217,.F.);
#3217 = EDGE_CURVE('',#3218,#3220,#3222,.T.);
#3218 = VERTEX_POINT('',#3219);
#3219 = CARTESIAN_POINT('',(-1.,-0.625,4.E-02));
#3220 = VERTEX_POINT('',#3221);
#3221 = CARTESIAN_POINT('',(-1.,-0.625,1.21));
#3222 = LINE('',#3223,#3224);
#3223 = CARTESIAN_POINT('',(-1.,-0.625,0.));
#3224 = VECTOR('',#3225,1.);
#3225 = DIRECTION('',(0.,0.,1.));
#3226 = ORIENTED_EDGE('',*,*,#3227,.T.);
#3227 = EDGE_CURVE('',#3218,#3228,#3230,.T.);
#3228 = VERTEX_POINT('',#3229);
#3229 = CARTESIAN_POINT('',(-1.,-0.585,0.));
#3230 = CIRCLE('',#3231,4.E-02);
#3231 = AXIS2_PLACEMENT_3D('',#3232,#3233,#3234);
#3232 = CARTESIAN_POINT('',(-1.,-0.585,4.E-02));
#3233 = DIRECTION('',(1.,0.,-0.));
#3234 = DIRECTION('',(0.,0.,1.));
#3235 = ORIENTED_EDGE('',*,*,#3236,.T.);
#3236 = EDGE_CURVE('',#3228,#3237,#3239,.T.);
#3237 = VERTEX_POINT('',#3238);
#3238 = CARTESIAN_POINT('',(-1.,0.585,0.));
#3239 = LINE('',#3240,#3241);
#3240 = CARTESIAN_POINT('',(-1.,-0.625,0.));
#3241 = VECTOR('',#3242,1.);
#3242 = DIRECTION('',(0.,1.,0.));
#3243 = ORIENTED_EDGE('',*,*,#3244,.F.);
#3244 = EDGE_CURVE('',#3245,#3237,#3247,.T.);
#3245 = VERTEX_POINT('',#3246);
#3246 = CARTESIAN_POINT('',(-1.,0.625,4.E-02));
#3247 = CIRCLE('',#3248,4.E-02);
#3248 = AXIS2_PLACEMENT_3D('',#3249,#3250,#3251);
#3249 = CARTESIAN_POINT('',(-1.,0.585,4.E-02));
#3250 = DIRECTION('',(-1.,0.,0.));
#3251 = DIRECTION('',(0.,0.,1.));
#3252 = ORIENTED_EDGE('',*,*,#3253,.T.);
#3253 = EDGE_CURVE('',#3245,#3254,#3256,.T.);
#3254 = VERTEX_POINT('',#3255);
#3255 = CARTESIAN_POINT('',(-1.,0.625,1.21));
#3256 = LINE('',#3257,#3258);
#3257 = CARTESIAN_POINT('',(-1.,0.625,0.));
#3258 = VECTOR('',#3259,1.);
#3259 = DIRECTION('',(0.,0.,1.));
#3260 = ORIENTED_EDGE('',*,*,#3261,.T.);
#3261 = EDGE_CURVE('',#3254,#3262,#3264,.T.);
#3262 = VERTEX_POINT('',#3263);
#3263 = CARTESIAN_POINT('',(-1.,0.585,1.25));
#3264 = CIRCLE('',#3265,4.E-02);
#3265 = AXIS2_PLACEMENT_3D('',#3266,#3267,#3268);
#3266 = CARTESIAN_POINT('',(-1.,0.585,1.21));
#3267 = DIRECTION('',(1.,0.,-0.));
#3268 = DIRECTION('',(0.,0.,1.));
#3269 = ORIENTED_EDGE('',*,*,#3270,.F.);
#3270 = EDGE_CURVE('',#3271,#3262,#3273,.T.);
#3271 = VERTEX_POINT('',#3272);
#3272 = CARTESIAN_POINT('',(-1.,-0.585,1.25));
#3273 = LINE('',#3274,#3275);
#3274 = CARTESIAN_POINT('',(-1.,-0.625,1.25));
#3275 = VECTOR('',#3276,1.);
#3276 = DIRECTION('',(0.,1.,0.));
#3277 = ORIENTED_EDGE('',*,*,#3278,.F.);
#3278 = EDGE_CURVE('',#3220,#3271,#3279,.T.);
#3279 = CIRCLE('',#3280,4.E-02);
#3280 = AXIS2_PLACEMENT_3D('',#3281,#3282,#3283);
#3281 = CARTESIAN_POINT('',(-1.,-0.585,1.21));
#3282 = DIRECTION('',(-1.,0.,0.));
#3283 = DIRECTION('',(0.,0.,1.));
#3284 = PLANE('',#3285);
#3285 = AXIS2_PLACEMENT_3D('',#3286,#3287,#3288);
#3286 = CARTESIAN_POINT('',(-1.,-0.625,0.));
#3287 = DIRECTION('',(1.,0.,0.));
#3288 = DIRECTION('',(0.,0.,1.));
#3289 = ADVANCED_FACE('',(#3290),#3315,.F.);
#3290 = FACE_BOUND('',#3291,.F.);
#3291 = EDGE_LOOP('',(#3292,#3302,#3308,#3309));
#3292 = ORIENTED_EDGE('',*,*,#3293,.F.);
#3293 = EDGE_CURVE('',#3294,#3296,#3298,.T.);
#3294 = VERTEX_POINT('',#3295);
#3295 = CARTESIAN_POINT('',(-0.6,-0.625,4.E-02));
#3296 = VERTEX_POINT('',#3297);
#3297 = CARTESIAN_POINT('',(-0.6,-0.625,1.21));
#3298 = LINE('',#3299,#3300);
#3299 = CARTESIAN_POINT('',(-0.6,-0.625,0.));
#3300 = VECTOR('',#3301,1.);
#3301 = DIRECTION('',(0.,0.,1.));
#3302 = ORIENTED_EDGE('',*,*,#3303,.F.);
#3303 = EDGE_CURVE('',#3218,#3294,#3304,.T.);
#3304 = LINE('',#3305,#3306);
#3305 = CARTESIAN_POINT('',(-1.,-0.625,4.E-02));
#3306 = VECTOR('',#3307,1.);
#3307 = DIRECTION('',(1.,0.,0.));
#3308 = ORIENTED_EDGE('',*,*,#3217,.T.);
#3309 = ORIENTED_EDGE('',*,*,#3310,.T.);
#3310 = EDGE_CURVE('',#3220,#3296,#3311,.T.);
#3311 = LINE('',#3312,#3313);
#3312 = CARTESIAN_POINT('',(-1.,-0.625,1.21));
#3313 = VECTOR('',#3314,1.);
#3314 = DIRECTION('',(1.,0.,0.));
#3315 = PLANE('',#3316);
#3316 = AXIS2_PLACEMENT_3D('',#3317,#3318,#3319);
#3317 = CARTESIAN_POINT('',(-1.,-0.625,0.));
#3318 = DIRECTION('',(0.,1.,0.));
#3319 = DIRECTION('',(0.,-0.,1.));
#3320 = ADVANCED_FACE('',(#3321),#3340,.T.);
#3321 = FACE_BOUND('',#3322,.T.);
#3322 = EDGE_LOOP('',(#3323,#3324,#3332,#3339));
#3323 = ORIENTED_EDGE('',*,*,#3227,.T.);
#3324 = ORIENTED_EDGE('',*,*,#3325,.T.);
#3325 = EDGE_CURVE('',#3228,#3326,#3328,.T.);
#3326 = VERTEX_POINT('',#3327);
#3327 = CARTESIAN_POINT('',(-0.6,-0.585,0.));
#3328 = LINE('',#3329,#3330);
#3329 = CARTESIAN_POINT('',(-1.,-0.585,0.));
#3330 = VECTOR('',#3331,1.);
#3331 = DIRECTION('',(1.,0.,0.));
#3332 = ORIENTED_EDGE('',*,*,#3333,.F.);
#3333 = EDGE_CURVE('',#3294,#3326,#3334,.T.);
#3334 = CIRCLE('',#3335,4.E-02);
#3335 = AXIS2_PLACEMENT_3D('',#3336,#3337,#3338);
#3336 = CARTESIAN_POINT('',(-0.6,-0.585,4.E-02));
#3337 = DIRECTION('',(1.,0.,-0.));
#3338 = DIRECTION('',(0.,0.,1.));
#3339 = ORIENTED_EDGE('',*,*,#3303,.F.);
#3340 = CYLINDRICAL_SURFACE('',#3341,4.E-02);
#3341 = AXIS2_PLACEMENT_3D('',#3342,#3343,#3344);
#3342 = CARTESIAN_POINT('',(-1.,-0.585,4.E-02));
#3343 = DIRECTION('',(1.,0.,0.));
#3344 = DIRECTION('',(0.,-1.,0.));
#3345 = ADVANCED_FACE('',(#3346),#3365,.T.);
#3346 = FACE_BOUND('',#3347,.T.);
#3347 = EDGE_LOOP('',(#3348,#3349,#3358,#3364));
#3348 = ORIENTED_EDGE('',*,*,#3310,.T.);
#3349 = ORIENTED_EDGE('',*,*,#3350,.T.);
#3350 = EDGE_CURVE('',#3296,#3351,#3353,.T.);
#3351 = VERTEX_POINT('',#3352);
#3352 = CARTESIAN_POINT('',(-0.6,-0.585,1.25));
#3353 = CIRCLE('',#3354,4.E-02);
#3354 = AXIS2_PLACEMENT_3D('',#3355,#3356,#3357);
#3355 = CARTESIAN_POINT('',(-0.6,-0.585,1.21));
#3356 = DIRECTION('',(-1.,0.,0.));
#3357 = DIRECTION('',(0.,0.,1.));
#3358 = ORIENTED_EDGE('',*,*,#3359,.F.);
#3359 = EDGE_CURVE('',#3271,#3351,#3360,.T.);
#3360 = LINE('',#3361,#3362);
#3361 = CARTESIAN_POINT('',(-1.,-0.585,1.25));
#3362 = VECTOR('',#3363,1.);
#3363 = DIRECTION('',(1.,0.,0.));
#3364 = ORIENTED_EDGE('',*,*,#3278,.F.);
#3365 = CYLINDRICAL_SURFACE('',#3366,4.E-02);
#3366 = AXIS2_PLACEMENT_3D('',#3367,#3368,#3369);
#3367 = CARTESIAN_POINT('',(-1.,-0.585,1.21));
#3368 = DIRECTION('',(1.,0.,0.));
#3369 = DIRECTION('',(0.,-1.,0.));
#3370 = ADVANCED_FACE('',(#3371),#3389,.F.);
#3371 = FACE_BOUND('',#3372,.F.);
#3372 = EDGE_LOOP('',(#3373,#3374,#3375,#3383));
#3373 = ORIENTED_EDGE('',*,*,#3236,.F.);
#3374 = ORIENTED_EDGE('',*,*,#3325,.T.);
#3375 = ORIENTED_EDGE('',*,*,#3376,.T.);
#3376 = EDGE_CURVE('',#3326,#3377,#3379,.T.);
#3377 = VERTEX_POINT('',#3378);
#3378 = CARTESIAN_POINT('',(-0.6,0.585,0.));
#3379 = LINE('',#3380,#3381);
#3380 = CARTESIAN_POINT('',(-0.6,-0.625,0.));
#3381 = VECTOR('',#3382,1.);
#3382 = DIRECTION('',(0.,1.,0.));
#3383 = ORIENTED_EDGE('',*,*,#3384,.F.);
#3384 = EDGE_CURVE('',#3237,#3377,#3385,.T.);
#3385 = LINE('',#3386,#3387);
#3386 = CARTESIAN_POINT('',(-1.,0.585,0.));
#3387 = VECTOR('',#3388,1.);
#3388 = DIRECTION('',(1.,0.,0.));
#3389 = PLANE('',#3390);
#3390 = AXIS2_PLACEMENT_3D('',#3391,#3392,#3393);
#3391 = CARTESIAN_POINT('',(-1.,-0.625,0.));
#3392 = DIRECTION('',(0.,0.,1.));
#3393 = DIRECTION('',(1.,0.,-0.));
#3394 = ADVANCED_FACE('',(#3395),#3413,.T.);
#3395 = FACE_BOUND('',#3396,.T.);
#3396 = EDGE_LOOP('',(#3397,#3398,#3399,#3407));
#3397 = ORIENTED_EDGE('',*,*,#3270,.F.);
#3398 = ORIENTED_EDGE('',*,*,#3359,.T.);
#3399 = ORIENTED_EDGE('',*,*,#3400,.T.);
#3400 = EDGE_CURVE('',#3351,#3401,#3403,.T.);
#3401 = VERTEX_POINT('',#3402);
#3402 = CARTESIAN_POINT('',(-0.6,0.585,1.25));
#3403 = LINE('',#3404,#3405);
#3404 = CARTESIAN_POINT('',(-0.6,-0.625,1.25));
#3405 = VECTOR('',#3406,1.);
#3406 = DIRECTION('',(0.,1.,0.));
#3407 = ORIENTED_EDGE('',*,*,#3408,.F.);
#3408 = EDGE_CURVE('',#3262,#3401,#3409,.T.);
#3409 = LINE('',#3410,#3411);
#3410 = CARTESIAN_POINT('',(-1.,0.585,1.25));
#3411 = VECTOR('',#3412,1.);
#3412 = DIRECTION('',(1.,0.,0.));
#3413 = PLANE('',#3414);
#3414 = AXIS2_PLACEMENT_3D('',#3415,#3416,#3417);
#3415 = CARTESIAN_POINT('',(-1.,-0.625,1.25));
#3416 = DIRECTION('',(0.,0.,1.));
#3417 = DIRECTION('',(1.,0.,-0.));
#3418 = ADVANCED_FACE('',(#3419),#3438,.T.);
#3419 = FACE_BOUND('',#3420,.T.);
#3420 = EDGE_LOOP('',(#3421,#3429,#3436,#3437));
#3421 = ORIENTED_EDGE('',*,*,#3422,.T.);
#3422 = EDGE_CURVE('',#3245,#3423,#3425,.T.);
#3423 = VERTEX_POINT('',#3424);
#3424 = CARTESIAN_POINT('',(-0.6,0.625,4.E-02));
#3425 = LINE('',#3426,#3427);
#3426 = CARTESIAN_POINT('',(-1.,0.625,4.E-02));
#3427 = VECTOR('',#3428,1.);
#3428 = DIRECTION('',(1.,0.,0.));
#3429 = ORIENTED_EDGE('',*,*,#3430,.T.);
#3430 = EDGE_CURVE('',#3423,#3377,#3431,.T.);
#3431 = CIRCLE('',#3432,4.E-02);
#3432 = AXIS2_PLACEMENT_3D('',#3433,#3434,#3435);
#3433 = CARTESIAN_POINT('',(-0.6,0.585,4.E-02));
#3434 = DIRECTION('',(-1.,0.,0.));
#3435 = DIRECTION('',(0.,0.,1.));
#3436 = ORIENTED_EDGE('',*,*,#3384,.F.);
#3437 = ORIENTED_EDGE('',*,*,#3244,.F.);
#3438 = CYLINDRICAL_SURFACE('',#3439,4.E-02);
#3439 = AXIS2_PLACEMENT_3D('',#3440,#3441,#3442);
#3440 = CARTESIAN_POINT('',(-1.,0.585,4.E-02));
#3441 = DIRECTION('',(1.,0.,0.));
#3442 = DIRECTION('',(-0.,1.,0.));
#3443 = ADVANCED_FACE('',(#3444),#3463,.T.);
#3444 = FACE_BOUND('',#3445,.T.);
#3445 = EDGE_LOOP('',(#3446,#3447,#3448,#3457));
#3446 = ORIENTED_EDGE('',*,*,#3261,.T.);
#3447 = ORIENTED_EDGE('',*,*,#3408,.T.);
#3448 = ORIENTED_EDGE('',*,*,#3449,.F.);
#3449 = EDGE_CURVE('',#3450,#3401,#3452,.T.);
#3450 = VERTEX_POINT('',#3451);
#3451 = CARTESIAN_POINT('',(-0.6,0.625,1.21));
#3452 = CIRCLE('',#3453,4.E-02);
#3453 = AXIS2_PLACEMENT_3D('',#3454,#3455,#3456);
#3454 = CARTESIAN_POINT('',(-0.6,0.585,1.21));
#3455 = DIRECTION('',(1.,0.,-0.));
#3456 = DIRECTION('',(0.,0.,1.));
#3457 = ORIENTED_EDGE('',*,*,#3458,.F.);
#3458 = EDGE_CURVE('',#3254,#3450,#3459,.T.);
#3459 = LINE('',#3460,#3461);
#3460 = CARTESIAN_POINT('',(-1.,0.625,1.21));
#3461 = VECTOR('',#3462,1.);
#3462 = DIRECTION('',(1.,0.,0.));
#3463 = CYLINDRICAL_SURFACE('',#3464,4.E-02);
#3464 = AXIS2_PLACEMENT_3D('',#3465,#3466,#3467);
#3465 = CARTESIAN_POINT('',(-1.,0.585,1.21));
#3466 = DIRECTION('',(1.,0.,0.));
#3467 = DIRECTION('',(-0.,1.,0.));
#3468 = ADVANCED_FACE('',(#3469),#3480,.T.);
#3469 = FACE_BOUND('',#3470,.T.);
#3470 = EDGE_LOOP('',(#3471,#3477,#3478,#3479));
#3471 = ORIENTED_EDGE('',*,*,#3472,.F.);
#3472 = EDGE_CURVE('',#3423,#3450,#3473,.T.);
#3473 = LINE('',#3474,#3475);
#3474 = CARTESIAN_POINT('',(-0.6,0.625,0.));
#3475 = VECTOR('',#3476,1.);
#3476 = DIRECTION('',(0.,0.,1.));
#3477 = ORIENTED_EDGE('',*,*,#3422,.F.);
#3478 = ORIENTED_EDGE('',*,*,#3253,.T.);
#3479 = ORIENTED_EDGE('',*,*,#3458,.T.);
#3480 = PLANE('',#3481);
#3481 = AXIS2_PLACEMENT_3D('',#3482,#3483,#3484);
#3482 = CARTESIAN_POINT('',(-1.,0.625,0.));
#3483 = DIRECTION('',(0.,1.,0.));
#3484 = DIRECTION('',(0.,-0.,1.));
#3485 = ADVANCED_FACE('',(#3486,#3496),#3566,.T.);
#3486 = FACE_BOUND('',#3487,.T.);
#3487 = EDGE_LOOP('',(#3488,#3489,#3490,#3491,#3492,#3493,#3494,#3495));
#3488 = ORIENTED_EDGE('',*,*,#3293,.F.);
#3489 = ORIENTED_EDGE('',*,*,#3333,.T.);
#3490 = ORIENTED_EDGE('',*,*,#3376,.T.);
#3491 = ORIENTED_EDGE('',*,*,#3430,.F.);
#3492 = ORIENTED_EDGE('',*,*,#3472,.T.);
#3493 = ORIENTED_EDGE('',*,*,#3449,.T.);
#3494 = ORIENTED_EDGE('',*,*,#3400,.F.);
#3495 = ORIENTED_EDGE('',*,*,#3350,.F.);
#3496 = FACE_BOUND('',#3497,.T.);
#3497 = EDGE_LOOP('',(#3498,#3509,#3517,#3526,#3534,#3543,#3551,#3560));
#3498 = ORIENTED_EDGE('',*,*,#3499,.F.);
#3499 = EDGE_CURVE('',#3500,#3502,#3504,.T.);
#3500 = VERTEX_POINT('',#3501);
#3501 = CARTESIAN_POINT('',(-0.6,-0.585,8.E-02));
#3502 = VERTEX_POINT('',#3503);
#3503 = CARTESIAN_POINT('',(-0.6,-0.545,4.E-02));
#3504 = CIRCLE('',#3505,4.E-02);
#3505 = AXIS2_PLACEMENT_3D('',#3506,#3507,#3508);
#3506 = CARTESIAN_POINT('',(-0.6,-0.545,8.E-02));
#3507 = DIRECTION('',(1.,0.,-0.));
#3508 = DIRECTION('',(0.,0.,1.));
#3509 = ORIENTED_EDGE('',*,*,#3510,.T.);
#3510 = EDGE_CURVE('',#3500,#3511,#3513,.T.);
#3511 = VERTEX_POINT('',#3512);
#3512 = CARTESIAN_POINT('',(-0.6,-0.585,1.17));
#3513 = LINE('',#3514,#3515);
#3514 = CARTESIAN_POINT('',(-0.6,-0.585,4.E-02));
#3515 = VECTOR('',#3516,1.);
#3516 = DIRECTION('',(0.,0.,1.));
#3517 = ORIENTED_EDGE('',*,*,#3518,.T.);
#3518 = EDGE_CURVE('',#3511,#3519,#3521,.T.);
#3519 = VERTEX_POINT('',#3520);
#3520 = CARTESIAN_POINT('',(-0.6,-0.545,1.21));
#3521 = CIRCLE('',#3522,4.E-02);
#3522 = AXIS2_PLACEMENT_3D('',#3523,#3524,#3525);
#3523 = CARTESIAN_POINT('',(-0.6,-0.545,1.17));
#3524 = DIRECTION('',(-1.,0.,0.));
#3525 = DIRECTION('',(0.,0.,1.));
#3526 = ORIENTED_EDGE('',*,*,#3527,.T.);
#3527 = EDGE_CURVE('',#3519,#3528,#3530,.T.);
#3528 = VERTEX_POINT('',#3529);
#3529 = CARTESIAN_POINT('',(-0.6,0.545,1.21));
#3530 = LINE('',#3531,#3532);
#3531 = CARTESIAN_POINT('',(-0.6,-0.585,1.21));
#3532 = VECTOR('',#3533,1.);
#3533 = DIRECTION('',(0.,1.,0.));
#3534 = ORIENTED_EDGE('',*,*,#3535,.F.);
#3535 = EDGE_CURVE('',#3536,#3528,#3538,.T.);
#3536 = VERTEX_POINT('',#3537);
#3537 = CARTESIAN_POINT('',(-0.6,0.585,1.17));
#3538 = CIRCLE('',#3539,4.E-02);
#3539 = AXIS2_PLACEMENT_3D('',#3540,#3541,#3542);
#3540 = CARTESIAN_POINT('',(-0.6,0.545,1.17));
#3541 = DIRECTION('',(1.,0.,-0.));
#3542 = DIRECTION('',(0.,0.,1.));
#3543 = ORIENTED_EDGE('',*,*,#3544,.F.);
#3544 = EDGE_CURVE('',#3545,#3536,#3547,.T.);
#3545 = VERTEX_POINT('',#3546);
#3546 = CARTESIAN_POINT('',(-0.6,0.585,8.E-02));
#3547 = LINE('',#3548,#3549);
#3548 = CARTESIAN_POINT('',(-0.6,0.585,4.E-02));
#3549 = VECTOR('',#3550,1.);
#3550 = DIRECTION('',(0.,0.,1.));
#3551 = ORIENTED_EDGE('',*,*,#3552,.T.);
#3552 = EDGE_CURVE('',#3545,#3553,#3555,.T.);
#3553 = VERTEX_POINT('',#3554);
#3554 = CARTESIAN_POINT('',(-0.6,0.545,4.E-02));
#3555 = CIRCLE('',#3556,4.E-02);
#3556 = AXIS2_PLACEMENT_3D('',#3557,#3558,#3559);
#3557 = CARTESIAN_POINT('',(-0.6,0.545,8.E-02));
#3558 = DIRECTION('',(-1.,0.,0.));
#3559 = DIRECTION('',(0.,0.,1.));
#3560 = ORIENTED_EDGE('',*,*,#3561,.F.);
#3561 = EDGE_CURVE('',#3502,#3553,#3562,.T.);
#3562 = LINE('',#3563,#3564);
#3563 = CARTESIAN_POINT('',(-0.6,-0.585,4.E-02));
#3564 = VECTOR('',#3565,1.);
#3565 = DIRECTION('',(0.,1.,0.));
#3566 = PLANE('',#3567);
#3567 = AXIS2_PLACEMENT_3D('',#3568,#3569,#3570);
#3568 = CARTESIAN_POINT('',(-0.6,-0.625,0.));
#3569 = DIRECTION('',(1.,0.,0.));
#3570 = DIRECTION('',(0.,0.,1.));
#3571 = ADVANCED_FACE('',(#3572),#3598,.T.);
#3572 = FACE_BOUND('',#3573,.T.);
#3573 = EDGE_LOOP('',(#3574,#3575,#3583,#3592));
#3574 = ORIENTED_EDGE('',*,*,#3499,.T.);
#3575 = ORIENTED_EDGE('',*,*,#3576,.T.);
#3576 = EDGE_CURVE('',#3502,#3577,#3579,.T.);
#3577 = VERTEX_POINT('',#3578);
#3578 = CARTESIAN_POINT('',(0.6,-0.545,4.E-02));
#3579 = LINE('',#3580,#3581);
#3580 = CARTESIAN_POINT('',(-0.6,-0.545,4.E-02));
#3581 = VECTOR('',#3582,1.);
#3582 = DIRECTION('',(1.,0.,0.));
#3583 = ORIENTED_EDGE('',*,*,#3584,.F.);
#3584 = EDGE_CURVE('',#3585,#3577,#3587,.T.);
#3585 = VERTEX_POINT('',#3586);
#3586 = CARTESIAN_POINT('',(0.6,-0.585,8.E-02));
#3587 = CIRCLE('',#3588,4.E-02);
#3588 = AXIS2_PLACEMENT_3D('',#3589,#3590,#3591);
#3589 = CARTESIAN_POINT('',(0.6,-0.545,8.E-02));
#3590 = DIRECTION('',(1.,0.,-0.));
#3591 = DIRECTION('',(0.,0.,1.));
#3592 = ORIENTED_EDGE('',*,*,#3593,.F.);
#3593 = EDGE_CURVE('',#3500,#3585,#3594,.T.);
#3594 = LINE('',#3595,#3596);
#3595 = CARTESIAN_POINT('',(-0.6,-0.585,8.E-02));
#3596 = VECTOR('',#3597,1.);
#3597 = DIRECTION('',(1.,0.,0.));
#3598 = CYLINDRICAL_SURFACE('',#3599,4.E-02);
#3599 = AXIS2_PLACEMENT_3D('',#3600,#3601,#3602);
#3600 = CARTESIAN_POINT('',(-0.6,-0.545,8.E-02));
#3601 = DIRECTION('',(1.,0.,0.));
#3602 = DIRECTION('',(0.,-1.,0.));
#3603 = ADVANCED_FACE('',(#3604),#3622,.F.);
#3604 = FACE_BOUND('',#3605,.F.);
#3605 = EDGE_LOOP('',(#3606,#3607,#3608,#3616));
#3606 = ORIENTED_EDGE('',*,*,#3561,.F.);
#3607 = ORIENTED_EDGE('',*,*,#3576,.T.);
#3608 = ORIENTED_EDGE('',*,*,#3609,.T.);
#3609 = EDGE_CURVE('',#3577,#3610,#3612,.T.);
#3610 = VERTEX_POINT('',#3611);
#3611 = CARTESIAN_POINT('',(0.6,0.545,4.E-02));
#3612 = LINE('',#3613,#3614);
#3613 = CARTESIAN_POINT('',(0.6,-0.585,4.E-02));
#3614 = VECTOR('',#3615,1.);
#3615 = DIRECTION('',(0.,1.,0.));
#3616 = ORIENTED_EDGE('',*,*,#3617,.F.);
#3617 = EDGE_CURVE('',#3553,#3610,#3618,.T.);
#3618 = LINE('',#3619,#3620);
#3619 = CARTESIAN_POINT('',(-0.6,0.545,4.E-02));
#3620 = VECTOR('',#3621,1.);
#3621 = DIRECTION('',(1.,0.,0.));
#3622 = PLANE('',#3623);
#3623 = AXIS2_PLACEMENT_3D('',#3624,#3625,#3626);
#3624 = CARTESIAN_POINT('',(-0.6,-0.585,4.E-02));
#3625 = DIRECTION('',(0.,0.,1.));
#3626 = DIRECTION('',(1.,0.,-0.));
#3627 = ADVANCED_FACE('',(#3628),#3647,.T.);
#3628 = FACE_BOUND('',#3629,.T.);
#3629 = EDGE_LOOP('',(#3630,#3638,#3645,#3646));
#3630 = ORIENTED_EDGE('',*,*,#3631,.T.);
#3631 = EDGE_CURVE('',#3545,#3632,#3634,.T.);
#3632 = VERTEX_POINT('',#3633);
#3633 = CARTESIAN_POINT('',(0.6,0.585,8.E-02));
#3634 = LINE('',#3635,#3636);
#3635 = CARTESIAN_POINT('',(-0.6,0.585,8.E-02));
#3636 = VECTOR('',#3637,1.);
#3637 = DIRECTION('',(1.,0.,0.));
#3638 = ORIENTED_EDGE('',*,*,#3639,.T.);
#3639 = EDGE_CURVE('',#3632,#3610,#3640,.T.);
#3640 = CIRCLE('',#3641,4.E-02);
#3641 = AXIS2_PLACEMENT_3D('',#3642,#3643,#3644);
#3642 = CARTESIAN_POINT('',(0.6,0.545,8.E-02));
#3643 = DIRECTION('',(-1.,0.,0.));
#3644 = DIRECTION('',(0.,0.,1.));
#3645 = ORIENTED_EDGE('',*,*,#3617,.F.);
#3646 = ORIENTED_EDGE('',*,*,#3552,.F.);
#3647 = CYLINDRICAL_SURFACE('',#3648,4.E-02);
#3648 = AXIS2_PLACEMENT_3D('',#3649,#3650,#3651);
#3649 = CARTESIAN_POINT('',(-0.6,0.545,8.E-02));
#3650 = DIRECTION('',(1.,0.,0.));
#3651 = DIRECTION('',(-0.,1.,0.));
#3652 = ADVANCED_FACE('',(#3653),#3671,.T.);
#3653 = FACE_BOUND('',#3654,.T.);
#3654 = EDGE_LOOP('',(#3655,#3663,#3664,#3665));
#3655 = ORIENTED_EDGE('',*,*,#3656,.F.);
#3656 = EDGE_CURVE('',#3632,#3657,#3659,.T.);
#3657 = VERTEX_POINT('',#3658);
#3658 = CARTESIAN_POINT('',(0.6,0.585,1.17));
#3659 = LINE('',#3660,#3661);
#3660 = CARTESIAN_POINT('',(0.6,0.585,4.E-02));
#3661 = VECTOR('',#3662,1.);
#3662 = DIRECTION('',(0.,0.,1.));
#3663 = ORIENTED_EDGE('',*,*,#3631,.F.);
#3664 = ORIENTED_EDGE('',*,*,#3544,.T.);
#3665 = ORIENTED_EDGE('',*,*,#3666,.T.);
#3666 = EDGE_CURVE('',#3536,#3657,#3667,.T.);
#3667 = LINE('',#3668,#3669);
#3668 = CARTESIAN_POINT('',(-0.6,0.585,1.17));
#3669 = VECTOR('',#3670,1.);
#3670 = DIRECTION('',(1.,0.,0.));
#3671 = PLANE('',#3672);
#3672 = AXIS2_PLACEMENT_3D('',#3673,#3674,#3675);
#3673 = CARTESIAN_POINT('',(-0.6,0.585,4.E-02));
#3674 = DIRECTION('',(0.,1.,0.));
#3675 = DIRECTION('',(0.,-0.,1.));
#3676 = ADVANCED_FACE('',(#3677),#3696,.T.);
#3677 = FACE_BOUND('',#3678,.T.);
#3678 = EDGE_LOOP('',(#3679,#3680,#3688,#3695));
#3679 = ORIENTED_EDGE('',*,*,#3535,.T.);
#3680 = ORIENTED_EDGE('',*,*,#3681,.T.);
#3681 = EDGE_CURVE('',#3528,#3682,#3684,.T.);
#3682 = VERTEX_POINT('',#3683);
#3683 = CARTESIAN_POINT('',(0.6,0.545,1.21));
#3684 = LINE('',#3685,#3686);
#3685 = CARTESIAN_POINT('',(-0.6,0.545,1.21));
#3686 = VECTOR('',#3687,1.);
#3687 = DIRECTION('',(1.,0.,0.));
#3688 = ORIENTED_EDGE('',*,*,#3689,.F.);
#3689 = EDGE_CURVE('',#3657,#3682,#3690,.T.);
#3690 = CIRCLE('',#3691,4.E-02);
#3691 = AXIS2_PLACEMENT_3D('',#3692,#3693,#3694);
#3692 = CARTESIAN_POINT('',(0.6,0.545,1.17));
#3693 = DIRECTION('',(1.,0.,-0.));
#3694 = DIRECTION('',(0.,0.,1.));
#3695 = ORIENTED_EDGE('',*,*,#3666,.F.);
#3696 = CYLINDRICAL_SURFACE('',#3697,4.E-02);
#3697 = AXIS2_PLACEMENT_3D('',#3698,#3699,#3700);
#3698 = CARTESIAN_POINT('',(-0.6,0.545,1.17));
#3699 = DIRECTION('',(1.,0.,0.));
#3700 = DIRECTION('',(-0.,1.,0.));
#3701 = ADVANCED_FACE('',(#3702),#3720,.T.);
#3702 = FACE_BOUND('',#3703,.T.);
#3703 = EDGE_LOOP('',(#3704,#3705,#3713,#3719));
#3704 = ORIENTED_EDGE('',*,*,#3527,.F.);
#3705 = ORIENTED_EDGE('',*,*,#3706,.T.);
#3706 = EDGE_CURVE('',#3519,#3707,#3709,.T.);
#3707 = VERTEX_POINT('',#3708);
#3708 = CARTESIAN_POINT('',(0.6,-0.545,1.21));
#3709 = LINE('',#3710,#3711);
#3710 = CARTESIAN_POINT('',(-0.6,-0.545,1.21));
#3711 = VECTOR('',#3712,1.);
#3712 = DIRECTION('',(1.,0.,0.));
#3713 = ORIENTED_EDGE('',*,*,#3714,.T.);
#3714 = EDGE_CURVE('',#3707,#3682,#3715,.T.);
#3715 = LINE('',#3716,#3717);
#3716 = CARTESIAN_POINT('',(0.6,-0.585,1.21));
#3717 = VECTOR('',#3718,1.);
#3718 = DIRECTION('',(0.,1.,0.));
#3719 = ORIENTED_EDGE('',*,*,#3681,.F.);
#3720 = PLANE('',#3721);
#3721 = AXIS2_PLACEMENT_3D('',#3722,#3723,#3724);
#3722 = CARTESIAN_POINT('',(-0.6,-0.585,1.21));
#3723 = DIRECTION('',(0.,0.,1.));
#3724 = DIRECTION('',(1.,0.,-0.));
#3725 = ADVANCED_FACE('',(#3726),#3745,.T.);
#3726 = FACE_BOUND('',#3727,.T.);
#3727 = EDGE_LOOP('',(#3728,#3736,#3743,#3744));
#3728 = ORIENTED_EDGE('',*,*,#3729,.T.);
#3729 = EDGE_CURVE('',#3511,#3730,#3732,.T.);
#3730 = VERTEX_POINT('',#3731);
#3731 = CARTESIAN_POINT('',(0.6,-0.585,1.17));
#3732 = LINE('',#3733,#3734);
#3733 = CARTESIAN_POINT('',(-0.6,-0.585,1.17));
#3734 = VECTOR('',#3735,1.);
#3735 = DIRECTION('',(1.,0.,0.));
#3736 = ORIENTED_EDGE('',*,*,#3737,.T.);
#3737 = EDGE_CURVE('',#3730,#3707,#3738,.T.);
#3738 = CIRCLE('',#3739,4.E-02);
#3739 = AXIS2_PLACEMENT_3D('',#3740,#3741,#3742);
#3740 = CARTESIAN_POINT('',(0.6,-0.545,1.17));
#3741 = DIRECTION('',(-1.,0.,0.));
#3742 = DIRECTION('',(0.,0.,1.));
#3743 = ORIENTED_EDGE('',*,*,#3706,.F.);
#3744 = ORIENTED_EDGE('',*,*,#3518,.F.);
#3745 = CYLINDRICAL_SURFACE('',#3746,4.E-02);
#3746 = AXIS2_PLACEMENT_3D('',#3747,#3748,#3749);
#3747 = CARTESIAN_POINT('',(-0.6,-0.545,1.17));
#3748 = DIRECTION('',(1.,0.,0.));
#3749 = DIRECTION('',(0.,-1.,0.));
#3750 = ADVANCED_FACE('',(#3751),#3762,.F.);
#3751 = FACE_BOUND('',#3752,.F.);
#3752 = EDGE_LOOP('',(#3753,#3759,#3760,#3761));
#3753 = ORIENTED_EDGE('',*,*,#3754,.F.);
#3754 = EDGE_CURVE('',#3585,#3730,#3755,.T.);
#3755 = LINE('',#3756,#3757);
#3756 = CARTESIAN_POINT('',(0.6,-0.585,4.E-02));
#3757 = VECTOR('',#3758,1.);
#3758 = DIRECTION('',(0.,0.,1.));
#3759 = ORIENTED_EDGE('',*,*,#3593,.F.);
#3760 = ORIENTED_EDGE('',*,*,#3510,.T.);
#3761 = ORIENTED_EDGE('',*,*,#3729,.T.);
#3762 = PLANE('',#3763);
#3763 = AXIS2_PLACEMENT_3D('',#3764,#3765,#3766);
#3764 = CARTESIAN_POINT('',(-0.6,-0.585,4.E-02));
#3765 = DIRECTION('',(0.,1.,0.));
#3766 = DIRECTION('',(0.,-0.,1.));
#3767 = ADVANCED_FACE('',(#3768,#3838),#3848,.F.);
#3768 = FACE_BOUND('',#3769,.F.);
#3769 = EDGE_LOOP('',(#3770,#3780,#3789,#3797,#3806,#3814,#3823,#3831));
#3770 = ORIENTED_EDGE('',*,*,#3771,.F.);
#3771 = EDGE_CURVE('',#3772,#3774,#3776,.T.);
#3772 = VERTEX_POINT('',#3773);
#3773 = CARTESIAN_POINT('',(0.6,-0.625,4.E-02));
#3774 = VERTEX_POINT('',#3775);
#3775 = CARTESIAN_POINT('',(0.6,-0.625,1.21));
#3776 = LINE('',#3777,#3778);
#3777 = CARTESIAN_POINT('',(0.6,-0.625,0.));
#3778 = VECTOR('',#3779,1.);
#3779 = DIRECTION('',(0.,0.,1.));
#3780 = ORIENTED_EDGE('',*,*,#3781,.T.);
#3781 = EDGE_CURVE('',#3772,#3782,#3784,.T.);
#3782 = VERTEX_POINT('',#3783);
#3783 = CARTESIAN_POINT('',(0.6,-0.585,0.));
#3784 = CIRCLE('',#3785,4.E-02);
#3785 = AXIS2_PLACEMENT_3D('',#3786,#3787,#3788);
#3786 = CARTESIAN_POINT('',(0.6,-0.585,4.E-02));
#3787 = DIRECTION('',(1.,0.,-0.));
#3788 = DIRECTION('',(0.,0.,1.));
#3789 = ORIENTED_EDGE('',*,*,#3790,.T.);
#3790 = EDGE_CURVE('',#3782,#3791,#3793,.T.);
#3791 = VERTEX_POINT('',#3792);
#3792 = CARTESIAN_POINT('',(0.6,0.585,0.));
#3793 = LINE('',#3794,#3795);
#3794 = CARTESIAN_POINT('',(0.6,-0.625,0.));
#3795 = VECTOR('',#3796,1.);
#3796 = DIRECTION('',(0.,1.,0.));
#3797 = ORIENTED_EDGE('',*,*,#3798,.F.);
#3798 = EDGE_CURVE('',#3799,#3791,#3801,.T.);
#3799 = VERTEX_POINT('',#3800);
#3800 = CARTESIAN_POINT('',(0.6,0.625,4.E-02));
#3801 = CIRCLE('',#3802,4.E-02);
#3802 = AXIS2_PLACEMENT_3D('',#3803,#3804,#3805);
#3803 = CARTESIAN_POINT('',(0.6,0.585,4.E-02));
#3804 = DIRECTION('',(-1.,0.,0.));
#3805 = DIRECTION('',(0.,0.,1.));
#3806 = ORIENTED_EDGE('',*,*,#3807,.T.);
#3807 = EDGE_CURVE('',#3799,#3808,#3810,.T.);
#3808 = VERTEX_POINT('',#3809);
#3809 = CARTESIAN_POINT('',(0.6,0.625,1.21));
#3810 = LINE('',#3811,#3812);
#3811 = CARTESIAN_POINT('',(0.6,0.625,0.));
#3812 = VECTOR('',#3813,1.);
#3813 = DIRECTION('',(0.,0.,1.));
#3814 = ORIENTED_EDGE('',*,*,#3815,.T.);
#3815 = EDGE_CURVE('',#3808,#3816,#3818,.T.);
#3816 = VERTEX_POINT('',#3817);
#3817 = CARTESIAN_POINT('',(0.6,0.585,1.25));
#3818 = CIRCLE('',#3819,4.E-02);
#3819 = AXIS2_PLACEMENT_3D('',#3820,#3821,#3822);
#3820 = CARTESIAN_POINT('',(0.6,0.585,1.21));
#3821 = DIRECTION('',(1.,0.,-0.));
#3822 = DIRECTION('',(0.,0.,1.));
#3823 = ORIENTED_EDGE('',*,*,#3824,.F.);
#3824 = EDGE_CURVE('',#3825,#3816,#3827,.T.);
#3825 = VERTEX_POINT('',#3826);
#3826 = CARTESIAN_POINT('',(0.6,-0.585,1.25));
#3827 = LINE('',#3828,#3829);
#3828 = CARTESIAN_POINT('',(0.6,-0.625,1.25));
#3829 = VECTOR('',#3830,1.);
#3830 = DIRECTION('',(0.,1.,0.));
#3831 = ORIENTED_EDGE('',*,*,#3832,.F.);
#3832 = EDGE_CURVE('',#3774,#3825,#3833,.T.);
#3833 = CIRCLE('',#3834,4.E-02);
#3834 = AXIS2_PLACEMENT_3D('',#3835,#3836,#3837);
#3835 = CARTESIAN_POINT('',(0.6,-0.585,1.21));
#3836 = DIRECTION('',(-1.,0.,0.));
#3837 = DIRECTION('',(0.,0.,1.));
#3838 = FACE_BOUND('',#3839,.F.);
#3839 = EDGE_LOOP('',(#3840,#3841,#3842,#3843,#3844,#3845,#3846,#3847));
#3840 = ORIENTED_EDGE('',*,*,#3584,.F.);
#3841 = ORIENTED_EDGE('',*,*,#3754,.T.);
#3842 = ORIENTED_EDGE('',*,*,#3737,.T.);
#3843 = ORIENTED_EDGE('',*,*,#3714,.T.);
#3844 = ORIENTED_EDGE('',*,*,#3689,.F.);
#3845 = ORIENTED_EDGE('',*,*,#3656,.F.);
#3846 = ORIENTED_EDGE('',*,*,#3639,.T.);
#3847 = ORIENTED_EDGE('',*,*,#3609,.F.);
#3848 = PLANE('',#3849);
#3849 = AXIS2_PLACEMENT_3D('',#3850,#3851,#3852);
#3850 = CARTESIAN_POINT('',(0.6,-0.625,0.));
#3851 = DIRECTION('',(1.,0.,0.));
#3852 = DIRECTION('',(0.,0.,1.));
#3853 = ADVANCED_FACE('',(#3854),#3879,.F.);
#3854 = FACE_BOUND('',#3855,.F.);
#3855 = EDGE_LOOP('',(#3856,#3866,#3872,#3873));
#3856 = ORIENTED_EDGE('',*,*,#3857,.F.);
#3857 = EDGE_CURVE('',#3858,#3860,#3862,.T.);
#3858 = VERTEX_POINT('',#3859);
#3859 = CARTESIAN_POINT('',(1.,-0.625,4.E-02));
#3860 = VERTEX_POINT('',#3861);
#3861 = CARTESIAN_POINT('',(1.,-0.625,1.21));
#3862 = LINE('',#3863,#3864);
#3863 = CARTESIAN_POINT('',(1.,-0.625,0.));
#3864 = VECTOR('',#3865,1.);
#3865 = DIRECTION('',(0.,0.,1.));
#3866 = ORIENTED_EDGE('',*,*,#3867,.F.);
#3867 = EDGE_CURVE('',#3772,#3858,#3868,.T.);
#3868 = LINE('',#3869,#3870);
#3869 = CARTESIAN_POINT('',(0.6,-0.625,4.E-02));
#3870 = VECTOR('',#3871,1.);
#3871 = DIRECTION('',(1.,0.,0.));
#3872 = ORIENTED_EDGE('',*,*,#3771,.T.);
#3873 = ORIENTED_EDGE('',*,*,#3874,.T.);
#3874 = EDGE_CURVE('',#3774,#3860,#3875,.T.);
#3875 = LINE('',#3876,#3877);
#3876 = CARTESIAN_POINT('',(0.6,-0.625,1.21));
#3877 = VECTOR('',#3878,1.);
#3878 = DIRECTION('',(1.,0.,0.));
#3879 = PLANE('',#3880);
#3880 = AXIS2_PLACEMENT_3D('',#3881,#3882,#3883);
#3881 = CARTESIAN_POINT('',(0.6,-0.625,0.));
#3882 = DIRECTION('',(0.,1.,0.));
#3883 = DIRECTION('',(0.,-0.,1.));
#3884 = ADVANCED_FACE('',(#3885),#3904,.T.);
#3885 = FACE_BOUND('',#3886,.T.);
#3886 = EDGE_LOOP('',(#3887,#3888,#3896,#3903));
#3887 = ORIENTED_EDGE('',*,*,#3781,.T.);
#3888 = ORIENTED_EDGE('',*,*,#3889,.T.);
#3889 = EDGE_CURVE('',#3782,#3890,#3892,.T.);
#3890 = VERTEX_POINT('',#3891);
#3891 = CARTESIAN_POINT('',(1.,-0.585,0.));
#3892 = LINE('',#3893,#3894);
#3893 = CARTESIAN_POINT('',(0.6,-0.585,0.));
#3894 = VECTOR('',#3895,1.);
#3895 = DIRECTION('',(1.,0.,0.));
#3896 = ORIENTED_EDGE('',*,*,#3897,.F.);
#3897 = EDGE_CURVE('',#3858,#3890,#3898,.T.);
#3898 = CIRCLE('',#3899,4.E-02);
#3899 = AXIS2_PLACEMENT_3D('',#3900,#3901,#3902);
#3900 = CARTESIAN_POINT('',(1.,-0.585,4.E-02));
#3901 = DIRECTION('',(1.,0.,-0.));
#3902 = DIRECTION('',(0.,0.,1.));
#3903 = ORIENTED_EDGE('',*,*,#3867,.F.);
#3904 = CYLINDRICAL_SURFACE('',#3905,4.E-02);
#3905 = AXIS2_PLACEMENT_3D('',#3906,#3907,#3908);
#3906 = CARTESIAN_POINT('',(0.6,-0.585,4.E-02));
#3907 = DIRECTION('',(1.,0.,0.));
#3908 = DIRECTION('',(0.,-1.,0.));
#3909 = ADVANCED_FACE('',(#3910),#3929,.T.);
#3910 = FACE_BOUND('',#3911,.T.);
#3911 = EDGE_LOOP('',(#3912,#3913,#3922,#3928));
#3912 = ORIENTED_EDGE('',*,*,#3874,.T.);
#3913 = ORIENTED_EDGE('',*,*,#3914,.T.);
#3914 = EDGE_CURVE('',#3860,#3915,#3917,.T.);
#3915 = VERTEX_POINT('',#3916);
#3916 = CARTESIAN_POINT('',(1.,-0.585,1.25));
#3917 = CIRCLE('',#3918,4.E-02);
#3918 = AXIS2_PLACEMENT_3D('',#3919,#3920,#3921);
#3919 = CARTESIAN_POINT('',(1.,-0.585,1.21));
#3920 = DIRECTION('',(-1.,0.,0.));
#3921 = DIRECTION('',(0.,0.,1.));
#3922 = ORIENTED_EDGE('',*,*,#3923,.F.);
#3923 = EDGE_CURVE('',#3825,#3915,#3924,.T.);
#3924 = LINE('',#3925,#3926);
#3925 = CARTESIAN_POINT('',(0.6,-0.585,1.25));
#3926 = VECTOR('',#3927,1.);
#3927 = DIRECTION('',(1.,0.,0.));
#3928 = ORIENTED_EDGE('',*,*,#3832,.F.);
#3929 = CYLINDRICAL_SURFACE('',#3930,4.E-02);
#3930 = AXIS2_PLACEMENT_3D('',#3931,#3932,#3933);
#3931 = CARTESIAN_POINT('',(0.6,-0.585,1.21));
#3932 = DIRECTION('',(1.,0.,0.));
#3933 = DIRECTION('',(0.,-1.,0.));
#3934 = ADVANCED_FACE('',(#3935),#3953,.F.);
#3935 = FACE_BOUND('',#3936,.F.);
#3936 = EDGE_LOOP('',(#3937,#3938,#3939,#3947));
#3937 = ORIENTED_EDGE('',*,*,#3790,.F.);
#3938 = ORIENTED_EDGE('',*,*,#3889,.T.);
#3939 = ORIENTED_EDGE('',*,*,#3940,.T.);
#3940 = EDGE_CURVE('',#3890,#3941,#3943,.T.);
#3941 = VERTEX_POINT('',#3942);
#3942 = CARTESIAN_POINT('',(1.,0.585,0.));
#3943 = LINE('',#3944,#3945);
#3944 = CARTESIAN_POINT('',(1.,-0.625,0.));
#3945 = VECTOR('',#3946,1.);
#3946 = DIRECTION('',(0.,1.,0.));
#3947 = ORIENTED_EDGE('',*,*,#3948,.F.);
#3948 = EDGE_CURVE('',#3791,#3941,#3949,.T.);
#3949 = LINE('',#3950,#3951);
#3950 = CARTESIAN_POINT('',(0.6,0.585,0.));
#3951 = VECTOR('',#3952,1.);
#3952 = DIRECTION('',(1.,0.,0.));
#3953 = PLANE('',#3954);
#3954 = AXIS2_PLACEMENT_3D('',#3955,#3956,#3957);
#3955 = CARTESIAN_POINT('',(0.6,-0.625,0.));
#3956 = DIRECTION('',(0.,0.,1.));
#3957 = DIRECTION('',(1.,0.,-0.));
#3958 = ADVANCED_FACE('',(#3959),#3977,.T.);
#3959 = FACE_BOUND('',#3960,.T.);
#3960 = EDGE_LOOP('',(#3961,#3962,#3963,#3971));
#3961 = ORIENTED_EDGE('',*,*,#3824,.F.);
#3962 = ORIENTED_EDGE('',*,*,#3923,.T.);
#3963 = ORIENTED_EDGE('',*,*,#3964,.T.);
#3964 = EDGE_CURVE('',#3915,#3965,#3967,.T.);
#3965 = VERTEX_POINT('',#3966);
#3966 = CARTESIAN_POINT('',(1.,0.585,1.25));
#3967 = LINE('',#3968,#3969);
#3968 = CARTESIAN_POINT('',(1.,-0.625,1.25));
#3969 = VECTOR('',#3970,1.);
#3970 = DIRECTION('',(0.,1.,0.));
#3971 = ORIENTED_EDGE('',*,*,#3972,.F.);
#3972 = EDGE_CURVE('',#3816,#3965,#3973,.T.);
#3973 = LINE('',#3974,#3975);
#3974 = CARTESIAN_POINT('',(0.6,0.585,1.25));
#3975 = VECTOR('',#3976,1.);
#3976 = DIRECTION('',(1.,0.,0.));
#3977 = PLANE('',#3978);
#3978 = AXIS2_PLACEMENT_3D('',#3979,#3980,#3981);
#3979 = CARTESIAN_POINT('',(0.6,-0.625,1.25));
#3980 = DIRECTION('',(0.,0.,1.));
#3981 = DIRECTION('',(1.,0.,-0.));
#3982 = ADVANCED_FACE('',(#3983),#4002,.T.);
#3983 = FACE_BOUND('',#3984,.T.);
#3984 = EDGE_LOOP('',(#3985,#3993,#4000,#4001));
#3985 = ORIENTED_EDGE('',*,*,#3986,.T.);
#3986 = EDGE_CURVE('',#3799,#3987,#3989,.T.);
#3987 = VERTEX_POINT('',#3988);
#3988 = CARTESIAN_POINT('',(1.,0.625,4.E-02));
#3989 = LINE('',#3990,#3991);
#3990 = CARTESIAN_POINT('',(0.6,0.625,4.E-02));
#3991 = VECTOR('',#3992,1.);
#3992 = DIRECTION('',(1.,0.,0.));
#3993 = ORIENTED_EDGE('',*,*,#3994,.T.);
#3994 = EDGE_CURVE('',#3987,#3941,#3995,.T.);
#3995 = CIRCLE('',#3996,4.E-02);
#3996 = AXIS2_PLACEMENT_3D('',#3997,#3998,#3999);
#3997 = CARTESIAN_POINT('',(1.,0.585,4.E-02));
#3998 = DIRECTION('',(-1.,0.,0.));
#3999 = DIRECTION('',(0.,0.,1.));
#4000 = ORIENTED_EDGE('',*,*,#3948,.F.);
#4001 = ORIENTED_EDGE('',*,*,#3798,.F.);
#4002 = CYLINDRICAL_SURFACE('',#4003,4.E-02);
#4003 = AXIS2_PLACEMENT_3D('',#4004,#4005,#4006);
#4004 = CARTESIAN_POINT('',(0.6,0.585,4.E-02));
#4005 = DIRECTION('',(1.,0.,0.));
#4006 = DIRECTION('',(-0.,1.,0.));
#4007 = ADVANCED_FACE('',(#4008),#4027,.T.);
#4008 = FACE_BOUND('',#4009,.T.);
#4009 = EDGE_LOOP('',(#4010,#4011,#4012,#4021));
#4010 = ORIENTED_EDGE('',*,*,#3815,.T.);
#4011 = ORIENTED_EDGE('',*,*,#3972,.T.);
#4012 = ORIENTED_EDGE('',*,*,#4013,.F.);
#4013 = EDGE_CURVE('',#4014,#3965,#4016,.T.);
#4014 = VERTEX_POINT('',#4015);
#4015 = CARTESIAN_POINT('',(1.,0.625,1.21));
#4016 = CIRCLE('',#4017,4.E-02);
#4017 = AXIS2_PLACEMENT_3D('',#4018,#4019,#4020);
#4018 = CARTESIAN_POINT('',(1.,0.585,1.21));
#4019 = DIRECTION('',(1.,0.,-0.));
#4020 = DIRECTION('',(0.,0.,1.));
#4021 = ORIENTED_EDGE('',*,*,#4022,.F.);
#4022 = EDGE_CURVE('',#3808,#4014,#4023,.T.);
#4023 = LINE('',#4024,#4025);
#4024 = CARTESIAN_POINT('',(0.6,0.625,1.21));
#4025 = VECTOR('',#4026,1.);
#4026 = DIRECTION('',(1.,0.,0.));
#4027 = CYLINDRICAL_SURFACE('',#4028,4.E-02);
#4028 = AXIS2_PLACEMENT_3D('',#4029,#4030,#4031);
#4029 = CARTESIAN_POINT('',(0.6,0.585,1.21));
#4030 = DIRECTION('',(1.,0.,0.));
#4031 = DIRECTION('',(-0.,1.,0.));
#4032 = ADVANCED_FACE('',(#4033),#4044,.T.);
#4033 = FACE_BOUND('',#4034,.T.);
#4034 = EDGE_LOOP('',(#4035,#4041,#4042,#4043));
#4035 = ORIENTED_EDGE('',*,*,#4036,.F.);
#4036 = EDGE_CURVE('',#3987,#4014,#4037,.T.);
#4037 = LINE('',#4038,#4039);
#4038 = CARTESIAN_POINT('',(1.,0.625,0.));
#4039 = VECTOR('',#4040,1.);
#4040 = DIRECTION('',(0.,0.,1.));
#4041 = ORIENTED_EDGE('',*,*,#3986,.F.);
#4042 = ORIENTED_EDGE('',*,*,#3807,.T.);
#4043 = ORIENTED_EDGE('',*,*,#4022,.T.);
#4044 = PLANE('',#4045);
#4045 = AXIS2_PLACEMENT_3D('',#4046,#4047,#4048);
#4046 = CARTESIAN_POINT('',(0.6,0.625,0.));
#4047 = DIRECTION('',(0.,1.,0.));
#4048 = DIRECTION('',(0.,-0.,1.));
#4049 = ADVANCED_FACE('',(#4050),#4060,.T.);
#4050 = FACE_BOUND('',#4051,.T.);
#4051 = EDGE_LOOP('',(#4052,#4053,#4054,#4055,#4056,#4057,#4058,#4059));
#4052 = ORIENTED_EDGE('',*,*,#3857,.F.);
#4053 = ORIENTED_EDGE('',*,*,#3897,.T.);
#4054 = ORIENTED_EDGE('',*,*,#3940,.T.);
#4055 = ORIENTED_EDGE('',*,*,#3994,.F.);
#4056 = ORIENTED_EDGE('',*,*,#4036,.T.);
#4057 = ORIENTED_EDGE('',*,*,#4013,.T.);
#4058 = ORIENTED_EDGE('',*,*,#3964,.F.);
#4059 = ORIENTED_EDGE('',*,*,#3914,.F.);
#4060 = PLANE('',#4061);
#4061 = AXIS2_PLACEMENT_3D('',#4062,#4063,#4064);
#4062 = CARTESIAN_POINT('',(1.,-0.625,0.));
#4063 = DIRECTION('',(1.,0.,0.));
#4064 = DIRECTION('',(0.,0.,1.));
#4065 = ( GEOMETRIC_REPRESENTATION_CONTEXT(3) 
GLOBAL_UNCERTAINTY_ASSIGNED_CONTEXT((#4069)) 
GLOBAL_UNIT_ASSIGNED_CONTEXT((#4066,#4067,#4068)) REPRESENTATION_CONTEXT
('Context #1','3D Context with UNIT and UNCERTAINTY') );
#4066 = ( LENGTH_UNIT() NAMED_UNIT(*) SI_UNIT(.MILLI.,.METRE.) );
#4067 = ( NAMED_UNIT(*) PLANE_ANGLE_UNIT() SI_UNIT($,.RADIAN.) );
#4068 = ( NAMED_UNIT(*) SI_UNIT($,.STERADIAN.) SOLID_ANGLE_UNIT() );
#4069 = UNCERTAINTY_MEASURE_WITH_UNIT(LENGTH_MEASURE(1.E-07),#4066,
  'distance_accuracy_value','confusion accuracy');
#4070 = CONTEXT_DEPENDENT_SHAPE_REPRESENTATION(#4071,#4073);
#4071 = ( REPRESENTATION_RELATIONSHIP('','',#3210,#3187) 
REPRESENTATION_RELATIONSHIP_WITH_TRANSFORMATION(#4072) 
SHAPE_REPRESENTATION_RELATIONSHIP() );
#4072 = ITEM_DEFINED_TRANSFORMATION('','',#11,#3188);
#4073 = PRODUCT_DEFINITION_SHAPE('Placement','Placement of an item',
  #4074);
#4074 = NEXT_ASSEMBLY_USAGE_OCCURRENCE('3','=>[0:1:1:5]','',#3182,#3205,
  $);
#4075 = PRODUCT_RELATED_PRODUCT_CATEGORY('part',$,(#3207));
#4076 = CONTEXT_DEPENDENT_SHAPE_REPRESENTATION(#4077,#4079);
#4077 = ( REPRESENTATION_RELATIONSHIP('','',#3187,#10) 
REPRESENTATION_RELATIONSHIP_WITH_TRANSFORMATION(#4078) 
SHAPE_REPRESENTATION_RELATIONSHIP() );
#4078 = ITEM_DEFINED_TRANSFORMATION('','',#11,#23);
#4079 = PRODUCT_DEFINITION_SHAPE('Placement','Placement of an item',
  #4080);
#4080 = NEXT_ASSEMBLY_USAGE_OCCURRENCE('5','C8','',#5,#3182,$);
#4081 = CONTEXT_DEPENDENT_SHAPE_REPRESENTATION(#4082,#4084);
#4082 = ( REPRESENTATION_RELATIONSHIP('','',#3187,#10) 
REPRESENTATION_RELATIONSHIP_WITH_TRANSFORMATION(#4083) 
SHAPE_REPRESENTATION_RELATIONSHIP() );
#4083 = ITEM_DEFINED_TRANSFORMATION('','',#11,#27);
#4084 = PRODUCT_DEFINITION_SHAPE('Placement','Placement of an item',
  #4085);
#4085 = NEXT_ASSEMBLY_USAGE_OCCURRENCE('6','C6','',#5,#3182,$);
#4086 = CONTEXT_DEPENDENT_SHAPE_REPRESENTATION(#4087,#4089);
#4087 = ( REPRESENTATION_RELATIONSHIP('','',#3187,#10) 
REPRESENTATION_RELATIONSHIP_WITH_TRANSFORMATION(#4088) 
SHAPE_REPRESENTATION_RELATIONSHIP() );
#4088 = ITEM_DEFINED_TRANSFORMATION('','',#11,#31);
#4089 = PRODUCT_DEFINITION_SHAPE('Placement','Placement of an item',
  #4090);
#4090 = NEXT_ASSEMBLY_USAGE_OCCURRENCE('7','C5','',#5,#3182,$);
#4091 = CONTEXT_DEPENDENT_SHAPE_REPRESENTATION(#4092,#4094);
#4092 = ( REPRESENTATION_RELATIONSHIP('','',#3187,#10) 
REPRESENTATION_RELATIONSHIP_WITH_TRANSFORMATION(#4093) 
SHAPE_REPRESENTATION_RELATIONSHIP() );
#4093 = ITEM_DEFINED_TRANSFORMATION('','',#11,#35);
#4094 = PRODUCT_DEFINITION_SHAPE('Placement','Placement of an item',
  #4095);
#4095 = NEXT_ASSEMBLY_USAGE_OCCURRENCE('8','C7','',#5,#3182,$);
#4096 = CONTEXT_DEPENDENT_SHAPE_REPRESENTATION(#4097,#4099);
#4097 = ( REPRESENTATION_RELATIONSHIP('','',#3187,#10) 
REPRESENTATION_RELATIONSHIP_WITH_TRANSFORMATION(#4098) 
SHAPE_REPRESENTATION_RELATIONSHIP() );
#4098 = ITEM_DEFINED_TRANSFORMATION('','',#11,#39);
#4099 = PRODUCT_DEFINITION_SHAPE('Placement','Placement of an item',
  #4100);
#4100 = NEXT_ASSEMBLY_USAGE_OCCURRENCE('9','C2','',#5,#3182,$);
#4101 = CONTEXT_DEPENDENT_SHAPE_REPRESENTATION(#4102,#4104);
#4102 = ( REPRESENTATION_RELATIONSHIP('','',#3187,#10) 
REPRESENTATION_RELATIONSHIP_WITH_TRANSFORMATION(#4103) 
SHAPE_REPRESENTATION_RELATIONSHIP() );
#4103 = ITEM_DEFINED_TRANSFORMATION('','',#11,#43);
#4104 = PRODUCT_DEFINITION_SHAPE('Placement','Placement of an item',
  #4105);
#4105 = NEXT_ASSEMBLY_USAGE_OCCURRENCE('10','C9','',#5,#3182,$);
#4106 = CONTEXT_DEPENDENT_SHAPE_REPRESENTATION(#4107,#4109);
#4107 = ( REPRESENTATION_RELATIONSHIP('','',#3187,#10) 
REPRESENTATION_RELATIONSHIP_WITH_TRANSFORMATION(#4108) 
SHAPE_REPRESENTATION_RELATIONSHIP() );
#4108 = ITEM_DEFINED_TRANSFORMATION('','',#11,#47);
#4109 = PRODUCT_DEFINITION_SHAPE('Placement','Placement of an item',
  #4110);
#4110 = NEXT_ASSEMBLY_USAGE_OCCURRENCE('11','C4','',#5,#3182,$);
#4111 = CONTEXT_DEPENDENT_SHAPE_REPRESENTATION(#4112,#4114);
#4112 = ( REPRESENTATION_RELATIONSHIP('','',#3187,#10) 
REPRESENTATION_RELATIONSHIP_WITH_TRANSFORMATION(#4113) 
SHAPE_REPRESENTATION_RELATIONSHIP() );
#4113 = ITEM_DEFINED_TRANSFORMATION('','',#11,#51);
#4114 = PRODUCT_DEFINITION_SHAPE('Placement','Placement of an item',
  #4115);
#4115 = NEXT_ASSEMBLY_USAGE_OCCURRENCE('12','C1','',#5,#3182,$);
#4116 = SHAPE_DEFINITION_REPRESENTATION(#4117,#4123);
#4117 = PRODUCT_DEFINITION_SHAPE('','',#4118);
#4118 = PRODUCT_DEFINITION('design','',#4119,#4122);
#4119 = PRODUCT_DEFINITION_FORMATION('','',#4120);
#4120 = PRODUCT('R_0805_2012Metric','R_0805_2012Metric','',(#4121));
#4121 = PRODUCT_CONTEXT('',#2,'mechanical');
#4122 = PRODUCT_DEFINITION_CONTEXT('part definition',#2,'design');
#4123 = SHAPE_REPRESENTATION('',(#11,#4124),#4128);
#4124 = AXIS2_PLACEMENT_3D('',#4125,#4126,#4127);
#4125 = CARTESIAN_POINT('',(0.,0.,0.));
#4126 = DIRECTION('',(0.,0.,1.));
#4127 = DIRECTION('',(1.,0.,-0.));
#4128 = ( GEOMETRIC_REPRESENTATION_CONTEXT(3) 
GLOBAL_UNCERTAINTY_ASSIGNED_CONTEXT((#4132)) 
GLOBAL_UNIT_ASSIGNED_CONTEXT((#4129,#4130,#4131)) REPRESENTATION_CONTEXT
('Context #1','3D Context with UNIT and UNCERTAINTY') );
#4129 = ( LENGTH_UNIT() NAMED_UNIT(*) SI_UNIT(.MILLI.,.METRE.) );
#4130 = ( NAMED_UNIT(*) PLANE_ANGLE_UNIT() SI_UNIT($,.RADIAN.) );
#4131 = ( NAMED_UNIT(*) SI_UNIT($,.STERADIAN.) SOLID_ANGLE_UNIT() );
#4132 = UNCERTAINTY_MEASURE_WITH_UNIT(LENGTH_MEASURE(1.E-07),#4129,
  'distance_accuracy_value','confusion accuracy');
#4133 = CONTEXT_DEPENDENT_SHAPE_REPRESENTATION(#4134,#4136);
#4134 = ( REPRESENTATION_RELATIONSHIP('','',#4123,#10) 
REPRESENTATION_RELATIONSHIP_WITH_TRANSFORMATION(#4135) 
SHAPE_REPRESENTATION_RELATIONSHIP() );
#4135 = ITEM_DEFINED_TRANSFORMATION('','',#11,#55);
#4136 = PRODUCT_DEFINITION_SHAPE('Placement','Placement of an item',
  #4137);
#4137 = NEXT_ASSEMBLY_USAGE_OCCURRENCE('14','R1','',#5,#4118,$);
#4138 = PRODUCT_RELATED_PRODUCT_CATEGORY('part',$,(#4120));
#4139 = SHAPE_DEFINITION_REPRESENTATION(#4140,#4146);
#4140 = PRODUCT_DEFINITION_SHAPE('','',#4141);
#4141 = PRODUCT_DEFINITION('design','',#4142,#4145);
#4142 = PRODUCT_DEFINITION_FORMATION('','',#4143);
#4143 = PRODUCT('R_0805_2012Metric','R_0805_2012Metric','',(#4144));
#4144 = PRODUCT_CONTEXT('',#2,'mechanical');
#4145 = PRODUCT_DEFINITION_CONTEXT('part definition',#2,'design');
#4146 = ADVANCED_BREP_SHAPE_REPRESENTATION('',(#11,#4147),#4937);
#4147 = MANIFOLD_SOLID_BREP('',#4148);
#4148 = CLOSED_SHELL('',(#4149,#4189,#4272,#4297,#4322,#4389,#4406,#4423
    ,#4472,#4489,#4506,#4555,#4572,#4641,#4672,#4696,#4765,#4789,#4806,
    #4823,#4840,#4857,#4874,#4891,#4908,#4925));
#4149 = ADVANCED_FACE('',(#4150),#4184,.F.);
#4150 = FACE_BOUND('',#4151,.F.);
#4151 = EDGE_LOOP('',(#4152,#4162,#4170,#4178));
#4152 = ORIENTED_EDGE('',*,*,#4153,.F.);
#4153 = EDGE_CURVE('',#4154,#4156,#4158,.T.);
#4154 = VERTEX_POINT('',#4155);
#4155 = CARTESIAN_POINT('',(-1.,-0.6,4.5E-02));
#4156 = VERTEX_POINT('',#4157);
#4157 = CARTESIAN_POINT('',(-1.,-0.6,0.405));
#4158 = LINE('',#4159,#4160);
#4159 = CARTESIAN_POINT('',(-1.,-0.6,0.));
#4160 = VECTOR('',#4161,1.);
#4161 = DIRECTION('',(0.,0.,1.));
#4162 = ORIENTED_EDGE('',*,*,#4163,.T.);
#4163 = EDGE_CURVE('',#4154,#4164,#4166,.T.);
#4164 = VERTEX_POINT('',#4165);
#4165 = CARTESIAN_POINT('',(-1.,0.6,4.5E-02));
#4166 = LINE('',#4167,#4168);
#4167 = CARTESIAN_POINT('',(-1.,-0.6,4.5E-02));
#4168 = VECTOR('',#4169,1.);
#4169 = DIRECTION('',(0.,1.,0.));
#4170 = ORIENTED_EDGE('',*,*,#4171,.T.);
#4171 = EDGE_CURVE('',#4164,#4172,#4174,.T.);
#4172 = VERTEX_POINT('',#4173);
#4173 = CARTESIAN_POINT('',(-1.,0.6,0.405));
#4174 = LINE('',#4175,#4176);
#4175 = CARTESIAN_POINT('',(-1.,0.6,0.));
#4176 = VECTOR('',#4177,1.);
#4177 = DIRECTION('',(0.,0.,1.));
#4178 = ORIENTED_EDGE('',*,*,#4179,.F.);
#4179 = EDGE_CURVE('',#4156,#4172,#4180,.T.);
#4180 = LINE('',#4181,#4182);
#4181 = CARTESIAN_POINT('',(-1.,-0.6,0.405));
#4182 = VECTOR('',#4183,1.);
#4183 = DIRECTION('',(0.,1.,0.));
#4184 = PLANE('',#4185);
#4185 = AXIS2_PLACEMENT_3D('',#4186,#4187,#4188);
#4186 = CARTESIAN_POINT('',(-1.,-0.6,0.));
#4187 = DIRECTION('',(1.,0.,0.));
#4188 = DIRECTION('',(0.,0.,1.));
#4189 = ADVANCED_FACE('',(#4190),#4267,.F.);
#4190 = FACE_BOUND('',#4191,.F.);
#4191 = EDGE_LOOP('',(#4192,#4202,#4209,#4210,#4219,#4227,#4236,#4244,
    #4252,#4260));
#4192 = ORIENTED_EDGE('',*,*,#4193,.F.);
#4193 = EDGE_CURVE('',#4194,#4196,#4198,.T.);
#4194 = VERTEX_POINT('',#4195);
#4195 = CARTESIAN_POINT('',(-0.955,-0.6,-2.775557561563E-17));
#4196 = VERTEX_POINT('',#4197);
#4197 = CARTESIAN_POINT('',(-0.745,-0.6,-2.775557561563E-17));
#4198 = LINE('',#4199,#4200);
#4199 = CARTESIAN_POINT('',(-1.,-0.6,0.));
#4200 = VECTOR('',#4201,1.);
#4201 = DIRECTION('',(1.,0.,0.));
#4202 = ORIENTED_EDGE('',*,*,#4203,.F.);
#4203 = EDGE_CURVE('',#4154,#4194,#4204,.T.);
#4204 = CIRCLE('',#4205,4.5E-02);
#4205 = AXIS2_PLACEMENT_3D('',#4206,#4207,#4208);
#4206 = CARTESIAN_POINT('',(-0.955,-0.6,4.5E-02));
#4207 = DIRECTION('',(0.,-1.,0.));
#4208 = DIRECTION('',(0.,0.,1.));
#4209 = ORIENTED_EDGE('',*,*,#4153,.T.);
#4210 = ORIENTED_EDGE('',*,*,#4211,.T.);
#4211 = EDGE_CURVE('',#4156,#4212,#4214,.T.);
#4212 = VERTEX_POINT('',#4213);
#4213 = CARTESIAN_POINT('',(-0.955,-0.6,0.45));
#4214 = CIRCLE('',#4215,4.5E-02);
#4215 = AXIS2_PLACEMENT_3D('',#4216,#4217,#4218);
#4216 = CARTESIAN_POINT('',(-0.955,-0.6,0.405));
#4217 = DIRECTION('',(0.,1.,0.));
#4218 = DIRECTION('',(0.,-0.,1.));
#4219 = ORIENTED_EDGE('',*,*,#4220,.T.);
#4220 = EDGE_CURVE('',#4212,#4221,#4223,.T.);
#4221 = VERTEX_POINT('',#4222);
#4222 = CARTESIAN_POINT('',(-0.745,-0.6,0.45));
#4223 = LINE('',#4224,#4225);
#4224 = CARTESIAN_POINT('',(-1.,-0.6,0.45));
#4225 = VECTOR('',#4226,1.);
#4226 = DIRECTION('',(1.,0.,0.));
#4227 = ORIENTED_EDGE('',*,*,#4228,.F.);
#4228 = EDGE_CURVE('',#4229,#4221,#4231,.T.);
#4229 = VERTEX_POINT('',#4230);
#4230 = CARTESIAN_POINT('',(-0.7,-0.6,0.405));
#4231 = CIRCLE('',#4232,4.5E-02);
#4232 = AXIS2_PLACEMENT_3D('',#4233,#4234,#4235);
#4233 = CARTESIAN_POINT('',(-0.745,-0.6,0.405));
#4234 = DIRECTION('',(0.,-1.,0.));
#4235 = DIRECTION('',(0.,0.,1.));
#4236 = ORIENTED_EDGE('',*,*,#4237,.F.);
#4237 = EDGE_CURVE('',#4238,#4229,#4240,.T.);
#4238 = VERTEX_POINT('',#4239);
#4239 = CARTESIAN_POINT('',(-0.955,-0.6,0.405));
#4240 = LINE('',#4241,#4242);
#4241 = CARTESIAN_POINT('',(-0.955,-0.6,0.405));
#4242 = VECTOR('',#4243,1.);
#4243 = DIRECTION('',(1.,0.,0.));
#4244 = ORIENTED_EDGE('',*,*,#4245,.F.);
#4245 = EDGE_CURVE('',#4246,#4238,#4248,.T.);
#4246 = VERTEX_POINT('',#4247);
#4247 = CARTESIAN_POINT('',(-0.955,-0.6,4.5E-02));
#4248 = LINE('',#4249,#4250);
#4249 = CARTESIAN_POINT('',(-0.955,-0.6,4.5E-02));
#4250 = VECTOR('',#4251,1.);
#4251 = DIRECTION('',(0.,0.,1.));
#4252 = ORIENTED_EDGE('',*,*,#4253,.T.);
#4253 = EDGE_CURVE('',#4246,#4254,#4256,.T.);
#4254 = VERTEX_POINT('',#4255);
#4255 = CARTESIAN_POINT('',(-0.7,-0.6,4.5E-02));
#4256 = LINE('',#4257,#4258);
#4257 = CARTESIAN_POINT('',(-0.955,-0.6,4.5E-02));
#4258 = VECTOR('',#4259,1.);
#4259 = DIRECTION('',(1.,0.,0.));
#4260 = ORIENTED_EDGE('',*,*,#4261,.T.);
#4261 = EDGE_CURVE('',#4254,#4196,#4262,.T.);
#4262 = CIRCLE('',#4263,4.5E-02);
#4263 = AXIS2_PLACEMENT_3D('',#4264,#4265,#4266);
#4264 = CARTESIAN_POINT('',(-0.745,-0.6,4.5E-02));
#4265 = DIRECTION('',(0.,1.,0.));
#4266 = DIRECTION('',(0.,-0.,1.));
#4267 = PLANE('',#4268);
#4268 = AXIS2_PLACEMENT_3D('',#4269,#4270,#4271);
#4269 = CARTESIAN_POINT('',(-1.,-0.6,0.));
#4270 = DIRECTION('',(0.,1.,0.));
#4271 = DIRECTION('',(0.,-0.,1.));
#4272 = ADVANCED_FACE('',(#4273),#4292,.T.);
#4273 = FACE_BOUND('',#4274,.T.);
#4274 = EDGE_LOOP('',(#4275,#4276,#4285,#4291));
#4275 = ORIENTED_EDGE('',*,*,#4163,.T.);
#4276 = ORIENTED_EDGE('',*,*,#4277,.T.);
#4277 = EDGE_CURVE('',#4164,#4278,#4280,.T.);
#4278 = VERTEX_POINT('',#4279);
#4279 = CARTESIAN_POINT('',(-0.955,0.6,-2.775557561563E-17));
#4280 = CIRCLE('',#4281,4.5E-02);
#4281 = AXIS2_PLACEMENT_3D('',#4282,#4283,#4284);
#4282 = CARTESIAN_POINT('',(-0.955,0.6,4.5E-02));
#4283 = DIRECTION('',(0.,-1.,0.));
#4284 = DIRECTION('',(0.,0.,1.));
#4285 = ORIENTED_EDGE('',*,*,#4286,.F.);
#4286 = EDGE_CURVE('',#4194,#4278,#4287,.T.);
#4287 = LINE('',#4288,#4289);
#4288 = CARTESIAN_POINT('',(-0.955,-0.6,-2.775557561563E-17));
#4289 = VECTOR('',#4290,1.);
#4290 = DIRECTION('',(0.,1.,0.));
#4291 = ORIENTED_EDGE('',*,*,#4203,.F.);
#4292 = CYLINDRICAL_SURFACE('',#4293,4.5E-02);
#4293 = AXIS2_PLACEMENT_3D('',#4294,#4295,#4296);
#4294 = CARTESIAN_POINT('',(-0.955,-0.6,4.5E-02));
#4295 = DIRECTION('',(0.,1.,0.));
#4296 = DIRECTION('',(-1.,0.,0.));
#4297 = ADVANCED_FACE('',(#4298),#4317,.T.);
#4298 = FACE_BOUND('',#4299,.T.);
#4299 = EDGE_LOOP('',(#4300,#4301,#4309,#4316));
#4300 = ORIENTED_EDGE('',*,*,#4211,.T.);
#4301 = ORIENTED_EDGE('',*,*,#4302,.T.);
#4302 = EDGE_CURVE('',#4212,#4303,#4305,.T.);
#4303 = VERTEX_POINT('',#4304);
#4304 = CARTESIAN_POINT('',(-0.955,0.6,0.45));
#4305 = LINE('',#4306,#4307);
#4306 = CARTESIAN_POINT('',(-0.955,-0.6,0.45));
#4307 = VECTOR('',#4308,1.);
#4308 = DIRECTION('',(0.,1.,0.));
#4309 = ORIENTED_EDGE('',*,*,#4310,.F.);
#4310 = EDGE_CURVE('',#4172,#4303,#4311,.T.);
#4311 = CIRCLE('',#4312,4.5E-02);
#4312 = AXIS2_PLACEMENT_3D('',#4313,#4314,#4315);
#4313 = CARTESIAN_POINT('',(-0.955,0.6,0.405));
#4314 = DIRECTION('',(0.,1.,0.));
#4315 = DIRECTION('',(0.,-0.,1.));
#4316 = ORIENTED_EDGE('',*,*,#4179,.F.);
#4317 = CYLINDRICAL_SURFACE('',#4318,4.5E-02);
#4318 = AXIS2_PLACEMENT_3D('',#4319,#4320,#4321);
#4319 = CARTESIAN_POINT('',(-0.955,-0.6,0.405));
#4320 = DIRECTION('',(0.,1.,0.));
#4321 = DIRECTION('',(-1.,0.,0.));
#4322 = ADVANCED_FACE('',(#4323),#4384,.T.);
#4323 = FACE_BOUND('',#4324,.T.);
#4324 = EDGE_LOOP('',(#4325,#4333,#4334,#4335,#4336,#4344,#4353,#4361,
    #4369,#4377));
#4325 = ORIENTED_EDGE('',*,*,#4326,.F.);
#4326 = EDGE_CURVE('',#4278,#4327,#4329,.T.);
#4327 = VERTEX_POINT('',#4328);
#4328 = CARTESIAN_POINT('',(-0.745,0.6,-2.775557561563E-17));
#4329 = LINE('',#4330,#4331);
#4330 = CARTESIAN_POINT('',(-1.,0.6,0.));
#4331 = VECTOR('',#4332,1.);
#4332 = DIRECTION('',(1.,0.,0.));
#4333 = ORIENTED_EDGE('',*,*,#4277,.F.);
#4334 = ORIENTED_EDGE('',*,*,#4171,.T.);
#4335 = ORIENTED_EDGE('',*,*,#4310,.T.);
#4336 = ORIENTED_EDGE('',*,*,#4337,.T.);
#4337 = EDGE_CURVE('',#4303,#4338,#4340,.T.);
#4338 = VERTEX_POINT('',#4339);
#4339 = CARTESIAN_POINT('',(-0.745,0.6,0.45));
#4340 = LINE('',#4341,#4342);
#4341 = CARTESIAN_POINT('',(-1.,0.6,0.45));
#4342 = VECTOR('',#4343,1.);
#4343 = DIRECTION('',(1.,0.,0.));
#4344 = ORIENTED_EDGE('',*,*,#4345,.F.);
#4345 = EDGE_CURVE('',#4346,#4338,#4348,.T.);
#4346 = VERTEX_POINT('',#4347);
#4347 = CARTESIAN_POINT('',(-0.7,0.6,0.405));
#4348 = CIRCLE('',#4349,4.5E-02);
#4349 = AXIS2_PLACEMENT_3D('',#4350,#4351,#4352);
#4350 = CARTESIAN_POINT('',(-0.745,0.6,0.405));
#4351 = DIRECTION('',(0.,-1.,0.));
#4352 = DIRECTION('',(0.,0.,1.));
#4353 = ORIENTED_EDGE('',*,*,#4354,.F.);
#4354 = EDGE_CURVE('',#4355,#4346,#4357,.T.);
#4355 = VERTEX_POINT('',#4356);
#4356 = CARTESIAN_POINT('',(-0.955,0.6,0.405));
#4357 = LINE('',#4358,#4359);
#4358 = CARTESIAN_POINT('',(-0.955,0.6,0.405));
#4359 = VECTOR('',#4360,1.);
#4360 = DIRECTION('',(1.,0.,0.));
#4361 = ORIENTED_EDGE('',*,*,#4362,.F.);
#4362 = EDGE_CURVE('',#4363,#4355,#4365,.T.);
#4363 = VERTEX_POINT('',#4364);
#4364 = CARTESIAN_POINT('',(-0.955,0.6,4.5E-02));
#4365 = LINE('',#4366,#4367);
#4366 = CARTESIAN_POINT('',(-0.955,0.6,4.5E-02));
#4367 = VECTOR('',#4368,1.);
#4368 = DIRECTION('',(0.,0.,1.));
#4369 = ORIENTED_EDGE('',*,*,#4370,.T.);
#4370 = EDGE_CURVE('',#4363,#4371,#4373,.T.);
#4371 = VERTEX_POINT('',#4372);
#4372 = CARTESIAN_POINT('',(-0.7,0.6,4.5E-02));
#4373 = LINE('',#4374,#4375);
#4374 = CARTESIAN_POINT('',(-0.955,0.6,4.5E-02));
#4375 = VECTOR('',#4376,1.);
#4376 = DIRECTION('',(1.,0.,0.));
#4377 = ORIENTED_EDGE('',*,*,#4378,.T.);
#4378 = EDGE_CURVE('',#4371,#4327,#4379,.T.);
#4379 = CIRCLE('',#4380,4.5E-02);
#4380 = AXIS2_PLACEMENT_3D('',#4381,#4382,#4383);
#4381 = CARTESIAN_POINT('',(-0.745,0.6,4.5E-02));
#4382 = DIRECTION('',(0.,1.,0.));
#4383 = DIRECTION('',(0.,-0.,1.));
#4384 = PLANE('',#4385);
#4385 = AXIS2_PLACEMENT_3D('',#4386,#4387,#4388);
#4386 = CARTESIAN_POINT('',(-1.,0.6,0.));
#4387 = DIRECTION('',(0.,1.,0.));
#4388 = DIRECTION('',(0.,-0.,1.));
#4389 = ADVANCED_FACE('',(#4390),#4401,.F.);
#4390 = FACE_BOUND('',#4391,.F.);
#4391 = EDGE_LOOP('',(#4392,#4393,#4394,#4395));
#4392 = ORIENTED_EDGE('',*,*,#4326,.F.);
#4393 = ORIENTED_EDGE('',*,*,#4286,.F.);
#4394 = ORIENTED_EDGE('',*,*,#4193,.T.);
#4395 = ORIENTED_EDGE('',*,*,#4396,.T.);
#4396 = EDGE_CURVE('',#4196,#4327,#4397,.T.);
#4397 = LINE('',#4398,#4399);
#4398 = CARTESIAN_POINT('',(-0.745,-0.6,-2.775557561563E-17));
#4399 = VECTOR('',#4400,1.);
#4400 = DIRECTION('',(0.,1.,0.));
#4401 = PLANE('',#4402);
#4402 = AXIS2_PLACEMENT_3D('',#4403,#4404,#4405);
#4403 = CARTESIAN_POINT('',(-1.,-0.6,0.));
#4404 = DIRECTION('',(0.,0.,1.));
#4405 = DIRECTION('',(1.,0.,-0.));
#4406 = ADVANCED_FACE('',(#4407),#4418,.T.);
#4407 = FACE_BOUND('',#4408,.T.);
#4408 = EDGE_LOOP('',(#4409,#4410,#4411,#4412));
#4409 = ORIENTED_EDGE('',*,*,#4261,.T.);
#4410 = ORIENTED_EDGE('',*,*,#4396,.T.);
#4411 = ORIENTED_EDGE('',*,*,#4378,.F.);
#4412 = ORIENTED_EDGE('',*,*,#4413,.F.);
#4413 = EDGE_CURVE('',#4254,#4371,#4414,.T.);
#4414 = LINE('',#4415,#4416);
#4415 = CARTESIAN_POINT('',(-0.7,-0.6,4.5E-02));
#4416 = VECTOR('',#4417,1.);
#4417 = DIRECTION('',(0.,1.,0.));
#4418 = CYLINDRICAL_SURFACE('',#4419,4.5E-02);
#4419 = AXIS2_PLACEMENT_3D('',#4420,#4421,#4422);
#4420 = CARTESIAN_POINT('',(-0.745,-0.6,4.5E-02));
#4421 = DIRECTION('',(0.,1.,0.));
#4422 = DIRECTION('',(1.,0.,0.));
#4423 = ADVANCED_FACE('',(#4424),#4467,.F.);
#4424 = FACE_BOUND('',#4425,.F.);
#4425 = EDGE_LOOP('',(#4426,#4427,#4428,#4429,#4437,#4445,#4453,#4461));
#4426 = ORIENTED_EDGE('',*,*,#4253,.F.);
#4427 = ORIENTED_EDGE('',*,*,#4245,.T.);
#4428 = ORIENTED_EDGE('',*,*,#4237,.T.);
#4429 = ORIENTED_EDGE('',*,*,#4430,.T.);
#4430 = EDGE_CURVE('',#4229,#4431,#4433,.T.);
#4431 = VERTEX_POINT('',#4432);
#4432 = CARTESIAN_POINT('',(0.7,-0.6,0.405));
#4433 = LINE('',#4434,#4435);
#4434 = CARTESIAN_POINT('',(-0.7,-0.6,0.405));
#4435 = VECTOR('',#4436,1.);
#4436 = DIRECTION('',(1.,0.,0.));
#4437 = ORIENTED_EDGE('',*,*,#4438,.T.);
#4438 = EDGE_CURVE('',#4431,#4439,#4441,.T.);
#4439 = VERTEX_POINT('',#4440);
#4440 = CARTESIAN_POINT('',(0.955,-0.6,0.405));
#4441 = LINE('',#4442,#4443);
#4442 = CARTESIAN_POINT('',(-0.955,-0.6,0.405));
#4443 = VECTOR('',#4444,1.);
#4444 = DIRECTION('',(1.,0.,0.));
#4445 = ORIENTED_EDGE('',*,*,#4446,.F.);
#4446 = EDGE_CURVE('',#4447,#4439,#4449,.T.);
#4447 = VERTEX_POINT('',#4448);
#4448 = CARTESIAN_POINT('',(0.955,-0.6,4.5E-02));
#4449 = LINE('',#4450,#4451);
#4450 = CARTESIAN_POINT('',(0.955,-0.6,4.5E-02));
#4451 = VECTOR('',#4452,1.);
#4452 = DIRECTION('',(0.,0.,1.));
#4453 = ORIENTED_EDGE('',*,*,#4454,.F.);
#4454 = EDGE_CURVE('',#4455,#4447,#4457,.T.);
#4455 = VERTEX_POINT('',#4456);
#4456 = CARTESIAN_POINT('',(0.7,-0.6,4.5E-02));
#4457 = LINE('',#4458,#4459);
#4458 = CARTESIAN_POINT('',(-0.955,-0.6,4.5E-02));
#4459 = VECTOR('',#4460,1.);
#4460 = DIRECTION('',(1.,0.,0.));
#4461 = ORIENTED_EDGE('',*,*,#4462,.F.);
#4462 = EDGE_CURVE('',#4254,#4455,#4463,.T.);
#4463 = LINE('',#4464,#4465);
#4464 = CARTESIAN_POINT('',(-0.955,-0.6,4.5E-02));
#4465 = VECTOR('',#4466,1.);
#4466 = DIRECTION('',(1.,0.,0.));
#4467 = PLANE('',#4468);
#4468 = AXIS2_PLACEMENT_3D('',#4469,#4470,#4471);
#4469 = CARTESIAN_POINT('',(-0.955,-0.6,4.5E-02));
#4470 = DIRECTION('',(0.,1.,0.));
#4471 = DIRECTION('',(0.,-0.,1.));
#4472 = ADVANCED_FACE('',(#4473),#4484,.T.);
#4473 = FACE_BOUND('',#4474,.T.);
#4474 = EDGE_LOOP('',(#4475,#4476,#4477,#4478));
#4475 = ORIENTED_EDGE('',*,*,#4337,.F.);
#4476 = ORIENTED_EDGE('',*,*,#4302,.F.);
#4477 = ORIENTED_EDGE('',*,*,#4220,.T.);
#4478 = ORIENTED_EDGE('',*,*,#4479,.T.);
#4479 = EDGE_CURVE('',#4221,#4338,#4480,.T.);
#4480 = LINE('',#4481,#4482);
#4481 = CARTESIAN_POINT('',(-0.745,-0.6,0.45));
#4482 = VECTOR('',#4483,1.);
#4483 = DIRECTION('',(0.,1.,0.));
#4484 = PLANE('',#4485);
#4485 = AXIS2_PLACEMENT_3D('',#4486,#4487,#4488);
#4486 = CARTESIAN_POINT('',(-1.,-0.6,0.45));
#4487 = DIRECTION('',(0.,0.,1.));
#4488 = DIRECTION('',(1.,0.,-0.));
#4489 = ADVANCED_FACE('',(#4490),#4501,.T.);
#4490 = FACE_BOUND('',#4491,.T.);
#4491 = EDGE_LOOP('',(#4492,#4498,#4499,#4500));
#4492 = ORIENTED_EDGE('',*,*,#4493,.T.);
#4493 = EDGE_CURVE('',#4229,#4346,#4494,.T.);
#4494 = LINE('',#4495,#4496);
#4495 = CARTESIAN_POINT('',(-0.7,-0.6,0.405));
#4496 = VECTOR('',#4497,1.);
#4497 = DIRECTION('',(0.,1.,0.));
#4498 = ORIENTED_EDGE('',*,*,#4345,.T.);
#4499 = ORIENTED_EDGE('',*,*,#4479,.F.);
#4500 = ORIENTED_EDGE('',*,*,#4228,.F.);
#4501 = CYLINDRICAL_SURFACE('',#4502,4.5E-02);
#4502 = AXIS2_PLACEMENT_3D('',#4503,#4504,#4505);
#4503 = CARTESIAN_POINT('',(-0.745,-0.6,0.405));
#4504 = DIRECTION('',(0.,1.,0.));
#4505 = DIRECTION('',(1.,0.,0.));
#4506 = ADVANCED_FACE('',(#4507),#4550,.T.);
#4507 = FACE_BOUND('',#4508,.T.);
#4508 = EDGE_LOOP('',(#4509,#4510,#4511,#4512,#4520,#4528,#4536,#4544));
#4509 = ORIENTED_EDGE('',*,*,#4370,.F.);
#4510 = ORIENTED_EDGE('',*,*,#4362,.T.);
#4511 = ORIENTED_EDGE('',*,*,#4354,.T.);
#4512 = ORIENTED_EDGE('',*,*,#4513,.T.);
#4513 = EDGE_CURVE('',#4346,#4514,#4516,.T.);
#4514 = VERTEX_POINT('',#4515);
#4515 = CARTESIAN_POINT('',(0.7,0.6,0.405));
#4516 = LINE('',#4517,#4518);
#4517 = CARTESIAN_POINT('',(-0.7,0.6,0.405));
#4518 = VECTOR('',#4519,1.);
#4519 = DIRECTION('',(1.,0.,0.));
#4520 = ORIENTED_EDGE('',*,*,#4521,.T.);
#4521 = EDGE_CURVE('',#4514,#4522,#4524,.T.);
#4522 = VERTEX_POINT('',#4523);
#4523 = CARTESIAN_POINT('',(0.955,0.6,0.405));
#4524 = LINE('',#4525,#4526);
#4525 = CARTESIAN_POINT('',(-0.955,0.6,0.405));
#4526 = VECTOR('',#4527,1.);
#4527 = DIRECTION('',(1.,0.,0.));
#4528 = ORIENTED_EDGE('',*,*,#4529,.F.);
#4529 = EDGE_CURVE('',#4530,#4522,#4532,.T.);
#4530 = VERTEX_POINT('',#4531);
#4531 = CARTESIAN_POINT('',(0.955,0.6,4.5E-02));
#4532 = LINE('',#4533,#4534);
#4533 = CARTESIAN_POINT('',(0.955,0.6,4.5E-02));
#4534 = VECTOR('',#4535,1.);
#4535 = DIRECTION('',(0.,0.,1.));
#4536 = ORIENTED_EDGE('',*,*,#4537,.F.);
#4537 = EDGE_CURVE('',#4538,#4530,#4540,.T.);
#4538 = VERTEX_POINT('',#4539);
#4539 = CARTESIAN_POINT('',(0.7,0.6,4.5E-02));
#4540 = LINE('',#4541,#4542);
#4541 = CARTESIAN_POINT('',(-0.955,0.6,4.5E-02));
#4542 = VECTOR('',#4543,1.);
#4543 = DIRECTION('',(1.,0.,0.));
#4544 = ORIENTED_EDGE('',*,*,#4545,.F.);
#4545 = EDGE_CURVE('',#4371,#4538,#4546,.T.);
#4546 = LINE('',#4547,#4548);
#4547 = CARTESIAN_POINT('',(-0.955,0.6,4.5E-02));
#4548 = VECTOR('',#4549,1.);
#4549 = DIRECTION('',(1.,0.,0.));
#4550 = PLANE('',#4551);
#4551 = AXIS2_PLACEMENT_3D('',#4552,#4553,#4554);
#4552 = CARTESIAN_POINT('',(-0.955,0.6,4.5E-02));
#4553 = DIRECTION('',(0.,1.,0.));
#4554 = DIRECTION('',(0.,-0.,1.));
#4555 = ADVANCED_FACE('',(#4556),#4567,.F.);
#4556 = FACE_BOUND('',#4557,.F.);
#4557 = EDGE_LOOP('',(#4558,#4559,#4560,#4566));
#4558 = ORIENTED_EDGE('',*,*,#4413,.F.);
#4559 = ORIENTED_EDGE('',*,*,#4462,.T.);
#4560 = ORIENTED_EDGE('',*,*,#4561,.T.);
#4561 = EDGE_CURVE('',#4455,#4538,#4562,.T.);
#4562 = LINE('',#4563,#4564);
#4563 = CARTESIAN_POINT('',(0.7,-0.6,4.5E-02));
#4564 = VECTOR('',#4565,1.);
#4565 = DIRECTION('',(0.,1.,0.));
#4566 = ORIENTED_EDGE('',*,*,#4545,.F.);
#4567 = PLANE('',#4568);
#4568 = AXIS2_PLACEMENT_3D('',#4569,#4570,#4571);
#4569 = CARTESIAN_POINT('',(-0.955,-0.6,4.5E-02));
#4570 = DIRECTION('',(0.,0.,1.));
#4571 = DIRECTION('',(1.,0.,-0.));
#4572 = ADVANCED_FACE('',(#4573),#4636,.F.);
#4573 = FACE_BOUND('',#4574,.F.);
#4574 = EDGE_LOOP('',(#4575,#4585,#4592,#4593,#4594,#4595,#4604,#4612,
    #4621,#4629));
#4575 = ORIENTED_EDGE('',*,*,#4576,.F.);
#4576 = EDGE_CURVE('',#4577,#4579,#4581,.T.);
#4577 = VERTEX_POINT('',#4578);
#4578 = CARTESIAN_POINT('',(0.745,-0.6,-2.775557561563E-17));
#4579 = VERTEX_POINT('',#4580);
#4580 = CARTESIAN_POINT('',(0.955,-0.6,-2.775557561563E-17));
#4581 = LINE('',#4582,#4583);
#4582 = CARTESIAN_POINT('',(0.7,-0.6,0.));
#4583 = VECTOR('',#4584,1.);
#4584 = DIRECTION('',(1.,0.,0.));
#4585 = ORIENTED_EDGE('',*,*,#4586,.F.);
#4586 = EDGE_CURVE('',#4455,#4577,#4587,.T.);
#4587 = CIRCLE('',#4588,4.5E-02);
#4588 = AXIS2_PLACEMENT_3D('',#4589,#4590,#4591);
#4589 = CARTESIAN_POINT('',(0.745,-0.6,4.5E-02));
#4590 = DIRECTION('',(0.,-1.,0.));
#4591 = DIRECTION('',(0.,0.,1.));
#4592 = ORIENTED_EDGE('',*,*,#4454,.T.);
#4593 = ORIENTED_EDGE('',*,*,#4446,.T.);
#4594 = ORIENTED_EDGE('',*,*,#4438,.F.);
#4595 = ORIENTED_EDGE('',*,*,#4596,.T.);
#4596 = EDGE_CURVE('',#4431,#4597,#4599,.T.);
#4597 = VERTEX_POINT('',#4598);
#4598 = CARTESIAN_POINT('',(0.745,-0.6,0.45));
#4599 = CIRCLE('',#4600,4.5E-02);
#4600 = AXIS2_PLACEMENT_3D('',#4601,#4602,#4603);
#4601 = CARTESIAN_POINT('',(0.745,-0.6,0.405));
#4602 = DIRECTION('',(0.,1.,0.));
#4603 = DIRECTION('',(0.,-0.,1.));
#4604 = ORIENTED_EDGE('',*,*,#4605,.T.);
#4605 = EDGE_CURVE('',#4597,#4606,#4608,.T.);
#4606 = VERTEX_POINT('',#4607);
#4607 = CARTESIAN_POINT('',(0.955,-0.6,0.45));
#4608 = LINE('',#4609,#4610);
#4609 = CARTESIAN_POINT('',(0.7,-0.6,0.45));
#4610 = VECTOR('',#4611,1.);
#4611 = DIRECTION('',(1.,0.,0.));
#4612 = ORIENTED_EDGE('',*,*,#4613,.F.);
#4613 = EDGE_CURVE('',#4614,#4606,#4616,.T.);
#4614 = VERTEX_POINT('',#4615);
#4615 = CARTESIAN_POINT('',(1.,-0.6,0.405));
#4616 = CIRCLE('',#4617,4.5E-02);
#4617 = AXIS2_PLACEMENT_3D('',#4618,#4619,#4620);
#4618 = CARTESIAN_POINT('',(0.955,-0.6,0.405));
#4619 = DIRECTION('',(0.,-1.,0.));
#4620 = DIRECTION('',(0.,0.,1.));
#4621 = ORIENTED_EDGE('',*,*,#4622,.F.);
#4622 = EDGE_CURVE('',#4623,#4614,#4625,.T.);
#4623 = VERTEX_POINT('',#4624);
#4624 = CARTESIAN_POINT('',(1.,-0.6,4.5E-02));
#4625 = LINE('',#4626,#4627);
#4626 = CARTESIAN_POINT('',(1.,-0.6,0.));
#4627 = VECTOR('',#4628,1.);
#4628 = DIRECTION('',(0.,0.,1.));
#4629 = ORIENTED_EDGE('',*,*,#4630,.T.);
#4630 = EDGE_CURVE('',#4623,#4579,#4631,.T.);
#4631 = CIRCLE('',#4632,4.5E-02);
#4632 = AXIS2_PLACEMENT_3D('',#4633,#4634,#4635);
#4633 = CARTESIAN_POINT('',(0.955,-0.6,4.5E-02));
#4634 = DIRECTION('',(0.,1.,0.));
#4635 = DIRECTION('',(0.,-0.,1.));
#4636 = PLANE('',#4637);
#4637 = AXIS2_PLACEMENT_3D('',#4638,#4639,#4640);
#4638 = CARTESIAN_POINT('',(0.7,-0.6,0.));
#4639 = DIRECTION('',(0.,1.,0.));
#4640 = DIRECTION('',(0.,-0.,1.));
#4641 = ADVANCED_FACE('',(#4642),#4667,.F.);
#4642 = FACE_BOUND('',#4643,.F.);
#4643 = EDGE_LOOP('',(#4644,#4645,#4653,#4661));
#4644 = ORIENTED_EDGE('',*,*,#4430,.F.);
#4645 = ORIENTED_EDGE('',*,*,#4646,.T.);
#4646 = EDGE_CURVE('',#4229,#4647,#4649,.T.);
#4647 = VERTEX_POINT('',#4648);
#4648 = CARTESIAN_POINT('',(-0.7,-0.6,0.45));
#4649 = LINE('',#4650,#4651);
#4650 = CARTESIAN_POINT('',(-0.7,-0.6,0.405));
#4651 = VECTOR('',#4652,1.);
#4652 = DIRECTION('',(0.,0.,1.));
#4653 = ORIENTED_EDGE('',*,*,#4654,.T.);
#4654 = EDGE_CURVE('',#4647,#4655,#4657,.T.);
#4655 = VERTEX_POINT('',#4656);
#4656 = CARTESIAN_POINT('',(0.7,-0.6,0.45));
#4657 = LINE('',#4658,#4659);
#4658 = CARTESIAN_POINT('',(-0.7,-0.6,0.45));
#4659 = VECTOR('',#4660,1.);
#4660 = DIRECTION('',(1.,0.,0.));
#4661 = ORIENTED_EDGE('',*,*,#4662,.F.);
#4662 = EDGE_CURVE('',#4431,#4655,#4663,.T.);
#4663 = LINE('',#4664,#4665);
#4664 = CARTESIAN_POINT('',(0.7,-0.6,0.405));
#4665 = VECTOR('',#4666,1.);
#4666 = DIRECTION('',(0.,0.,1.));
#4667 = PLANE('',#4668);
#4668 = AXIS2_PLACEMENT_3D('',#4669,#4670,#4671);
#4669 = CARTESIAN_POINT('',(-0.7,-0.6,0.405));
#4670 = DIRECTION('',(0.,1.,0.));
#4671 = DIRECTION('',(0.,-0.,1.));
#4672 = ADVANCED_FACE('',(#4673),#4691,.F.);
#4673 = FACE_BOUND('',#4674,.F.);
#4674 = EDGE_LOOP('',(#4675,#4676,#4677,#4685));
#4675 = ORIENTED_EDGE('',*,*,#4646,.F.);
#4676 = ORIENTED_EDGE('',*,*,#4493,.T.);
#4677 = ORIENTED_EDGE('',*,*,#4678,.T.);
#4678 = EDGE_CURVE('',#4346,#4679,#4681,.T.);
#4679 = VERTEX_POINT('',#4680);
#4680 = CARTESIAN_POINT('',(-0.7,0.6,0.45));
#4681 = LINE('',#4682,#4683);
#4682 = CARTESIAN_POINT('',(-0.7,0.6,0.405));
#4683 = VECTOR('',#4684,1.);
#4684 = DIRECTION('',(0.,0.,1.));
#4685 = ORIENTED_EDGE('',*,*,#4686,.F.);
#4686 = EDGE_CURVE('',#4647,#4679,#4687,.T.);
#4687 = LINE('',#4688,#4689);
#4688 = CARTESIAN_POINT('',(-0.7,-0.6,0.45));
#4689 = VECTOR('',#4690,1.);
#4690 = DIRECTION('',(0.,1.,0.));
#4691 = PLANE('',#4692);
#4692 = AXIS2_PLACEMENT_3D('',#4693,#4694,#4695);
#4693 = CARTESIAN_POINT('',(-0.7,-0.6,0.405));
#4694 = DIRECTION('',(1.,0.,0.));
#4695 = DIRECTION('',(0.,0.,1.));
#4696 = ADVANCED_FACE('',(#4697),#4760,.T.);
#4697 = FACE_BOUND('',#4698,.T.);
#4698 = EDGE_LOOP('',(#4699,#4709,#4716,#4717,#4718,#4719,#4728,#4736,
    #4745,#4753));
#4699 = ORIENTED_EDGE('',*,*,#4700,.F.);
#4700 = EDGE_CURVE('',#4701,#4703,#4705,.T.);
#4701 = VERTEX_POINT('',#4702);
#4702 = CARTESIAN_POINT('',(0.745,0.6,-2.775557561563E-17));
#4703 = VERTEX_POINT('',#4704);
#4704 = CARTESIAN_POINT('',(0.955,0.6,-2.775557561563E-17));
#4705 = LINE('',#4706,#4707);
#4706 = CARTESIAN_POINT('',(0.7,0.6,0.));
#4707 = VECTOR('',#4708,1.);
#4708 = DIRECTION('',(1.,0.,0.));
#4709 = ORIENTED_EDGE('',*,*,#4710,.F.);
#4710 = EDGE_CURVE('',#4538,#4701,#4711,.T.);
#4711 = CIRCLE('',#4712,4.5E-02);
#4712 = AXIS2_PLACEMENT_3D('',#4713,#4714,#4715);
#4713 = CARTESIAN_POINT('',(0.745,0.6,4.5E-02));
#4714 = DIRECTION('',(0.,-1.,0.));
#4715 = DIRECTION('',(0.,0.,1.));
#4716 = ORIENTED_EDGE('',*,*,#4537,.T.);
#4717 = ORIENTED_EDGE('',*,*,#4529,.T.);
#4718 = ORIENTED_EDGE('',*,*,#4521,.F.);
#4719 = ORIENTED_EDGE('',*,*,#4720,.T.);
#4720 = EDGE_CURVE('',#4514,#4721,#4723,.T.);
#4721 = VERTEX_POINT('',#4722);
#4722 = CARTESIAN_POINT('',(0.745,0.6,0.45));
#4723 = CIRCLE('',#4724,4.5E-02);
#4724 = AXIS2_PLACEMENT_3D('',#4725,#4726,#4727);
#4725 = CARTESIAN_POINT('',(0.745,0.6,0.405));
#4726 = DIRECTION('',(0.,1.,0.));
#4727 = DIRECTION('',(0.,-0.,1.));
#4728 = ORIENTED_EDGE('',*,*,#4729,.T.);
#4729 = EDGE_CURVE('',#4721,#4730,#4732,.T.);
#4730 = VERTEX_POINT('',#4731);
#4731 = CARTESIAN_POINT('',(0.955,0.6,0.45));
#4732 = LINE('',#4733,#4734);
#4733 = CARTESIAN_POINT('',(0.7,0.6,0.45));
#4734 = VECTOR('',#4735,1.);
#4735 = DIRECTION('',(1.,0.,0.));
#4736 = ORIENTED_EDGE('',*,*,#4737,.F.);
#4737 = EDGE_CURVE('',#4738,#4730,#4740,.T.);
#4738 = VERTEX_POINT('',#4739);
#4739 = CARTESIAN_POINT('',(1.,0.6,0.405));
#4740 = CIRCLE('',#4741,4.5E-02);
#4741 = AXIS2_PLACEMENT_3D('',#4742,#4743,#4744);
#4742 = CARTESIAN_POINT('',(0.955,0.6,0.405));
#4743 = DIRECTION('',(0.,-1.,0.));
#4744 = DIRECTION('',(0.,0.,1.));
#4745 = ORIENTED_EDGE('',*,*,#4746,.F.);
#4746 = EDGE_CURVE('',#4747,#4738,#4749,.T.);
#4747 = VERTEX_POINT('',#4748);
#4748 = CARTESIAN_POINT('',(1.,0.6,4.5E-02));
#4749 = LINE('',#4750,#4751);
#4750 = CARTESIAN_POINT('',(1.,0.6,0.));
#4751 = VECTOR('',#4752,1.);
#4752 = DIRECTION('',(0.,0.,1.));
#4753 = ORIENTED_EDGE('',*,*,#4754,.T.);
#4754 = EDGE_CURVE('',#4747,#4703,#4755,.T.);
#4755 = CIRCLE('',#4756,4.5E-02);
#4756 = AXIS2_PLACEMENT_3D('',#4757,#4758,#4759);
#4757 = CARTESIAN_POINT('',(0.955,0.6,4.5E-02));
#4758 = DIRECTION('',(0.,1.,0.));
#4759 = DIRECTION('',(0.,-0.,1.));
#4760 = PLANE('',#4761);
#4761 = AXIS2_PLACEMENT_3D('',#4762,#4763,#4764);
#4762 = CARTESIAN_POINT('',(0.7,0.6,0.));
#4763 = DIRECTION('',(0.,1.,0.));
#4764 = DIRECTION('',(0.,-0.,1.));
#4765 = ADVANCED_FACE('',(#4766),#4784,.T.);
#4766 = FACE_BOUND('',#4767,.T.);
#4767 = EDGE_LOOP('',(#4768,#4769,#4770,#4778));
#4768 = ORIENTED_EDGE('',*,*,#4513,.F.);
#4769 = ORIENTED_EDGE('',*,*,#4678,.T.);
#4770 = ORIENTED_EDGE('',*,*,#4771,.T.);
#4771 = EDGE_CURVE('',#4679,#4772,#4774,.T.);
#4772 = VERTEX_POINT('',#4773);
#4773 = CARTESIAN_POINT('',(0.7,0.6,0.45));
#4774 = LINE('',#4775,#4776);
#4775 = CARTESIAN_POINT('',(-0.7,0.6,0.45));
#4776 = VECTOR('',#4777,1.);
#4777 = DIRECTION('',(1.,0.,0.));
#4778 = ORIENTED_EDGE('',*,*,#4779,.F.);
#4779 = EDGE_CURVE('',#4514,#4772,#4780,.T.);
#4780 = LINE('',#4781,#4782);
#4781 = CARTESIAN_POINT('',(0.7,0.6,0.405));
#4782 = VECTOR('',#4783,1.);
#4783 = DIRECTION('',(0.,0.,1.));
#4784 = PLANE('',#4785);
#4785 = AXIS2_PLACEMENT_3D('',#4786,#4787,#4788);
#4786 = CARTESIAN_POINT('',(-0.7,0.6,0.405));
#4787 = DIRECTION('',(0.,1.,0.));
#4788 = DIRECTION('',(0.,-0.,1.));
#4789 = ADVANCED_FACE('',(#4790),#4801,.T.);
#4790 = FACE_BOUND('',#4791,.T.);
#4791 = EDGE_LOOP('',(#4792,#4793,#4794,#4800));
#4792 = ORIENTED_EDGE('',*,*,#4561,.T.);
#4793 = ORIENTED_EDGE('',*,*,#4710,.T.);
#4794 = ORIENTED_EDGE('',*,*,#4795,.F.);
#4795 = EDGE_CURVE('',#4577,#4701,#4796,.T.);
#4796 = LINE('',#4797,#4798);
#4797 = CARTESIAN_POINT('',(0.745,-0.6,-2.775557561563E-17));
#4798 = VECTOR('',#4799,1.);
#4799 = DIRECTION('',(0.,1.,0.));
#4800 = ORIENTED_EDGE('',*,*,#4586,.F.);
#4801 = CYLINDRICAL_SURFACE('',#4802,4.5E-02);
#4802 = AXIS2_PLACEMENT_3D('',#4803,#4804,#4805);
#4803 = CARTESIAN_POINT('',(0.745,-0.6,4.5E-02));
#4804 = DIRECTION('',(0.,1.,0.));
#4805 = DIRECTION('',(-1.,0.,0.));
#4806 = ADVANCED_FACE('',(#4807),#4818,.F.);
#4807 = FACE_BOUND('',#4808,.F.);
#4808 = EDGE_LOOP('',(#4809,#4810,#4811,#4812));
#4809 = ORIENTED_EDGE('',*,*,#4700,.F.);
#4810 = ORIENTED_EDGE('',*,*,#4795,.F.);
#4811 = ORIENTED_EDGE('',*,*,#4576,.T.);
#4812 = ORIENTED_EDGE('',*,*,#4813,.T.);
#4813 = EDGE_CURVE('',#4579,#4703,#4814,.T.);
#4814 = LINE('',#4815,#4816);
#4815 = CARTESIAN_POINT('',(0.955,-0.6,-2.775557561563E-17));
#4816 = VECTOR('',#4817,1.);
#4817 = DIRECTION('',(0.,1.,0.));
#4818 = PLANE('',#4819);
#4819 = AXIS2_PLACEMENT_3D('',#4820,#4821,#4822);
#4820 = CARTESIAN_POINT('',(0.7,-0.6,0.));
#4821 = DIRECTION('',(0.,0.,1.));
#4822 = DIRECTION('',(1.,0.,-0.));
#4823 = ADVANCED_FACE('',(#4824),#4835,.T.);
#4824 = FACE_BOUND('',#4825,.T.);
#4825 = EDGE_LOOP('',(#4826,#4827,#4828,#4829));
#4826 = ORIENTED_EDGE('',*,*,#4630,.T.);
#4827 = ORIENTED_EDGE('',*,*,#4813,.T.);
#4828 = ORIENTED_EDGE('',*,*,#4754,.F.);
#4829 = ORIENTED_EDGE('',*,*,#4830,.F.);
#4830 = EDGE_CURVE('',#4623,#4747,#4831,.T.);
#4831 = LINE('',#4832,#4833);
#4832 = CARTESIAN_POINT('',(1.,-0.6,4.5E-02));
#4833 = VECTOR('',#4834,1.);
#4834 = DIRECTION('',(0.,1.,0.));
#4835 = CYLINDRICAL_SURFACE('',#4836,4.5E-02);
#4836 = AXIS2_PLACEMENT_3D('',#4837,#4838,#4839);
#4837 = CARTESIAN_POINT('',(0.955,-0.6,4.5E-02));
#4838 = DIRECTION('',(0.,1.,0.));
#4839 = DIRECTION('',(1.,0.,0.));
#4840 = ADVANCED_FACE('',(#4841),#4852,.T.);
#4841 = FACE_BOUND('',#4842,.T.);
#4842 = EDGE_LOOP('',(#4843,#4844,#4845,#4846));
#4843 = ORIENTED_EDGE('',*,*,#4622,.F.);
#4844 = ORIENTED_EDGE('',*,*,#4830,.T.);
#4845 = ORIENTED_EDGE('',*,*,#4746,.T.);
#4846 = ORIENTED_EDGE('',*,*,#4847,.F.);
#4847 = EDGE_CURVE('',#4614,#4738,#4848,.T.);
#4848 = LINE('',#4849,#4850);
#4849 = CARTESIAN_POINT('',(1.,-0.6,0.405));
#4850 = VECTOR('',#4851,1.);
#4851 = DIRECTION('',(0.,1.,0.));
#4852 = PLANE('',#4853);
#4853 = AXIS2_PLACEMENT_3D('',#4854,#4855,#4856);
#4854 = CARTESIAN_POINT('',(1.,-0.6,0.));
#4855 = DIRECTION('',(1.,0.,0.));
#4856 = DIRECTION('',(0.,0.,1.));
#4857 = ADVANCED_FACE('',(#4858),#4869,.T.);
#4858 = FACE_BOUND('',#4859,.T.);
#4859 = EDGE_LOOP('',(#4860,#4861,#4862,#4868));
#4860 = ORIENTED_EDGE('',*,*,#4847,.T.);
#4861 = ORIENTED_EDGE('',*,*,#4737,.T.);
#4862 = ORIENTED_EDGE('',*,*,#4863,.F.);
#4863 = EDGE_CURVE('',#4606,#4730,#4864,.T.);
#4864 = LINE('',#4865,#4866);
#4865 = CARTESIAN_POINT('',(0.955,-0.6,0.45));
#4866 = VECTOR('',#4867,1.);
#4867 = DIRECTION('',(0.,1.,0.));
#4868 = ORIENTED_EDGE('',*,*,#4613,.F.);
#4869 = CYLINDRICAL_SURFACE('',#4870,4.5E-02);
#4870 = AXIS2_PLACEMENT_3D('',#4871,#4872,#4873);
#4871 = CARTESIAN_POINT('',(0.955,-0.6,0.405));
#4872 = DIRECTION('',(0.,1.,0.));
#4873 = DIRECTION('',(1.,0.,0.));
#4874 = ADVANCED_FACE('',(#4875),#4886,.T.);
#4875 = FACE_BOUND('',#4876,.T.);
#4876 = EDGE_LOOP('',(#4877,#4878,#4884,#4885));
#4877 = ORIENTED_EDGE('',*,*,#4729,.F.);
#4878 = ORIENTED_EDGE('',*,*,#4879,.F.);
#4879 = EDGE_CURVE('',#4597,#4721,#4880,.T.);
#4880 = LINE('',#4881,#4882);
#4881 = CARTESIAN_POINT('',(0.745,-0.6,0.45));
#4882 = VECTOR('',#4883,1.);
#4883 = DIRECTION('',(0.,1.,0.));
#4884 = ORIENTED_EDGE('',*,*,#4605,.T.);
#4885 = ORIENTED_EDGE('',*,*,#4863,.T.);
#4886 = PLANE('',#4887);
#4887 = AXIS2_PLACEMENT_3D('',#4888,#4889,#4890);
#4888 = CARTESIAN_POINT('',(0.7,-0.6,0.45));
#4889 = DIRECTION('',(0.,0.,1.));
#4890 = DIRECTION('',(1.,0.,-0.));
#4891 = ADVANCED_FACE('',(#4892),#4903,.T.);
#4892 = FACE_BOUND('',#4893,.T.);
#4893 = EDGE_LOOP('',(#4894,#4895,#4896,#4897));
#4894 = ORIENTED_EDGE('',*,*,#4596,.T.);
#4895 = ORIENTED_EDGE('',*,*,#4879,.T.);
#4896 = ORIENTED_EDGE('',*,*,#4720,.F.);
#4897 = ORIENTED_EDGE('',*,*,#4898,.F.);
#4898 = EDGE_CURVE('',#4431,#4514,#4899,.T.);
#4899 = LINE('',#4900,#4901);
#4900 = CARTESIAN_POINT('',(0.7,-0.6,0.405));
#4901 = VECTOR('',#4902,1.);
#4902 = DIRECTION('',(0.,1.,0.));
#4903 = CYLINDRICAL_SURFACE('',#4904,4.5E-02);
#4904 = AXIS2_PLACEMENT_3D('',#4905,#4906,#4907);
#4905 = CARTESIAN_POINT('',(0.745,-0.6,0.405));
#4906 = DIRECTION('',(0.,1.,0.));
#4907 = DIRECTION('',(-1.,0.,0.));
#4908 = ADVANCED_FACE('',(#4909),#4920,.T.);
#4909 = FACE_BOUND('',#4910,.T.);
#4910 = EDGE_LOOP('',(#4911,#4912,#4913,#4914));
#4911 = ORIENTED_EDGE('',*,*,#4662,.F.);
#4912 = ORIENTED_EDGE('',*,*,#4898,.T.);
#4913 = ORIENTED_EDGE('',*,*,#4779,.T.);
#4914 = ORIENTED_EDGE('',*,*,#4915,.F.);
#4915 = EDGE_CURVE('',#4655,#4772,#4916,.T.);
#4916 = LINE('',#4917,#4918);
#4917 = CARTESIAN_POINT('',(0.7,-0.6,0.45));
#4918 = VECTOR('',#4919,1.);
#4919 = DIRECTION('',(0.,1.,0.));
#4920 = PLANE('',#4921);
#4921 = AXIS2_PLACEMENT_3D('',#4922,#4923,#4924);
#4922 = CARTESIAN_POINT('',(0.7,-0.6,0.405));
#4923 = DIRECTION('',(1.,0.,0.));
#4924 = DIRECTION('',(0.,0.,1.));
#4925 = ADVANCED_FACE('',(#4926),#4932,.T.);
#4926 = FACE_BOUND('',#4927,.T.);
#4927 = EDGE_LOOP('',(#4928,#4929,#4930,#4931));
#4928 = ORIENTED_EDGE('',*,*,#4686,.F.);
#4929 = ORIENTED_EDGE('',*,*,#4654,.T.);
#4930 = ORIENTED_EDGE('',*,*,#4915,.T.);
#4931 = ORIENTED_EDGE('',*,*,#4771,.F.);
#4932 = PLANE('',#4933);
#4933 = AXIS2_PLACEMENT_3D('',#4934,#4935,#4936);
#4934 = CARTESIAN_POINT('',(-0.7,-0.6,0.45));
#4935 = DIRECTION('',(0.,0.,1.));
#4936 = DIRECTION('',(1.,0.,-0.));
#4937 = ( GEOMETRIC_REPRESENTATION_CONTEXT(3) 
GLOBAL_UNCERTAINTY_ASSIGNED_CONTEXT((#4941)) 
GLOBAL_UNIT_ASSIGNED_CONTEXT((#4938,#4939,#4940)) REPRESENTATION_CONTEXT
('Context #1','3D Context with UNIT and UNCERTAINTY') );
#4938 = ( LENGTH_UNIT() NAMED_UNIT(*) SI_UNIT(.MILLI.,.METRE.) );
#4939 = ( NAMED_UNIT(*) PLANE_ANGLE_UNIT() SI_UNIT($,.RADIAN.) );
#4940 = ( NAMED_UNIT(*) SI_UNIT($,.STERADIAN.) SOLID_ANGLE_UNIT() );
#4941 = UNCERTAINTY_MEASURE_WITH_UNIT(LENGTH_MEASURE(1.E-07),#4938,
  'distance_accuracy_value','confusion accuracy');
#4942 = CONTEXT_DEPENDENT_SHAPE_REPRESENTATION(#4943,#4945);
#4943 = ( REPRESENTATION_RELATIONSHIP('','',#4146,#4123) 
REPRESENTATION_RELATIONSHIP_WITH_TRANSFORMATION(#4944) 
SHAPE_REPRESENTATION_RELATIONSHIP() );
#4944 = ITEM_DEFINED_TRANSFORMATION('','',#11,#4124);
#4945 = PRODUCT_DEFINITION_SHAPE('Placement','Placement of an item',
  #4946);
#4946 = NEXT_ASSEMBLY_USAGE_OCCURRENCE('13','=>[0:1:1:7]','',#4118,#4141
  ,$);
#4947 = PRODUCT_RELATED_PRODUCT_CATEGORY('part',$,(#4143));
#4948 = SHAPE_DEFINITION_REPRESENTATION(#4949,#4955);
#4949 = PRODUCT_DEFINITION_SHAPE('','',#4950);
#4950 = PRODUCT_DEFINITION('design','',#4951,#4954);
#4951 = PRODUCT_DEFINITION_FORMATION('','',#4952);
#4952 = PRODUCT('seiboku_PCB','seiboku_PCB','',(#4953));
#4953 = PRODUCT_CONTEXT('',#2,'mechanical');
#4954 = PRODUCT_DEFINITION_CONTEXT('part definition',#2,'design');
#4955 = ADVANCED_BREP_SHAPE_REPRESENTATION('',(#11,#4956),#6474);
#4956 = MANIFOLD_SOLID_BREP('',#4957);
#4957 = CLOSED_SHELL('',(#4958,#5000,#5031,#5062,#5456,#5850,#5867,#5884
    ,#5901,#5918,#5930,#5947,#5964,#5981,#5998,#6015,#6032,#6049,#6066,
    #6083,#6100,#6117,#6134,#6151,#6168,#6190,#6207,#6224,#6236,#6253,
    #6270,#6287,#6304,#6321,#6338,#6355,#6372,#6389,#6406,#6423,#6440,
    #6457));
#4958 = ADVANCED_FACE('',(#4959),#4995,.T.);
#4959 = FACE_BOUND('',#4960,.T.);
#4960 = EDGE_LOOP('',(#4961,#4971,#4980,#4988));
#4961 = ORIENTED_EDGE('',*,*,#4962,.T.);
#4962 = EDGE_CURVE('',#4963,#4965,#4967,.T.);
#4963 = VERTEX_POINT('',#4964);
#4964 = CARTESIAN_POINT('',(160.69,-86.5,0.));
#4965 = VERTEX_POINT('',#4966);
#4966 = CARTESIAN_POINT('',(160.69,-86.5,1.51));
#4967 = LINE('',#4968,#4969);
#4968 = CARTESIAN_POINT('',(160.69,-86.5,0.));
#4969 = VECTOR('',#4970,1.);
#4970 = DIRECTION('',(0.,0.,1.));
#4971 = ORIENTED_EDGE('',*,*,#4972,.T.);
#4972 = EDGE_CURVE('',#4965,#4973,#4975,.T.);
#4973 = VERTEX_POINT('',#4974);
#4974 = CARTESIAN_POINT('',(162.69,-88.5,1.51));
#4975 = CIRCLE('',#4976,1.99999850585);
#4976 = AXIS2_PLACEMENT_3D('',#4977,#4978,#4979);
#4977 = CARTESIAN_POINT('',(160.69000149415,-88.49999850585,1.51));
#4978 = DIRECTION('',(0.,0.,-1.));
#4979 = DIRECTION('',(-7.470757491648E-07,1.,0.));
#4980 = ORIENTED_EDGE('',*,*,#4981,.F.);
#4981 = EDGE_CURVE('',#4982,#4973,#4984,.T.);
#4982 = VERTEX_POINT('',#4983);
#4983 = CARTESIAN_POINT('',(162.69,-88.5,0.));
#4984 = LINE('',#4985,#4986);
#4985 = CARTESIAN_POINT('',(162.69,-88.5,0.));
#4986 = VECTOR('',#4987,1.);
#4987 = DIRECTION('',(0.,0.,1.));
#4988 = ORIENTED_EDGE('',*,*,#4989,.F.);
#4989 = EDGE_CURVE('',#4963,#4982,#4990,.T.);
#4990 = CIRCLE('',#4991,1.99999850585);
#4991 = AXIS2_PLACEMENT_3D('',#4992,#4993,#4994);
#4992 = CARTESIAN_POINT('',(160.69000149415,-88.49999850585,0.));
#4993 = DIRECTION('',(0.,0.,-1.));
#4994 = DIRECTION('',(-7.470757491648E-07,1.,0.));
#4995 = CYLINDRICAL_SURFACE('',#4996,1.99999850585);
#4996 = AXIS2_PLACEMENT_3D('',#4997,#4998,#4999);
#4997 = CARTESIAN_POINT('',(160.69000149415,-88.49999850585,0.));
#4998 = DIRECTION('',(0.,0.,-1.));
#4999 = DIRECTION('',(-7.470757491648E-07,1.,0.));
#5000 = ADVANCED_FACE('',(#5001),#5026,.T.);
#5001 = FACE_BOUND('',#5002,.T.);
#5002 = EDGE_LOOP('',(#5003,#5013,#5019,#5020));
#5003 = ORIENTED_EDGE('',*,*,#5004,.T.);
#5004 = EDGE_CURVE('',#5005,#5007,#5009,.T.);
#5005 = VERTEX_POINT('',#5006);
#5006 = CARTESIAN_POINT('',(134.69,-86.5,0.));
#5007 = VERTEX_POINT('',#5008);
#5008 = CARTESIAN_POINT('',(134.69,-86.5,1.51));
#5009 = LINE('',#5010,#5011);
#5010 = CARTESIAN_POINT('',(134.69,-86.5,0.));
#5011 = VECTOR('',#5012,1.);
#5012 = DIRECTION('',(0.,0.,1.));
#5013 = ORIENTED_EDGE('',*,*,#5014,.T.);
#5014 = EDGE_CURVE('',#5007,#4965,#5015,.T.);
#5015 = LINE('',#5016,#5017);
#5016 = CARTESIAN_POINT('',(134.69,-86.5,1.51));
#5017 = VECTOR('',#5018,1.);
#5018 = DIRECTION('',(1.,0.,0.));
#5019 = ORIENTED_EDGE('',*,*,#4962,.F.);
#5020 = ORIENTED_EDGE('',*,*,#5021,.F.);
#5021 = EDGE_CURVE('',#5005,#4963,#5022,.T.);
#5022 = LINE('',#5023,#5024);
#5023 = CARTESIAN_POINT('',(134.69,-86.5,0.));
#5024 = VECTOR('',#5025,1.);
#5025 = DIRECTION('',(1.,0.,0.));
#5026 = PLANE('',#5027);
#5027 = AXIS2_PLACEMENT_3D('',#5028,#5029,#5030);
#5028 = CARTESIAN_POINT('',(134.69,-86.5,0.));
#5029 = DIRECTION('',(0.,1.,0.));
#5030 = DIRECTION('',(1.,0.,0.));
#5031 = ADVANCED_FACE('',(#5032),#5057,.T.);
#5032 = FACE_BOUND('',#5033,.T.);
#5033 = EDGE_LOOP('',(#5034,#5035,#5043,#5051));
#5034 = ORIENTED_EDGE('',*,*,#4981,.T.);
#5035 = ORIENTED_EDGE('',*,*,#5036,.T.);
#5036 = EDGE_CURVE('',#4973,#5037,#5039,.T.);
#5037 = VERTEX_POINT('',#5038);
#5038 = CARTESIAN_POINT('',(162.69,-104.5,1.51));
#5039 = LINE('',#5040,#5041);
#5040 = CARTESIAN_POINT('',(162.69,-88.5,1.51));
#5041 = VECTOR('',#5042,1.);
#5042 = DIRECTION('',(0.,-1.,0.));
#5043 = ORIENTED_EDGE('',*,*,#5044,.F.);
#5044 = EDGE_CURVE('',#5045,#5037,#5047,.T.);
#5045 = VERTEX_POINT('',#5046);
#5046 = CARTESIAN_POINT('',(162.69,-104.5,0.));
#5047 = LINE('',#5048,#5049);
#5048 = CARTESIAN_POINT('',(162.69,-104.5,0.));
#5049 = VECTOR('',#5050,1.);
#5050 = DIRECTION('',(0.,0.,1.));
#5051 = ORIENTED_EDGE('',*,*,#5052,.F.);
#5052 = EDGE_CURVE('',#4982,#5045,#5053,.T.);
#5053 = LINE('',#5054,#5055);
#5054 = CARTESIAN_POINT('',(162.69,-88.5,0.));
#5055 = VECTOR('',#5056,1.);
#5056 = DIRECTION('',(0.,-1.,0.));
#5057 = PLANE('',#5058);
#5058 = AXIS2_PLACEMENT_3D('',#5059,#5060,#5061);
#5059 = CARTESIAN_POINT('',(162.69,-88.5,0.));
#5060 = DIRECTION('',(1.,0.,-0.));
#5061 = DIRECTION('',(0.,-1.,0.));
#5062 = ADVANCED_FACE('',(#5063,#5109,#5120,#5131,#5142,#5153,#5164,
    #5175,#5186,#5197,#5208,#5219,#5230,#5241,#5252,#5263,#5297,#5308,
    #5319,#5330,#5341,#5352,#5363,#5374,#5385,#5396,#5407,#5418,#5429,
    #5440),#5451,.F.);
#5063 = FACE_BOUND('',#5064,.F.);
#5064 = EDGE_LOOP('',(#5065,#5066,#5067,#5076,#5084,#5093,#5101,#5108));
#5065 = ORIENTED_EDGE('',*,*,#4989,.F.);
#5066 = ORIENTED_EDGE('',*,*,#5021,.F.);
#5067 = ORIENTED_EDGE('',*,*,#5068,.F.);
#5068 = EDGE_CURVE('',#5069,#5005,#5071,.T.);
#5069 = VERTEX_POINT('',#5070);
#5070 = CARTESIAN_POINT('',(132.69,-88.5,0.));
#5071 = CIRCLE('',#5072,1.99999850585);
#5072 = AXIS2_PLACEMENT_3D('',#5073,#5074,#5075);
#5073 = CARTESIAN_POINT('',(134.68999850585,-88.49999850585,0.));
#5074 = DIRECTION('',(0.,0.,-1.));
#5075 = DIRECTION('',(-1.,-7.470757349539E-07,-0.));
#5076 = ORIENTED_EDGE('',*,*,#5077,.F.);
#5077 = EDGE_CURVE('',#5078,#5069,#5080,.T.);
#5078 = VERTEX_POINT('',#5079);
#5079 = CARTESIAN_POINT('',(132.69,-104.5,0.));
#5080 = LINE('',#5081,#5082);
#5081 = CARTESIAN_POINT('',(132.69,-104.5,0.));
#5082 = VECTOR('',#5083,1.);
#5083 = DIRECTION('',(0.,1.,0.));
#5084 = ORIENTED_EDGE('',*,*,#5085,.F.);
#5085 = EDGE_CURVE('',#5086,#5078,#5088,.T.);
#5086 = VERTEX_POINT('',#5087);
#5087 = CARTESIAN_POINT('',(134.69,-106.5,0.));
#5088 = CIRCLE('',#5089,1.99999850585);
#5089 = AXIS2_PLACEMENT_3D('',#5090,#5091,#5092);
#5090 = CARTESIAN_POINT('',(134.68999850585,-104.5000014941,0.));
#5091 = DIRECTION('',(0.,0.,-1.));
#5092 = DIRECTION('',(7.470757349539E-07,-1.,0.));
#5093 = ORIENTED_EDGE('',*,*,#5094,.F.);
#5094 = EDGE_CURVE('',#5095,#5086,#5097,.T.);
#5095 = VERTEX_POINT('',#5096);
#5096 = CARTESIAN_POINT('',(160.69,-106.5,0.));
#5097 = LINE('',#5098,#5099);
#5098 = CARTESIAN_POINT('',(160.69,-106.5,0.));
#5099 = VECTOR('',#5100,1.);
#5100 = DIRECTION('',(-1.,0.,0.));
#5101 = ORIENTED_EDGE('',*,*,#5102,.F.);
#5102 = EDGE_CURVE('',#5045,#5095,#5103,.T.);
#5103 = CIRCLE('',#5104,1.99999850585);
#5104 = AXIS2_PLACEMENT_3D('',#5105,#5106,#5107);
#5105 = CARTESIAN_POINT('',(160.69000149415,-104.5000014941,0.));
#5106 = DIRECTION('',(0.,0.,-1.));
#5107 = DIRECTION('',(1.,7.470757562702E-07,0.));
#5108 = ORIENTED_EDGE('',*,*,#5052,.F.);
#5109 = FACE_BOUND('',#5110,.F.);
#5110 = EDGE_LOOP('',(#5111));
#5111 = ORIENTED_EDGE('',*,*,#5112,.T.);
#5112 = EDGE_CURVE('',#5113,#5113,#5115,.T.);
#5113 = VERTEX_POINT('',#5114);
#5114 = CARTESIAN_POINT('',(134.69,-105.6,0.));
#5115 = CIRCLE('',#5116,1.1);
#5116 = AXIS2_PLACEMENT_3D('',#5117,#5118,#5119);
#5117 = CARTESIAN_POINT('',(134.69,-104.5,0.));
#5118 = DIRECTION('',(-0.,0.,-1.));
#5119 = DIRECTION('',(-0.,-1.,0.));
#5120 = FACE_BOUND('',#5121,.F.);
#5121 = EDGE_LOOP('',(#5122));
#5122 = ORIENTED_EDGE('',*,*,#5123,.T.);
#5123 = EDGE_CURVE('',#5124,#5124,#5126,.T.);
#5124 = VERTEX_POINT('',#5125);
#5125 = CARTESIAN_POINT('',(144.51,-102.2,0.));
#5126 = CIRCLE('',#5127,0.35);
#5127 = AXIS2_PLACEMENT_3D('',#5128,#5129,#5130);
#5128 = CARTESIAN_POINT('',(144.51,-101.85,0.));
#5129 = DIRECTION('',(-0.,0.,-1.));
#5130 = DIRECTION('',(-0.,-1.,0.));
#5131 = FACE_BOUND('',#5132,.F.);
#5132 = EDGE_LOOP('',(#5133));
#5133 = ORIENTED_EDGE('',*,*,#5134,.T.);
#5134 = EDGE_CURVE('',#5135,#5135,#5137,.T.);
#5135 = VERTEX_POINT('',#5136);
#5136 = CARTESIAN_POINT('',(146.29,-102.2,0.));
#5137 = CIRCLE('',#5138,0.35);
#5138 = AXIS2_PLACEMENT_3D('',#5139,#5140,#5141);
#5139 = CARTESIAN_POINT('',(146.29,-101.85,0.));
#5140 = DIRECTION('',(-0.,0.,-1.));
#5141 = DIRECTION('',(-0.,-1.,0.));
#5142 = FACE_BOUND('',#5143,.F.);
#5143 = EDGE_LOOP('',(#5144));
#5144 = ORIENTED_EDGE('',*,*,#5145,.T.);
#5145 = EDGE_CURVE('',#5146,#5146,#5148,.T.);
#5146 = VERTEX_POINT('',#5147);
#5147 = CARTESIAN_POINT('',(134.69,-101.,0.));
#5148 = CIRCLE('',#5149,0.5);
#5149 = AXIS2_PLACEMENT_3D('',#5150,#5151,#5152);
#5150 = CARTESIAN_POINT('',(134.69,-100.5,0.));
#5151 = DIRECTION('',(-0.,0.,-1.));
#5152 = DIRECTION('',(-0.,-1.,0.));
#5153 = FACE_BOUND('',#5154,.F.);
#5154 = EDGE_LOOP('',(#5155));
#5155 = ORIENTED_EDGE('',*,*,#5156,.T.);
#5156 = EDGE_CURVE('',#5157,#5157,#5159,.T.);
#5157 = VERTEX_POINT('',#5158);
#5158 = CARTESIAN_POINT('',(137.23,-101.,0.));
#5159 = CIRCLE('',#5160,0.5);
#5160 = AXIS2_PLACEMENT_3D('',#5161,#5162,#5163);
#5161 = CARTESIAN_POINT('',(137.23,-100.5,0.));
#5162 = DIRECTION('',(-0.,0.,-1.));
#5163 = DIRECTION('',(-0.,-1.,0.));
#5164 = FACE_BOUND('',#5165,.F.);
#5165 = EDGE_LOOP('',(#5166));
#5166 = ORIENTED_EDGE('',*,*,#5167,.T.);
#5167 = EDGE_CURVE('',#5168,#5168,#5170,.T.);
#5168 = VERTEX_POINT('',#5169);
#5169 = CARTESIAN_POINT('',(134.69,-98.46,0.));
#5170 = CIRCLE('',#5171,0.5);
#5171 = AXIS2_PLACEMENT_3D('',#5172,#5173,#5174);
#5172 = CARTESIAN_POINT('',(134.69,-97.96,0.));
#5173 = DIRECTION('',(-0.,0.,-1.));
#5174 = DIRECTION('',(-0.,-1.,0.));
#5175 = FACE_BOUND('',#5176,.F.);
#5176 = EDGE_LOOP('',(#5177));
#5177 = ORIENTED_EDGE('',*,*,#5178,.T.);
#5178 = EDGE_CURVE('',#5179,#5179,#5181,.T.);
#5179 = VERTEX_POINT('',#5180);
#5180 = CARTESIAN_POINT('',(137.23,-98.46,0.));
#5181 = CIRCLE('',#5182,0.5);
#5182 = AXIS2_PLACEMENT_3D('',#5183,#5184,#5185);
#5183 = CARTESIAN_POINT('',(137.23,-97.96,0.));
#5184 = DIRECTION('',(-0.,0.,-1.));
#5185 = DIRECTION('',(-0.,-1.,0.));
#5186 = FACE_BOUND('',#5187,.F.);
#5187 = EDGE_LOOP('',(#5188));
#5188 = ORIENTED_EDGE('',*,*,#5189,.T.);
#5189 = EDGE_CURVE('',#5190,#5190,#5192,.T.);
#5190 = VERTEX_POINT('',#5191);
#5191 = CARTESIAN_POINT('',(148.07,-102.2,0.));
#5192 = CIRCLE('',#5193,0.35);
#5193 = AXIS2_PLACEMENT_3D('',#5194,#5195,#5196);
#5194 = CARTESIAN_POINT('',(148.07,-101.85,0.));
#5195 = DIRECTION('',(-0.,0.,-1.));
#5196 = DIRECTION('',(-0.,-1.,0.));
#5197 = FACE_BOUND('',#5198,.F.);
#5198 = EDGE_LOOP('',(#5199));
#5199 = ORIENTED_EDGE('',*,*,#5200,.T.);
#5200 = EDGE_CURVE('',#5201,#5201,#5203,.T.);
#5201 = VERTEX_POINT('',#5202);
#5202 = CARTESIAN_POINT('',(149.85,-102.2,0.));
#5203 = CIRCLE('',#5204,0.35);
#5204 = AXIS2_PLACEMENT_3D('',#5205,#5206,#5207);
#5205 = CARTESIAN_POINT('',(149.85,-101.85,0.));
#5206 = DIRECTION('',(-0.,0.,-1.));
#5207 = DIRECTION('',(-0.,-1.,0.));
#5208 = FACE_BOUND('',#5209,.F.);
#5209 = EDGE_LOOP('',(#5210));
#5210 = ORIENTED_EDGE('',*,*,#5211,.T.);
#5211 = EDGE_CURVE('',#5212,#5212,#5214,.T.);
#5212 = VERTEX_POINT('',#5213);
#5213 = CARTESIAN_POINT('',(151.63,-102.2,0.));
#5214 = CIRCLE('',#5215,0.35);
#5215 = AXIS2_PLACEMENT_3D('',#5216,#5217,#5218);
#5216 = CARTESIAN_POINT('',(151.63,-101.85,0.));
#5217 = DIRECTION('',(-0.,0.,-1.));
#5218 = DIRECTION('',(-0.,-1.,0.));
#5219 = FACE_BOUND('',#5220,.F.);
#5220 = EDGE_LOOP('',(#5221));
#5221 = ORIENTED_EDGE('',*,*,#5222,.T.);
#5222 = EDGE_CURVE('',#5223,#5223,#5225,.T.);
#5223 = VERTEX_POINT('',#5224);
#5224 = CARTESIAN_POINT('',(153.41,-102.2,0.));
#5225 = CIRCLE('',#5226,0.35);
#5226 = AXIS2_PLACEMENT_3D('',#5227,#5228,#5229);
#5227 = CARTESIAN_POINT('',(153.41,-101.85,0.));
#5228 = DIRECTION('',(-0.,0.,-1.));
#5229 = DIRECTION('',(-0.,-1.,0.));
#5230 = FACE_BOUND('',#5231,.F.);
#5231 = EDGE_LOOP('',(#5232));
#5232 = ORIENTED_EDGE('',*,*,#5233,.T.);
#5233 = EDGE_CURVE('',#5234,#5234,#5236,.T.);
#5234 = VERTEX_POINT('',#5235);
#5235 = CARTESIAN_POINT('',(160.69,-105.6,0.));
#5236 = CIRCLE('',#5237,1.1);
#5237 = AXIS2_PLACEMENT_3D('',#5238,#5239,#5240);
#5238 = CARTESIAN_POINT('',(160.69,-104.5,0.));
#5239 = DIRECTION('',(-0.,0.,-1.));
#5240 = DIRECTION('',(-0.,-1.,0.));
#5241 = FACE_BOUND('',#5242,.F.);
#5242 = EDGE_LOOP('',(#5243));
#5243 = ORIENTED_EDGE('',*,*,#5244,.T.);
#5244 = EDGE_CURVE('',#5245,#5245,#5247,.T.);
#5245 = VERTEX_POINT('',#5246);
#5246 = CARTESIAN_POINT('',(155.19,-102.2,0.));
#5247 = CIRCLE('',#5248,0.35);
#5248 = AXIS2_PLACEMENT_3D('',#5249,#5250,#5251);
#5249 = CARTESIAN_POINT('',(155.19,-101.85,0.));
#5250 = DIRECTION('',(-0.,0.,-1.));
#5251 = DIRECTION('',(-0.,-1.,0.));
#5252 = FACE_BOUND('',#5253,.F.);
#5253 = EDGE_LOOP('',(#5254));
#5254 = ORIENTED_EDGE('',*,*,#5255,.T.);
#5255 = EDGE_CURVE('',#5256,#5256,#5258,.T.);
#5256 = VERTEX_POINT('',#5257);
#5257 = CARTESIAN_POINT('',(156.97,-102.2,0.));
#5258 = CIRCLE('',#5259,0.35);
#5259 = AXIS2_PLACEMENT_3D('',#5260,#5261,#5262);
#5260 = CARTESIAN_POINT('',(156.97,-101.85,0.));
#5261 = DIRECTION('',(-0.,0.,-1.));
#5262 = DIRECTION('',(-0.,-1.,0.));
#5263 = FACE_BOUND('',#5264,.F.);
#5264 = EDGE_LOOP('',(#5265,#5275,#5283,#5291));
#5265 = ORIENTED_EDGE('',*,*,#5266,.F.);
#5266 = EDGE_CURVE('',#5267,#5269,#5271,.T.);
#5267 = VERTEX_POINT('',#5268);
#5268 = CARTESIAN_POINT('',(141.73,-100.8,0.));
#5269 = VERTEX_POINT('',#5270);
#5270 = CARTESIAN_POINT('',(158.69,-100.8,0.));
#5271 = LINE('',#5272,#5273);
#5272 = CARTESIAN_POINT('',(141.73,-100.8,0.));
#5273 = VECTOR('',#5274,1.);
#5274 = DIRECTION('',(1.,0.,0.));
#5275 = ORIENTED_EDGE('',*,*,#5276,.F.);
#5276 = EDGE_CURVE('',#5277,#5267,#5279,.T.);
#5277 = VERTEX_POINT('',#5278);
#5278 = CARTESIAN_POINT('',(141.73,-92.2,0.));
#5279 = LINE('',#5280,#5281);
#5280 = CARTESIAN_POINT('',(141.73,-92.2,0.));
#5281 = VECTOR('',#5282,1.);
#5282 = DIRECTION('',(0.,-1.,0.));
#5283 = ORIENTED_EDGE('',*,*,#5284,.F.);
#5284 = EDGE_CURVE('',#5285,#5277,#5287,.T.);
#5285 = VERTEX_POINT('',#5286);
#5286 = CARTESIAN_POINT('',(158.69,-92.2,0.));
#5287 = LINE('',#5288,#5289);
#5288 = CARTESIAN_POINT('',(158.69,-92.2,0.));
#5289 = VECTOR('',#5290,1.);
#5290 = DIRECTION('',(-1.,0.,0.));
#5291 = ORIENTED_EDGE('',*,*,#5292,.F.);
#5292 = EDGE_CURVE('',#5269,#5285,#5293,.T.);
#5293 = LINE('',#5294,#5295);
#5294 = CARTESIAN_POINT('',(158.69,-100.8,0.));
#5295 = VECTOR('',#5296,1.);
#5296 = DIRECTION('',(0.,1.,0.));
#5297 = FACE_BOUND('',#5298,.F.);
#5298 = EDGE_LOOP('',(#5299));
#5299 = ORIENTED_EDGE('',*,*,#5300,.T.);
#5300 = EDGE_CURVE('',#5301,#5301,#5303,.T.);
#5301 = VERTEX_POINT('',#5302);
#5302 = CARTESIAN_POINT('',(134.69,-95.92,0.));
#5303 = CIRCLE('',#5304,0.5);
#5304 = AXIS2_PLACEMENT_3D('',#5305,#5306,#5307);
#5305 = CARTESIAN_POINT('',(134.69,-95.42,0.));
#5306 = DIRECTION('',(-0.,0.,-1.));
#5307 = DIRECTION('',(-0.,-1.,0.));
#5308 = FACE_BOUND('',#5309,.F.);
#5309 = EDGE_LOOP('',(#5310));
#5310 = ORIENTED_EDGE('',*,*,#5311,.T.);
#5311 = EDGE_CURVE('',#5312,#5312,#5314,.T.);
#5312 = VERTEX_POINT('',#5313);
#5313 = CARTESIAN_POINT('',(137.23,-95.92,0.));
#5314 = CIRCLE('',#5315,0.5);
#5315 = AXIS2_PLACEMENT_3D('',#5316,#5317,#5318);
#5316 = CARTESIAN_POINT('',(137.23,-95.42,0.));
#5317 = DIRECTION('',(-0.,0.,-1.));
#5318 = DIRECTION('',(-0.,-1.,0.));
#5319 = FACE_BOUND('',#5320,.F.);
#5320 = EDGE_LOOP('',(#5321));
#5321 = ORIENTED_EDGE('',*,*,#5322,.T.);
#5322 = EDGE_CURVE('',#5323,#5323,#5325,.T.);
#5323 = VERTEX_POINT('',#5324);
#5324 = CARTESIAN_POINT('',(134.69,-93.38,0.));
#5325 = CIRCLE('',#5326,0.5);
#5326 = AXIS2_PLACEMENT_3D('',#5327,#5328,#5329);
#5327 = CARTESIAN_POINT('',(134.69,-92.88,0.));
#5328 = DIRECTION('',(-0.,0.,-1.));
#5329 = DIRECTION('',(-0.,-1.,0.));
#5330 = FACE_BOUND('',#5331,.F.);
#5331 = EDGE_LOOP('',(#5332));
#5332 = ORIENTED_EDGE('',*,*,#5333,.T.);
#5333 = EDGE_CURVE('',#5334,#5334,#5336,.T.);
#5334 = VERTEX_POINT('',#5335);
#5335 = CARTESIAN_POINT('',(137.23,-93.38,0.));
#5336 = CIRCLE('',#5337,0.5);
#5337 = AXIS2_PLACEMENT_3D('',#5338,#5339,#5340);
#5338 = CARTESIAN_POINT('',(137.23,-92.88,0.));
#5339 = DIRECTION('',(-0.,0.,-1.));
#5340 = DIRECTION('',(-0.,-1.,0.));
#5341 = FACE_BOUND('',#5342,.F.);
#5342 = EDGE_LOOP('',(#5343));
#5343 = ORIENTED_EDGE('',*,*,#5344,.T.);
#5344 = EDGE_CURVE('',#5345,#5345,#5347,.T.);
#5345 = VERTEX_POINT('',#5346);
#5346 = CARTESIAN_POINT('',(134.69,-89.6,0.));
#5347 = CIRCLE('',#5348,1.1);
#5348 = AXIS2_PLACEMENT_3D('',#5349,#5350,#5351);
#5349 = CARTESIAN_POINT('',(134.69,-88.5,0.));
#5350 = DIRECTION('',(-0.,0.,-1.));
#5351 = DIRECTION('',(-0.,-1.,0.));
#5352 = FACE_BOUND('',#5353,.F.);
#5353 = EDGE_LOOP('',(#5354));
#5354 = ORIENTED_EDGE('',*,*,#5355,.T.);
#5355 = EDGE_CURVE('',#5356,#5356,#5358,.T.);
#5356 = VERTEX_POINT('',#5357);
#5357 = CARTESIAN_POINT('',(145.4,-91.5,0.));
#5358 = CIRCLE('',#5359,0.35);
#5359 = AXIS2_PLACEMENT_3D('',#5360,#5361,#5362);
#5360 = CARTESIAN_POINT('',(145.4,-91.15,0.));
#5361 = DIRECTION('',(-0.,0.,-1.));
#5362 = DIRECTION('',(-0.,-1.,0.));
#5363 = FACE_BOUND('',#5364,.F.);
#5364 = EDGE_LOOP('',(#5365));
#5365 = ORIENTED_EDGE('',*,*,#5366,.T.);
#5366 = EDGE_CURVE('',#5367,#5367,#5369,.T.);
#5367 = VERTEX_POINT('',#5368);
#5368 = CARTESIAN_POINT('',(147.18,-91.5,0.));
#5369 = CIRCLE('',#5370,0.35);
#5370 = AXIS2_PLACEMENT_3D('',#5371,#5372,#5373);
#5371 = CARTESIAN_POINT('',(147.18,-91.15,0.));
#5372 = DIRECTION('',(-0.,0.,-1.));
#5373 = DIRECTION('',(-0.,-1.,0.));
#5374 = FACE_BOUND('',#5375,.F.);
#5375 = EDGE_LOOP('',(#5376));
#5376 = ORIENTED_EDGE('',*,*,#5377,.T.);
#5377 = EDGE_CURVE('',#5378,#5378,#5380,.T.);
#5378 = VERTEX_POINT('',#5379);
#5379 = CARTESIAN_POINT('',(148.96,-91.5,0.));
#5380 = CIRCLE('',#5381,0.35);
#5381 = AXIS2_PLACEMENT_3D('',#5382,#5383,#5384);
#5382 = CARTESIAN_POINT('',(148.96,-91.15,0.));
#5383 = DIRECTION('',(-0.,0.,-1.));
#5384 = DIRECTION('',(-0.,-1.,0.));
#5385 = FACE_BOUND('',#5386,.F.);
#5386 = EDGE_LOOP('',(#5387));
#5387 = ORIENTED_EDGE('',*,*,#5388,.T.);
#5388 = EDGE_CURVE('',#5389,#5389,#5391,.T.);
#5389 = VERTEX_POINT('',#5390);
#5390 = CARTESIAN_POINT('',(150.74,-91.5,0.));
#5391 = CIRCLE('',#5392,0.35);
#5392 = AXIS2_PLACEMENT_3D('',#5393,#5394,#5395);
#5393 = CARTESIAN_POINT('',(150.74,-91.15,0.));
#5394 = DIRECTION('',(-0.,0.,-1.));
#5395 = DIRECTION('',(-0.,-1.,0.));
#5396 = FACE_BOUND('',#5397,.F.);
#5397 = EDGE_LOOP('',(#5398));
#5398 = ORIENTED_EDGE('',*,*,#5399,.T.);
#5399 = EDGE_CURVE('',#5400,#5400,#5402,.T.);
#5400 = VERTEX_POINT('',#5401);
#5401 = CARTESIAN_POINT('',(152.52,-91.5,0.));
#5402 = CIRCLE('',#5403,0.35);
#5403 = AXIS2_PLACEMENT_3D('',#5404,#5405,#5406);
#5404 = CARTESIAN_POINT('',(152.52,-91.15,0.));
#5405 = DIRECTION('',(-0.,0.,-1.));
#5406 = DIRECTION('',(8.120488408687E-14,-1.,-0.));
#5407 = FACE_BOUND('',#5408,.F.);
#5408 = EDGE_LOOP('',(#5409));
#5409 = ORIENTED_EDGE('',*,*,#5410,.T.);
#5410 = EDGE_CURVE('',#5411,#5411,#5413,.T.);
#5411 = VERTEX_POINT('',#5412);
#5412 = CARTESIAN_POINT('',(154.3,-91.5,0.));
#5413 = CIRCLE('',#5414,0.35);
#5414 = AXIS2_PLACEMENT_3D('',#5415,#5416,#5417);
#5415 = CARTESIAN_POINT('',(154.3,-91.15,0.));
#5416 = DIRECTION('',(-0.,0.,-1.));
#5417 = DIRECTION('',(-0.,-1.,0.));
#5418 = FACE_BOUND('',#5419,.F.);
#5419 = EDGE_LOOP('',(#5420));
#5420 = ORIENTED_EDGE('',*,*,#5421,.T.);
#5421 = EDGE_CURVE('',#5422,#5422,#5424,.T.);
#5422 = VERTEX_POINT('',#5423);
#5423 = CARTESIAN_POINT('',(156.08,-91.5,0.));
#5424 = CIRCLE('',#5425,0.35);
#5425 = AXIS2_PLACEMENT_3D('',#5426,#5427,#5428);
#5426 = CARTESIAN_POINT('',(156.08,-91.15,0.));
#5427 = DIRECTION('',(-0.,0.,-1.));
#5428 = DIRECTION('',(8.120488408687E-14,-1.,-0.));
#5429 = FACE_BOUND('',#5430,.F.);
#5430 = EDGE_LOOP('',(#5431));
#5431 = ORIENTED_EDGE('',*,*,#5432,.T.);
#5432 = EDGE_CURVE('',#5433,#5433,#5435,.T.);
#5433 = VERTEX_POINT('',#5434);
#5434 = CARTESIAN_POINT('',(157.86,-91.5,0.));
#5435 = CIRCLE('',#5436,0.35);
#5436 = AXIS2_PLACEMENT_3D('',#5437,#5438,#5439);
#5437 = CARTESIAN_POINT('',(157.86,-91.15,0.));
#5438 = DIRECTION('',(-0.,0.,-1.));
#5439 = DIRECTION('',(-0.,-1.,0.));
#5440 = FACE_BOUND('',#5441,.F.);
#5441 = EDGE_LOOP('',(#5442));
#5442 = ORIENTED_EDGE('',*,*,#5443,.T.);
#5443 = EDGE_CURVE('',#5444,#5444,#5446,.T.);
#5444 = VERTEX_POINT('',#5445);
#5445 = CARTESIAN_POINT('',(160.69,-89.6,0.));
#5446 = CIRCLE('',#5447,1.1);
#5447 = AXIS2_PLACEMENT_3D('',#5448,#5449,#5450);
#5448 = CARTESIAN_POINT('',(160.69,-88.5,0.));
#5449 = DIRECTION('',(-0.,0.,-1.));
#5450 = DIRECTION('',(-0.,-1.,0.));
#5451 = PLANE('',#5452);
#5452 = AXIS2_PLACEMENT_3D('',#5453,#5454,#5455);
#5453 = CARTESIAN_POINT('',(0.,0.,0.));
#5454 = DIRECTION('',(0.,0.,1.));
#5455 = DIRECTION('',(1.,0.,-0.));
#5456 = ADVANCED_FACE('',(#5457,#5503,#5514,#5525,#5536,#5547,#5558,
    #5569,#5580,#5591,#5602,#5613,#5624,#5635,#5646,#5657,#5691,#5702,
    #5713,#5724,#5735,#5746,#5757,#5768,#5779,#5790,#5801,#5812,#5823,
    #5834),#5845,.T.);
#5457 = FACE_BOUND('',#5458,.T.);
#5458 = EDGE_LOOP('',(#5459,#5460,#5461,#5470,#5478,#5487,#5495,#5502));
#5459 = ORIENTED_EDGE('',*,*,#4972,.F.);
#5460 = ORIENTED_EDGE('',*,*,#5014,.F.);
#5461 = ORIENTED_EDGE('',*,*,#5462,.F.);
#5462 = EDGE_CURVE('',#5463,#5007,#5465,.T.);
#5463 = VERTEX_POINT('',#5464);
#5464 = CARTESIAN_POINT('',(132.69,-88.5,1.51));
#5465 = CIRCLE('',#5466,1.99999850585);
#5466 = AXIS2_PLACEMENT_3D('',#5467,#5468,#5469);
#5467 = CARTESIAN_POINT('',(134.68999850585,-88.49999850585,1.51));
#5468 = DIRECTION('',(0.,0.,-1.));
#5469 = DIRECTION('',(-1.,-7.470757349539E-07,-0.));
#5470 = ORIENTED_EDGE('',*,*,#5471,.F.);
#5471 = EDGE_CURVE('',#5472,#5463,#5474,.T.);
#5472 = VERTEX_POINT('',#5473);
#5473 = CARTESIAN_POINT('',(132.69,-104.5,1.51));
#5474 = LINE('',#5475,#5476);
#5475 = CARTESIAN_POINT('',(132.69,-104.5,1.51));
#5476 = VECTOR('',#5477,1.);
#5477 = DIRECTION('',(0.,1.,0.));
#5478 = ORIENTED_EDGE('',*,*,#5479,.F.);
#5479 = EDGE_CURVE('',#5480,#5472,#5482,.T.);
#5480 = VERTEX_POINT('',#5481);
#5481 = CARTESIAN_POINT('',(134.69,-106.5,1.51));
#5482 = CIRCLE('',#5483,1.99999850585);
#5483 = AXIS2_PLACEMENT_3D('',#5484,#5485,#5486);
#5484 = CARTESIAN_POINT('',(134.68999850585,-104.5000014941,1.51));
#5485 = DIRECTION('',(0.,0.,-1.));
#5486 = DIRECTION('',(7.470757349539E-07,-1.,0.));
#5487 = ORIENTED_EDGE('',*,*,#5488,.F.);
#5488 = EDGE_CURVE('',#5489,#5480,#5491,.T.);
#5489 = VERTEX_POINT('',#5490);
#5490 = CARTESIAN_POINT('',(160.69,-106.5,1.51));
#5491 = LINE('',#5492,#5493);
#5492 = CARTESIAN_POINT('',(160.69,-106.5,1.51));
#5493 = VECTOR('',#5494,1.);
#5494 = DIRECTION('',(-1.,0.,0.));
#5495 = ORIENTED_EDGE('',*,*,#5496,.F.);
#5496 = EDGE_CURVE('',#5037,#5489,#5497,.T.);
#5497 = CIRCLE('',#5498,1.99999850585);
#5498 = AXIS2_PLACEMENT_3D('',#5499,#5500,#5501);
#5499 = CARTESIAN_POINT('',(160.69000149415,-104.5000014941,1.51));
#5500 = DIRECTION('',(0.,0.,-1.));
#5501 = DIRECTION('',(1.,7.470757562702E-07,0.));
#5502 = ORIENTED_EDGE('',*,*,#5036,.F.);
#5503 = FACE_BOUND('',#5504,.T.);
#5504 = EDGE_LOOP('',(#5505));
#5505 = ORIENTED_EDGE('',*,*,#5506,.T.);
#5506 = EDGE_CURVE('',#5507,#5507,#5509,.T.);
#5507 = VERTEX_POINT('',#5508);
#5508 = CARTESIAN_POINT('',(134.69,-105.6,1.51));
#5509 = CIRCLE('',#5510,1.1);
#5510 = AXIS2_PLACEMENT_3D('',#5511,#5512,#5513);
#5511 = CARTESIAN_POINT('',(134.69,-104.5,1.51));
#5512 = DIRECTION('',(-0.,0.,-1.));
#5513 = DIRECTION('',(-0.,-1.,0.));
#5514 = FACE_BOUND('',#5515,.T.);
#5515 = EDGE_LOOP('',(#5516));
#5516 = ORIENTED_EDGE('',*,*,#5517,.T.);
#5517 = EDGE_CURVE('',#5518,#5518,#5520,.T.);
#5518 = VERTEX_POINT('',#5519);
#5519 = CARTESIAN_POINT('',(144.51,-102.2,1.51));
#5520 = CIRCLE('',#5521,0.35);
#5521 = AXIS2_PLACEMENT_3D('',#5522,#5523,#5524);
#5522 = CARTESIAN_POINT('',(144.51,-101.85,1.51));
#5523 = DIRECTION('',(-0.,0.,-1.));
#5524 = DIRECTION('',(-0.,-1.,0.));
#5525 = FACE_BOUND('',#5526,.T.);
#5526 = EDGE_LOOP('',(#5527));
#5527 = ORIENTED_EDGE('',*,*,#5528,.T.);
#5528 = EDGE_CURVE('',#5529,#5529,#5531,.T.);
#5529 = VERTEX_POINT('',#5530);
#5530 = CARTESIAN_POINT('',(146.29,-102.2,1.51));
#5531 = CIRCLE('',#5532,0.35);
#5532 = AXIS2_PLACEMENT_3D('',#5533,#5534,#5535);
#5533 = CARTESIAN_POINT('',(146.29,-101.85,1.51));
#5534 = DIRECTION('',(-0.,0.,-1.));
#5535 = DIRECTION('',(-0.,-1.,0.));
#5536 = FACE_BOUND('',#5537,.T.);
#5537 = EDGE_LOOP('',(#5538));
#5538 = ORIENTED_EDGE('',*,*,#5539,.T.);
#5539 = EDGE_CURVE('',#5540,#5540,#5542,.T.);
#5540 = VERTEX_POINT('',#5541);
#5541 = CARTESIAN_POINT('',(134.69,-101.,1.51));
#5542 = CIRCLE('',#5543,0.5);
#5543 = AXIS2_PLACEMENT_3D('',#5544,#5545,#5546);
#5544 = CARTESIAN_POINT('',(134.69,-100.5,1.51));
#5545 = DIRECTION('',(-0.,0.,-1.));
#5546 = DIRECTION('',(-0.,-1.,0.));
#5547 = FACE_BOUND('',#5548,.T.);
#5548 = EDGE_LOOP('',(#5549));
#5549 = ORIENTED_EDGE('',*,*,#5550,.T.);
#5550 = EDGE_CURVE('',#5551,#5551,#5553,.T.);
#5551 = VERTEX_POINT('',#5552);
#5552 = CARTESIAN_POINT('',(137.23,-101.,1.51));
#5553 = CIRCLE('',#5554,0.5);
#5554 = AXIS2_PLACEMENT_3D('',#5555,#5556,#5557);
#5555 = CARTESIAN_POINT('',(137.23,-100.5,1.51));
#5556 = DIRECTION('',(-0.,0.,-1.));
#5557 = DIRECTION('',(-0.,-1.,0.));
#5558 = FACE_BOUND('',#5559,.T.);
#5559 = EDGE_LOOP('',(#5560));
#5560 = ORIENTED_EDGE('',*,*,#5561,.T.);
#5561 = EDGE_CURVE('',#5562,#5562,#5564,.T.);
#5562 = VERTEX_POINT('',#5563);
#5563 = CARTESIAN_POINT('',(134.69,-98.46,1.51));
#5564 = CIRCLE('',#5565,0.5);
#5565 = AXIS2_PLACEMENT_3D('',#5566,#5567,#5568);
#5566 = CARTESIAN_POINT('',(134.69,-97.96,1.51));
#5567 = DIRECTION('',(-0.,0.,-1.));
#5568 = DIRECTION('',(-0.,-1.,0.));
#5569 = FACE_BOUND('',#5570,.T.);
#5570 = EDGE_LOOP('',(#5571));
#5571 = ORIENTED_EDGE('',*,*,#5572,.T.);
#5572 = EDGE_CURVE('',#5573,#5573,#5575,.T.);
#5573 = VERTEX_POINT('',#5574);
#5574 = CARTESIAN_POINT('',(137.23,-98.46,1.51));
#5575 = CIRCLE('',#5576,0.5);
#5576 = AXIS2_PLACEMENT_3D('',#5577,#5578,#5579);
#5577 = CARTESIAN_POINT('',(137.23,-97.96,1.51));
#5578 = DIRECTION('',(-0.,0.,-1.));
#5579 = DIRECTION('',(-0.,-1.,0.));
#5580 = FACE_BOUND('',#5581,.T.);
#5581 = EDGE_LOOP('',(#5582));
#5582 = ORIENTED_EDGE('',*,*,#5583,.T.);
#5583 = EDGE_CURVE('',#5584,#5584,#5586,.T.);
#5584 = VERTEX_POINT('',#5585);
#5585 = CARTESIAN_POINT('',(148.07,-102.2,1.51));
#5586 = CIRCLE('',#5587,0.35);
#5587 = AXIS2_PLACEMENT_3D('',#5588,#5589,#5590);
#5588 = CARTESIAN_POINT('',(148.07,-101.85,1.51));
#5589 = DIRECTION('',(-0.,0.,-1.));
#5590 = DIRECTION('',(-0.,-1.,0.));
#5591 = FACE_BOUND('',#5592,.T.);
#5592 = EDGE_LOOP('',(#5593));
#5593 = ORIENTED_EDGE('',*,*,#5594,.T.);
#5594 = EDGE_CURVE('',#5595,#5595,#5597,.T.);
#5595 = VERTEX_POINT('',#5596);
#5596 = CARTESIAN_POINT('',(149.85,-102.2,1.51));
#5597 = CIRCLE('',#5598,0.35);
#5598 = AXIS2_PLACEMENT_3D('',#5599,#5600,#5601);
#5599 = CARTESIAN_POINT('',(149.85,-101.85,1.51));
#5600 = DIRECTION('',(-0.,0.,-1.));
#5601 = DIRECTION('',(-0.,-1.,0.));
#5602 = FACE_BOUND('',#5603,.T.);
#5603 = EDGE_LOOP('',(#5604));
#5604 = ORIENTED_EDGE('',*,*,#5605,.T.);
#5605 = EDGE_CURVE('',#5606,#5606,#5608,.T.);
#5606 = VERTEX_POINT('',#5607);
#5607 = CARTESIAN_POINT('',(151.63,-102.2,1.51));
#5608 = CIRCLE('',#5609,0.35);
#5609 = AXIS2_PLACEMENT_3D('',#5610,#5611,#5612);
#5610 = CARTESIAN_POINT('',(151.63,-101.85,1.51));
#5611 = DIRECTION('',(-0.,0.,-1.));
#5612 = DIRECTION('',(-0.,-1.,0.));
#5613 = FACE_BOUND('',#5614,.T.);
#5614 = EDGE_LOOP('',(#5615));
#5615 = ORIENTED_EDGE('',*,*,#5616,.T.);
#5616 = EDGE_CURVE('',#5617,#5617,#5619,.T.);
#5617 = VERTEX_POINT('',#5618);
#5618 = CARTESIAN_POINT('',(153.41,-102.2,1.51));
#5619 = CIRCLE('',#5620,0.35);
#5620 = AXIS2_PLACEMENT_3D('',#5621,#5622,#5623);
#5621 = CARTESIAN_POINT('',(153.41,-101.85,1.51));
#5622 = DIRECTION('',(-0.,0.,-1.));
#5623 = DIRECTION('',(-0.,-1.,0.));
#5624 = FACE_BOUND('',#5625,.T.);
#5625 = EDGE_LOOP('',(#5626));
#5626 = ORIENTED_EDGE('',*,*,#5627,.T.);
#5627 = EDGE_CURVE('',#5628,#5628,#5630,.T.);
#5628 = VERTEX_POINT('',#5629);
#5629 = CARTESIAN_POINT('',(160.69,-105.6,1.51));
#5630 = CIRCLE('',#5631,1.1);
#5631 = AXIS2_PLACEMENT_3D('',#5632,#5633,#5634);
#5632 = CARTESIAN_POINT('',(160.69,-104.5,1.51));
#5633 = DIRECTION('',(-0.,0.,-1.));
#5634 = DIRECTION('',(-0.,-1.,0.));
#5635 = FACE_BOUND('',#5636,.T.);
#5636 = EDGE_LOOP('',(#5637));
#5637 = ORIENTED_EDGE('',*,*,#5638,.T.);
#5638 = EDGE_CURVE('',#5639,#5639,#5641,.T.);
#5639 = VERTEX_POINT('',#5640);
#5640 = CARTESIAN_POINT('',(155.19,-102.2,1.51));
#5641 = CIRCLE('',#5642,0.35);
#5642 = AXIS2_PLACEMENT_3D('',#5643,#5644,#5645);
#5643 = CARTESIAN_POINT('',(155.19,-101.85,1.51));
#5644 = DIRECTION('',(-0.,0.,-1.));
#5645 = DIRECTION('',(-0.,-1.,0.));
#5646 = FACE_BOUND('',#5647,.T.);
#5647 = EDGE_LOOP('',(#5648));
#5648 = ORIENTED_EDGE('',*,*,#5649,.T.);
#5649 = EDGE_CURVE('',#5650,#5650,#5652,.T.);
#5650 = VERTEX_POINT('',#5651);
#5651 = CARTESIAN_POINT('',(156.97,-102.2,1.51));
#5652 = CIRCLE('',#5653,0.35);
#5653 = AXIS2_PLACEMENT_3D('',#5654,#5655,#5656);
#5654 = CARTESIAN_POINT('',(156.97,-101.85,1.51));
#5655 = DIRECTION('',(-0.,0.,-1.));
#5656 = DIRECTION('',(-0.,-1.,0.));
#5657 = FACE_BOUND('',#5658,.T.);
#5658 = EDGE_LOOP('',(#5659,#5669,#5677,#5685));
#5659 = ORIENTED_EDGE('',*,*,#5660,.F.);
#5660 = EDGE_CURVE('',#5661,#5663,#5665,.T.);
#5661 = VERTEX_POINT('',#5662);
#5662 = CARTESIAN_POINT('',(141.73,-100.8,1.51));
#5663 = VERTEX_POINT('',#5664);
#5664 = CARTESIAN_POINT('',(158.69,-100.8,1.51));
#5665 = LINE('',#5666,#5667);
#5666 = CARTESIAN_POINT('',(141.73,-100.8,1.51));
#5667 = VECTOR('',#5668,1.);
#5668 = DIRECTION('',(1.,0.,0.));
#5669 = ORIENTED_EDGE('',*,*,#5670,.F.);
#5670 = EDGE_CURVE('',#5671,#5661,#5673,.T.);
#5671 = VERTEX_POINT('',#5672);
#5672 = CARTESIAN_POINT('',(141.73,-92.2,1.51));
#5673 = LINE('',#5674,#5675);
#5674 = CARTESIAN_POINT('',(141.73,-92.2,1.51));
#5675 = VECTOR('',#5676,1.);
#5676 = DIRECTION('',(0.,-1.,0.));
#5677 = ORIENTED_EDGE('',*,*,#5678,.F.);
#5678 = EDGE_CURVE('',#5679,#5671,#5681,.T.);
#5679 = VERTEX_POINT('',#5680);
#5680 = CARTESIAN_POINT('',(158.69,-92.2,1.51));
#5681 = LINE('',#5682,#5683);
#5682 = CARTESIAN_POINT('',(158.69,-92.2,1.51));
#5683 = VECTOR('',#5684,1.);
#5684 = DIRECTION('',(-1.,0.,0.));
#5685 = ORIENTED_EDGE('',*,*,#5686,.F.);
#5686 = EDGE_CURVE('',#5663,#5679,#5687,.T.);
#5687 = LINE('',#5688,#5689);
#5688 = CARTESIAN_POINT('',(158.69,-100.8,1.51));
#5689 = VECTOR('',#5690,1.);
#5690 = DIRECTION('',(0.,1.,0.));
#5691 = FACE_BOUND('',#5692,.T.);
#5692 = EDGE_LOOP('',(#5693));
#5693 = ORIENTED_EDGE('',*,*,#5694,.T.);
#5694 = EDGE_CURVE('',#5695,#5695,#5697,.T.);
#5695 = VERTEX_POINT('',#5696);
#5696 = CARTESIAN_POINT('',(134.69,-95.92,1.51));
#5697 = CIRCLE('',#5698,0.5);
#5698 = AXIS2_PLACEMENT_3D('',#5699,#5700,#5701);
#5699 = CARTESIAN_POINT('',(134.69,-95.42,1.51));
#5700 = DIRECTION('',(-0.,0.,-1.));
#5701 = DIRECTION('',(-0.,-1.,0.));
#5702 = FACE_BOUND('',#5703,.T.);
#5703 = EDGE_LOOP('',(#5704));
#5704 = ORIENTED_EDGE('',*,*,#5705,.T.);
#5705 = EDGE_CURVE('',#5706,#5706,#5708,.T.);
#5706 = VERTEX_POINT('',#5707);
#5707 = CARTESIAN_POINT('',(137.23,-95.92,1.51));
#5708 = CIRCLE('',#5709,0.5);
#5709 = AXIS2_PLACEMENT_3D('',#5710,#5711,#5712);
#5710 = CARTESIAN_POINT('',(137.23,-95.42,1.51));
#5711 = DIRECTION('',(-0.,0.,-1.));
#5712 = DIRECTION('',(-0.,-1.,0.));
#5713 = FACE_BOUND('',#5714,.T.);
#5714 = EDGE_LOOP('',(#5715));
#5715 = ORIENTED_EDGE('',*,*,#5716,.T.);
#5716 = EDGE_CURVE('',#5717,#5717,#5719,.T.);
#5717 = VERTEX_POINT('',#5718);
#5718 = CARTESIAN_POINT('',(134.69,-93.38,1.51));
#5719 = CIRCLE('',#5720,0.5);
#5720 = AXIS2_PLACEMENT_3D('',#5721,#5722,#5723);
#5721 = CARTESIAN_POINT('',(134.69,-92.88,1.51));
#5722 = DIRECTION('',(-0.,0.,-1.));
#5723 = DIRECTION('',(-0.,-1.,0.));
#5724 = FACE_BOUND('',#5725,.T.);
#5725 = EDGE_LOOP('',(#5726));
#5726 = ORIENTED_EDGE('',*,*,#5727,.T.);
#5727 = EDGE_CURVE('',#5728,#5728,#5730,.T.);
#5728 = VERTEX_POINT('',#5729);
#5729 = CARTESIAN_POINT('',(137.23,-93.38,1.51));
#5730 = CIRCLE('',#5731,0.5);
#5731 = AXIS2_PLACEMENT_3D('',#5732,#5733,#5734);
#5732 = CARTESIAN_POINT('',(137.23,-92.88,1.51));
#5733 = DIRECTION('',(-0.,0.,-1.));
#5734 = DIRECTION('',(-0.,-1.,0.));
#5735 = FACE_BOUND('',#5736,.T.);
#5736 = EDGE_LOOP('',(#5737));
#5737 = ORIENTED_EDGE('',*,*,#5738,.T.);
#5738 = EDGE_CURVE('',#5739,#5739,#5741,.T.);
#5739 = VERTEX_POINT('',#5740);
#5740 = CARTESIAN_POINT('',(134.69,-89.6,1.51));
#5741 = CIRCLE('',#5742,1.1);
#5742 = AXIS2_PLACEMENT_3D('',#5743,#5744,#5745);
#5743 = CARTESIAN_POINT('',(134.69,-88.5,1.51));
#5744 = DIRECTION('',(-0.,0.,-1.));
#5745 = DIRECTION('',(-0.,-1.,0.));
#5746 = FACE_BOUND('',#5747,.T.);
#5747 = EDGE_LOOP('',(#5748));
#5748 = ORIENTED_EDGE('',*,*,#5749,.T.);
#5749 = EDGE_CURVE('',#5750,#5750,#5752,.T.);
#5750 = VERTEX_POINT('',#5751);
#5751 = CARTESIAN_POINT('',(145.4,-91.5,1.51));
#5752 = CIRCLE('',#5753,0.35);
#5753 = AXIS2_PLACEMENT_3D('',#5754,#5755,#5756);
#5754 = CARTESIAN_POINT('',(145.4,-91.15,1.51));
#5755 = DIRECTION('',(-0.,0.,-1.));
#5756 = DIRECTION('',(-0.,-1.,0.));
#5757 = FACE_BOUND('',#5758,.T.);
#5758 = EDGE_LOOP('',(#5759));
#5759 = ORIENTED_EDGE('',*,*,#5760,.T.);
#5760 = EDGE_CURVE('',#5761,#5761,#5763,.T.);
#5761 = VERTEX_POINT('',#5762);
#5762 = CARTESIAN_POINT('',(147.18,-91.5,1.51));
#5763 = CIRCLE('',#5764,0.35);
#5764 = AXIS2_PLACEMENT_3D('',#5765,#5766,#5767);
#5765 = CARTESIAN_POINT('',(147.18,-91.15,1.51));
#5766 = DIRECTION('',(-0.,0.,-1.));
#5767 = DIRECTION('',(-0.,-1.,0.));
#5768 = FACE_BOUND('',#5769,.T.);
#5769 = EDGE_LOOP('',(#5770));
#5770 = ORIENTED_EDGE('',*,*,#5771,.T.);
#5771 = EDGE_CURVE('',#5772,#5772,#5774,.T.);
#5772 = VERTEX_POINT('',#5773);
#5773 = CARTESIAN_POINT('',(148.96,-91.5,1.51));
#5774 = CIRCLE('',#5775,0.35);
#5775 = AXIS2_PLACEMENT_3D('',#5776,#5777,#5778);
#5776 = CARTESIAN_POINT('',(148.96,-91.15,1.51));
#5777 = DIRECTION('',(-0.,0.,-1.));
#5778 = DIRECTION('',(-0.,-1.,0.));
#5779 = FACE_BOUND('',#5780,.T.);
#5780 = EDGE_LOOP('',(#5781));
#5781 = ORIENTED_EDGE('',*,*,#5782,.T.);
#5782 = EDGE_CURVE('',#5783,#5783,#5785,.T.);
#5783 = VERTEX_POINT('',#5784);
#5784 = CARTESIAN_POINT('',(150.74,-91.5,1.51));
#5785 = CIRCLE('',#5786,0.35);
#5786 = AXIS2_PLACEMENT_3D('',#5787,#5788,#5789);
#5787 = CARTESIAN_POINT('',(150.74,-91.15,1.51));
#5788 = DIRECTION('',(-0.,0.,-1.));
#5789 = DIRECTION('',(-0.,-1.,0.));
#5790 = FACE_BOUND('',#5791,.T.);
#5791 = EDGE_LOOP('',(#5792));
#5792 = ORIENTED_EDGE('',*,*,#5793,.T.);
#5793 = EDGE_CURVE('',#5794,#5794,#5796,.T.);
#5794 = VERTEX_POINT('',#5795);
#5795 = CARTESIAN_POINT('',(152.52,-91.5,1.51));
#5796 = CIRCLE('',#5797,0.35);
#5797 = AXIS2_PLACEMENT_3D('',#5798,#5799,#5800);
#5798 = CARTESIAN_POINT('',(152.52,-91.15,1.51));
#5799 = DIRECTION('',(-0.,0.,-1.));
#5800 = DIRECTION('',(8.120488408687E-14,-1.,-0.));
#5801 = FACE_BOUND('',#5802,.T.);
#5802 = EDGE_LOOP('',(#5803));
#5803 = ORIENTED_EDGE('',*,*,#5804,.T.);
#5804 = EDGE_CURVE('',#5805,#5805,#5807,.T.);
#5805 = VERTEX_POINT('',#5806);
#5806 = CARTESIAN_POINT('',(154.3,-91.5,1.51));
#5807 = CIRCLE('',#5808,0.35);
#5808 = AXIS2_PLACEMENT_3D('',#5809,#5810,#5811);
#5809 = CARTESIAN_POINT('',(154.3,-91.15,1.51));
#5810 = DIRECTION('',(-0.,0.,-1.));
#5811 = DIRECTION('',(-0.,-1.,0.));
#5812 = FACE_BOUND('',#5813,.T.);
#5813 = EDGE_LOOP('',(#5814));
#5814 = ORIENTED_EDGE('',*,*,#5815,.T.);
#5815 = EDGE_CURVE('',#5816,#5816,#5818,.T.);
#5816 = VERTEX_POINT('',#5817);
#5817 = CARTESIAN_POINT('',(156.08,-91.5,1.51));
#5818 = CIRCLE('',#5819,0.35);
#5819 = AXIS2_PLACEMENT_3D('',#5820,#5821,#5822);
#5820 = CARTESIAN_POINT('',(156.08,-91.15,1.51));
#5821 = DIRECTION('',(-0.,0.,-1.));
#5822 = DIRECTION('',(8.120488408687E-14,-1.,-0.));
#5823 = FACE_BOUND('',#5824,.T.);
#5824 = EDGE_LOOP('',(#5825));
#5825 = ORIENTED_EDGE('',*,*,#5826,.T.);
#5826 = EDGE_CURVE('',#5827,#5827,#5829,.T.);
#5827 = VERTEX_POINT('',#5828);
#5828 = CARTESIAN_POINT('',(157.86,-91.5,1.51));
#5829 = CIRCLE('',#5830,0.35);
#5830 = AXIS2_PLACEMENT_3D('',#5831,#5832,#5833);
#5831 = CARTESIAN_POINT('',(157.86,-91.15,1.51));
#5832 = DIRECTION('',(-0.,0.,-1.));
#5833 = DIRECTION('',(-0.,-1.,0.));
#5834 = FACE_BOUND('',#5835,.T.);
#5835 = EDGE_LOOP('',(#5836));
#5836 = ORIENTED_EDGE('',*,*,#5837,.T.);
#5837 = EDGE_CURVE('',#5838,#5838,#5840,.T.);
#5838 = VERTEX_POINT('',#5839);
#5839 = CARTESIAN_POINT('',(160.69,-89.6,1.51));
#5840 = CIRCLE('',#5841,1.1);
#5841 = AXIS2_PLACEMENT_3D('',#5842,#5843,#5844);
#5842 = CARTESIAN_POINT('',(160.69,-88.5,1.51));
#5843 = DIRECTION('',(-0.,0.,-1.));
#5844 = DIRECTION('',(-0.,-1.,0.));
#5845 = PLANE('',#5846);
#5846 = AXIS2_PLACEMENT_3D('',#5847,#5848,#5849);
#5847 = CARTESIAN_POINT('',(0.,0.,1.51));
#5848 = DIRECTION('',(0.,0.,1.));
#5849 = DIRECTION('',(1.,0.,-0.));
#5850 = ADVANCED_FACE('',(#5851),#5862,.T.);
#5851 = FACE_BOUND('',#5852,.T.);
#5852 = EDGE_LOOP('',(#5853,#5859,#5860,#5861));
#5853 = ORIENTED_EDGE('',*,*,#5854,.T.);
#5854 = EDGE_CURVE('',#5069,#5463,#5855,.T.);
#5855 = LINE('',#5856,#5857);
#5856 = CARTESIAN_POINT('',(132.69,-88.5,0.));
#5857 = VECTOR('',#5858,1.);
#5858 = DIRECTION('',(0.,0.,1.));
#5859 = ORIENTED_EDGE('',*,*,#5462,.T.);
#5860 = ORIENTED_EDGE('',*,*,#5004,.F.);
#5861 = ORIENTED_EDGE('',*,*,#5068,.F.);
#5862 = CYLINDRICAL_SURFACE('',#5863,1.99999850585);
#5863 = AXIS2_PLACEMENT_3D('',#5864,#5865,#5866);
#5864 = CARTESIAN_POINT('',(134.68999850585,-88.49999850585,0.));
#5865 = DIRECTION('',(0.,0.,-1.));
#5866 = DIRECTION('',(-1.,-7.470757349539E-07,-0.));
#5867 = ADVANCED_FACE('',(#5868),#5879,.T.);
#5868 = FACE_BOUND('',#5869,.T.);
#5869 = EDGE_LOOP('',(#5870,#5871,#5872,#5878));
#5870 = ORIENTED_EDGE('',*,*,#5044,.T.);
#5871 = ORIENTED_EDGE('',*,*,#5496,.T.);
#5872 = ORIENTED_EDGE('',*,*,#5873,.F.);
#5873 = EDGE_CURVE('',#5095,#5489,#5874,.T.);
#5874 = LINE('',#5875,#5876);
#5875 = CARTESIAN_POINT('',(160.69,-106.5,0.));
#5876 = VECTOR('',#5877,1.);
#5877 = DIRECTION('',(0.,0.,1.));
#5878 = ORIENTED_EDGE('',*,*,#5102,.F.);
#5879 = CYLINDRICAL_SURFACE('',#5880,1.99999850585);
#5880 = AXIS2_PLACEMENT_3D('',#5881,#5882,#5883);
#5881 = CARTESIAN_POINT('',(160.69000149415,-104.5000014941,0.));
#5882 = DIRECTION('',(0.,0.,-1.));
#5883 = DIRECTION('',(1.,7.470757562702E-07,0.));
#5884 = ADVANCED_FACE('',(#5885),#5896,.T.);
#5885 = FACE_BOUND('',#5886,.T.);
#5886 = EDGE_LOOP('',(#5887,#5893,#5894,#5895));
#5887 = ORIENTED_EDGE('',*,*,#5888,.T.);
#5888 = EDGE_CURVE('',#5078,#5472,#5889,.T.);
#5889 = LINE('',#5890,#5891);
#5890 = CARTESIAN_POINT('',(132.69,-104.5,0.));
#5891 = VECTOR('',#5892,1.);
#5892 = DIRECTION('',(0.,0.,1.));
#5893 = ORIENTED_EDGE('',*,*,#5471,.T.);
#5894 = ORIENTED_EDGE('',*,*,#5854,.F.);
#5895 = ORIENTED_EDGE('',*,*,#5077,.F.);
#5896 = PLANE('',#5897);
#5897 = AXIS2_PLACEMENT_3D('',#5898,#5899,#5900);
#5898 = CARTESIAN_POINT('',(132.69,-104.5,0.));
#5899 = DIRECTION('',(-1.,0.,0.));
#5900 = DIRECTION('',(0.,1.,0.));
#5901 = ADVANCED_FACE('',(#5902),#5913,.T.);
#5902 = FACE_BOUND('',#5903,.T.);
#5903 = EDGE_LOOP('',(#5904,#5905,#5906,#5912));
#5904 = ORIENTED_EDGE('',*,*,#5873,.T.);
#5905 = ORIENTED_EDGE('',*,*,#5488,.T.);
#5906 = ORIENTED_EDGE('',*,*,#5907,.F.);
#5907 = EDGE_CURVE('',#5086,#5480,#5908,.T.);
#5908 = LINE('',#5909,#5910);
#5909 = CARTESIAN_POINT('',(134.69,-106.5,0.));
#5910 = VECTOR('',#5911,1.);
#5911 = DIRECTION('',(0.,0.,1.));
#5912 = ORIENTED_EDGE('',*,*,#5094,.F.);
#5913 = PLANE('',#5914);
#5914 = AXIS2_PLACEMENT_3D('',#5915,#5916,#5917);
#5915 = CARTESIAN_POINT('',(160.69,-106.5,0.));
#5916 = DIRECTION('',(0.,-1.,0.));
#5917 = DIRECTION('',(-1.,0.,0.));
#5918 = ADVANCED_FACE('',(#5919),#5925,.T.);
#5919 = FACE_BOUND('',#5920,.T.);
#5920 = EDGE_LOOP('',(#5921,#5922,#5923,#5924));
#5921 = ORIENTED_EDGE('',*,*,#5907,.T.);
#5922 = ORIENTED_EDGE('',*,*,#5479,.T.);
#5923 = ORIENTED_EDGE('',*,*,#5888,.F.);
#5924 = ORIENTED_EDGE('',*,*,#5085,.F.);
#5925 = CYLINDRICAL_SURFACE('',#5926,1.99999850585);
#5926 = AXIS2_PLACEMENT_3D('',#5927,#5928,#5929);
#5927 = CARTESIAN_POINT('',(134.68999850585,-104.5000014941,0.));
#5928 = DIRECTION('',(0.,0.,-1.));
#5929 = DIRECTION('',(7.470757349539E-07,-1.,0.));
#5930 = ADVANCED_FACE('',(#5931),#5942,.F.);
#5931 = FACE_BOUND('',#5932,.T.);
#5932 = EDGE_LOOP('',(#5933,#5934,#5940,#5941));
#5933 = ORIENTED_EDGE('',*,*,#5112,.T.);
#5934 = ORIENTED_EDGE('',*,*,#5935,.T.);
#5935 = EDGE_CURVE('',#5113,#5507,#5936,.T.);
#5936 = LINE('',#5937,#5938);
#5937 = CARTESIAN_POINT('',(134.69,-105.6,-4.6E-02));
#5938 = VECTOR('',#5939,1.);
#5939 = DIRECTION('',(0.,0.,1.));
#5940 = ORIENTED_EDGE('',*,*,#5506,.F.);
#5941 = ORIENTED_EDGE('',*,*,#5935,.F.);
#5942 = CYLINDRICAL_SURFACE('',#5943,1.1);
#5943 = AXIS2_PLACEMENT_3D('',#5944,#5945,#5946);
#5944 = CARTESIAN_POINT('',(134.69,-104.5,-4.6E-02));
#5945 = DIRECTION('',(-0.,-0.,-1.));
#5946 = DIRECTION('',(-0.,-1.,0.));
#5947 = ADVANCED_FACE('',(#5948),#5959,.F.);
#5948 = FACE_BOUND('',#5949,.T.);
#5949 = EDGE_LOOP('',(#5950,#5951,#5957,#5958));
#5950 = ORIENTED_EDGE('',*,*,#5123,.T.);
#5951 = ORIENTED_EDGE('',*,*,#5952,.T.);
#5952 = EDGE_CURVE('',#5124,#5518,#5953,.T.);
#5953 = LINE('',#5954,#5955);
#5954 = CARTESIAN_POINT('',(144.51,-102.2,-4.6E-02));
#5955 = VECTOR('',#5956,1.);
#5956 = DIRECTION('',(0.,0.,1.));
#5957 = ORIENTED_EDGE('',*,*,#5517,.F.);
#5958 = ORIENTED_EDGE('',*,*,#5952,.F.);
#5959 = CYLINDRICAL_SURFACE('',#5960,0.35);
#5960 = AXIS2_PLACEMENT_3D('',#5961,#5962,#5963);
#5961 = CARTESIAN_POINT('',(144.51,-101.85,-4.6E-02));
#5962 = DIRECTION('',(-0.,-0.,-1.));
#5963 = DIRECTION('',(-0.,-1.,0.));
#5964 = ADVANCED_FACE('',(#5965),#5976,.F.);
#5965 = FACE_BOUND('',#5966,.T.);
#5966 = EDGE_LOOP('',(#5967,#5968,#5974,#5975));
#5967 = ORIENTED_EDGE('',*,*,#5134,.T.);
#5968 = ORIENTED_EDGE('',*,*,#5969,.T.);
#5969 = EDGE_CURVE('',#5135,#5529,#5970,.T.);
#5970 = LINE('',#5971,#5972);
#5971 = CARTESIAN_POINT('',(146.29,-102.2,-4.6E-02));
#5972 = VECTOR('',#5973,1.);
#5973 = DIRECTION('',(0.,0.,1.));
#5974 = ORIENTED_EDGE('',*,*,#5528,.F.);
#5975 = ORIENTED_EDGE('',*,*,#5969,.F.);
#5976 = CYLINDRICAL_SURFACE('',#5977,0.35);
#5977 = AXIS2_PLACEMENT_3D('',#5978,#5979,#5980);
#5978 = CARTESIAN_POINT('',(146.29,-101.85,-4.6E-02));
#5979 = DIRECTION('',(-0.,-0.,-1.));
#5980 = DIRECTION('',(-0.,-1.,0.));
#5981 = ADVANCED_FACE('',(#5982),#5993,.F.);
#5982 = FACE_BOUND('',#5983,.T.);
#5983 = EDGE_LOOP('',(#5984,#5985,#5991,#5992));
#5984 = ORIENTED_EDGE('',*,*,#5145,.T.);
#5985 = ORIENTED_EDGE('',*,*,#5986,.T.);
#5986 = EDGE_CURVE('',#5146,#5540,#5987,.T.);
#5987 = LINE('',#5988,#5989);
#5988 = CARTESIAN_POINT('',(134.69,-101.,-4.6E-02));
#5989 = VECTOR('',#5990,1.);
#5990 = DIRECTION('',(0.,0.,1.));
#5991 = ORIENTED_EDGE('',*,*,#5539,.F.);
#5992 = ORIENTED_EDGE('',*,*,#5986,.F.);
#5993 = CYLINDRICAL_SURFACE('',#5994,0.5);
#5994 = AXIS2_PLACEMENT_3D('',#5995,#5996,#5997);
#5995 = CARTESIAN_POINT('',(134.69,-100.5,-4.6E-02));
#5996 = DIRECTION('',(-0.,-0.,-1.));
#5997 = DIRECTION('',(-0.,-1.,0.));
#5998 = ADVANCED_FACE('',(#5999),#6010,.F.);
#5999 = FACE_BOUND('',#6000,.T.);
#6000 = EDGE_LOOP('',(#6001,#6002,#6008,#6009));
#6001 = ORIENTED_EDGE('',*,*,#5156,.T.);
#6002 = ORIENTED_EDGE('',*,*,#6003,.T.);
#6003 = EDGE_CURVE('',#5157,#5551,#6004,.T.);
#6004 = LINE('',#6005,#6006);
#6005 = CARTESIAN_POINT('',(137.23,-101.,-4.6E-02));
#6006 = VECTOR('',#6007,1.);
#6007 = DIRECTION('',(0.,0.,1.));
#6008 = ORIENTED_EDGE('',*,*,#5550,.F.);
#6009 = ORIENTED_EDGE('',*,*,#6003,.F.);
#6010 = CYLINDRICAL_SURFACE('',#6011,0.5);
#6011 = AXIS2_PLACEMENT_3D('',#6012,#6013,#6014);
#6012 = CARTESIAN_POINT('',(137.23,-100.5,-4.6E-02));
#6013 = DIRECTION('',(-0.,-0.,-1.));
#6014 = DIRECTION('',(-0.,-1.,0.));
#6015 = ADVANCED_FACE('',(#6016),#6027,.F.);
#6016 = FACE_BOUND('',#6017,.T.);
#6017 = EDGE_LOOP('',(#6018,#6019,#6025,#6026));
#6018 = ORIENTED_EDGE('',*,*,#5167,.T.);
#6019 = ORIENTED_EDGE('',*,*,#6020,.T.);
#6020 = EDGE_CURVE('',#5168,#5562,#6021,.T.);
#6021 = LINE('',#6022,#6023);
#6022 = CARTESIAN_POINT('',(134.69,-98.46,-4.6E-02));
#6023 = VECTOR('',#6024,1.);
#6024 = DIRECTION('',(0.,0.,1.));
#6025 = ORIENTED_EDGE('',*,*,#5561,.F.);
#6026 = ORIENTED_EDGE('',*,*,#6020,.F.);
#6027 = CYLINDRICAL_SURFACE('',#6028,0.5);
#6028 = AXIS2_PLACEMENT_3D('',#6029,#6030,#6031);
#6029 = CARTESIAN_POINT('',(134.69,-97.96,-4.6E-02));
#6030 = DIRECTION('',(-0.,-0.,-1.));
#6031 = DIRECTION('',(-0.,-1.,0.));
#6032 = ADVANCED_FACE('',(#6033),#6044,.F.);
#6033 = FACE_BOUND('',#6034,.T.);
#6034 = EDGE_LOOP('',(#6035,#6036,#6042,#6043));
#6035 = ORIENTED_EDGE('',*,*,#5178,.T.);
#6036 = ORIENTED_EDGE('',*,*,#6037,.T.);
#6037 = EDGE_CURVE('',#5179,#5573,#6038,.T.);
#6038 = LINE('',#6039,#6040);
#6039 = CARTESIAN_POINT('',(137.23,-98.46,-4.6E-02));
#6040 = VECTOR('',#6041,1.);
#6041 = DIRECTION('',(0.,0.,1.));
#6042 = ORIENTED_EDGE('',*,*,#5572,.F.);
#6043 = ORIENTED_EDGE('',*,*,#6037,.F.);
#6044 = CYLINDRICAL_SURFACE('',#6045,0.5);
#6045 = AXIS2_PLACEMENT_3D('',#6046,#6047,#6048);
#6046 = CARTESIAN_POINT('',(137.23,-97.96,-4.6E-02));
#6047 = DIRECTION('',(-0.,-0.,-1.));
#6048 = DIRECTION('',(-0.,-1.,0.));
#6049 = ADVANCED_FACE('',(#6050),#6061,.F.);
#6050 = FACE_BOUND('',#6051,.T.);
#6051 = EDGE_LOOP('',(#6052,#6053,#6059,#6060));
#6052 = ORIENTED_EDGE('',*,*,#5189,.T.);
#6053 = ORIENTED_EDGE('',*,*,#6054,.T.);
#6054 = EDGE_CURVE('',#5190,#5584,#6055,.T.);
#6055 = LINE('',#6056,#6057);
#6056 = CARTESIAN_POINT('',(148.07,-102.2,-4.6E-02));
#6057 = VECTOR('',#6058,1.);
#6058 = DIRECTION('',(0.,0.,1.));
#6059 = ORIENTED_EDGE('',*,*,#5583,.F.);
#6060 = ORIENTED_EDGE('',*,*,#6054,.F.);
#6061 = CYLINDRICAL_SURFACE('',#6062,0.35);
#6062 = AXIS2_PLACEMENT_3D('',#6063,#6064,#6065);
#6063 = CARTESIAN_POINT('',(148.07,-101.85,-4.6E-02));
#6064 = DIRECTION('',(-0.,-0.,-1.));
#6065 = DIRECTION('',(-0.,-1.,0.));
#6066 = ADVANCED_FACE('',(#6067),#6078,.F.);
#6067 = FACE_BOUND('',#6068,.T.);
#6068 = EDGE_LOOP('',(#6069,#6070,#6076,#6077));
#6069 = ORIENTED_EDGE('',*,*,#5200,.T.);
#6070 = ORIENTED_EDGE('',*,*,#6071,.T.);
#6071 = EDGE_CURVE('',#5201,#5595,#6072,.T.);
#6072 = LINE('',#6073,#6074);
#6073 = CARTESIAN_POINT('',(149.85,-102.2,-4.6E-02));
#6074 = VECTOR('',#6075,1.);
#6075 = DIRECTION('',(0.,0.,1.));
#6076 = ORIENTED_EDGE('',*,*,#5594,.F.);
#6077 = ORIENTED_EDGE('',*,*,#6071,.F.);
#6078 = CYLINDRICAL_SURFACE('',#6079,0.35);
#6079 = AXIS2_PLACEMENT_3D('',#6080,#6081,#6082);
#6080 = CARTESIAN_POINT('',(149.85,-101.85,-4.6E-02));
#6081 = DIRECTION('',(-0.,-0.,-1.));
#6082 = DIRECTION('',(-0.,-1.,0.));
#6083 = ADVANCED_FACE('',(#6084),#6095,.F.);
#6084 = FACE_BOUND('',#6085,.T.);
#6085 = EDGE_LOOP('',(#6086,#6087,#6093,#6094));
#6086 = ORIENTED_EDGE('',*,*,#5211,.T.);
#6087 = ORIENTED_EDGE('',*,*,#6088,.T.);
#6088 = EDGE_CURVE('',#5212,#5606,#6089,.T.);
#6089 = LINE('',#6090,#6091);
#6090 = CARTESIAN_POINT('',(151.63,-102.2,-4.6E-02));
#6091 = VECTOR('',#6092,1.);
#6092 = DIRECTION('',(0.,0.,1.));
#6093 = ORIENTED_EDGE('',*,*,#5605,.F.);
#6094 = ORIENTED_EDGE('',*,*,#6088,.F.);
#6095 = CYLINDRICAL_SURFACE('',#6096,0.35);
#6096 = AXIS2_PLACEMENT_3D('',#6097,#6098,#6099);
#6097 = CARTESIAN_POINT('',(151.63,-101.85,-4.6E-02));
#6098 = DIRECTION('',(-0.,-0.,-1.));
#6099 = DIRECTION('',(-0.,-1.,0.));
#6100 = ADVANCED_FACE('',(#6101),#6112,.F.);
#6101 = FACE_BOUND('',#6102,.T.);
#6102 = EDGE_LOOP('',(#6103,#6104,#6110,#6111));
#6103 = ORIENTED_EDGE('',*,*,#5222,.T.);
#6104 = ORIENTED_EDGE('',*,*,#6105,.T.);
#6105 = EDGE_CURVE('',#5223,#5617,#6106,.T.);
#6106 = LINE('',#6107,#6108);
#6107 = CARTESIAN_POINT('',(153.41,-102.2,-4.6E-02));
#6108 = VECTOR('',#6109,1.);
#6109 = DIRECTION('',(0.,0.,1.));
#6110 = ORIENTED_EDGE('',*,*,#5616,.F.);
#6111 = ORIENTED_EDGE('',*,*,#6105,.F.);
#6112 = CYLINDRICAL_SURFACE('',#6113,0.35);
#6113 = AXIS2_PLACEMENT_3D('',#6114,#6115,#6116);
#6114 = CARTESIAN_POINT('',(153.41,-101.85,-4.6E-02));
#6115 = DIRECTION('',(-0.,-0.,-1.));
#6116 = DIRECTION('',(-0.,-1.,0.));
#6117 = ADVANCED_FACE('',(#6118),#6129,.F.);
#6118 = FACE_BOUND('',#6119,.T.);
#6119 = EDGE_LOOP('',(#6120,#6121,#6127,#6128));
#6120 = ORIENTED_EDGE('',*,*,#5233,.T.);
#6121 = ORIENTED_EDGE('',*,*,#6122,.T.);
#6122 = EDGE_CURVE('',#5234,#5628,#6123,.T.);
#6123 = LINE('',#6124,#6125);
#6124 = CARTESIAN_POINT('',(160.69,-105.6,-4.6E-02));
#6125 = VECTOR('',#6126,1.);
#6126 = DIRECTION('',(0.,0.,1.));
#6127 = ORIENTED_EDGE('',*,*,#5627,.F.);
#6128 = ORIENTED_EDGE('',*,*,#6122,.F.);
#6129 = CYLINDRICAL_SURFACE('',#6130,1.1);
#6130 = AXIS2_PLACEMENT_3D('',#6131,#6132,#6133);
#6131 = CARTESIAN_POINT('',(160.69,-104.5,-4.6E-02));
#6132 = DIRECTION('',(-0.,-0.,-1.));
#6133 = DIRECTION('',(-0.,-1.,0.));
#6134 = ADVANCED_FACE('',(#6135),#6146,.F.);
#6135 = FACE_BOUND('',#6136,.T.);
#6136 = EDGE_LOOP('',(#6137,#6138,#6144,#6145));
#6137 = ORIENTED_EDGE('',*,*,#5244,.T.);
#6138 = ORIENTED_EDGE('',*,*,#6139,.T.);
#6139 = EDGE_CURVE('',#5245,#5639,#6140,.T.);
#6140 = LINE('',#6141,#6142);
#6141 = CARTESIAN_POINT('',(155.19,-102.2,-4.6E-02));
#6142 = VECTOR('',#6143,1.);
#6143 = DIRECTION('',(0.,0.,1.));
#6144 = ORIENTED_EDGE('',*,*,#5638,.F.);
#6145 = ORIENTED_EDGE('',*,*,#6139,.F.);
#6146 = CYLINDRICAL_SURFACE('',#6147,0.35);
#6147 = AXIS2_PLACEMENT_3D('',#6148,#6149,#6150);
#6148 = CARTESIAN_POINT('',(155.19,-101.85,-4.6E-02));
#6149 = DIRECTION('',(-0.,-0.,-1.));
#6150 = DIRECTION('',(-0.,-1.,0.));
#6151 = ADVANCED_FACE('',(#6152),#6163,.F.);
#6152 = FACE_BOUND('',#6153,.T.);
#6153 = EDGE_LOOP('',(#6154,#6155,#6161,#6162));
#6154 = ORIENTED_EDGE('',*,*,#5255,.T.);
#6155 = ORIENTED_EDGE('',*,*,#6156,.T.);
#6156 = EDGE_CURVE('',#5256,#5650,#6157,.T.);
#6157 = LINE('',#6158,#6159);
#6158 = CARTESIAN_POINT('',(156.97,-102.2,-4.6E-02));
#6159 = VECTOR('',#6160,1.);
#6160 = DIRECTION('',(0.,0.,1.));
#6161 = ORIENTED_EDGE('',*,*,#5649,.F.);
#6162 = ORIENTED_EDGE('',*,*,#6156,.F.);
#6163 = CYLINDRICAL_SURFACE('',#6164,0.35);
#6164 = AXIS2_PLACEMENT_3D('',#6165,#6166,#6167);
#6165 = CARTESIAN_POINT('',(156.97,-101.85,-4.6E-02));
#6166 = DIRECTION('',(-0.,-0.,-1.));
#6167 = DIRECTION('',(-0.,-1.,0.));
#6168 = ADVANCED_FACE('',(#6169),#6185,.T.);
#6169 = FACE_BOUND('',#6170,.T.);
#6170 = EDGE_LOOP('',(#6171,#6177,#6178,#6184));
#6171 = ORIENTED_EDGE('',*,*,#6172,.T.);
#6172 = EDGE_CURVE('',#5267,#5661,#6173,.T.);
#6173 = LINE('',#6174,#6175);
#6174 = CARTESIAN_POINT('',(141.73,-100.8,0.));
#6175 = VECTOR('',#6176,1.);
#6176 = DIRECTION('',(0.,0.,1.));
#6177 = ORIENTED_EDGE('',*,*,#5660,.T.);
#6178 = ORIENTED_EDGE('',*,*,#6179,.F.);
#6179 = EDGE_CURVE('',#5269,#5663,#6180,.T.);
#6180 = LINE('',#6181,#6182);
#6181 = CARTESIAN_POINT('',(158.69,-100.8,0.));
#6182 = VECTOR('',#6183,1.);
#6183 = DIRECTION('',(0.,0.,1.));
#6184 = ORIENTED_EDGE('',*,*,#5266,.F.);
#6185 = PLANE('',#6186);
#6186 = AXIS2_PLACEMENT_3D('',#6187,#6188,#6189);
#6187 = CARTESIAN_POINT('',(141.73,-100.8,0.));
#6188 = DIRECTION('',(0.,1.,0.));
#6189 = DIRECTION('',(1.,0.,0.));
#6190 = ADVANCED_FACE('',(#6191),#6202,.T.);
#6191 = FACE_BOUND('',#6192,.T.);
#6192 = EDGE_LOOP('',(#6193,#6199,#6200,#6201));
#6193 = ORIENTED_EDGE('',*,*,#6194,.T.);
#6194 = EDGE_CURVE('',#5277,#5671,#6195,.T.);
#6195 = LINE('',#6196,#6197);
#6196 = CARTESIAN_POINT('',(141.73,-92.2,0.));
#6197 = VECTOR('',#6198,1.);
#6198 = DIRECTION('',(0.,0.,1.));
#6199 = ORIENTED_EDGE('',*,*,#5670,.T.);
#6200 = ORIENTED_EDGE('',*,*,#6172,.F.);
#6201 = ORIENTED_EDGE('',*,*,#5276,.F.);
#6202 = PLANE('',#6203);
#6203 = AXIS2_PLACEMENT_3D('',#6204,#6205,#6206);
#6204 = CARTESIAN_POINT('',(141.73,-92.2,0.));
#6205 = DIRECTION('',(1.,0.,-0.));
#6206 = DIRECTION('',(0.,-1.,0.));
#6207 = ADVANCED_FACE('',(#6208),#6219,.T.);
#6208 = FACE_BOUND('',#6209,.T.);
#6209 = EDGE_LOOP('',(#6210,#6211,#6212,#6218));
#6210 = ORIENTED_EDGE('',*,*,#6179,.T.);
#6211 = ORIENTED_EDGE('',*,*,#5686,.T.);
#6212 = ORIENTED_EDGE('',*,*,#6213,.F.);
#6213 = EDGE_CURVE('',#5285,#5679,#6214,.T.);
#6214 = LINE('',#6215,#6216);
#6215 = CARTESIAN_POINT('',(158.69,-92.2,0.));
#6216 = VECTOR('',#6217,1.);
#6217 = DIRECTION('',(0.,0.,1.));
#6218 = ORIENTED_EDGE('',*,*,#5292,.F.);
#6219 = PLANE('',#6220);
#6220 = AXIS2_PLACEMENT_3D('',#6221,#6222,#6223);
#6221 = CARTESIAN_POINT('',(158.69,-100.8,0.));
#6222 = DIRECTION('',(-1.,0.,0.));
#6223 = DIRECTION('',(0.,1.,0.));
#6224 = ADVANCED_FACE('',(#6225),#6231,.T.);
#6225 = FACE_BOUND('',#6226,.T.);
#6226 = EDGE_LOOP('',(#6227,#6228,#6229,#6230));
#6227 = ORIENTED_EDGE('',*,*,#6213,.T.);
#6228 = ORIENTED_EDGE('',*,*,#5678,.T.);
#6229 = ORIENTED_EDGE('',*,*,#6194,.F.);
#6230 = ORIENTED_EDGE('',*,*,#5284,.F.);
#6231 = PLANE('',#6232);
#6232 = AXIS2_PLACEMENT_3D('',#6233,#6234,#6235);
#6233 = CARTESIAN_POINT('',(158.69,-92.2,0.));
#6234 = DIRECTION('',(0.,-1.,0.));
#6235 = DIRECTION('',(-1.,0.,0.));
#6236 = ADVANCED_FACE('',(#6237),#6248,.F.);
#6237 = FACE_BOUND('',#6238,.T.);
#6238 = EDGE_LOOP('',(#6239,#6240,#6246,#6247));
#6239 = ORIENTED_EDGE('',*,*,#5300,.T.);
#6240 = ORIENTED_EDGE('',*,*,#6241,.T.);
#6241 = EDGE_CURVE('',#5301,#5695,#6242,.T.);
#6242 = LINE('',#6243,#6244);
#6243 = CARTESIAN_POINT('',(134.69,-95.92,-4.6E-02));
#6244 = VECTOR('',#6245,1.);
#6245 = DIRECTION('',(0.,0.,1.));
#6246 = ORIENTED_EDGE('',*,*,#5694,.F.);
#6247 = ORIENTED_EDGE('',*,*,#6241,.F.);
#6248 = CYLINDRICAL_SURFACE('',#6249,0.5);
#6249 = AXIS2_PLACEMENT_3D('',#6250,#6251,#6252);
#6250 = CARTESIAN_POINT('',(134.69,-95.42,-4.6E-02));
#6251 = DIRECTION('',(-0.,-0.,-1.));
#6252 = DIRECTION('',(-0.,-1.,0.));
#6253 = ADVANCED_FACE('',(#6254),#6265,.F.);
#6254 = FACE_BOUND('',#6255,.T.);
#6255 = EDGE_LOOP('',(#6256,#6257,#6263,#6264));
#6256 = ORIENTED_EDGE('',*,*,#5311,.T.);
#6257 = ORIENTED_EDGE('',*,*,#6258,.T.);
#6258 = EDGE_CURVE('',#5312,#5706,#6259,.T.);
#6259 = LINE('',#6260,#6261);
#6260 = CARTESIAN_POINT('',(137.23,-95.92,-4.6E-02));
#6261 = VECTOR('',#6262,1.);
#6262 = DIRECTION('',(0.,0.,1.));
#6263 = ORIENTED_EDGE('',*,*,#5705,.F.);
#6264 = ORIENTED_EDGE('',*,*,#6258,.F.);
#6265 = CYLINDRICAL_SURFACE('',#6266,0.5);
#6266 = AXIS2_PLACEMENT_3D('',#6267,#6268,#6269);
#6267 = CARTESIAN_POINT('',(137.23,-95.42,-4.6E-02));
#6268 = DIRECTION('',(-0.,-0.,-1.));
#6269 = DIRECTION('',(-0.,-1.,0.));
#6270 = ADVANCED_FACE('',(#6271),#6282,.F.);
#6271 = FACE_BOUND('',#6272,.T.);
#6272 = EDGE_LOOP('',(#6273,#6274,#6280,#6281));
#6273 = ORIENTED_EDGE('',*,*,#5322,.T.);
#6274 = ORIENTED_EDGE('',*,*,#6275,.T.);
#6275 = EDGE_CURVE('',#5323,#5717,#6276,.T.);
#6276 = LINE('',#6277,#6278);
#6277 = CARTESIAN_POINT('',(134.69,-93.38,-4.6E-02));
#6278 = VECTOR('',#6279,1.);
#6279 = DIRECTION('',(0.,0.,1.));
#6280 = ORIENTED_EDGE('',*,*,#5716,.F.);
#6281 = ORIENTED_EDGE('',*,*,#6275,.F.);
#6282 = CYLINDRICAL_SURFACE('',#6283,0.5);
#6283 = AXIS2_PLACEMENT_3D('',#6284,#6285,#6286);
#6284 = CARTESIAN_POINT('',(134.69,-92.88,-4.6E-02));
#6285 = DIRECTION('',(-0.,-0.,-1.));
#6286 = DIRECTION('',(-0.,-1.,0.));
#6287 = ADVANCED_FACE('',(#6288),#6299,.F.);
#6288 = FACE_BOUND('',#6289,.T.);
#6289 = EDGE_LOOP('',(#6290,#6291,#6297,#6298));
#6290 = ORIENTED_EDGE('',*,*,#5333,.T.);
#6291 = ORIENTED_EDGE('',*,*,#6292,.T.);
#6292 = EDGE_CURVE('',#5334,#5728,#6293,.T.);
#6293 = LINE('',#6294,#6295);
#6294 = CARTESIAN_POINT('',(137.23,-93.38,-4.6E-02));
#6295 = VECTOR('',#6296,1.);
#6296 = DIRECTION('',(0.,0.,1.));
#6297 = ORIENTED_EDGE('',*,*,#5727,.F.);
#6298 = ORIENTED_EDGE('',*,*,#6292,.F.);
#6299 = CYLINDRICAL_SURFACE('',#6300,0.5);
#6300 = AXIS2_PLACEMENT_3D('',#6301,#6302,#6303);
#6301 = CARTESIAN_POINT('',(137.23,-92.88,-4.6E-02));
#6302 = DIRECTION('',(-0.,-0.,-1.));
#6303 = DIRECTION('',(-0.,-1.,0.));
#6304 = ADVANCED_FACE('',(#6305),#6316,.F.);
#6305 = FACE_BOUND('',#6306,.T.);
#6306 = EDGE_LOOP('',(#6307,#6308,#6314,#6315));
#6307 = ORIENTED_EDGE('',*,*,#5344,.T.);
#6308 = ORIENTED_EDGE('',*,*,#6309,.T.);
#6309 = EDGE_CURVE('',#5345,#5739,#6310,.T.);
#6310 = LINE('',#6311,#6312);
#6311 = CARTESIAN_POINT('',(134.69,-89.6,-4.6E-02));
#6312 = VECTOR('',#6313,1.);
#6313 = DIRECTION('',(0.,0.,1.));
#6314 = ORIENTED_EDGE('',*,*,#5738,.F.);
#6315 = ORIENTED_EDGE('',*,*,#6309,.F.);
#6316 = CYLINDRICAL_SURFACE('',#6317,1.1);
#6317 = AXIS2_PLACEMENT_3D('',#6318,#6319,#6320);
#6318 = CARTESIAN_POINT('',(134.69,-88.5,-4.6E-02));
#6319 = DIRECTION('',(-0.,-0.,-1.));
#6320 = DIRECTION('',(-0.,-1.,0.));
#6321 = ADVANCED_FACE('',(#6322),#6333,.F.);
#6322 = FACE_BOUND('',#6323,.T.);
#6323 = EDGE_LOOP('',(#6324,#6325,#6331,#6332));
#6324 = ORIENTED_EDGE('',*,*,#5355,.T.);
#6325 = ORIENTED_EDGE('',*,*,#6326,.T.);
#6326 = EDGE_CURVE('',#5356,#5750,#6327,.T.);
#6327 = LINE('',#6328,#6329);
#6328 = CARTESIAN_POINT('',(145.4,-91.5,-4.6E-02));
#6329 = VECTOR('',#6330,1.);
#6330 = DIRECTION('',(0.,0.,1.));
#6331 = ORIENTED_EDGE('',*,*,#5749,.F.);
#6332 = ORIENTED_EDGE('',*,*,#6326,.F.);
#6333 = CYLINDRICAL_SURFACE('',#6334,0.35);
#6334 = AXIS2_PLACEMENT_3D('',#6335,#6336,#6337);
#6335 = CARTESIAN_POINT('',(145.4,-91.15,-4.6E-02));
#6336 = DIRECTION('',(-0.,-0.,-1.));
#6337 = DIRECTION('',(-0.,-1.,0.));
#6338 = ADVANCED_FACE('',(#6339),#6350,.F.);
#6339 = FACE_BOUND('',#6340,.T.);
#6340 = EDGE_LOOP('',(#6341,#6342,#6348,#6349));
#6341 = ORIENTED_EDGE('',*,*,#5366,.T.);
#6342 = ORIENTED_EDGE('',*,*,#6343,.T.);
#6343 = EDGE_CURVE('',#5367,#5761,#6344,.T.);
#6344 = LINE('',#6345,#6346);
#6345 = CARTESIAN_POINT('',(147.18,-91.5,-4.6E-02));
#6346 = VECTOR('',#6347,1.);
#6347 = DIRECTION('',(0.,0.,1.));
#6348 = ORIENTED_EDGE('',*,*,#5760,.F.);
#6349 = ORIENTED_EDGE('',*,*,#6343,.F.);
#6350 = CYLINDRICAL_SURFACE('',#6351,0.35);
#6351 = AXIS2_PLACEMENT_3D('',#6352,#6353,#6354);
#6352 = CARTESIAN_POINT('',(147.18,-91.15,-4.6E-02));
#6353 = DIRECTION('',(-0.,-0.,-1.));
#6354 = DIRECTION('',(-0.,-1.,0.));
#6355 = ADVANCED_FACE('',(#6356),#6367,.F.);
#6356 = FACE_BOUND('',#6357,.T.);
#6357 = EDGE_LOOP('',(#6358,#6359,#6365,#6366));
#6358 = ORIENTED_EDGE('',*,*,#5377,.T.);
#6359 = ORIENTED_EDGE('',*,*,#6360,.T.);
#6360 = EDGE_CURVE('',#5378,#5772,#6361,.T.);
#6361 = LINE('',#6362,#6363);
#6362 = CARTESIAN_POINT('',(148.96,-91.5,-4.6E-02));
#6363 = VECTOR('',#6364,1.);
#6364 = DIRECTION('',(0.,0.,1.));
#6365 = ORIENTED_EDGE('',*,*,#5771,.F.);
#6366 = ORIENTED_EDGE('',*,*,#6360,.F.);
#6367 = CYLINDRICAL_SURFACE('',#6368,0.35);
#6368 = AXIS2_PLACEMENT_3D('',#6369,#6370,#6371);
#6369 = CARTESIAN_POINT('',(148.96,-91.15,-4.6E-02));
#6370 = DIRECTION('',(-0.,-0.,-1.));
#6371 = DIRECTION('',(-0.,-1.,0.));
#6372 = ADVANCED_FACE('',(#6373),#6384,.F.);
#6373 = FACE_BOUND('',#6374,.T.);
#6374 = EDGE_LOOP('',(#6375,#6376,#6382,#6383));
#6375 = ORIENTED_EDGE('',*,*,#5388,.T.);
#6376 = ORIENTED_EDGE('',*,*,#6377,.T.);
#6377 = EDGE_CURVE('',#5389,#5783,#6378,.T.);
#6378 = LINE('',#6379,#6380);
#6379 = CARTESIAN_POINT('',(150.74,-91.5,-4.6E-02));
#6380 = VECTOR('',#6381,1.);
#6381 = DIRECTION('',(0.,0.,1.));
#6382 = ORIENTED_EDGE('',*,*,#5782,.F.);
#6383 = ORIENTED_EDGE('',*,*,#6377,.F.);
#6384 = CYLINDRICAL_SURFACE('',#6385,0.35);
#6385 = AXIS2_PLACEMENT_3D('',#6386,#6387,#6388);
#6386 = CARTESIAN_POINT('',(150.74,-91.15,-4.6E-02));
#6387 = DIRECTION('',(-0.,-0.,-1.));
#6388 = DIRECTION('',(-0.,-1.,0.));
#6389 = ADVANCED_FACE('',(#6390),#6401,.F.);
#6390 = FACE_BOUND('',#6391,.T.);
#6391 = EDGE_LOOP('',(#6392,#6393,#6399,#6400));
#6392 = ORIENTED_EDGE('',*,*,#5399,.T.);
#6393 = ORIENTED_EDGE('',*,*,#6394,.T.);
#6394 = EDGE_CURVE('',#5400,#5794,#6395,.T.);
#6395 = LINE('',#6396,#6397);
#6396 = CARTESIAN_POINT('',(152.52,-91.5,-4.6E-02));
#6397 = VECTOR('',#6398,1.);
#6398 = DIRECTION('',(0.,0.,1.));
#6399 = ORIENTED_EDGE('',*,*,#5793,.F.);
#6400 = ORIENTED_EDGE('',*,*,#6394,.F.);
#6401 = CYLINDRICAL_SURFACE('',#6402,0.35);
#6402 = AXIS2_PLACEMENT_3D('',#6403,#6404,#6405);
#6403 = CARTESIAN_POINT('',(152.52,-91.15,-4.6E-02));
#6404 = DIRECTION('',(-0.,0.,-1.));
#6405 = DIRECTION('',(8.120488408687E-14,-1.,-0.));
#6406 = ADVANCED_FACE('',(#6407),#6418,.F.);
#6407 = FACE_BOUND('',#6408,.T.);
#6408 = EDGE_LOOP('',(#6409,#6410,#6416,#6417));
#6409 = ORIENTED_EDGE('',*,*,#5410,.T.);
#6410 = ORIENTED_EDGE('',*,*,#6411,.T.);
#6411 = EDGE_CURVE('',#5411,#5805,#6412,.T.);
#6412 = LINE('',#6413,#6414);
#6413 = CARTESIAN_POINT('',(154.3,-91.5,-4.6E-02));
#6414 = VECTOR('',#6415,1.);
#6415 = DIRECTION('',(0.,0.,1.));
#6416 = ORIENTED_EDGE('',*,*,#5804,.F.);
#6417 = ORIENTED_EDGE('',*,*,#6411,.F.);
#6418 = CYLINDRICAL_SURFACE('',#6419,0.35);
#6419 = AXIS2_PLACEMENT_3D('',#6420,#6421,#6422);
#6420 = CARTESIAN_POINT('',(154.3,-91.15,-4.6E-02));
#6421 = DIRECTION('',(-0.,-0.,-1.));
#6422 = DIRECTION('',(-0.,-1.,0.));
#6423 = ADVANCED_FACE('',(#6424),#6435,.F.);
#6424 = FACE_BOUND('',#6425,.T.);
#6425 = EDGE_LOOP('',(#6426,#6427,#6433,#6434));
#6426 = ORIENTED_EDGE('',*,*,#5421,.T.);
#6427 = ORIENTED_EDGE('',*,*,#6428,.T.);
#6428 = EDGE_CURVE('',#5422,#5816,#6429,.T.);
#6429 = LINE('',#6430,#6431);
#6430 = CARTESIAN_POINT('',(156.08,-91.5,-4.6E-02));
#6431 = VECTOR('',#6432,1.);
#6432 = DIRECTION('',(0.,0.,1.));
#6433 = ORIENTED_EDGE('',*,*,#5815,.F.);
#6434 = ORIENTED_EDGE('',*,*,#6428,.F.);
#6435 = CYLINDRICAL_SURFACE('',#6436,0.35);
#6436 = AXIS2_PLACEMENT_3D('',#6437,#6438,#6439);
#6437 = CARTESIAN_POINT('',(156.08,-91.15,-4.6E-02));
#6438 = DIRECTION('',(-0.,0.,-1.));
#6439 = DIRECTION('',(8.120488408687E-14,-1.,-0.));
#6440 = ADVANCED_FACE('',(#6441),#6452,.F.);
#6441 = FACE_BOUND('',#6442,.T.);
#6442 = EDGE_LOOP('',(#6443,#6444,#6450,#6451));
#6443 = ORIENTED_EDGE('',*,*,#5432,.T.);
#6444 = ORIENTED_EDGE('',*,*,#6445,.T.);
#6445 = EDGE_CURVE('',#5433,#5827,#6446,.T.);
#6446 = LINE('',#6447,#6448);
#6447 = CARTESIAN_POINT('',(157.86,-91.5,-4.6E-02));
#6448 = VECTOR('',#6449,1.);
#6449 = DIRECTION('',(0.,0.,1.));
#6450 = ORIENTED_EDGE('',*,*,#5826,.F.);
#6451 = ORIENTED_EDGE('',*,*,#6445,.F.);
#6452 = CYLINDRICAL_SURFACE('',#6453,0.35);
#6453 = AXIS2_PLACEMENT_3D('',#6454,#6455,#6456);
#6454 = CARTESIAN_POINT('',(157.86,-91.15,-4.6E-02));
#6455 = DIRECTION('',(-0.,-0.,-1.));
#6456 = DIRECTION('',(-0.,-1.,0.));
#6457 = ADVANCED_FACE('',(#6458),#6469,.F.);
#6458 = FACE_BOUND('',#6459,.T.);
#6459 = EDGE_LOOP('',(#6460,#6461,#6467,#6468));
#6460 = ORIENTED_EDGE('',*,*,#5443,.T.);
#6461 = ORIENTED_EDGE('',*,*,#6462,.T.);
#6462 = EDGE_CURVE('',#5444,#5838,#6463,.T.);
#6463 = LINE('',#6464,#6465);
#6464 = CARTESIAN_POINT('',(160.69,-89.6,-4.6E-02));
#6465 = VECTOR('',#6466,1.);
#6466 = DIRECTION('',(0.,0.,1.));
#6467 = ORIENTED_EDGE('',*,*,#5837,.F.);
#6468 = ORIENTED_EDGE('',*,*,#6462,.F.);
#6469 = CYLINDRICAL_SURFACE('',#6470,1.1);
#6470 = AXIS2_PLACEMENT_3D('',#6471,#6472,#6473);
#6471 = CARTESIAN_POINT('',(160.69,-88.5,-4.6E-02));
#6472 = DIRECTION('',(-0.,-0.,-1.));
#6473 = DIRECTION('',(-0.,-1.,0.));
#6474 = ( GEOMETRIC_REPRESENTATION_CONTEXT(3) 
GLOBAL_UNCERTAINTY_ASSIGNED_CONTEXT((#6478)) 
GLOBAL_UNIT_ASSIGNED_CONTEXT((#6475,#6476,#6477)) REPRESENTATION_CONTEXT
('Context #1','3D Context with UNIT and UNCERTAINTY') );
#6475 = ( LENGTH_UNIT() NAMED_UNIT(*) SI_UNIT(.MILLI.,.METRE.) );
#6476 = ( NAMED_UNIT(*) PLANE_ANGLE_UNIT() SI_UNIT($,.RADIAN.) );
#6477 = ( NAMED_UNIT(*) SI_UNIT($,.STERADIAN.) SOLID_ANGLE_UNIT() );
#6478 = UNCERTAINTY_MEASURE_WITH_UNIT(LENGTH_MEASURE(1.E-07),#6475,
  'distance_accuracy_value','confusion accuracy');
#6479 = CONTEXT_DEPENDENT_SHAPE_REPRESENTATION(#6480,#6482);
#6480 = ( REPRESENTATION_RELATIONSHIP('','',#4955,#10) 
REPRESENTATION_RELATIONSHIP_WITH_TRANSFORMATION(#6481) 
SHAPE_REPRESENTATION_RELATIONSHIP() );
#6481 = ITEM_DEFINED_TRANSFORMATION('','',#11,#59);
#6482 = PRODUCT_DEFINITION_SHAPE('Placement','Placement of an item',
  #6483);
#6483 = NEXT_ASSEMBLY_USAGE_OCCURRENCE('15','=>[0:1:1:8]','',#5,#4950,$
  );
#6484 = PRODUCT_RELATED_PRODUCT_CATEGORY('part',$,(#4952));
#6485 = MECHANICAL_DESIGN_GEOMETRIC_PRESENTATION_REPRESENTATION('',(
    #6486,#6496,#6505,#6514,#6523,#6532,#6541,#6550,#6559,#6568,#6577,
    #6586,#6595,#6604,#6613,#6623,#6632,#6641,#6650,#6659,#6668,#6677,
    #6686,#6695,#6704,#6713,#6722,#6731,#6740,#6749,#6758,#6767,#6776,
    #6785,#6794,#6803,#6812,#6821,#6830,#6839,#6848,#6857,#6866,#6875,
    #6884,#6893,#6902,#6911,#6920,#6929,#6938,#6947,#6956,#6965,#6974,
    #6983,#6992,#7001,#7010,#7019,#7028,#7037,#7046,#7055,#7064,#7073,
    #7082,#7091,#7100,#7109,#7118,#7127,#7136,#7145,#7154,#7163,#7172,
    #7181,#7190,#7199,#7208,#7217,#7226,#7235,#7244,#7253,#7262,#7271,
    #7280,#7289,#7298,#7307,#7316,#7325,#7334,#7343,#7352,#7361,#7370,
    #7379,#7388,#7397),#3169);
#6486 = STYLED_ITEM('color',(#6487),#102);
#6487 = PRESENTATION_STYLE_ASSIGNMENT((#6488,#6494));
#6488 = SURFACE_STYLE_USAGE(.BOTH.,#6489);
#6489 = SURFACE_SIDE_STYLE('',(#6490));
#6490 = SURFACE_STYLE_FILL_AREA(#6491);
#6491 = FILL_AREA_STYLE('',(#6492));
#6492 = FILL_AREA_STYLE_COLOUR('',#6493);
#6493 = COLOUR_RGB('',0.147999998088,0.145000001626,0.145000001626);
#6494 = CURVE_STYLE('',#6495,POSITIVE_LENGTH_MEASURE(0.1),#6493);
#6495 = DRAUGHTING_PRE_DEFINED_CURVE_FONT('continuous');
#6496 = STYLED_ITEM('color',(#6497),#140);
#6497 = PRESENTATION_STYLE_ASSIGNMENT((#6498,#6503));
#6498 = SURFACE_STYLE_USAGE(.BOTH.,#6499);
#6499 = SURFACE_SIDE_STYLE('',(#6500));
#6500 = SURFACE_STYLE_FILL_AREA(#6501);
#6501 = FILL_AREA_STYLE('',(#6502));
#6502 = FILL_AREA_STYLE_COLOUR('',#6493);
#6503 = CURVE_STYLE('',#6504,POSITIVE_LENGTH_MEASURE(0.1),#6493);
#6504 = DRAUGHTING_PRE_DEFINED_CURVE_FONT('continuous');
#6505 = STYLED_ITEM('color',(#6506),#203);
#6506 = PRESENTATION_STYLE_ASSIGNMENT((#6507,#6512));
#6507 = SURFACE_STYLE_USAGE(.BOTH.,#6508);
#6508 = SURFACE_SIDE_STYLE('',(#6509));
#6509 = SURFACE_STYLE_FILL_AREA(#6510);
#6510 = FILL_AREA_STYLE('',(#6511));
#6511 = FILL_AREA_STYLE_COLOUR('',#6493);
#6512 = CURVE_STYLE('',#6513,POSITIVE_LENGTH_MEASURE(0.1),#6493);
#6513 = DRAUGHTING_PRE_DEFINED_CURVE_FONT('continuous');
#6514 = STYLED_ITEM('color',(#6515),#226);
#6515 = PRESENTATION_STYLE_ASSIGNMENT((#6516,#6521));
#6516 = SURFACE_STYLE_USAGE(.BOTH.,#6517);
#6517 = SURFACE_SIDE_STYLE('',(#6518));
#6518 = SURFACE_STYLE_FILL_AREA(#6519);
#6519 = FILL_AREA_STYLE('',(#6520));
#6520 = FILL_AREA_STYLE_COLOUR('',#6493);
#6521 = CURVE_STYLE('',#6522,POSITIVE_LENGTH_MEASURE(0.1),#6493);
#6522 = DRAUGHTING_PRE_DEFINED_CURVE_FONT('continuous');
#6523 = STYLED_ITEM('color',(#6524),#255);
#6524 = PRESENTATION_STYLE_ASSIGNMENT((#6525,#6530));
#6525 = SURFACE_STYLE_USAGE(.BOTH.,#6526);
#6526 = SURFACE_SIDE_STYLE('',(#6527));
#6527 = SURFACE_STYLE_FILL_AREA(#6528);
#6528 = FILL_AREA_STYLE('',(#6529));
#6529 = FILL_AREA_STYLE_COLOUR('',#6493);
#6530 = CURVE_STYLE('',#6531,POSITIVE_LENGTH_MEASURE(0.1),#6493);
#6531 = DRAUGHTING_PRE_DEFINED_CURVE_FONT('continuous');
#6532 = STYLED_ITEM('color',(#6533),#278);
#6533 = PRESENTATION_STYLE_ASSIGNMENT((#6534,#6539));
#6534 = SURFACE_STYLE_USAGE(.BOTH.,#6535);
#6535 = SURFACE_SIDE_STYLE('',(#6536));
#6536 = SURFACE_STYLE_FILL_AREA(#6537);
#6537 = FILL_AREA_STYLE('',(#6538));
#6538 = FILL_AREA_STYLE_COLOUR('',#6493);
#6539 = CURVE_STYLE('',#6540,POSITIVE_LENGTH_MEASURE(0.1),#6493);
#6540 = DRAUGHTING_PRE_DEFINED_CURVE_FONT('continuous');
#6541 = STYLED_ITEM('color',(#6542),#349);
#6542 = PRESENTATION_STYLE_ASSIGNMENT((#6543,#6548));
#6543 = SURFACE_STYLE_USAGE(.BOTH.,#6544);
#6544 = SURFACE_SIDE_STYLE('',(#6545));
#6545 = SURFACE_STYLE_FILL_AREA(#6546);
#6546 = FILL_AREA_STYLE('',(#6547));
#6547 = FILL_AREA_STYLE_COLOUR('',#6493);
#6548 = CURVE_STYLE('',#6549,POSITIVE_LENGTH_MEASURE(0.1),#6493);
#6549 = DRAUGHTING_PRE_DEFINED_CURVE_FONT('continuous');
#6550 = STYLED_ITEM('color',(#6551),#404);
#6551 = PRESENTATION_STYLE_ASSIGNMENT((#6552,#6557));
#6552 = SURFACE_STYLE_USAGE(.BOTH.,#6553);
#6553 = SURFACE_SIDE_STYLE('',(#6554));
#6554 = SURFACE_STYLE_FILL_AREA(#6555);
#6555 = FILL_AREA_STYLE('',(#6556));
#6556 = FILL_AREA_STYLE_COLOUR('',#6493);
#6557 = CURVE_STYLE('',#6558,POSITIVE_LENGTH_MEASURE(0.1),#6493);
#6558 = DRAUGHTING_PRE_DEFINED_CURVE_FONT('continuous');
#6559 = STYLED_ITEM('color',(#6560),#427);
#6560 = PRESENTATION_STYLE_ASSIGNMENT((#6561,#6566));
#6561 = SURFACE_STYLE_USAGE(.BOTH.,#6562);
#6562 = SURFACE_SIDE_STYLE('',(#6563));
#6563 = SURFACE_STYLE_FILL_AREA(#6564);
#6564 = FILL_AREA_STYLE('',(#6565));
#6565 = FILL_AREA_STYLE_COLOUR('',#6493);
#6566 = CURVE_STYLE('',#6567,POSITIVE_LENGTH_MEASURE(0.1),#6493);
#6567 = DRAUGHTING_PRE_DEFINED_CURVE_FONT('continuous');
#6568 = STYLED_ITEM('color',(#6569),#450);
#6569 = PRESENTATION_STYLE_ASSIGNMENT((#6570,#6575));
#6570 = SURFACE_STYLE_USAGE(.BOTH.,#6571);
#6571 = SURFACE_SIDE_STYLE('',(#6572));
#6572 = SURFACE_STYLE_FILL_AREA(#6573);
#6573 = FILL_AREA_STYLE('',(#6574));
#6574 = FILL_AREA_STYLE_COLOUR('',#6493);
#6575 = CURVE_STYLE('',#6576,POSITIVE_LENGTH_MEASURE(0.1),#6493);
#6576 = DRAUGHTING_PRE_DEFINED_CURVE_FONT('continuous');
#6577 = STYLED_ITEM('color',(#6578),#467);
#6578 = PRESENTATION_STYLE_ASSIGNMENT((#6579,#6584));
#6579 = SURFACE_STYLE_USAGE(.BOTH.,#6580);
#6580 = SURFACE_SIDE_STYLE('',(#6581));
#6581 = SURFACE_STYLE_FILL_AREA(#6582);
#6582 = FILL_AREA_STYLE('',(#6583));
#6583 = FILL_AREA_STYLE_COLOUR('',#6493);
#6584 = CURVE_STYLE('',#6585,POSITIVE_LENGTH_MEASURE(0.1),#6493);
#6585 = DRAUGHTING_PRE_DEFINED_CURVE_FONT('continuous');
#6586 = STYLED_ITEM('color',(#6587),#490);
#6587 = PRESENTATION_STYLE_ASSIGNMENT((#6588,#6593));
#6588 = SURFACE_STYLE_USAGE(.BOTH.,#6589);
#6589 = SURFACE_SIDE_STYLE('',(#6590));
#6590 = SURFACE_STYLE_FILL_AREA(#6591);
#6591 = FILL_AREA_STYLE('',(#6592));
#6592 = FILL_AREA_STYLE_COLOUR('',#6493);
#6593 = CURVE_STYLE('',#6594,POSITIVE_LENGTH_MEASURE(0.1),#6493);
#6594 = DRAUGHTING_PRE_DEFINED_CURVE_FONT('continuous');
#6595 = STYLED_ITEM('color',(#6596),#578);
#6596 = PRESENTATION_STYLE_ASSIGNMENT((#6597,#6602));
#6597 = SURFACE_STYLE_USAGE(.BOTH.,#6598);
#6598 = SURFACE_SIDE_STYLE('',(#6599));
#6599 = SURFACE_STYLE_FILL_AREA(#6600);
#6600 = FILL_AREA_STYLE('',(#6601));
#6601 = FILL_AREA_STYLE_COLOUR('',#6493);
#6602 = CURVE_STYLE('',#6603,POSITIVE_LENGTH_MEASURE(0.1),#6493);
#6603 = DRAUGHTING_PRE_DEFINED_CURVE_FONT('continuous');
#6604 = STYLED_ITEM('color',(#6605),#594);
#6605 = PRESENTATION_STYLE_ASSIGNMENT((#6606,#6611));
#6606 = SURFACE_STYLE_USAGE(.BOTH.,#6607);
#6607 = SURFACE_SIDE_STYLE('',(#6608));
#6608 = SURFACE_STYLE_FILL_AREA(#6609);
#6609 = FILL_AREA_STYLE('',(#6610));
#6610 = FILL_AREA_STYLE_COLOUR('',#6493);
#6611 = CURVE_STYLE('',#6612,POSITIVE_LENGTH_MEASURE(0.1),#6493);
#6612 = DRAUGHTING_PRE_DEFINED_CURVE_FONT('continuous');
#6613 = STYLED_ITEM('color',(#6614),#624);
#6614 = PRESENTATION_STYLE_ASSIGNMENT((#6615,#6621));
#6615 = SURFACE_STYLE_USAGE(.BOTH.,#6616);
#6616 = SURFACE_SIDE_STYLE('',(#6617));
#6617 = SURFACE_STYLE_FILL_AREA(#6618);
#6618 = FILL_AREA_STYLE('',(#6619));
#6619 = FILL_AREA_STYLE_COLOUR('',#6620);
#6620 = COLOUR_RGB('',0.823999987314,0.819999987296,0.781000009244);
#6621 = CURVE_STYLE('',#6622,POSITIVE_LENGTH_MEASURE(0.1),#6620);
#6622 = DRAUGHTING_PRE_DEFINED_CURVE_FONT('continuous');
#6623 = STYLED_ITEM('color',(#6624),#655);
#6624 = PRESENTATION_STYLE_ASSIGNMENT((#6625,#6630));
#6625 = SURFACE_STYLE_USAGE(.BOTH.,#6626);
#6626 = SURFACE_SIDE_STYLE('',(#6627));
#6627 = SURFACE_STYLE_FILL_AREA(#6628);
#6628 = FILL_AREA_STYLE('',(#6629));
#6629 = FILL_AREA_STYLE_COLOUR('',#6493);
#6630 = CURVE_STYLE('',#6631,POSITIVE_LENGTH_MEASURE(0.1),#6493);
#6631 = DRAUGHTING_PRE_DEFINED_CURVE_FONT('continuous');
#6632 = STYLED_ITEM('color',(#6633),#686);
#6633 = PRESENTATION_STYLE_ASSIGNMENT((#6634,#6639));
#6634 = SURFACE_STYLE_USAGE(.BOTH.,#6635);
#6635 = SURFACE_SIDE_STYLE('',(#6636));
#6636 = SURFACE_STYLE_FILL_AREA(#6637);
#6637 = FILL_AREA_STYLE('',(#6638));
#6638 = FILL_AREA_STYLE_COLOUR('',#6620);
#6639 = CURVE_STYLE('',#6640,POSITIVE_LENGTH_MEASURE(0.1),#6620);
#6640 = DRAUGHTING_PRE_DEFINED_CURVE_FONT('continuous');
#6641 = STYLED_ITEM('color',(#6642),#717);
#6642 = PRESENTATION_STYLE_ASSIGNMENT((#6643,#6648));
#6643 = SURFACE_STYLE_USAGE(.BOTH.,#6644);
#6644 = SURFACE_SIDE_STYLE('',(#6645));
#6645 = SURFACE_STYLE_FILL_AREA(#6646);
#6646 = FILL_AREA_STYLE('',(#6647));
#6647 = FILL_AREA_STYLE_COLOUR('',#6493);
#6648 = CURVE_STYLE('',#6649,POSITIVE_LENGTH_MEASURE(0.1),#6493);
#6649 = DRAUGHTING_PRE_DEFINED_CURVE_FONT('continuous');
#6650 = STYLED_ITEM('color',(#6651),#748);
#6651 = PRESENTATION_STYLE_ASSIGNMENT((#6652,#6657));
#6652 = SURFACE_STYLE_USAGE(.BOTH.,#6653);
#6653 = SURFACE_SIDE_STYLE('',(#6654));
#6654 = SURFACE_STYLE_FILL_AREA(#6655);
#6655 = FILL_AREA_STYLE('',(#6656));
#6656 = FILL_AREA_STYLE_COLOUR('',#6620);
#6657 = CURVE_STYLE('',#6658,POSITIVE_LENGTH_MEASURE(0.1),#6620);
#6658 = DRAUGHTING_PRE_DEFINED_CURVE_FONT('continuous');
#6659 = STYLED_ITEM('color',(#6660),#779);
#6660 = PRESENTATION_STYLE_ASSIGNMENT((#6661,#6666));
#6661 = SURFACE_STYLE_USAGE(.BOTH.,#6662);
#6662 = SURFACE_SIDE_STYLE('',(#6663));
#6663 = SURFACE_STYLE_FILL_AREA(#6664);
#6664 = FILL_AREA_STYLE('',(#6665));
#6665 = FILL_AREA_STYLE_COLOUR('',#6493);
#6666 = CURVE_STYLE('',#6667,POSITIVE_LENGTH_MEASURE(0.1),#6493);
#6667 = DRAUGHTING_PRE_DEFINED_CURVE_FONT('continuous');
#6668 = STYLED_ITEM('color',(#6669),#796);
#6669 = PRESENTATION_STYLE_ASSIGNMENT((#6670,#6675));
#6670 = SURFACE_STYLE_USAGE(.BOTH.,#6671);
#6671 = SURFACE_SIDE_STYLE('',(#6672));
#6672 = SURFACE_STYLE_FILL_AREA(#6673);
#6673 = FILL_AREA_STYLE('',(#6674));
#6674 = FILL_AREA_STYLE_COLOUR('',#6493);
#6675 = CURVE_STYLE('',#6676,POSITIVE_LENGTH_MEASURE(0.1),#6493);
#6676 = DRAUGHTING_PRE_DEFINED_CURVE_FONT('continuous');
#6677 = STYLED_ITEM('color',(#6678),#813);
#6678 = PRESENTATION_STYLE_ASSIGNMENT((#6679,#6684));
#6679 = SURFACE_STYLE_USAGE(.BOTH.,#6680);
#6680 = SURFACE_SIDE_STYLE('',(#6681));
#6681 = SURFACE_STYLE_FILL_AREA(#6682);
#6682 = FILL_AREA_STYLE('',(#6683));
#6683 = FILL_AREA_STYLE_COLOUR('',#6620);
#6684 = CURVE_STYLE('',#6685,POSITIVE_LENGTH_MEASURE(0.1),#6620);
#6685 = DRAUGHTING_PRE_DEFINED_CURVE_FONT('continuous');
#6686 = STYLED_ITEM('color',(#6687),#844);
#6687 = PRESENTATION_STYLE_ASSIGNMENT((#6688,#6693));
#6688 = SURFACE_STYLE_USAGE(.BOTH.,#6689);
#6689 = SURFACE_SIDE_STYLE('',(#6690));
#6690 = SURFACE_STYLE_FILL_AREA(#6691);
#6691 = FILL_AREA_STYLE('',(#6692));
#6692 = FILL_AREA_STYLE_COLOUR('',#6493);
#6693 = CURVE_STYLE('',#6694,POSITIVE_LENGTH_MEASURE(0.1),#6493);
#6694 = DRAUGHTING_PRE_DEFINED_CURVE_FONT('continuous');
#6695 = STYLED_ITEM('color',(#6696),#875);
#6696 = PRESENTATION_STYLE_ASSIGNMENT((#6697,#6702));
#6697 = SURFACE_STYLE_USAGE(.BOTH.,#6698);
#6698 = SURFACE_SIDE_STYLE('',(#6699));
#6699 = SURFACE_STYLE_FILL_AREA(#6700);
#6700 = FILL_AREA_STYLE('',(#6701));
#6701 = FILL_AREA_STYLE_COLOUR('',#6620);
#6702 = CURVE_STYLE('',#6703,POSITIVE_LENGTH_MEASURE(0.1),#6620);
#6703 = DRAUGHTING_PRE_DEFINED_CURVE_FONT('continuous');
#6704 = STYLED_ITEM('color',(#6705),#906);
#6705 = PRESENTATION_STYLE_ASSIGNMENT((#6706,#6711));
#6706 = SURFACE_STYLE_USAGE(.BOTH.,#6707);
#6707 = SURFACE_SIDE_STYLE('',(#6708));
#6708 = SURFACE_STYLE_FILL_AREA(#6709);
#6709 = FILL_AREA_STYLE('',(#6710));
#6710 = FILL_AREA_STYLE_COLOUR('',#6493);
#6711 = CURVE_STYLE('',#6712,POSITIVE_LENGTH_MEASURE(0.1),#6493);
#6712 = DRAUGHTING_PRE_DEFINED_CURVE_FONT('continuous');
#6713 = STYLED_ITEM('color',(#6714),#936);
#6714 = PRESENTATION_STYLE_ASSIGNMENT((#6715,#6720));
#6715 = SURFACE_STYLE_USAGE(.BOTH.,#6716);
#6716 = SURFACE_SIDE_STYLE('',(#6717));
#6717 = SURFACE_STYLE_FILL_AREA(#6718);
#6718 = FILL_AREA_STYLE('',(#6719));
#6719 = FILL_AREA_STYLE_COLOUR('',#6493);
#6720 = CURVE_STYLE('',#6721,POSITIVE_LENGTH_MEASURE(0.1),#6493);
#6721 = DRAUGHTING_PRE_DEFINED_CURVE_FONT('continuous');
#6722 = STYLED_ITEM('color',(#6723),#959);
#6723 = PRESENTATION_STYLE_ASSIGNMENT((#6724,#6729));
#6724 = SURFACE_STYLE_USAGE(.BOTH.,#6725);
#6725 = SURFACE_SIDE_STYLE('',(#6726));
#6726 = SURFACE_STYLE_FILL_AREA(#6727);
#6727 = FILL_AREA_STYLE('',(#6728));
#6728 = FILL_AREA_STYLE_COLOUR('',#6493);
#6729 = CURVE_STYLE('',#6730,POSITIVE_LENGTH_MEASURE(0.1),#6493);
#6730 = DRAUGHTING_PRE_DEFINED_CURVE_FONT('continuous');
#6731 = STYLED_ITEM('color',(#6732),#982);
#6732 = PRESENTATION_STYLE_ASSIGNMENT((#6733,#6738));
#6733 = SURFACE_STYLE_USAGE(.BOTH.,#6734);
#6734 = SURFACE_SIDE_STYLE('',(#6735));
#6735 = SURFACE_STYLE_FILL_AREA(#6736);
#6736 = FILL_AREA_STYLE('',(#6737));
#6737 = FILL_AREA_STYLE_COLOUR('',#6493);
#6738 = CURVE_STYLE('',#6739,POSITIVE_LENGTH_MEASURE(0.1),#6493);
#6739 = DRAUGHTING_PRE_DEFINED_CURVE_FONT('continuous');
#6740 = STYLED_ITEM('color',(#6741),#999);
#6741 = PRESENTATION_STYLE_ASSIGNMENT((#6742,#6747));
#6742 = SURFACE_STYLE_USAGE(.BOTH.,#6743);
#6743 = SURFACE_SIDE_STYLE('',(#6744));
#6744 = SURFACE_STYLE_FILL_AREA(#6745);
#6745 = FILL_AREA_STYLE('',(#6746));
#6746 = FILL_AREA_STYLE_COLOUR('',#6620);
#6747 = CURVE_STYLE('',#6748,POSITIVE_LENGTH_MEASURE(0.1),#6620);
#6748 = DRAUGHTING_PRE_DEFINED_CURVE_FONT('continuous');
#6749 = STYLED_ITEM('color',(#6750),#1044);
#6750 = PRESENTATION_STYLE_ASSIGNMENT((#6751,#6756));
#6751 = SURFACE_STYLE_USAGE(.BOTH.,#6752);
#6752 = SURFACE_SIDE_STYLE('',(#6753));
#6753 = SURFACE_STYLE_FILL_AREA(#6754);
#6754 = FILL_AREA_STYLE('',(#6755));
#6755 = FILL_AREA_STYLE_COLOUR('',#6493);
#6756 = CURVE_STYLE('',#6757,POSITIVE_LENGTH_MEASURE(0.1),#6493);
#6757 = DRAUGHTING_PRE_DEFINED_CURVE_FONT('continuous');
#6758 = STYLED_ITEM('color',(#6759),#1114);
#6759 = PRESENTATION_STYLE_ASSIGNMENT((#6760,#6765));
#6760 = SURFACE_STYLE_USAGE(.BOTH.,#6761);
#6761 = SURFACE_SIDE_STYLE('',(#6762));
#6762 = SURFACE_STYLE_FILL_AREA(#6763);
#6763 = FILL_AREA_STYLE('',(#6764));
#6764 = FILL_AREA_STYLE_COLOUR('',#6493);
#6765 = CURVE_STYLE('',#6766,POSITIVE_LENGTH_MEASURE(0.1),#6493);
#6766 = DRAUGHTING_PRE_DEFINED_CURVE_FONT('continuous');
#6767 = STYLED_ITEM('color',(#6768),#1137);
#6768 = PRESENTATION_STYLE_ASSIGNMENT((#6769,#6774));
#6769 = SURFACE_STYLE_USAGE(.BOTH.,#6770);
#6770 = SURFACE_SIDE_STYLE('',(#6771));
#6771 = SURFACE_STYLE_FILL_AREA(#6772);
#6772 = FILL_AREA_STYLE('',(#6773));
#6773 = FILL_AREA_STYLE_COLOUR('',#6493);
#6774 = CURVE_STYLE('',#6775,POSITIVE_LENGTH_MEASURE(0.1),#6493);
#6775 = DRAUGHTING_PRE_DEFINED_CURVE_FONT('continuous');
#6776 = STYLED_ITEM('color',(#6777),#1160);
#6777 = PRESENTATION_STYLE_ASSIGNMENT((#6778,#6783));
#6778 = SURFACE_STYLE_USAGE(.BOTH.,#6779);
#6779 = SURFACE_SIDE_STYLE('',(#6780));
#6780 = SURFACE_STYLE_FILL_AREA(#6781);
#6781 = FILL_AREA_STYLE('',(#6782));
#6782 = FILL_AREA_STYLE_COLOUR('',#6493);
#6783 = CURVE_STYLE('',#6784,POSITIVE_LENGTH_MEASURE(0.1),#6493);
#6784 = DRAUGHTING_PRE_DEFINED_CURVE_FONT('continuous');
#6785 = STYLED_ITEM('color',(#6786),#1183);
#6786 = PRESENTATION_STYLE_ASSIGNMENT((#6787,#6792));
#6787 = SURFACE_STYLE_USAGE(.BOTH.,#6788);
#6788 = SURFACE_SIDE_STYLE('',(#6789));
#6789 = SURFACE_STYLE_FILL_AREA(#6790);
#6790 = FILL_AREA_STYLE('',(#6791));
#6791 = FILL_AREA_STYLE_COLOUR('',#6493);
#6792 = CURVE_STYLE('',#6793,POSITIVE_LENGTH_MEASURE(0.1),#6493);
#6793 = DRAUGHTING_PRE_DEFINED_CURVE_FONT('continuous');
#6794 = STYLED_ITEM('color',(#6795),#1238);
#6795 = PRESENTATION_STYLE_ASSIGNMENT((#6796,#6801));
#6796 = SURFACE_STYLE_USAGE(.BOTH.,#6797);
#6797 = SURFACE_SIDE_STYLE('',(#6798));
#6798 = SURFACE_STYLE_FILL_AREA(#6799);
#6799 = FILL_AREA_STYLE('',(#6800));
#6800 = FILL_AREA_STYLE_COLOUR('',#6620);
#6801 = CURVE_STYLE('',#6802,POSITIVE_LENGTH_MEASURE(0.1),#6620);
#6802 = DRAUGHTING_PRE_DEFINED_CURVE_FONT('continuous');
#6803 = STYLED_ITEM('color',(#6804),#1276);
#6804 = PRESENTATION_STYLE_ASSIGNMENT((#6805,#6810));
#6805 = SURFACE_STYLE_USAGE(.BOTH.,#6806);
#6806 = SURFACE_SIDE_STYLE('',(#6807));
#6807 = SURFACE_STYLE_FILL_AREA(#6808);
#6808 = FILL_AREA_STYLE('',(#6809));
#6809 = FILL_AREA_STYLE_COLOUR('',#6493);
#6810 = CURVE_STYLE('',#6811,POSITIVE_LENGTH_MEASURE(0.1),#6493);
#6811 = DRAUGHTING_PRE_DEFINED_CURVE_FONT('continuous');
#6812 = STYLED_ITEM('color',(#6813),#1325);
#6813 = PRESENTATION_STYLE_ASSIGNMENT((#6814,#6819));
#6814 = SURFACE_STYLE_USAGE(.BOTH.,#6815);
#6815 = SURFACE_SIDE_STYLE('',(#6816));
#6816 = SURFACE_STYLE_FILL_AREA(#6817);
#6817 = FILL_AREA_STYLE('',(#6818));
#6818 = FILL_AREA_STYLE_COLOUR('',#6620);
#6819 = CURVE_STYLE('',#6820,POSITIVE_LENGTH_MEASURE(0.1),#6620);
#6820 = DRAUGHTING_PRE_DEFINED_CURVE_FONT('continuous');
#6821 = STYLED_ITEM('color',(#6822),#1417);
#6822 = PRESENTATION_STYLE_ASSIGNMENT((#6823,#6828));
#6823 = SURFACE_STYLE_USAGE(.BOTH.,#6824);
#6824 = SURFACE_SIDE_STYLE('',(#6825));
#6825 = SURFACE_STYLE_FILL_AREA(#6826);
#6826 = FILL_AREA_STYLE('',(#6827));
#6827 = FILL_AREA_STYLE_COLOUR('',#6620);
#6828 = CURVE_STYLE('',#6829,POSITIVE_LENGTH_MEASURE(0.1),#6620);
#6829 = DRAUGHTING_PRE_DEFINED_CURVE_FONT('continuous');
#6830 = STYLED_ITEM('color',(#6831),#1442);
#6831 = PRESENTATION_STYLE_ASSIGNMENT((#6832,#6837));
#6832 = SURFACE_STYLE_USAGE(.BOTH.,#6833);
#6833 = SURFACE_SIDE_STYLE('',(#6834));
#6834 = SURFACE_STYLE_FILL_AREA(#6835);
#6835 = FILL_AREA_STYLE('',(#6836));
#6836 = FILL_AREA_STYLE_COLOUR('',#6620);
#6837 = CURVE_STYLE('',#6838,POSITIVE_LENGTH_MEASURE(0.1),#6620);
#6838 = DRAUGHTING_PRE_DEFINED_CURVE_FONT('continuous');
#6839 = STYLED_ITEM('color',(#6840),#1526);
#6840 = PRESENTATION_STYLE_ASSIGNMENT((#6841,#6846));
#6841 = SURFACE_STYLE_USAGE(.BOTH.,#6842);
#6842 = SURFACE_SIDE_STYLE('',(#6843));
#6843 = SURFACE_STYLE_FILL_AREA(#6844);
#6844 = FILL_AREA_STYLE('',(#6845));
#6845 = FILL_AREA_STYLE_COLOUR('',#6493);
#6846 = CURVE_STYLE('',#6847,POSITIVE_LENGTH_MEASURE(0.1),#6493);
#6847 = DRAUGHTING_PRE_DEFINED_CURVE_FONT('continuous');
#6848 = STYLED_ITEM('color',(#6849),#1548);
#6849 = PRESENTATION_STYLE_ASSIGNMENT((#6850,#6855));
#6850 = SURFACE_STYLE_USAGE(.BOTH.,#6851);
#6851 = SURFACE_SIDE_STYLE('',(#6852));
#6852 = SURFACE_STYLE_FILL_AREA(#6853);
#6853 = FILL_AREA_STYLE('',(#6854));
#6854 = FILL_AREA_STYLE_COLOUR('',#6620);
#6855 = CURVE_STYLE('',#6856,POSITIVE_LENGTH_MEASURE(0.1),#6620);
#6856 = DRAUGHTING_PRE_DEFINED_CURVE_FONT('continuous');
#6857 = STYLED_ITEM('color',(#6858),#1640);
#6858 = PRESENTATION_STYLE_ASSIGNMENT((#6859,#6864));
#6859 = SURFACE_STYLE_USAGE(.BOTH.,#6860);
#6860 = SURFACE_SIDE_STYLE('',(#6861));
#6861 = SURFACE_STYLE_FILL_AREA(#6862);
#6862 = FILL_AREA_STYLE('',(#6863));
#6863 = FILL_AREA_STYLE_COLOUR('',#6620);
#6864 = CURVE_STYLE('',#6865,POSITIVE_LENGTH_MEASURE(0.1),#6620);
#6865 = DRAUGHTING_PRE_DEFINED_CURVE_FONT('continuous');
#6866 = STYLED_ITEM('color',(#6867),#1665);
#6867 = PRESENTATION_STYLE_ASSIGNMENT((#6868,#6873));
#6868 = SURFACE_STYLE_USAGE(.BOTH.,#6869);
#6869 = SURFACE_SIDE_STYLE('',(#6870));
#6870 = SURFACE_STYLE_FILL_AREA(#6871);
#6871 = FILL_AREA_STYLE('',(#6872));
#6872 = FILL_AREA_STYLE_COLOUR('',#6620);
#6873 = CURVE_STYLE('',#6874,POSITIVE_LENGTH_MEASURE(0.1),#6620);
#6874 = DRAUGHTING_PRE_DEFINED_CURVE_FONT('continuous');
#6875 = STYLED_ITEM('color',(#6876),#1749);
#6876 = PRESENTATION_STYLE_ASSIGNMENT((#6877,#6882));
#6877 = SURFACE_STYLE_USAGE(.BOTH.,#6878);
#6878 = SURFACE_SIDE_STYLE('',(#6879));
#6879 = SURFACE_STYLE_FILL_AREA(#6880);
#6880 = FILL_AREA_STYLE('',(#6881));
#6881 = FILL_AREA_STYLE_COLOUR('',#6493);
#6882 = CURVE_STYLE('',#6883,POSITIVE_LENGTH_MEASURE(0.1),#6493);
#6883 = DRAUGHTING_PRE_DEFINED_CURVE_FONT('continuous');
#6884 = STYLED_ITEM('color',(#6885),#1766);
#6885 = PRESENTATION_STYLE_ASSIGNMENT((#6886,#6891));
#6886 = SURFACE_STYLE_USAGE(.BOTH.,#6887);
#6887 = SURFACE_SIDE_STYLE('',(#6888));
#6888 = SURFACE_STYLE_FILL_AREA(#6889);
#6889 = FILL_AREA_STYLE('',(#6890));
#6890 = FILL_AREA_STYLE_COLOUR('',#6620);
#6891 = CURVE_STYLE('',#6892,POSITIVE_LENGTH_MEASURE(0.1),#6620);
#6892 = DRAUGHTING_PRE_DEFINED_CURVE_FONT('continuous');
#6893 = STYLED_ITEM('color',(#6894),#1851);
#6894 = PRESENTATION_STYLE_ASSIGNMENT((#6895,#6900));
#6895 = SURFACE_STYLE_USAGE(.BOTH.,#6896);
#6896 = SURFACE_SIDE_STYLE('',(#6897));
#6897 = SURFACE_STYLE_FILL_AREA(#6898);
#6898 = FILL_AREA_STYLE('',(#6899));
#6899 = FILL_AREA_STYLE_COLOUR('',#6620);
#6900 = CURVE_STYLE('',#6901,POSITIVE_LENGTH_MEASURE(0.1),#6620);
#6901 = DRAUGHTING_PRE_DEFINED_CURVE_FONT('continuous');
#6902 = STYLED_ITEM('color',(#6903),#1876);
#6903 = PRESENTATION_STYLE_ASSIGNMENT((#6904,#6909));
#6904 = SURFACE_STYLE_USAGE(.BOTH.,#6905);
#6905 = SURFACE_SIDE_STYLE('',(#6906));
#6906 = SURFACE_STYLE_FILL_AREA(#6907);
#6907 = FILL_AREA_STYLE('',(#6908));
#6908 = FILL_AREA_STYLE_COLOUR('',#6620);
#6909 = CURVE_STYLE('',#6910,POSITIVE_LENGTH_MEASURE(0.1),#6620);
#6910 = DRAUGHTING_PRE_DEFINED_CURVE_FONT('continuous');
#6911 = STYLED_ITEM('color',(#6912),#1953);
#6912 = PRESENTATION_STYLE_ASSIGNMENT((#6913,#6918));
#6913 = SURFACE_STYLE_USAGE(.BOTH.,#6914);
#6914 = SURFACE_SIDE_STYLE('',(#6915));
#6915 = SURFACE_STYLE_FILL_AREA(#6916);
#6916 = FILL_AREA_STYLE('',(#6917));
#6917 = FILL_AREA_STYLE_COLOUR('',#6620);
#6918 = CURVE_STYLE('',#6919,POSITIVE_LENGTH_MEASURE(0.1),#6620);
#6919 = DRAUGHTING_PRE_DEFINED_CURVE_FONT('continuous');
#6920 = STYLED_ITEM('color',(#6921),#2038);
#6921 = PRESENTATION_STYLE_ASSIGNMENT((#6922,#6927));
#6922 = SURFACE_STYLE_USAGE(.BOTH.,#6923);
#6923 = SURFACE_SIDE_STYLE('',(#6924));
#6924 = SURFACE_STYLE_FILL_AREA(#6925);
#6925 = FILL_AREA_STYLE('',(#6926));
#6926 = FILL_AREA_STYLE_COLOUR('',#6620);
#6927 = CURVE_STYLE('',#6928,POSITIVE_LENGTH_MEASURE(0.1),#6620);
#6928 = DRAUGHTING_PRE_DEFINED_CURVE_FONT('continuous');
#6929 = STYLED_ITEM('color',(#6930),#2063);
#6930 = PRESENTATION_STYLE_ASSIGNMENT((#6931,#6936));
#6931 = SURFACE_STYLE_USAGE(.BOTH.,#6932);
#6932 = SURFACE_SIDE_STYLE('',(#6933));
#6933 = SURFACE_STYLE_FILL_AREA(#6934);
#6934 = FILL_AREA_STYLE('',(#6935));
#6935 = FILL_AREA_STYLE_COLOUR('',#6620);
#6936 = CURVE_STYLE('',#6937,POSITIVE_LENGTH_MEASURE(0.1),#6620);
#6937 = DRAUGHTING_PRE_DEFINED_CURVE_FONT('continuous');
#6938 = STYLED_ITEM('color',(#6939),#2140);
#6939 = PRESENTATION_STYLE_ASSIGNMENT((#6940,#6945));
#6940 = SURFACE_STYLE_USAGE(.BOTH.,#6941);
#6941 = SURFACE_SIDE_STYLE('',(#6942));
#6942 = SURFACE_STYLE_FILL_AREA(#6943);
#6943 = FILL_AREA_STYLE('',(#6944));
#6944 = FILL_AREA_STYLE_COLOUR('',#6493);
#6945 = CURVE_STYLE('',#6946,POSITIVE_LENGTH_MEASURE(0.1),#6493);
#6946 = DRAUGHTING_PRE_DEFINED_CURVE_FONT('continuous');
#6947 = STYLED_ITEM('color',(#6948),#2157);
#6948 = PRESENTATION_STYLE_ASSIGNMENT((#6949,#6954));
#6949 = SURFACE_STYLE_USAGE(.BOTH.,#6950);
#6950 = SURFACE_SIDE_STYLE('',(#6951));
#6951 = SURFACE_STYLE_FILL_AREA(#6952);
#6952 = FILL_AREA_STYLE('',(#6953));
#6953 = FILL_AREA_STYLE_COLOUR('',#6620);
#6954 = CURVE_STYLE('',#6955,POSITIVE_LENGTH_MEASURE(0.1),#6620);
#6955 = DRAUGHTING_PRE_DEFINED_CURVE_FONT('continuous');
#6956 = STYLED_ITEM('color',(#6957),#2249);
#6957 = PRESENTATION_STYLE_ASSIGNMENT((#6958,#6963));
#6958 = SURFACE_STYLE_USAGE(.BOTH.,#6959);
#6959 = SURFACE_SIDE_STYLE('',(#6960));
#6960 = SURFACE_STYLE_FILL_AREA(#6961);
#6961 = FILL_AREA_STYLE('',(#6962));
#6962 = FILL_AREA_STYLE_COLOUR('',#6620);
#6963 = CURVE_STYLE('',#6964,POSITIVE_LENGTH_MEASURE(0.1),#6620);
#6964 = DRAUGHTING_PRE_DEFINED_CURVE_FONT('continuous');
#6965 = STYLED_ITEM('color',(#6966),#2274);
#6966 = PRESENTATION_STYLE_ASSIGNMENT((#6967,#6972));
#6967 = SURFACE_STYLE_USAGE(.BOTH.,#6968);
#6968 = SURFACE_SIDE_STYLE('',(#6969));
#6969 = SURFACE_STYLE_FILL_AREA(#6970);
#6970 = FILL_AREA_STYLE('',(#6971));
#6971 = FILL_AREA_STYLE_COLOUR('',#6620);
#6972 = CURVE_STYLE('',#6973,POSITIVE_LENGTH_MEASURE(0.1),#6620);
#6973 = DRAUGHTING_PRE_DEFINED_CURVE_FONT('continuous');
#6974 = STYLED_ITEM('color',(#6975),#2358);
#6975 = PRESENTATION_STYLE_ASSIGNMENT((#6976,#6981));
#6976 = SURFACE_STYLE_USAGE(.BOTH.,#6977);
#6977 = SURFACE_SIDE_STYLE('',(#6978));
#6978 = SURFACE_STYLE_FILL_AREA(#6979);
#6979 = FILL_AREA_STYLE('',(#6980));
#6980 = FILL_AREA_STYLE_COLOUR('',#6620);
#6981 = CURVE_STYLE('',#6982,POSITIVE_LENGTH_MEASURE(0.1),#6620);
#6982 = DRAUGHTING_PRE_DEFINED_CURVE_FONT('continuous');
#6983 = STYLED_ITEM('color',(#6984),#2375);
#6984 = PRESENTATION_STYLE_ASSIGNMENT((#6985,#6990));
#6985 = SURFACE_STYLE_USAGE(.BOTH.,#6986);
#6986 = SURFACE_SIDE_STYLE('',(#6987));
#6987 = SURFACE_STYLE_FILL_AREA(#6988);
#6988 = FILL_AREA_STYLE('',(#6989));
#6989 = FILL_AREA_STYLE_COLOUR('',#6620);
#6990 = CURVE_STYLE('',#6991,POSITIVE_LENGTH_MEASURE(0.1),#6620);
#6991 = DRAUGHTING_PRE_DEFINED_CURVE_FONT('continuous');
#6992 = STYLED_ITEM('color',(#6993),#2394);
#6993 = PRESENTATION_STYLE_ASSIGNMENT((#6994,#6999));
#6994 = SURFACE_STYLE_USAGE(.BOTH.,#6995);
#6995 = SURFACE_SIDE_STYLE('',(#6996));
#6996 = SURFACE_STYLE_FILL_AREA(#6997);
#6997 = FILL_AREA_STYLE('',(#6998));
#6998 = FILL_AREA_STYLE_COLOUR('',#6620);
#6999 = CURVE_STYLE('',#7000,POSITIVE_LENGTH_MEASURE(0.1),#6620);
#7000 = DRAUGHTING_PRE_DEFINED_CURVE_FONT('continuous');
#7001 = STYLED_ITEM('color',(#7002),#2413);
#7002 = PRESENTATION_STYLE_ASSIGNMENT((#7003,#7008));
#7003 = SURFACE_STYLE_USAGE(.BOTH.,#7004);
#7004 = SURFACE_SIDE_STYLE('',(#7005));
#7005 = SURFACE_STYLE_FILL_AREA(#7006);
#7006 = FILL_AREA_STYLE('',(#7007));
#7007 = FILL_AREA_STYLE_COLOUR('',#6493);
#7008 = CURVE_STYLE('',#7009,POSITIVE_LENGTH_MEASURE(0.1),#6493);
#7009 = DRAUGHTING_PRE_DEFINED_CURVE_FONT('continuous');
#7010 = STYLED_ITEM('color',(#7011),#2459);
#7011 = PRESENTATION_STYLE_ASSIGNMENT((#7012,#7017));
#7012 = SURFACE_STYLE_USAGE(.BOTH.,#7013);
#7013 = SURFACE_SIDE_STYLE('',(#7014));
#7014 = SURFACE_STYLE_FILL_AREA(#7015);
#7015 = FILL_AREA_STYLE('',(#7016));
#7016 = FILL_AREA_STYLE_COLOUR('',#6493);
#7017 = CURVE_STYLE('',#7018,POSITIVE_LENGTH_MEASURE(0.1),#6493);
#7018 = DRAUGHTING_PRE_DEFINED_CURVE_FONT('continuous');
#7019 = STYLED_ITEM('color',(#7020),#2475);
#7020 = PRESENTATION_STYLE_ASSIGNMENT((#7021,#7026));
#7021 = SURFACE_STYLE_USAGE(.BOTH.,#7022);
#7022 = SURFACE_SIDE_STYLE('',(#7023));
#7023 = SURFACE_STYLE_FILL_AREA(#7024);
#7024 = FILL_AREA_STYLE('',(#7025));
#7025 = FILL_AREA_STYLE_COLOUR('',#6620);
#7026 = CURVE_STYLE('',#7027,POSITIVE_LENGTH_MEASURE(0.1),#6620);
#7027 = DRAUGHTING_PRE_DEFINED_CURVE_FONT('continuous');
#7028 = STYLED_ITEM('color',(#7029),#2494);
#7029 = PRESENTATION_STYLE_ASSIGNMENT((#7030,#7035));
#7030 = SURFACE_STYLE_USAGE(.BOTH.,#7031);
#7031 = SURFACE_SIDE_STYLE('',(#7032));
#7032 = SURFACE_STYLE_FILL_AREA(#7033);
#7033 = FILL_AREA_STYLE('',(#7034));
#7034 = FILL_AREA_STYLE_COLOUR('',#6493);
#7035 = CURVE_STYLE('',#7036,POSITIVE_LENGTH_MEASURE(0.1),#6493);
#7036 = DRAUGHTING_PRE_DEFINED_CURVE_FONT('continuous');
#7037 = STYLED_ITEM('color',(#7038),#2510);
#7038 = PRESENTATION_STYLE_ASSIGNMENT((#7039,#7044));
#7039 = SURFACE_STYLE_USAGE(.BOTH.,#7040);
#7040 = SURFACE_SIDE_STYLE('',(#7041));
#7041 = SURFACE_STYLE_FILL_AREA(#7042);
#7042 = FILL_AREA_STYLE('',(#7043));
#7043 = FILL_AREA_STYLE_COLOUR('',#6620);
#7044 = CURVE_STYLE('',#7045,POSITIVE_LENGTH_MEASURE(0.1),#6620);
#7045 = DRAUGHTING_PRE_DEFINED_CURVE_FONT('continuous');
#7046 = STYLED_ITEM('color',(#7047),#2527);
#7047 = PRESENTATION_STYLE_ASSIGNMENT((#7048,#7053));
#7048 = SURFACE_STYLE_USAGE(.BOTH.,#7049);
#7049 = SURFACE_SIDE_STYLE('',(#7050));
#7050 = SURFACE_STYLE_FILL_AREA(#7051);
#7051 = FILL_AREA_STYLE('',(#7052));
#7052 = FILL_AREA_STYLE_COLOUR('',#6493);
#7053 = CURVE_STYLE('',#7054,POSITIVE_LENGTH_MEASURE(0.1),#6493);
#7054 = DRAUGHTING_PRE_DEFINED_CURVE_FONT('continuous');
#7055 = STYLED_ITEM('color',(#7056),#2539);
#7056 = PRESENTATION_STYLE_ASSIGNMENT((#7057,#7062));
#7057 = SURFACE_STYLE_USAGE(.BOTH.,#7058);
#7058 = SURFACE_SIDE_STYLE('',(#7059));
#7059 = SURFACE_STYLE_FILL_AREA(#7060);
#7060 = FILL_AREA_STYLE('',(#7061));
#7061 = FILL_AREA_STYLE_COLOUR('',#6620);
#7062 = CURVE_STYLE('',#7063,POSITIVE_LENGTH_MEASURE(0.1),#6620);
#7063 = DRAUGHTING_PRE_DEFINED_CURVE_FONT('continuous');
#7064 = STYLED_ITEM('color',(#7065),#2556);
#7065 = PRESENTATION_STYLE_ASSIGNMENT((#7066,#7071));
#7066 = SURFACE_STYLE_USAGE(.BOTH.,#7067);
#7067 = SURFACE_SIDE_STYLE('',(#7068));
#7068 = SURFACE_STYLE_FILL_AREA(#7069);
#7069 = FILL_AREA_STYLE('',(#7070));
#7070 = FILL_AREA_STYLE_COLOUR('',#6620);
#7071 = CURVE_STYLE('',#7072,POSITIVE_LENGTH_MEASURE(0.1),#6620);
#7072 = DRAUGHTING_PRE_DEFINED_CURVE_FONT('continuous');
#7073 = STYLED_ITEM('color',(#7074),#2573);
#7074 = PRESENTATION_STYLE_ASSIGNMENT((#7075,#7080));
#7075 = SURFACE_STYLE_USAGE(.BOTH.,#7076);
#7076 = SURFACE_SIDE_STYLE('',(#7077));
#7077 = SURFACE_STYLE_FILL_AREA(#7078);
#7078 = FILL_AREA_STYLE('',(#7079));
#7079 = FILL_AREA_STYLE_COLOUR('',#6620);
#7080 = CURVE_STYLE('',#7081,POSITIVE_LENGTH_MEASURE(0.1),#6620);
#7081 = DRAUGHTING_PRE_DEFINED_CURVE_FONT('continuous');
#7082 = STYLED_ITEM('color',(#7083),#2590);
#7083 = PRESENTATION_STYLE_ASSIGNMENT((#7084,#7089));
#7084 = SURFACE_STYLE_USAGE(.BOTH.,#7085);
#7085 = SURFACE_SIDE_STYLE('',(#7086));
#7086 = SURFACE_STYLE_FILL_AREA(#7087);
#7087 = FILL_AREA_STYLE('',(#7088));
#7088 = FILL_AREA_STYLE_COLOUR('',#6620);
#7089 = CURVE_STYLE('',#7090,POSITIVE_LENGTH_MEASURE(0.1),#6620);
#7090 = DRAUGHTING_PRE_DEFINED_CURVE_FONT('continuous');
#7091 = STYLED_ITEM('color',(#7092),#2607);
#7092 = PRESENTATION_STYLE_ASSIGNMENT((#7093,#7098));
#7093 = SURFACE_STYLE_USAGE(.BOTH.,#7094);
#7094 = SURFACE_SIDE_STYLE('',(#7095));
#7095 = SURFACE_STYLE_FILL_AREA(#7096);
#7096 = FILL_AREA_STYLE('',(#7097));
#7097 = FILL_AREA_STYLE_COLOUR('',#6620);
#7098 = CURVE_STYLE('',#7099,POSITIVE_LENGTH_MEASURE(0.1),#6620);
#7099 = DRAUGHTING_PRE_DEFINED_CURVE_FONT('continuous');
#7100 = STYLED_ITEM('color',(#7101),#2624);
#7101 = PRESENTATION_STYLE_ASSIGNMENT((#7102,#7107));
#7102 = SURFACE_STYLE_USAGE(.BOTH.,#7103);
#7103 = SURFACE_SIDE_STYLE('',(#7104));
#7104 = SURFACE_STYLE_FILL_AREA(#7105);
#7105 = FILL_AREA_STYLE('',(#7106));
#7106 = FILL_AREA_STYLE_COLOUR('',#6620);
#7107 = CURVE_STYLE('',#7108,POSITIVE_LENGTH_MEASURE(0.1),#6620);
#7108 = DRAUGHTING_PRE_DEFINED_CURVE_FONT('continuous');
#7109 = STYLED_ITEM('color',(#7110),#2641);
#7110 = PRESENTATION_STYLE_ASSIGNMENT((#7111,#7116));
#7111 = SURFACE_STYLE_USAGE(.BOTH.,#7112);
#7112 = SURFACE_SIDE_STYLE('',(#7113));
#7113 = SURFACE_STYLE_FILL_AREA(#7114);
#7114 = FILL_AREA_STYLE('',(#7115));
#7115 = FILL_AREA_STYLE_COLOUR('',#6620);
#7116 = CURVE_STYLE('',#7117,POSITIVE_LENGTH_MEASURE(0.1),#6620);
#7117 = DRAUGHTING_PRE_DEFINED_CURVE_FONT('continuous');
#7118 = STYLED_ITEM('color',(#7119),#2658);
#7119 = PRESENTATION_STYLE_ASSIGNMENT((#7120,#7125));
#7120 = SURFACE_STYLE_USAGE(.BOTH.,#7121);
#7121 = SURFACE_SIDE_STYLE('',(#7122));
#7122 = SURFACE_STYLE_FILL_AREA(#7123);
#7123 = FILL_AREA_STYLE('',(#7124));
#7124 = FILL_AREA_STYLE_COLOUR('',#6620);
#7125 = CURVE_STYLE('',#7126,POSITIVE_LENGTH_MEASURE(0.1),#6620);
#7126 = DRAUGHTING_PRE_DEFINED_CURVE_FONT('continuous');
#7127 = STYLED_ITEM('color',(#7128),#2670);
#7128 = PRESENTATION_STYLE_ASSIGNMENT((#7129,#7134));
#7129 = SURFACE_STYLE_USAGE(.BOTH.,#7130);
#7130 = SURFACE_SIDE_STYLE('',(#7131));
#7131 = SURFACE_STYLE_FILL_AREA(#7132);
#7132 = FILL_AREA_STYLE('',(#7133));
#7133 = FILL_AREA_STYLE_COLOUR('',#6620);
#7134 = CURVE_STYLE('',#7135,POSITIVE_LENGTH_MEASURE(0.1),#6620);
#7135 = DRAUGHTING_PRE_DEFINED_CURVE_FONT('continuous');
#7136 = STYLED_ITEM('color',(#7137),#2687);
#7137 = PRESENTATION_STYLE_ASSIGNMENT((#7138,#7143));
#7138 = SURFACE_STYLE_USAGE(.BOTH.,#7139);
#7139 = SURFACE_SIDE_STYLE('',(#7140));
#7140 = SURFACE_STYLE_FILL_AREA(#7141);
#7141 = FILL_AREA_STYLE('',(#7142));
#7142 = FILL_AREA_STYLE_COLOUR('',#6620);
#7143 = CURVE_STYLE('',#7144,POSITIVE_LENGTH_MEASURE(0.1),#6620);
#7144 = DRAUGHTING_PRE_DEFINED_CURVE_FONT('continuous');
#7145 = STYLED_ITEM('color',(#7146),#2704);
#7146 = PRESENTATION_STYLE_ASSIGNMENT((#7147,#7152));
#7147 = SURFACE_STYLE_USAGE(.BOTH.,#7148);
#7148 = SURFACE_SIDE_STYLE('',(#7149));
#7149 = SURFACE_STYLE_FILL_AREA(#7150);
#7150 = FILL_AREA_STYLE('',(#7151));
#7151 = FILL_AREA_STYLE_COLOUR('',#6620);
#7152 = CURVE_STYLE('',#7153,POSITIVE_LENGTH_MEASURE(0.1),#6620);
#7153 = DRAUGHTING_PRE_DEFINED_CURVE_FONT('continuous');
#7154 = STYLED_ITEM('color',(#7155),#2721);
#7155 = PRESENTATION_STYLE_ASSIGNMENT((#7156,#7161));
#7156 = SURFACE_STYLE_USAGE(.BOTH.,#7157);
#7157 = SURFACE_SIDE_STYLE('',(#7158));
#7158 = SURFACE_STYLE_FILL_AREA(#7159);
#7159 = FILL_AREA_STYLE('',(#7160));
#7160 = FILL_AREA_STYLE_COLOUR('',#6620);
#7161 = CURVE_STYLE('',#7162,POSITIVE_LENGTH_MEASURE(0.1),#6620);
#7162 = DRAUGHTING_PRE_DEFINED_CURVE_FONT('continuous');
#7163 = STYLED_ITEM('color',(#7164),#2738);
#7164 = PRESENTATION_STYLE_ASSIGNMENT((#7165,#7170));
#7165 = SURFACE_STYLE_USAGE(.BOTH.,#7166);
#7166 = SURFACE_SIDE_STYLE('',(#7167));
#7167 = SURFACE_STYLE_FILL_AREA(#7168);
#7168 = FILL_AREA_STYLE('',(#7169));
#7169 = FILL_AREA_STYLE_COLOUR('',#6620);
#7170 = CURVE_STYLE('',#7171,POSITIVE_LENGTH_MEASURE(0.1),#6620);
#7171 = DRAUGHTING_PRE_DEFINED_CURVE_FONT('continuous');
#7172 = STYLED_ITEM('color',(#7173),#2755);
#7173 = PRESENTATION_STYLE_ASSIGNMENT((#7174,#7179));
#7174 = SURFACE_STYLE_USAGE(.BOTH.,#7175);
#7175 = SURFACE_SIDE_STYLE('',(#7176));
#7176 = SURFACE_STYLE_FILL_AREA(#7177);
#7177 = FILL_AREA_STYLE('',(#7178));
#7178 = FILL_AREA_STYLE_COLOUR('',#6620);
#7179 = CURVE_STYLE('',#7180,POSITIVE_LENGTH_MEASURE(0.1),#6620);
#7180 = DRAUGHTING_PRE_DEFINED_CURVE_FONT('continuous');
#7181 = STYLED_ITEM('color',(#7182),#2772);
#7182 = PRESENTATION_STYLE_ASSIGNMENT((#7183,#7188));
#7183 = SURFACE_STYLE_USAGE(.BOTH.,#7184);
#7184 = SURFACE_SIDE_STYLE('',(#7185));
#7185 = SURFACE_STYLE_FILL_AREA(#7186);
#7186 = FILL_AREA_STYLE('',(#7187));
#7187 = FILL_AREA_STYLE_COLOUR('',#6620);
#7188 = CURVE_STYLE('',#7189,POSITIVE_LENGTH_MEASURE(0.1),#6620);
#7189 = DRAUGHTING_PRE_DEFINED_CURVE_FONT('continuous');
#7190 = STYLED_ITEM('color',(#7191),#2789);
#7191 = PRESENTATION_STYLE_ASSIGNMENT((#7192,#7197));
#7192 = SURFACE_STYLE_USAGE(.BOTH.,#7193);
#7193 = SURFACE_SIDE_STYLE('',(#7194));
#7194 = SURFACE_STYLE_FILL_AREA(#7195);
#7195 = FILL_AREA_STYLE('',(#7196));
#7196 = FILL_AREA_STYLE_COLOUR('',#6620);
#7197 = CURVE_STYLE('',#7198,POSITIVE_LENGTH_MEASURE(0.1),#6620);
#7198 = DRAUGHTING_PRE_DEFINED_CURVE_FONT('continuous');
#7199 = STYLED_ITEM('color',(#7200),#2801);
#7200 = PRESENTATION_STYLE_ASSIGNMENT((#7201,#7206));
#7201 = SURFACE_STYLE_USAGE(.BOTH.,#7202);
#7202 = SURFACE_SIDE_STYLE('',(#7203));
#7203 = SURFACE_STYLE_FILL_AREA(#7204);
#7204 = FILL_AREA_STYLE('',(#7205));
#7205 = FILL_AREA_STYLE_COLOUR('',#6620);
#7206 = CURVE_STYLE('',#7207,POSITIVE_LENGTH_MEASURE(0.1),#6620);
#7207 = DRAUGHTING_PRE_DEFINED_CURVE_FONT('continuous');
#7208 = STYLED_ITEM('color',(#7209),#2818);
#7209 = PRESENTATION_STYLE_ASSIGNMENT((#7210,#7215));
#7210 = SURFACE_STYLE_USAGE(.BOTH.,#7211);
#7211 = SURFACE_SIDE_STYLE('',(#7212));
#7212 = SURFACE_STYLE_FILL_AREA(#7213);
#7213 = FILL_AREA_STYLE('',(#7214));
#7214 = FILL_AREA_STYLE_COLOUR('',#6620);
#7215 = CURVE_STYLE('',#7216,POSITIVE_LENGTH_MEASURE(0.1),#6620);
#7216 = DRAUGHTING_PRE_DEFINED_CURVE_FONT('continuous');
#7217 = STYLED_ITEM('color',(#7218),#2835);
#7218 = PRESENTATION_STYLE_ASSIGNMENT((#7219,#7224));
#7219 = SURFACE_STYLE_USAGE(.BOTH.,#7220);
#7220 = SURFACE_SIDE_STYLE('',(#7221));
#7221 = SURFACE_STYLE_FILL_AREA(#7222);
#7222 = FILL_AREA_STYLE('',(#7223));
#7223 = FILL_AREA_STYLE_COLOUR('',#6620);
#7224 = CURVE_STYLE('',#7225,POSITIVE_LENGTH_MEASURE(0.1),#6620);
#7225 = DRAUGHTING_PRE_DEFINED_CURVE_FONT('continuous');
#7226 = STYLED_ITEM('color',(#7227),#2852);
#7227 = PRESENTATION_STYLE_ASSIGNMENT((#7228,#7233));
#7228 = SURFACE_STYLE_USAGE(.BOTH.,#7229);
#7229 = SURFACE_SIDE_STYLE('',(#7230));
#7230 = SURFACE_STYLE_FILL_AREA(#7231);
#7231 = FILL_AREA_STYLE('',(#7232));
#7232 = FILL_AREA_STYLE_COLOUR('',#6620);
#7233 = CURVE_STYLE('',#7234,POSITIVE_LENGTH_MEASURE(0.1),#6620);
#7234 = DRAUGHTING_PRE_DEFINED_CURVE_FONT('continuous');
#7235 = STYLED_ITEM('color',(#7236),#2869);
#7236 = PRESENTATION_STYLE_ASSIGNMENT((#7237,#7242));
#7237 = SURFACE_STYLE_USAGE(.BOTH.,#7238);
#7238 = SURFACE_SIDE_STYLE('',(#7239));
#7239 = SURFACE_STYLE_FILL_AREA(#7240);
#7240 = FILL_AREA_STYLE('',(#7241));
#7241 = FILL_AREA_STYLE_COLOUR('',#6620);
#7242 = CURVE_STYLE('',#7243,POSITIVE_LENGTH_MEASURE(0.1),#6620);
#7243 = DRAUGHTING_PRE_DEFINED_CURVE_FONT('continuous');
#7244 = STYLED_ITEM('color',(#7245),#2886);
#7245 = PRESENTATION_STYLE_ASSIGNMENT((#7246,#7251));
#7246 = SURFACE_STYLE_USAGE(.BOTH.,#7247);
#7247 = SURFACE_SIDE_STYLE('',(#7248));
#7248 = SURFACE_STYLE_FILL_AREA(#7249);
#7249 = FILL_AREA_STYLE('',(#7250));
#7250 = FILL_AREA_STYLE_COLOUR('',#6620);
#7251 = CURVE_STYLE('',#7252,POSITIVE_LENGTH_MEASURE(0.1),#6620);
#7252 = DRAUGHTING_PRE_DEFINED_CURVE_FONT('continuous');
#7253 = STYLED_ITEM('color',(#7254),#2903);
#7254 = PRESENTATION_STYLE_ASSIGNMENT((#7255,#7260));
#7255 = SURFACE_STYLE_USAGE(.BOTH.,#7256);
#7256 = SURFACE_SIDE_STYLE('',(#7257));
#7257 = SURFACE_STYLE_FILL_AREA(#7258);
#7258 = FILL_AREA_STYLE('',(#7259));
#7259 = FILL_AREA_STYLE_COLOUR('',#6620);
#7260 = CURVE_STYLE('',#7261,POSITIVE_LENGTH_MEASURE(0.1),#6620);
#7261 = DRAUGHTING_PRE_DEFINED_CURVE_FONT('continuous');
#7262 = STYLED_ITEM('color',(#7263),#2915);
#7263 = PRESENTATION_STYLE_ASSIGNMENT((#7264,#7269));
#7264 = SURFACE_STYLE_USAGE(.BOTH.,#7265);
#7265 = SURFACE_SIDE_STYLE('',(#7266));
#7266 = SURFACE_STYLE_FILL_AREA(#7267);
#7267 = FILL_AREA_STYLE('',(#7268));
#7268 = FILL_AREA_STYLE_COLOUR('',#6620);
#7269 = CURVE_STYLE('',#7270,POSITIVE_LENGTH_MEASURE(0.1),#6620);
#7270 = DRAUGHTING_PRE_DEFINED_CURVE_FONT('continuous');
#7271 = STYLED_ITEM('color',(#7272),#2932);
#7272 = PRESENTATION_STYLE_ASSIGNMENT((#7273,#7278));
#7273 = SURFACE_STYLE_USAGE(.BOTH.,#7274);
#7274 = SURFACE_SIDE_STYLE('',(#7275));
#7275 = SURFACE_STYLE_FILL_AREA(#7276);
#7276 = FILL_AREA_STYLE('',(#7277));
#7277 = FILL_AREA_STYLE_COLOUR('',#6620);
#7278 = CURVE_STYLE('',#7279,POSITIVE_LENGTH_MEASURE(0.1),#6620);
#7279 = DRAUGHTING_PRE_DEFINED_CURVE_FONT('continuous');
#7280 = STYLED_ITEM('color',(#7281),#2949);
#7281 = PRESENTATION_STYLE_ASSIGNMENT((#7282,#7287));
#7282 = SURFACE_STYLE_USAGE(.BOTH.,#7283);
#7283 = SURFACE_SIDE_STYLE('',(#7284));
#7284 = SURFACE_STYLE_FILL_AREA(#7285);
#7285 = FILL_AREA_STYLE('',(#7286));
#7286 = FILL_AREA_STYLE_COLOUR('',#6620);
#7287 = CURVE_STYLE('',#7288,POSITIVE_LENGTH_MEASURE(0.1),#6620);
#7288 = DRAUGHTING_PRE_DEFINED_CURVE_FONT('continuous');
#7289 = STYLED_ITEM('color',(#7290),#2966);
#7290 = PRESENTATION_STYLE_ASSIGNMENT((#7291,#7296));
#7291 = SURFACE_STYLE_USAGE(.BOTH.,#7292);
#7292 = SURFACE_SIDE_STYLE('',(#7293));
#7293 = SURFACE_STYLE_FILL_AREA(#7294);
#7294 = FILL_AREA_STYLE('',(#7295));
#7295 = FILL_AREA_STYLE_COLOUR('',#6620);
#7296 = CURVE_STYLE('',#7297,POSITIVE_LENGTH_MEASURE(0.1),#6620);
#7297 = DRAUGHTING_PRE_DEFINED_CURVE_FONT('continuous');
#7298 = STYLED_ITEM('color',(#7299),#2983);
#7299 = PRESENTATION_STYLE_ASSIGNMENT((#7300,#7305));
#7300 = SURFACE_STYLE_USAGE(.BOTH.,#7301);
#7301 = SURFACE_SIDE_STYLE('',(#7302));
#7302 = SURFACE_STYLE_FILL_AREA(#7303);
#7303 = FILL_AREA_STYLE('',(#7304));
#7304 = FILL_AREA_STYLE_COLOUR('',#6620);
#7305 = CURVE_STYLE('',#7306,POSITIVE_LENGTH_MEASURE(0.1),#6620);
#7306 = DRAUGHTING_PRE_DEFINED_CURVE_FONT('continuous');
#7307 = STYLED_ITEM('color',(#7308),#3000);
#7308 = PRESENTATION_STYLE_ASSIGNMENT((#7309,#7314));
#7309 = SURFACE_STYLE_USAGE(.BOTH.,#7310);
#7310 = SURFACE_SIDE_STYLE('',(#7311));
#7311 = SURFACE_STYLE_FILL_AREA(#7312);
#7312 = FILL_AREA_STYLE('',(#7313));
#7313 = FILL_AREA_STYLE_COLOUR('',#6620);
#7314 = CURVE_STYLE('',#7315,POSITIVE_LENGTH_MEASURE(0.1),#6620);
#7315 = DRAUGHTING_PRE_DEFINED_CURVE_FONT('continuous');
#7316 = STYLED_ITEM('color',(#7317),#3017);
#7317 = PRESENTATION_STYLE_ASSIGNMENT((#7318,#7323));
#7318 = SURFACE_STYLE_USAGE(.BOTH.,#7319);
#7319 = SURFACE_SIDE_STYLE('',(#7320));
#7320 = SURFACE_STYLE_FILL_AREA(#7321);
#7321 = FILL_AREA_STYLE('',(#7322));
#7322 = FILL_AREA_STYLE_COLOUR('',#6620);
#7323 = CURVE_STYLE('',#7324,POSITIVE_LENGTH_MEASURE(0.1),#6620);
#7324 = DRAUGHTING_PRE_DEFINED_CURVE_FONT('continuous');
#7325 = STYLED_ITEM('color',(#7326),#3029);
#7326 = PRESENTATION_STYLE_ASSIGNMENT((#7327,#7332));
#7327 = SURFACE_STYLE_USAGE(.BOTH.,#7328);
#7328 = SURFACE_SIDE_STYLE('',(#7329));
#7329 = SURFACE_STYLE_FILL_AREA(#7330);
#7330 = FILL_AREA_STYLE('',(#7331));
#7331 = FILL_AREA_STYLE_COLOUR('',#6620);
#7332 = CURVE_STYLE('',#7333,POSITIVE_LENGTH_MEASURE(0.1),#6620);
#7333 = DRAUGHTING_PRE_DEFINED_CURVE_FONT('continuous');
#7334 = STYLED_ITEM('color',(#7335),#3046);
#7335 = PRESENTATION_STYLE_ASSIGNMENT((#7336,#7341));
#7336 = SURFACE_STYLE_USAGE(.BOTH.,#7337);
#7337 = SURFACE_SIDE_STYLE('',(#7338));
#7338 = SURFACE_STYLE_FILL_AREA(#7339);
#7339 = FILL_AREA_STYLE('',(#7340));
#7340 = FILL_AREA_STYLE_COLOUR('',#6620);
#7341 = CURVE_STYLE('',#7342,POSITIVE_LENGTH_MEASURE(0.1),#6620);
#7342 = DRAUGHTING_PRE_DEFINED_CURVE_FONT('continuous');
#7343 = STYLED_ITEM('color',(#7344),#3063);
#7344 = PRESENTATION_STYLE_ASSIGNMENT((#7345,#7350));
#7345 = SURFACE_STYLE_USAGE(.BOTH.,#7346);
#7346 = SURFACE_SIDE_STYLE('',(#7347));
#7347 = SURFACE_STYLE_FILL_AREA(#7348);
#7348 = FILL_AREA_STYLE('',(#7349));
#7349 = FILL_AREA_STYLE_COLOUR('',#6620);
#7350 = CURVE_STYLE('',#7351,POSITIVE_LENGTH_MEASURE(0.1),#6620);
#7351 = DRAUGHTING_PRE_DEFINED_CURVE_FONT('continuous');
#7352 = STYLED_ITEM('color',(#7353),#3080);
#7353 = PRESENTATION_STYLE_ASSIGNMENT((#7354,#7359));
#7354 = SURFACE_STYLE_USAGE(.BOTH.,#7355);
#7355 = SURFACE_SIDE_STYLE('',(#7356));
#7356 = SURFACE_STYLE_FILL_AREA(#7357);
#7357 = FILL_AREA_STYLE('',(#7358));
#7358 = FILL_AREA_STYLE_COLOUR('',#6620);
#7359 = CURVE_STYLE('',#7360,POSITIVE_LENGTH_MEASURE(0.1),#6620);
#7360 = DRAUGHTING_PRE_DEFINED_CURVE_FONT('continuous');
#7361 = STYLED_ITEM('color',(#7362),#3097);
#7362 = PRESENTATION_STYLE_ASSIGNMENT((#7363,#7368));
#7363 = SURFACE_STYLE_USAGE(.BOTH.,#7364);
#7364 = SURFACE_SIDE_STYLE('',(#7365));
#7365 = SURFACE_STYLE_FILL_AREA(#7366);
#7366 = FILL_AREA_STYLE('',(#7367));
#7367 = FILL_AREA_STYLE_COLOUR('',#6620);
#7368 = CURVE_STYLE('',#7369,POSITIVE_LENGTH_MEASURE(0.1),#6620);
#7369 = DRAUGHTING_PRE_DEFINED_CURVE_FONT('continuous');
#7370 = STYLED_ITEM('color',(#7371),#3114);
#7371 = PRESENTATION_STYLE_ASSIGNMENT((#7372,#7377));
#7372 = SURFACE_STYLE_USAGE(.BOTH.,#7373);
#7373 = SURFACE_SIDE_STYLE('',(#7374));
#7374 = SURFACE_STYLE_FILL_AREA(#7375);
#7375 = FILL_AREA_STYLE('',(#7376));
#7376 = FILL_AREA_STYLE_COLOUR('',#6620);
#7377 = CURVE_STYLE('',#7378,POSITIVE_LENGTH_MEASURE(0.1),#6620);
#7378 = DRAUGHTING_PRE_DEFINED_CURVE_FONT('continuous');
#7379 = STYLED_ITEM('color',(#7380),#3131);
#7380 = PRESENTATION_STYLE_ASSIGNMENT((#7381,#7386));
#7381 = SURFACE_STYLE_USAGE(.BOTH.,#7382);
#7382 = SURFACE_SIDE_STYLE('',(#7383));
#7383 = SURFACE_STYLE_FILL_AREA(#7384);
#7384 = FILL_AREA_STYLE('',(#7385));
#7385 = FILL_AREA_STYLE_COLOUR('',#6620);
#7386 = CURVE_STYLE('',#7387,POSITIVE_LENGTH_MEASURE(0.1),#6620);
#7387 = DRAUGHTING_PRE_DEFINED_CURVE_FONT('continuous');
#7388 = STYLED_ITEM('color',(#7389),#3148);
#7389 = PRESENTATION_STYLE_ASSIGNMENT((#7390,#7395));
#7390 = SURFACE_STYLE_USAGE(.BOTH.,#7391);
#7391 = SURFACE_SIDE_STYLE('',(#7392));
#7392 = SURFACE_STYLE_FILL_AREA(#7393);
#7393 = FILL_AREA_STYLE('',(#7394));
#7394 = FILL_AREA_STYLE_COLOUR('',#6620);
#7395 = CURVE_STYLE('',#7396,POSITIVE_LENGTH_MEASURE(0.1),#6620);
#7396 = DRAUGHTING_PRE_DEFINED_CURVE_FONT('continuous');
#7397 = STYLED_ITEM('color',(#7398),#3160);
#7398 = PRESENTATION_STYLE_ASSIGNMENT((#7399,#7405));
#7399 = SURFACE_STYLE_USAGE(.BOTH.,#7400);
#7400 = SURFACE_SIDE_STYLE('',(#7401));
#7401 = SURFACE_STYLE_FILL_AREA(#7402);
#7402 = FILL_AREA_STYLE('',(#7403));
#7403 = FILL_AREA_STYLE_COLOUR('',#7404);
#7404 = COLOUR_RGB('',0.690999998585,0.664000007176,0.597999987832);
#7405 = CURVE_STYLE('',#7406,POSITIVE_LENGTH_MEASURE(0.1),#7404);
#7406 = DRAUGHTING_PRE_DEFINED_CURVE_FONT('continuous');
#7407 = MECHANICAL_DESIGN_GEOMETRIC_PRESENTATION_REPRESENTATION('',(
    #7408),#6474);
#7408 = STYLED_ITEM('color',(#7409),#4956);
#7409 = PRESENTATION_STYLE_ASSIGNMENT((#7410));
#7410 = SURFACE_STYLE_USAGE(.BOTH.,#7411);
#7411 = SURFACE_SIDE_STYLE('',(#7412));
#7412 = SURFACE_STYLE_FILL_AREA(#7413);
#7413 = FILL_AREA_STYLE('',(#7414));
#7414 = FILL_AREA_STYLE_COLOUR('',#7415);
#7415 = COLOUR_RGB('',0.313304153717,0.484529207832,0.410020903123);
#7416 = MECHANICAL_DESIGN_GEOMETRIC_PRESENTATION_REPRESENTATION('',(
    #7417,#7424,#7431,#7438,#7445,#7452,#7459,#7466,#7473,#7480,#7487,
    #7495,#7502,#7509,#7516,#7523,#7530,#7537,#7544,#7551,#7558,#7565,
    #7572,#7579,#7586,#7593,#7600,#7607),#4065);
#7417 = STYLED_ITEM('color',(#7418),#3213);
#7418 = PRESENTATION_STYLE_ASSIGNMENT((#7419));
#7419 = SURFACE_STYLE_USAGE(.BOTH.,#7420);
#7420 = SURFACE_SIDE_STYLE('',(#7421));
#7421 = SURFACE_STYLE_FILL_AREA(#7422);
#7422 = FILL_AREA_STYLE('',(#7423));
#7423 = FILL_AREA_STYLE_COLOUR('',#6620);
#7424 = STYLED_ITEM('color',(#7425),#3289);
#7425 = PRESENTATION_STYLE_ASSIGNMENT((#7426));
#7426 = SURFACE_STYLE_USAGE(.BOTH.,#7427);
#7427 = SURFACE_SIDE_STYLE('',(#7428));
#7428 = SURFACE_STYLE_FILL_AREA(#7429);
#7429 = FILL_AREA_STYLE('',(#7430));
#7430 = FILL_AREA_STYLE_COLOUR('',#6620);
#7431 = STYLED_ITEM('color',(#7432),#3320);
#7432 = PRESENTATION_STYLE_ASSIGNMENT((#7433));
#7433 = SURFACE_STYLE_USAGE(.BOTH.,#7434);
#7434 = SURFACE_SIDE_STYLE('',(#7435));
#7435 = SURFACE_STYLE_FILL_AREA(#7436);
#7436 = FILL_AREA_STYLE('',(#7437));
#7437 = FILL_AREA_STYLE_COLOUR('',#6620);
#7438 = STYLED_ITEM('color',(#7439),#3345);
#7439 = PRESENTATION_STYLE_ASSIGNMENT((#7440));
#7440 = SURFACE_STYLE_USAGE(.BOTH.,#7441);
#7441 = SURFACE_SIDE_STYLE('',(#7442));
#7442 = SURFACE_STYLE_FILL_AREA(#7443);
#7443 = FILL_AREA_STYLE('',(#7444));
#7444 = FILL_AREA_STYLE_COLOUR('',#6620);
#7445 = STYLED_ITEM('color',(#7446),#3370);
#7446 = PRESENTATION_STYLE_ASSIGNMENT((#7447));
#7447 = SURFACE_STYLE_USAGE(.BOTH.,#7448);
#7448 = SURFACE_SIDE_STYLE('',(#7449));
#7449 = SURFACE_STYLE_FILL_AREA(#7450);
#7450 = FILL_AREA_STYLE('',(#7451));
#7451 = FILL_AREA_STYLE_COLOUR('',#6620);
#7452 = STYLED_ITEM('color',(#7453),#3394);
#7453 = PRESENTATION_STYLE_ASSIGNMENT((#7454));
#7454 = SURFACE_STYLE_USAGE(.BOTH.,#7455);
#7455 = SURFACE_SIDE_STYLE('',(#7456));
#7456 = SURFACE_STYLE_FILL_AREA(#7457);
#7457 = FILL_AREA_STYLE('',(#7458));
#7458 = FILL_AREA_STYLE_COLOUR('',#6620);
#7459 = STYLED_ITEM('color',(#7460),#3418);
#7460 = PRESENTATION_STYLE_ASSIGNMENT((#7461));
#7461 = SURFACE_STYLE_USAGE(.BOTH.,#7462);
#7462 = SURFACE_SIDE_STYLE('',(#7463));
#7463 = SURFACE_STYLE_FILL_AREA(#7464);
#7464 = FILL_AREA_STYLE('',(#7465));
#7465 = FILL_AREA_STYLE_COLOUR('',#6620);
#7466 = STYLED_ITEM('color',(#7467),#3443);
#7467 = PRESENTATION_STYLE_ASSIGNMENT((#7468));
#7468 = SURFACE_STYLE_USAGE(.BOTH.,#7469);
#7469 = SURFACE_SIDE_STYLE('',(#7470));
#7470 = SURFACE_STYLE_FILL_AREA(#7471);
#7471 = FILL_AREA_STYLE('',(#7472));
#7472 = FILL_AREA_STYLE_COLOUR('',#6620);
#7473 = STYLED_ITEM('color',(#7474),#3468);
#7474 = PRESENTATION_STYLE_ASSIGNMENT((#7475));
#7475 = SURFACE_STYLE_USAGE(.BOTH.,#7476);
#7476 = SURFACE_SIDE_STYLE('',(#7477));
#7477 = SURFACE_STYLE_FILL_AREA(#7478);
#7478 = FILL_AREA_STYLE('',(#7479));
#7479 = FILL_AREA_STYLE_COLOUR('',#6620);
#7480 = STYLED_ITEM('color',(#7481),#3485);
#7481 = PRESENTATION_STYLE_ASSIGNMENT((#7482));
#7482 = SURFACE_STYLE_USAGE(.BOTH.,#7483);
#7483 = SURFACE_SIDE_STYLE('',(#7484));
#7484 = SURFACE_STYLE_FILL_AREA(#7485);
#7485 = FILL_AREA_STYLE('',(#7486));
#7486 = FILL_AREA_STYLE_COLOUR('',#6620);
#7487 = STYLED_ITEM('color',(#7488),#3571);
#7488 = PRESENTATION_STYLE_ASSIGNMENT((#7489));
#7489 = SURFACE_STYLE_USAGE(.BOTH.,#7490);
#7490 = SURFACE_SIDE_STYLE('',(#7491));
#7491 = SURFACE_STYLE_FILL_AREA(#7492);
#7492 = FILL_AREA_STYLE('',(#7493));
#7493 = FILL_AREA_STYLE_COLOUR('',#7494);
#7494 = COLOUR_RGB('',0.379000005575,0.270000008848,0.214999999939);
#7495 = STYLED_ITEM('color',(#7496),#3603);
#7496 = PRESENTATION_STYLE_ASSIGNMENT((#7497));
#7497 = SURFACE_STYLE_USAGE(.BOTH.,#7498);
#7498 = SURFACE_SIDE_STYLE('',(#7499));
#7499 = SURFACE_STYLE_FILL_AREA(#7500);
#7500 = FILL_AREA_STYLE('',(#7501));
#7501 = FILL_AREA_STYLE_COLOUR('',#7494);
#7502 = STYLED_ITEM('color',(#7503),#3627);
#7503 = PRESENTATION_STYLE_ASSIGNMENT((#7504));
#7504 = SURFACE_STYLE_USAGE(.BOTH.,#7505);
#7505 = SURFACE_SIDE_STYLE('',(#7506));
#7506 = SURFACE_STYLE_FILL_AREA(#7507);
#7507 = FILL_AREA_STYLE('',(#7508));
#7508 = FILL_AREA_STYLE_COLOUR('',#7494);
#7509 = STYLED_ITEM('color',(#7510),#3652);
#7510 = PRESENTATION_STYLE_ASSIGNMENT((#7511));
#7511 = SURFACE_STYLE_USAGE(.BOTH.,#7512);
#7512 = SURFACE_SIDE_STYLE('',(#7513));
#7513 = SURFACE_STYLE_FILL_AREA(#7514);
#7514 = FILL_AREA_STYLE('',(#7515));
#7515 = FILL_AREA_STYLE_COLOUR('',#7494);
#7516 = STYLED_ITEM('color',(#7517),#3676);
#7517 = PRESENTATION_STYLE_ASSIGNMENT((#7518));
#7518 = SURFACE_STYLE_USAGE(.BOTH.,#7519);
#7519 = SURFACE_SIDE_STYLE('',(#7520));
#7520 = SURFACE_STYLE_FILL_AREA(#7521);
#7521 = FILL_AREA_STYLE('',(#7522));
#7522 = FILL_AREA_STYLE_COLOUR('',#7494);
#7523 = STYLED_ITEM('color',(#7524),#3701);
#7524 = PRESENTATION_STYLE_ASSIGNMENT((#7525));
#7525 = SURFACE_STYLE_USAGE(.BOTH.,#7526);
#7526 = SURFACE_SIDE_STYLE('',(#7527));
#7527 = SURFACE_STYLE_FILL_AREA(#7528);
#7528 = FILL_AREA_STYLE('',(#7529));
#7529 = FILL_AREA_STYLE_COLOUR('',#7494);
#7530 = STYLED_ITEM('color',(#7531),#3725);
#7531 = PRESENTATION_STYLE_ASSIGNMENT((#7532));
#7532 = SURFACE_STYLE_USAGE(.BOTH.,#7533);
#7533 = SURFACE_SIDE_STYLE('',(#7534));
#7534 = SURFACE_STYLE_FILL_AREA(#7535);
#7535 = FILL_AREA_STYLE('',(#7536));
#7536 = FILL_AREA_STYLE_COLOUR('',#7494);
#7537 = STYLED_ITEM('color',(#7538),#3750);
#7538 = PRESENTATION_STYLE_ASSIGNMENT((#7539));
#7539 = SURFACE_STYLE_USAGE(.BOTH.,#7540);
#7540 = SURFACE_SIDE_STYLE('',(#7541));
#7541 = SURFACE_STYLE_FILL_AREA(#7542);
#7542 = FILL_AREA_STYLE('',(#7543));
#7543 = FILL_AREA_STYLE_COLOUR('',#7494);
#7544 = STYLED_ITEM('color',(#7545),#3767);
#7545 = PRESENTATION_STYLE_ASSIGNMENT((#7546));
#7546 = SURFACE_STYLE_USAGE(.BOTH.,#7547);
#7547 = SURFACE_SIDE_STYLE('',(#7548));
#7548 = SURFACE_STYLE_FILL_AREA(#7549);
#7549 = FILL_AREA_STYLE('',(#7550));
#7550 = FILL_AREA_STYLE_COLOUR('',#6620);
#7551 = STYLED_ITEM('color',(#7552),#3853);
#7552 = PRESENTATION_STYLE_ASSIGNMENT((#7553));
#7553 = SURFACE_STYLE_USAGE(.BOTH.,#7554);
#7554 = SURFACE_SIDE_STYLE('',(#7555));
#7555 = SURFACE_STYLE_FILL_AREA(#7556);
#7556 = FILL_AREA_STYLE('',(#7557));
#7557 = FILL_AREA_STYLE_COLOUR('',#6620);
#7558 = STYLED_ITEM('color',(#7559),#3884);
#7559 = PRESENTATION_STYLE_ASSIGNMENT((#7560));
#7560 = SURFACE_STYLE_USAGE(.BOTH.,#7561);
#7561 = SURFACE_SIDE_STYLE('',(#7562));
#7562 = SURFACE_STYLE_FILL_AREA(#7563);
#7563 = FILL_AREA_STYLE('',(#7564));
#7564 = FILL_AREA_STYLE_COLOUR('',#6620);
#7565 = STYLED_ITEM('color',(#7566),#3909);
#7566 = PRESENTATION_STYLE_ASSIGNMENT((#7567));
#7567 = SURFACE_STYLE_USAGE(.BOTH.,#7568);
#7568 = SURFACE_SIDE_STYLE('',(#7569));
#7569 = SURFACE_STYLE_FILL_AREA(#7570);
#7570 = FILL_AREA_STYLE('',(#7571));
#7571 = FILL_AREA_STYLE_COLOUR('',#6620);
#7572 = STYLED_ITEM('color',(#7573),#3934);
#7573 = PRESENTATION_STYLE_ASSIGNMENT((#7574));
#7574 = SURFACE_STYLE_USAGE(.BOTH.,#7575);
#7575 = SURFACE_SIDE_STYLE('',(#7576));
#7576 = SURFACE_STYLE_FILL_AREA(#7577);
#7577 = FILL_AREA_STYLE('',(#7578));
#7578 = FILL_AREA_STYLE_COLOUR('',#6620);
#7579 = STYLED_ITEM('color',(#7580),#3958);
#7580 = PRESENTATION_STYLE_ASSIGNMENT((#7581));
#7581 = SURFACE_STYLE_USAGE(.BOTH.,#7582);
#7582 = SURFACE_SIDE_STYLE('',(#7583));
#7583 = SURFACE_STYLE_FILL_AREA(#7584);
#7584 = FILL_AREA_STYLE('',(#7585));
#7585 = FILL_AREA_STYLE_COLOUR('',#6620);
#7586 = STYLED_ITEM('color',(#7587),#3982);
#7587 = PRESENTATION_STYLE_ASSIGNMENT((#7588));
#7588 = SURFACE_STYLE_USAGE(.BOTH.,#7589);
#7589 = SURFACE_SIDE_STYLE('',(#7590));
#7590 = SURFACE_STYLE_FILL_AREA(#7591);
#7591 = FILL_AREA_STYLE('',(#7592));
#7592 = FILL_AREA_STYLE_COLOUR('',#6620);
#7593 = STYLED_ITEM('color',(#7594),#4007);
#7594 = PRESENTATION_STYLE_ASSIGNMENT((#7595));
#7595 = SURFACE_STYLE_USAGE(.BOTH.,#7596);
#7596 = SURFACE_SIDE_STYLE('',(#7597));
#7597 = SURFACE_STYLE_FILL_AREA(#7598);
#7598 = FILL_AREA_STYLE('',(#7599));
#7599 = FILL_AREA_STYLE_COLOUR('',#6620);
#7600 = STYLED_ITEM('color',(#7601),#4032);
#7601 = PRESENTATION_STYLE_ASSIGNMENT((#7602));
#7602 = SURFACE_STYLE_USAGE(.BOTH.,#7603);
#7603 = SURFACE_SIDE_STYLE('',(#7604));
#7604 = SURFACE_STYLE_FILL_AREA(#7605);
#7605 = FILL_AREA_STYLE('',(#7606));
#7606 = FILL_AREA_STYLE_COLOUR('',#6620);
#7607 = STYLED_ITEM('color',(#7608),#4049);
#7608 = PRESENTATION_STYLE_ASSIGNMENT((#7609));
#7609 = SURFACE_STYLE_USAGE(.BOTH.,#7610);
#7610 = SURFACE_SIDE_STYLE('',(#7611));
#7611 = SURFACE_STYLE_FILL_AREA(#7612);
#7612 = FILL_AREA_STYLE('',(#7613));
#7613 = FILL_AREA_STYLE_COLOUR('',#6620);
#7614 = MECHANICAL_DESIGN_GEOMETRIC_PRESENTATION_REPRESENTATION('',(
    #7615,#7622,#7629,#7636,#7643,#7650,#7657,#7664,#7672,#7679,#7686,
    #7693,#7700,#7707,#7715,#7722,#7729,#7736,#7743,#7750,#7757,#7764,
    #7771,#7778,#7785,#7792),#4937);
#7615 = STYLED_ITEM('color',(#7616),#4149);
#7616 = PRESENTATION_STYLE_ASSIGNMENT((#7617));
#7617 = SURFACE_STYLE_USAGE(.BOTH.,#7618);
#7618 = SURFACE_SIDE_STYLE('',(#7619));
#7619 = SURFACE_STYLE_FILL_AREA(#7620);
#7620 = FILL_AREA_STYLE('',(#7621));
#7621 = FILL_AREA_STYLE_COLOUR('',#6620);
#7622 = STYLED_ITEM('color',(#7623),#4189);
#7623 = PRESENTATION_STYLE_ASSIGNMENT((#7624));
#7624 = SURFACE_STYLE_USAGE(.BOTH.,#7625);
#7625 = SURFACE_SIDE_STYLE('',(#7626));
#7626 = SURFACE_STYLE_FILL_AREA(#7627);
#7627 = FILL_AREA_STYLE('',(#7628));
#7628 = FILL_AREA_STYLE_COLOUR('',#6620);
#7629 = STYLED_ITEM('color',(#7630),#4272);
#7630 = PRESENTATION_STYLE_ASSIGNMENT((#7631));
#7631 = SURFACE_STYLE_USAGE(.BOTH.,#7632);
#7632 = SURFACE_SIDE_STYLE('',(#7633));
#7633 = SURFACE_STYLE_FILL_AREA(#7634);
#7634 = FILL_AREA_STYLE('',(#7635));
#7635 = FILL_AREA_STYLE_COLOUR('',#6620);
#7636 = STYLED_ITEM('color',(#7637),#4297);
#7637 = PRESENTATION_STYLE_ASSIGNMENT((#7638));
#7638 = SURFACE_STYLE_USAGE(.BOTH.,#7639);
#7639 = SURFACE_SIDE_STYLE('',(#7640));
#7640 = SURFACE_STYLE_FILL_AREA(#7641);
#7641 = FILL_AREA_STYLE('',(#7642));
#7642 = FILL_AREA_STYLE_COLOUR('',#6620);
#7643 = STYLED_ITEM('color',(#7644),#4322);
#7644 = PRESENTATION_STYLE_ASSIGNMENT((#7645));
#7645 = SURFACE_STYLE_USAGE(.BOTH.,#7646);
#7646 = SURFACE_SIDE_STYLE('',(#7647));
#7647 = SURFACE_STYLE_FILL_AREA(#7648);
#7648 = FILL_AREA_STYLE('',(#7649));
#7649 = FILL_AREA_STYLE_COLOUR('',#6620);
#7650 = STYLED_ITEM('color',(#7651),#4389);
#7651 = PRESENTATION_STYLE_ASSIGNMENT((#7652));
#7652 = SURFACE_STYLE_USAGE(.BOTH.,#7653);
#7653 = SURFACE_SIDE_STYLE('',(#7654));
#7654 = SURFACE_STYLE_FILL_AREA(#7655);
#7655 = FILL_AREA_STYLE('',(#7656));
#7656 = FILL_AREA_STYLE_COLOUR('',#6620);
#7657 = STYLED_ITEM('color',(#7658),#4406);
#7658 = PRESENTATION_STYLE_ASSIGNMENT((#7659));
#7659 = SURFACE_STYLE_USAGE(.BOTH.,#7660);
#7660 = SURFACE_SIDE_STYLE('',(#7661));
#7661 = SURFACE_STYLE_FILL_AREA(#7662);
#7662 = FILL_AREA_STYLE('',(#7663));
#7663 = FILL_AREA_STYLE_COLOUR('',#6620);
#7664 = STYLED_ITEM('color',(#7665),#4423);
#7665 = PRESENTATION_STYLE_ASSIGNMENT((#7666));
#7666 = SURFACE_STYLE_USAGE(.BOTH.,#7667);
#7667 = SURFACE_SIDE_STYLE('',(#7668));
#7668 = SURFACE_STYLE_FILL_AREA(#7669);
#7669 = FILL_AREA_STYLE('',(#7670));
#7670 = FILL_AREA_STYLE_COLOUR('',#7671);
#7671 = COLOUR_RGB('',0.894999966383,0.890999961016,0.813000030345);
#7672 = STYLED_ITEM('color',(#7673),#4472);
#7673 = PRESENTATION_STYLE_ASSIGNMENT((#7674));
#7674 = SURFACE_STYLE_USAGE(.BOTH.,#7675);
#7675 = SURFACE_SIDE_STYLE('',(#7676));
#7676 = SURFACE_STYLE_FILL_AREA(#7677);
#7677 = FILL_AREA_STYLE('',(#7678));
#7678 = FILL_AREA_STYLE_COLOUR('',#6620);
#7679 = STYLED_ITEM('color',(#7680),#4489);
#7680 = PRESENTATION_STYLE_ASSIGNMENT((#7681));
#7681 = SURFACE_STYLE_USAGE(.BOTH.,#7682);
#7682 = SURFACE_SIDE_STYLE('',(#7683));
#7683 = SURFACE_STYLE_FILL_AREA(#7684);
#7684 = FILL_AREA_STYLE('',(#7685));
#7685 = FILL_AREA_STYLE_COLOUR('',#6620);
#7686 = STYLED_ITEM('color',(#7687),#4506);
#7687 = PRESENTATION_STYLE_ASSIGNMENT((#7688));
#7688 = SURFACE_STYLE_USAGE(.BOTH.,#7689);
#7689 = SURFACE_SIDE_STYLE('',(#7690));
#7690 = SURFACE_STYLE_FILL_AREA(#7691);
#7691 = FILL_AREA_STYLE('',(#7692));
#7692 = FILL_AREA_STYLE_COLOUR('',#7671);
#7693 = STYLED_ITEM('color',(#7694),#4555);
#7694 = PRESENTATION_STYLE_ASSIGNMENT((#7695));
#7695 = SURFACE_STYLE_USAGE(.BOTH.,#7696);
#7696 = SURFACE_SIDE_STYLE('',(#7697));
#7697 = SURFACE_STYLE_FILL_AREA(#7698);
#7698 = FILL_AREA_STYLE('',(#7699));
#7699 = FILL_AREA_STYLE_COLOUR('',#7671);
#7700 = STYLED_ITEM('color',(#7701),#4572);
#7701 = PRESENTATION_STYLE_ASSIGNMENT((#7702));
#7702 = SURFACE_STYLE_USAGE(.BOTH.,#7703);
#7703 = SURFACE_SIDE_STYLE('',(#7704));
#7704 = SURFACE_STYLE_FILL_AREA(#7705);
#7705 = FILL_AREA_STYLE('',(#7706));
#7706 = FILL_AREA_STYLE_COLOUR('',#6620);
#7707 = STYLED_ITEM('color',(#7708),#4641);
#7708 = PRESENTATION_STYLE_ASSIGNMENT((#7709));
#7709 = SURFACE_STYLE_USAGE(.BOTH.,#7710);
#7710 = SURFACE_SIDE_STYLE('',(#7711));
#7711 = SURFACE_STYLE_FILL_AREA(#7712);
#7712 = FILL_AREA_STYLE('',(#7713));
#7713 = FILL_AREA_STYLE_COLOUR('',#7714);
#7714 = COLOUR_RGB('',8.200000279077E-02,8.600000121357E-02,
  9.399999706163E-02);
#7715 = STYLED_ITEM('color',(#7716),#4672);
#7716 = PRESENTATION_STYLE_ASSIGNMENT((#7717));
#7717 = SURFACE_STYLE_USAGE(.BOTH.,#7718);
#7718 = SURFACE_SIDE_STYLE('',(#7719));
#7719 = SURFACE_STYLE_FILL_AREA(#7720);
#7720 = FILL_AREA_STYLE('',(#7721));
#7721 = FILL_AREA_STYLE_COLOUR('',#7714);
#7722 = STYLED_ITEM('color',(#7723),#4696);
#7723 = PRESENTATION_STYLE_ASSIGNMENT((#7724));
#7724 = SURFACE_STYLE_USAGE(.BOTH.,#7725);
#7725 = SURFACE_SIDE_STYLE('',(#7726));
#7726 = SURFACE_STYLE_FILL_AREA(#7727);
#7727 = FILL_AREA_STYLE('',(#7728));
#7728 = FILL_AREA_STYLE_COLOUR('',#6620);
#7729 = STYLED_ITEM('color',(#7730),#4765);
#7730 = PRESENTATION_STYLE_ASSIGNMENT((#7731));
#7731 = SURFACE_STYLE_USAGE(.BOTH.,#7732);
#7732 = SURFACE_SIDE_STYLE('',(#7733));
#7733 = SURFACE_STYLE_FILL_AREA(#7734);
#7734 = FILL_AREA_STYLE('',(#7735));
#7735 = FILL_AREA_STYLE_COLOUR('',#7714);
#7736 = STYLED_ITEM('color',(#7737),#4789);
#7737 = PRESENTATION_STYLE_ASSIGNMENT((#7738));
#7738 = SURFACE_STYLE_USAGE(.BOTH.,#7739);
#7739 = SURFACE_SIDE_STYLE('',(#7740));
#7740 = SURFACE_STYLE_FILL_AREA(#7741);
#7741 = FILL_AREA_STYLE('',(#7742));
#7742 = FILL_AREA_STYLE_COLOUR('',#6620);
#7743 = STYLED_ITEM('color',(#7744),#4806);
#7744 = PRESENTATION_STYLE_ASSIGNMENT((#7745));
#7745 = SURFACE_STYLE_USAGE(.BOTH.,#7746);
#7746 = SURFACE_SIDE_STYLE('',(#7747));
#7747 = SURFACE_STYLE_FILL_AREA(#7748);
#7748 = FILL_AREA_STYLE('',(#7749));
#7749 = FILL_AREA_STYLE_COLOUR('',#6620);
#7750 = STYLED_ITEM('color',(#7751),#4823);
#7751 = PRESENTATION_STYLE_ASSIGNMENT((#7752));
#7752 = SURFACE_STYLE_USAGE(.BOTH.,#7753);
#7753 = SURFACE_SIDE_STYLE('',(#7754));
#7754 = SURFACE_STYLE_FILL_AREA(#7755);
#7755 = FILL_AREA_STYLE('',(#7756));
#7756 = FILL_AREA_STYLE_COLOUR('',#6620);
#7757 = STYLED_ITEM('color',(#7758),#4840);
#7758 = PRESENTATION_STYLE_ASSIGNMENT((#7759));
#7759 = SURFACE_STYLE_USAGE(.BOTH.,#7760);
#7760 = SURFACE_SIDE_STYLE('',(#7761));
#7761 = SURFACE_STYLE_FILL_AREA(#7762);
#7762 = FILL_AREA_STYLE('',(#7763));
#7763 = FILL_AREA_STYLE_COLOUR('',#6620);
#7764 = STYLED_ITEM('color',(#7765),#4857);
#7765 = PRESENTATION_STYLE_ASSIGNMENT((#7766));
#7766 = SURFACE_STYLE_USAGE(.BOTH.,#7767);
#7767 = SURFACE_SIDE_STYLE('',(#7768));
#7768 = SURFACE_STYLE_FILL_AREA(#7769);
#7769 = FILL_AREA_STYLE('',(#7770));
#7770 = FILL_AREA_STYLE_COLOUR('',#6620);
#7771 = STYLED_ITEM('color',(#7772),#4874);
#7772 = PRESENTATION_STYLE_ASSIGNMENT((#7773));
#7773 = SURFACE_STYLE_USAGE(.BOTH.,#7774);
#7774 = SURFACE_SIDE_STYLE('',(#7775));
#7775 = SURFACE_STYLE_FILL_AREA(#7776);
#7776 = FILL_AREA_STYLE('',(#7777));
#7777 = FILL_AREA_STYLE_COLOUR('',#6620);
#7778 = STYLED_ITEM('color',(#7779),#4891);
#7779 = PRESENTATION_STYLE_ASSIGNMENT((#7780));
#7780 = SURFACE_STYLE_USAGE(.BOTH.,#7781);
#7781 = SURFACE_SIDE_STYLE('',(#7782));
#7782 = SURFACE_STYLE_FILL_AREA(#7783);
#7783 = FILL_AREA_STYLE('',(#7784));
#7784 = FILL_AREA_STYLE_COLOUR('',#6620);
#7785 = STYLED_ITEM('color',(#7786),#4908);
#7786 = PRESENTATION_STYLE_ASSIGNMENT((#7787));
#7787 = SURFACE_STYLE_USAGE(.BOTH.,#7788);
#7788 = SURFACE_SIDE_STYLE('',(#7789));
#7789 = SURFACE_STYLE_FILL_AREA(#7790);
#7790 = FILL_AREA_STYLE('',(#7791));
#7791 = FILL_AREA_STYLE_COLOUR('',#7714);
#7792 = STYLED_ITEM('color',(#7793),#4925);
#7793 = PRESENTATION_STYLE_ASSIGNMENT((#7794));
#7794 = SURFACE_STYLE_USAGE(.BOTH.,#7795);
#7795 = SURFACE_SIDE_STYLE('',(#7796));
#7796 = SURFACE_STYLE_FILL_AREA(#7797);
#7797 = FILL_AREA_STYLE('',(#7798));
#7798 = FILL_AREA_STYLE_COLOUR('',#7714);
ENDSEC;
END-ISO-10303-21;
