ISO-10303-21;
HEADER;
FILE_DESCRIPTION(('FreeCAD Model'),'2;1');
FILE_NAME('Open CASCADE Shape Model','2026-09-23T21:23:51',('FreeCAD'),(
    'FreeCAD'),'Open CASCADE STEP processor 7.8','FreeCAD','Unknown');
FILE_SCHEMA(('AUTOMOTIVE_DESIGN { 1 0 10303 214 1 1 1 1 }'));
ENDSEC;
DATA;
#1 = APPLICATION_PROTOCOL_DEFINITION('international standard',
  'automotive_design',2000,#2);
#2 = APPLICATION_CONTEXT(
  'core data for automotive mechanical design processes');
#3 = SHAPE_DEFINITION_REPRESENTATION(#4,#10);
#4 = PRODUCT_DEFINITION_SHAPE('','',#5);
#5 = PRODUCT_DEFINITION('design','',#6,#9);
#6 = PRODUCT_DEFINITION_FORMATION('','',#7);
#7 = PRODUCT('Open CASCADE STEP translator 7.8 5',
  'Open CASCADE STEP translator 7.8 5','',(#8));
#8 = PRODUCT_CONTEXT('',#2,'mechanical');
#9 = PRODUCT_DEFINITION_CONTEXT('part definition',#2,'design');
#10 = ADVANCED_BREP_SHAPE_REPRESENTATION('',(#11,#15),#7304);
#11 = AXIS2_PLACEMENT_3D('',#12,#13,#14);
#12 = CARTESIAN_POINT('',(0.,0.,0.));
#13 = DIRECTION('',(0.,0.,1.));
#14 = DIRECTION('',(1.,0.,-0.));
#15 = MANIFOLD_SOLID_BREP('',#16);
#16 = CLOSED_SHELL('',(#17,#57,#88,#121,#218,#249,#280,#305,#329,#750,
    #768,#799,#832,#872,#896,#936,#953,#984,#1008,#1032,#1049,#1080,
    #1111,#1129,#1153,#1178,#1196,#1221,#1246,#1264,#1289,#1314,#1339,
    #1364,#1389,#1414,#1439,#1464,#1489,#1514,#1539,#1564,#1589,#1614,
    #1639,#1664,#1689,#1714,#1739,#1764,#1789,#1814,#1839,#1864,#1889,
    #1914,#1939,#1964,#1989,#2014,#2039,#2064,#2089,#2114,#2139,#2156,
    #2181,#2201,#2226,#2246,#2271,#2291,#2316,#2349,#2374,#3089,#3106,
    #3143,#3180,#3204,#3228,#3252,#3270,#3294,#3318,#3342,#3366,#3390,
    #3414,#3438,#3462,#3486,#3510,#3534,#3558,#3582,#3606,#3630,#3654,
    #3678,#3702,#3726,#3750,#3774,#3798,#3822,#3846,#3870,#3894,#3918,
    #3942,#3966,#3990,#4014,#4038,#4062,#4086,#4110,#4127,#4153,#4162,
    #4188,#4197,#4223,#4232,#4258,#4282,#4300,#4318,#4343,#4361,#4386,
    #4411,#4436,#4461,#4486,#4511,#4536,#4561,#4586,#4611,#4636,#4661,
    #4686,#4711,#4736,#4761,#4786,#4811,#4836,#4861,#4886,#4911,#4936,
    #4961,#4986,#5011,#5036,#5061,#5086,#5111,#5136,#5161,#5186,#5211,
    #5236,#5253,#5277,#5294,#5318,#5342,#5366,#5390,#5414,#5438,#5462,
    #5486,#5510,#5534,#5558,#5582,#5606,#5630,#5654,#5678,#5702,#5726,
    #5750,#5774,#5798,#5822,#5846,#5870,#5894,#5918,#5942,#5966,#5990,
    #6014,#6038,#6062,#6086,#6110,#6134,#6158,#6182,#6206,#6230,#6254,
    #6278,#6302,#6319,#6407,#6424,#6441,#6458,#6475,#6492,#6509,#6526,
    #6543,#6560,#6577,#6594,#6611,#6628,#6645,#6662,#6679,#6696,#6713,
    #6730,#6747,#6764,#6781,#6798,#6815,#6832,#6849,#6866,#6883,#6900,
    #6917,#6934,#6951,#6968,#6985,#7002,#7019,#7031,#7040,#7049,#7058,
    #7067,#7092,#7117,#7142,#7162,#7182,#7202,#7227,#7252,#7277,#7286,
    #7295));
#17 = ADVANCED_FACE('',(#18),#52,.F.);
#18 = FACE_BOUND('',#19,.F.);
#19 = EDGE_LOOP('',(#20,#30,#38,#46));
#20 = ORIENTED_EDGE('',*,*,#21,.T.);
#21 = EDGE_CURVE('',#22,#24,#26,.T.);
#22 = VERTEX_POINT('',#23);
#23 = CARTESIAN_POINT('',(162.3835,4.8925,-2.));
#24 = VERTEX_POINT('',#25);
#25 = CARTESIAN_POINT('',(162.3835,4.8925,-3.));
#26 = LINE('',#27,#28);
#27 = CARTESIAN_POINT('',(162.3835,4.8925,-2.));
#28 = VECTOR('',#29,1.);
#29 = DIRECTION('',(0.,0.,-1.));
#30 = ORIENTED_EDGE('',*,*,#31,.T.);
#31 = EDGE_CURVE('',#24,#32,#34,.T.);
#32 = VERTEX_POINT('',#33);
#33 = CARTESIAN_POINT('',(162.3835,-26.6575,-3.));
#34 = LINE('',#35,#36);
#35 = CARTESIAN_POINT('',(162.3835,4.8925,-3.));
#36 = VECTOR('',#37,1.);
#37 = DIRECTION('',(0.,-1.,0.));
#38 = ORIENTED_EDGE('',*,*,#39,.F.);
#39 = EDGE_CURVE('',#40,#32,#42,.T.);
#40 = VERTEX_POINT('',#41);
#41 = CARTESIAN_POINT('',(162.3835,-26.6575,-2.));
#42 = LINE('',#43,#44);
#43 = CARTESIAN_POINT('',(162.3835,-26.6575,-2.));
#44 = VECTOR('',#45,1.);
#45 = DIRECTION('',(0.,0.,-1.));
#46 = ORIENTED_EDGE('',*,*,#47,.F.);
#47 = EDGE_CURVE('',#22,#40,#48,.T.);
#48 = LINE('',#49,#50);
#49 = CARTESIAN_POINT('',(162.3835,2.3925,-2.));
#50 = VECTOR('',#51,1.);
#51 = DIRECTION('',(0.,-1.,0.));
#52 = PLANE('',#53);
#53 = AXIS2_PLACEMENT_3D('',#54,#55,#56);
#54 = CARTESIAN_POINT('',(162.3835,4.8925,-2.));
#55 = DIRECTION('',(-1.,0.,0.));
#56 = DIRECTION('',(0.,-1.,0.));
#57 = ADVANCED_FACE('',(#58),#83,.F.);
#58 = FACE_BOUND('',#59,.F.);
#59 = EDGE_LOOP('',(#60,#70,#76,#77));
#60 = ORIENTED_EDGE('',*,*,#61,.T.);
#61 = EDGE_CURVE('',#62,#64,#66,.T.);
#62 = VERTEX_POINT('',#63);
#63 = CARTESIAN_POINT('',(134.8415,4.8925,-2.));
#64 = VERTEX_POINT('',#65);
#65 = CARTESIAN_POINT('',(134.8415,4.8925,-3.));
#66 = LINE('',#67,#68);
#67 = CARTESIAN_POINT('',(134.8415,4.8925,-2.));
#68 = VECTOR('',#69,1.);
#69 = DIRECTION('',(0.,0.,-1.));
#70 = ORIENTED_EDGE('',*,*,#71,.T.);
#71 = EDGE_CURVE('',#64,#24,#72,.T.);
#72 = LINE('',#73,#74);
#73 = CARTESIAN_POINT('',(134.8415,4.8925,-3.));
#74 = VECTOR('',#75,1.);
#75 = DIRECTION('',(1.,0.,0.));
#76 = ORIENTED_EDGE('',*,*,#21,.F.);
#77 = ORIENTED_EDGE('',*,*,#78,.F.);
#78 = EDGE_CURVE('',#62,#22,#79,.T.);
#79 = LINE('',#80,#81);
#80 = CARTESIAN_POINT('',(137.3415,4.8925,-2.));
#81 = VECTOR('',#82,1.);
#82 = DIRECTION('',(1.,0.,0.));
#83 = PLANE('',#84);
#84 = AXIS2_PLACEMENT_3D('',#85,#86,#87);
#85 = CARTESIAN_POINT('',(134.8415,4.8925,-2.));
#86 = DIRECTION('',(0.,-1.,0.));
#87 = DIRECTION('',(1.,0.,0.));
#88 = ADVANCED_FACE('',(#89),#116,.T.);
#89 = FACE_BOUND('',#90,.F.);
#90 = EDGE_LOOP('',(#91,#100,#108,#115));
#91 = ORIENTED_EDGE('',*,*,#92,.T.);
#92 = EDGE_CURVE('',#24,#93,#95,.T.);
#93 = VERTEX_POINT('',#94);
#94 = CARTESIAN_POINT('',(161.3835,3.8925,-4.));
#95 = ELLIPSE('',#96,1.414213562373,1.);
#96 = AXIS2_PLACEMENT_3D('',#97,#98,#99);
#97 = CARTESIAN_POINT('',(161.3835,3.8925,-3.));
#98 = DIRECTION('',(-0.707106781187,0.707106781187,0.));
#99 = DIRECTION('',(-0.707106781187,-0.707106781187,0.));
#100 = ORIENTED_EDGE('',*,*,#101,.T.);
#101 = EDGE_CURVE('',#93,#102,#104,.T.);
#102 = VERTEX_POINT('',#103);
#103 = CARTESIAN_POINT('',(161.3835,-25.6575,-4.));
#104 = LINE('',#105,#106);
#105 = CARTESIAN_POINT('',(161.3835,4.8925,-4.));
#106 = VECTOR('',#107,1.);
#107 = DIRECTION('',(0.,-1.,0.));
#108 = ORIENTED_EDGE('',*,*,#109,.F.);
#109 = EDGE_CURVE('',#32,#102,#110,.T.);
#110 = ELLIPSE('',#111,1.414213562373,1.);
#111 = AXIS2_PLACEMENT_3D('',#112,#113,#114);
#112 = CARTESIAN_POINT('',(161.3835,-25.6575,-3.));
#113 = DIRECTION('',(0.707106781187,0.707106781187,-0.));
#114 = DIRECTION('',(-0.707106781187,0.707106781187,0.));
#115 = ORIENTED_EDGE('',*,*,#31,.F.);
#116 = CYLINDRICAL_SURFACE('',#117,1.);
#117 = AXIS2_PLACEMENT_3D('',#118,#119,#120);
#118 = CARTESIAN_POINT('',(161.3835,4.8925,-3.));
#119 = DIRECTION('',(0.,-1.,0.));
#120 = DIRECTION('',(1.,0.,-0.));
#121 = ADVANCED_FACE('',(#122,#179),#213,.T.);
#122 = FACE_BOUND('',#123,.T.);
#123 = EDGE_LOOP('',(#124,#134,#142,#150,#158,#164,#165,#173));
#124 = ORIENTED_EDGE('',*,*,#125,.F.);
#125 = EDGE_CURVE('',#126,#128,#130,.T.);
#126 = VERTEX_POINT('',#127);
#127 = CARTESIAN_POINT('',(162.3835,-26.6575,4.5));
#128 = VERTEX_POINT('',#129);
#129 = CARTESIAN_POINT('',(162.3835,-26.6575,5.31));
#130 = LINE('',#131,#132);
#131 = CARTESIAN_POINT('',(162.3835,-26.6575,-2.));
#132 = VECTOR('',#133,1.);
#133 = DIRECTION('',(0.,0.,1.));
#134 = ORIENTED_EDGE('',*,*,#135,.F.);
#135 = EDGE_CURVE('',#136,#126,#138,.T.);
#136 = VERTEX_POINT('',#137);
#137 = CARTESIAN_POINT('',(162.3835,-25.9875,4.5));
#138 = LINE('',#139,#140);
#139 = CARTESIAN_POINT('',(162.3835,-15.0475,4.5));
#140 = VECTOR('',#141,1.);
#141 = DIRECTION('',(0.,-1.,0.));
#142 = ORIENTED_EDGE('',*,*,#143,.F.);
#143 = EDGE_CURVE('',#144,#136,#146,.T.);
#144 = VERTEX_POINT('',#145);
#145 = CARTESIAN_POINT('',(162.3835,-25.9875,0.5));
#146 = LINE('',#147,#148);
#147 = CARTESIAN_POINT('',(162.3835,-25.9875,-0.75));
#148 = VECTOR('',#149,1.);
#149 = DIRECTION('',(0.,0.,1.));
#150 = ORIENTED_EDGE('',*,*,#151,.T.);
#151 = EDGE_CURVE('',#144,#152,#154,.T.);
#152 = VERTEX_POINT('',#153);
#153 = CARTESIAN_POINT('',(162.3835,-26.6575,0.5));
#154 = LINE('',#155,#156);
#155 = CARTESIAN_POINT('',(162.3835,-15.0475,0.5));
#156 = VECTOR('',#157,1.);
#157 = DIRECTION('',(0.,-1.,0.));
#158 = ORIENTED_EDGE('',*,*,#159,.F.);
#159 = EDGE_CURVE('',#40,#152,#160,.T.);
#160 = LINE('',#161,#162);
#161 = CARTESIAN_POINT('',(162.3835,-26.6575,-2.));
#162 = VECTOR('',#163,1.);
#163 = DIRECTION('',(0.,0.,1.));
#164 = ORIENTED_EDGE('',*,*,#47,.F.);
#165 = ORIENTED_EDGE('',*,*,#166,.T.);
#166 = EDGE_CURVE('',#22,#167,#169,.T.);
#167 = VERTEX_POINT('',#168);
#168 = CARTESIAN_POINT('',(162.3835,4.8925,5.31));
#169 = LINE('',#170,#171);
#170 = CARTESIAN_POINT('',(162.3835,4.8925,-2.));
#171 = VECTOR('',#172,1.);
#172 = DIRECTION('',(0.,0.,1.));
#173 = ORIENTED_EDGE('',*,*,#174,.T.);
#174 = EDGE_CURVE('',#167,#128,#175,.T.);
#175 = LINE('',#176,#177);
#176 = CARTESIAN_POINT('',(162.3835,4.8925,5.31));
#177 = VECTOR('',#178,1.);
#178 = DIRECTION('',(0.,-1.,0.));
#179 = FACE_BOUND('',#180,.T.);
#180 = EDGE_LOOP('',(#181,#191,#199,#207));
#181 = ORIENTED_EDGE('',*,*,#182,.T.);
#182 = EDGE_CURVE('',#183,#185,#187,.T.);
#183 = VERTEX_POINT('',#184);
#184 = CARTESIAN_POINT('',(162.3835,-6.6075,0.3));
#185 = VERTEX_POINT('',#186);
#186 = CARTESIAN_POINT('',(162.3835,-16.6075,0.3));
#187 = LINE('',#188,#189);
#188 = CARTESIAN_POINT('',(162.3835,-5.8575,0.3));
#189 = VECTOR('',#190,1.);
#190 = DIRECTION('',(0.,-1.,0.));
#191 = ORIENTED_EDGE('',*,*,#192,.T.);
#192 = EDGE_CURVE('',#185,#193,#195,.T.);
#193 = VERTEX_POINT('',#194);
#194 = CARTESIAN_POINT('',(162.3835,-16.6075,5.3));
#195 = LINE('',#196,#197);
#196 = CARTESIAN_POINT('',(162.3835,-16.6075,-0.85));
#197 = VECTOR('',#198,1.);
#198 = DIRECTION('',(0.,0.,1.));
#199 = ORIENTED_EDGE('',*,*,#200,.F.);
#200 = EDGE_CURVE('',#201,#193,#203,.T.);
#201 = VERTEX_POINT('',#202);
#202 = CARTESIAN_POINT('',(162.3835,-6.6075,5.3));
#203 = LINE('',#204,#205);
#204 = CARTESIAN_POINT('',(162.3835,-5.8575,5.3));
#205 = VECTOR('',#206,1.);
#206 = DIRECTION('',(0.,-1.,0.));
#207 = ORIENTED_EDGE('',*,*,#208,.F.);
#208 = EDGE_CURVE('',#183,#201,#209,.T.);
#209 = LINE('',#210,#211);
#210 = CARTESIAN_POINT('',(162.3835,-6.6075,-0.85));
#211 = VECTOR('',#212,1.);
#212 = DIRECTION('',(0.,0.,1.));
#213 = PLANE('',#214);
#214 = AXIS2_PLACEMENT_3D('',#215,#216,#217);
#215 = CARTESIAN_POINT('',(162.3835,4.8925,-2.));
#216 = DIRECTION('',(1.,0.,0.));
#217 = DIRECTION('',(0.,-1.,0.));
#218 = ADVANCED_FACE('',(#219),#244,.F.);
#219 = FACE_BOUND('',#220,.F.);
#220 = EDGE_LOOP('',(#221,#222,#230,#238));
#221 = ORIENTED_EDGE('',*,*,#39,.T.);
#222 = ORIENTED_EDGE('',*,*,#223,.T.);
#223 = EDGE_CURVE('',#32,#224,#226,.T.);
#224 = VERTEX_POINT('',#225);
#225 = CARTESIAN_POINT('',(161.47455982191,-26.6575,-3.));
#226 = LINE('',#227,#228);
#227 = CARTESIAN_POINT('',(162.3835,-26.6575,-3.));
#228 = VECTOR('',#229,1.);
#229 = DIRECTION('',(-1.,0.,0.));
#230 = ORIENTED_EDGE('',*,*,#231,.F.);
#231 = EDGE_CURVE('',#232,#224,#234,.T.);
#232 = VERTEX_POINT('',#233);
#233 = CARTESIAN_POINT('',(161.47455982191,-26.6575,-2.));
#234 = LINE('',#235,#236);
#235 = CARTESIAN_POINT('',(161.47455982191,-26.6575,-2.));
#236 = VECTOR('',#237,1.);
#237 = DIRECTION('',(0.,0.,-1.));
#238 = ORIENTED_EDGE('',*,*,#239,.F.);
#239 = EDGE_CURVE('',#40,#232,#240,.T.);
#240 = LINE('',#241,#242);
#241 = CARTESIAN_POINT('',(159.8835,-26.6575,-2.));
#242 = VECTOR('',#243,1.);
#243 = DIRECTION('',(-1.,0.,0.));
#244 = PLANE('',#245);
#245 = AXIS2_PLACEMENT_3D('',#246,#247,#248);
#246 = CARTESIAN_POINT('',(162.3835,-26.6575,-2.));
#247 = DIRECTION('',(0.,1.,0.));
#248 = DIRECTION('',(-1.,0.,0.));
#249 = ADVANCED_FACE('',(#250),#275,.F.);
#250 = FACE_BOUND('',#251,.F.);
#251 = EDGE_LOOP('',(#252,#262,#268,#269));
#252 = ORIENTED_EDGE('',*,*,#253,.T.);
#253 = EDGE_CURVE('',#254,#256,#258,.T.);
#254 = VERTEX_POINT('',#255);
#255 = CARTESIAN_POINT('',(134.8415,0.69,-2.));
#256 = VERTEX_POINT('',#257);
#257 = CARTESIAN_POINT('',(134.8415,0.69,-3.));
#258 = LINE('',#259,#260);
#259 = CARTESIAN_POINT('',(134.8415,0.69,-2.));
#260 = VECTOR('',#261,1.);
#261 = DIRECTION('',(0.,0.,-1.));
#262 = ORIENTED_EDGE('',*,*,#263,.T.);
#263 = EDGE_CURVE('',#256,#64,#264,.T.);
#264 = LINE('',#265,#266);
#265 = CARTESIAN_POINT('',(134.8415,0.69,-3.));
#266 = VECTOR('',#267,1.);
#267 = DIRECTION('',(0.,1.,0.));
#268 = ORIENTED_EDGE('',*,*,#61,.F.);
#269 = ORIENTED_EDGE('',*,*,#270,.F.);
#270 = EDGE_CURVE('',#254,#62,#271,.T.);
#271 = LINE('',#272,#273);
#272 = CARTESIAN_POINT('',(134.8415,-1.81,-2.));
#273 = VECTOR('',#274,1.);
#274 = DIRECTION('',(0.,1.,0.));
#275 = PLANE('',#276);
#276 = AXIS2_PLACEMENT_3D('',#277,#278,#279);
#277 = CARTESIAN_POINT('',(134.8415,0.69,-2.));
#278 = DIRECTION('',(1.,0.,0.));
#279 = DIRECTION('',(0.,1.,0.));
#280 = ADVANCED_FACE('',(#281),#300,.T.);
#281 = FACE_BOUND('',#282,.F.);
#282 = EDGE_LOOP('',(#283,#292,#298,#299));
#283 = ORIENTED_EDGE('',*,*,#284,.T.);
#284 = EDGE_CURVE('',#64,#285,#287,.T.);
#285 = VERTEX_POINT('',#286);
#286 = CARTESIAN_POINT('',(135.8415,3.8925,-4.));
#287 = ELLIPSE('',#288,1.414213562373,1.);
#288 = AXIS2_PLACEMENT_3D('',#289,#290,#291);
#289 = CARTESIAN_POINT('',(135.8415,3.8925,-3.));
#290 = DIRECTION('',(-0.707106781187,-0.707106781187,0.));
#291 = DIRECTION('',(0.707106781187,-0.707106781187,0.));
#292 = ORIENTED_EDGE('',*,*,#293,.T.);
#293 = EDGE_CURVE('',#285,#93,#294,.T.);
#294 = LINE('',#295,#296);
#295 = CARTESIAN_POINT('',(134.8415,3.8925,-4.));
#296 = VECTOR('',#297,1.);
#297 = DIRECTION('',(1.,0.,0.));
#298 = ORIENTED_EDGE('',*,*,#92,.F.);
#299 = ORIENTED_EDGE('',*,*,#71,.F.);
#300 = CYLINDRICAL_SURFACE('',#301,1.);
#301 = AXIS2_PLACEMENT_3D('',#302,#303,#304);
#302 = CARTESIAN_POINT('',(134.8415,3.8925,-3.));
#303 = DIRECTION('',(1.,0.,0.));
#304 = DIRECTION('',(-0.,1.,0.));
#305 = ADVANCED_FACE('',(#306),#324,.T.);
#306 = FACE_BOUND('',#307,.T.);
#307 = EDGE_LOOP('',(#308,#316,#322,#323));
#308 = ORIENTED_EDGE('',*,*,#309,.T.);
#309 = EDGE_CURVE('',#62,#310,#312,.T.);
#310 = VERTEX_POINT('',#311);
#311 = CARTESIAN_POINT('',(134.8415,4.8925,5.31));
#312 = LINE('',#313,#314);
#313 = CARTESIAN_POINT('',(134.8415,4.8925,-2.));
#314 = VECTOR('',#315,1.);
#315 = DIRECTION('',(0.,0.,1.));
#316 = ORIENTED_EDGE('',*,*,#317,.T.);
#317 = EDGE_CURVE('',#310,#167,#318,.T.);
#318 = LINE('',#319,#320);
#319 = CARTESIAN_POINT('',(134.8415,4.8925,5.31));
#320 = VECTOR('',#321,1.);
#321 = DIRECTION('',(1.,0.,0.));
#322 = ORIENTED_EDGE('',*,*,#166,.F.);
#323 = ORIENTED_EDGE('',*,*,#78,.F.);
#324 = PLANE('',#325);
#325 = AXIS2_PLACEMENT_3D('',#326,#327,#328);
#326 = CARTESIAN_POINT('',(134.8415,4.8925,-2.));
#327 = DIRECTION('',(0.,1.,0.));
#328 = DIRECTION('',(1.,0.,0.));
#329 = ADVANCED_FACE('',(#330,#668,#679,#690,#701,#712,#723,#734),#745,
  .T.);
#330 = FACE_BOUND('',#331,.T.);
#331 = EDGE_LOOP('',(#332,#340,#348,#356,#364,#372,#380,#388,#396,#404,
    #412,#420,#428,#436,#444,#452,#460,#468,#476,#484,#492,#500,#508,
    #516,#524,#532,#540,#548,#556,#564,#572,#580,#588,#596,#604,#612,
    #620,#628,#636,#644,#652,#660,#666,#667));
#332 = ORIENTED_EDGE('',*,*,#333,.T.);
#333 = EDGE_CURVE('',#102,#334,#336,.T.);
#334 = VERTEX_POINT('',#335);
#335 = CARTESIAN_POINT('',(160.45440435145,-25.6575,-4.));
#336 = LINE('',#337,#338);
#337 = CARTESIAN_POINT('',(162.3835,-25.6575,-4.));
#338 = VECTOR('',#339,1.);
#339 = DIRECTION('',(-1.,0.,0.));
#340 = ORIENTED_EDGE('',*,*,#341,.T.);
#341 = EDGE_CURVE('',#334,#342,#344,.T.);
#342 = VERTEX_POINT('',#343);
#343 = CARTESIAN_POINT('',(160.66269906873,-36.09500941996,-4.));
#344 = LINE('',#345,#346);
#345 = CARTESIAN_POINT('',(160.47475889064,-26.6774523894,-4.));
#346 = VECTOR('',#347,1.);
#347 = DIRECTION('',(1.995238940048E-02,-0.999800931264,0.));
#348 = ORIENTED_EDGE('',*,*,#349,.T.);
#349 = EDGE_CURVE('',#342,#350,#352,.T.);
#350 = VERTEX_POINT('',#351);
#351 = CARTESIAN_POINT('',(160.6625,-79.7,-4.));
#352 = LINE('',#353,#354);
#353 = CARTESIAN_POINT('',(160.6625,-36.07505703056,-4.));
#354 = VECTOR('',#355,1.);
#355 = DIRECTION('',(0.,-1.,0.));
#356 = ORIENTED_EDGE('',*,*,#357,.T.);
#357 = EDGE_CURVE('',#350,#358,#360,.T.);
#358 = VERTEX_POINT('',#359);
#359 = CARTESIAN_POINT('',(145.3594093368,-79.7,-4.));
#360 = LINE('',#361,#362);
#361 = CARTESIAN_POINT('',(161.6625,-79.7,-4.));
#362 = VECTOR('',#363,1.);
#363 = DIRECTION('',(-1.,0.,0.));
#364 = ORIENTED_EDGE('',*,*,#365,.T.);
#365 = EDGE_CURVE('',#358,#366,#368,.T.);
#366 = VERTEX_POINT('',#367);
#367 = CARTESIAN_POINT('',(158.80095745186,-83.30164961385,-4.));
#368 = LINE('',#369,#370);
#369 = CARTESIAN_POINT('',(152.69634934623,-81.66592586848,-4.));
#370 = VECTOR('',#371,1.);
#371 = DIRECTION('',(0.965925868482,-0.258818887635,0.));
#372 = ORIENTED_EDGE('',*,*,#373,.T.);
#373 = EDGE_CURVE('',#366,#374,#376,.T.);
#374 = VERTEX_POINT('',#375);
#375 = CARTESIAN_POINT('',(157.23995614526,-89.12738449014,-4.));
#376 = LINE('',#377,#378);
#377 = CARTESIAN_POINT('',(159.05977660804,-82.33572359033,-4.));
#378 = VECTOR('',#379,1.);
#379 = DIRECTION('',(-0.258819099429,-0.965925811732,0.));
#380 = ORIENTED_EDGE('',*,*,#381,.T.);
#381 = EDGE_CURVE('',#374,#382,#384,.T.);
#382 = VERTEX_POINT('',#383);
#383 = CARTESIAN_POINT('',(159.37947593898,-89.70067443487,-4.));
#384 = LINE('',#385,#386);
#385 = CARTESIAN_POINT('',(158.2058781036,-89.38620581432,-4.));
#386 = VECTOR('',#387,1.);
#387 = DIRECTION('',(0.96592499741,-0.258822138501,0.));
#388 = ORIENTED_EDGE('',*,*,#389,.T.);
#389 = EDGE_CURVE('',#382,#390,#392,.T.);
#390 = VERTEX_POINT('',#391);
#391 = CARTESIAN_POINT('',(149.59611905328,-126.2126719806,-4.));
#392 = LINE('',#393,#394);
#393 = CARTESIAN_POINT('',(159.63829404971,-88.73475176288,-4.));
#394 = VECTOR('',#395,1.);
#395 = DIRECTION('',(-0.258818961903,-0.965925848582,0.));
#396 = ORIENTED_EDGE('',*,*,#397,.T.);
#397 = EDGE_CURVE('',#390,#398,#400,.T.);
#398 = VERTEX_POINT('',#399);
#399 = CARTESIAN_POINT('',(147.45659777005,-125.6393816367,-4.));
#400 = LINE('',#401,#402);
#401 = CARTESIAN_POINT('',(150.56204722729,-126.4714949703,-4.));
#402 = VECTOR('',#403,1.);
#403 = DIRECTION('',(-0.96592499741,0.258822138501,0.));
#404 = ORIENTED_EDGE('',*,*,#405,.T.);
#405 = EDGE_CURVE('',#398,#406,#408,.T.);
#406 = VERTEX_POINT('',#407);
#407 = CARTESIAN_POINT('',(145.89558899564,-131.4651270628,-4.));
#408 = LINE('',#409,#410);
#409 = CARTESIAN_POINT('',(147.19777733073,-126.6053095772,-4.));
#410 = VECTOR('',#411,1.);
#411 = DIRECTION('',(-0.258819817375,-0.965925619359,0.));
#412 = ORIENTED_EDGE('',*,*,#413,.T.);
#413 = EDGE_CURVE('',#406,#414,#416,.T.);
#414 = VERTEX_POINT('',#415);
#415 = CARTESIAN_POINT('',(120.73322131009,-124.7228897303,-4.));
#416 = LINE('',#417,#418);
#417 = CARTESIAN_POINT('',(146.86151408195,-131.7239459569,-4.));
#418 = VECTOR('',#419,1.);
#419 = DIRECTION('',(-0.96592581447,0.258819089211,0.));
#420 = ORIENTED_EDGE('',*,*,#421,.T.);
#421 = EDGE_CURVE('',#414,#422,#424,.T.);
#422 = VERTEX_POINT('',#423);
#423 = CARTESIAN_POINT('',(121.96585122119,-120.1226700621,-4.));
#424 = LINE('',#425,#426);
#425 = CARTESIAN_POINT('',(120.47440109293,-125.688816196,-4.));
#426 = VECTOR('',#427,1.);
#427 = DIRECTION('',(0.2588199788,0.965925576105,0.));
#428 = ORIENTED_EDGE('',*,*,#429,.T.);
#429 = EDGE_CURVE('',#422,#430,#432,.T.);
#430 = VERTEX_POINT('',#431);
#431 = CARTESIAN_POINT('',(103.56496296112,-115.1921705283,-4.));
#432 = LINE('',#433,#434);
#433 = CARTESIAN_POINT('',(120.99992423668,-119.8638508964,-4.));
#434 = VECTOR('',#435,1.);
#435 = DIRECTION('',(-0.965925873737,0.258818868025,0.));
#436 = ORIENTED_EDGE('',*,*,#437,.T.);
#437 = EDGE_CURVE('',#430,#438,#440,.T.);
#438 = VERTEX_POINT('',#439);
#439 = CARTESIAN_POINT('',(107.46018241479,-100.655,-4.));
#440 = LINE('',#441,#442);
#441 = CARTESIAN_POINT('',(103.30614415545,-116.158096366,-4.));
#442 = VECTOR('',#443,1.);
#443 = DIRECTION('',(0.258818818846,0.965925886914,0.));
#444 = ORIENTED_EDGE('',*,*,#445,.T.);
#445 = EDGE_CURVE('',#438,#446,#448,.T.);
#446 = VERTEX_POINT('',#447);
#447 = CARTESIAN_POINT('',(89.225,-100.655,-4.));
#448 = LINE('',#449,#450);
#449 = CARTESIAN_POINT('',(106.15695735798,-100.655,-4.));
#450 = VECTOR('',#451,1.);
#451 = DIRECTION('',(-1.,0.,0.));
#452 = ORIENTED_EDGE('',*,*,#453,.T.);
#453 = EDGE_CURVE('',#446,#454,#456,.T.);
#454 = VERTEX_POINT('',#455);
#455 = CARTESIAN_POINT('',(89.225,-102.56,-4.));
#456 = LINE('',#457,#458);
#457 = CARTESIAN_POINT('',(89.225,-101.655,-4.));
#458 = VECTOR('',#459,1.);
#459 = DIRECTION('',(0.,-1.,0.));
#460 = ORIENTED_EDGE('',*,*,#461,.T.);
#461 = EDGE_CURVE('',#454,#462,#464,.T.);
#462 = VERTEX_POINT('',#463);
#463 = CARTESIAN_POINT('',(60.65,-102.56,-4.));
#464 = LINE('',#465,#466);
#465 = CARTESIAN_POINT('',(90.225,-102.56,-4.));
#466 = VECTOR('',#467,1.);
#467 = DIRECTION('',(-1.,0.,0.));
#468 = ORIENTED_EDGE('',*,*,#469,.T.);
#469 = EDGE_CURVE('',#462,#470,#472,.T.);
#470 = VERTEX_POINT('',#471);
#471 = CARTESIAN_POINT('',(60.65,-103.5125,-4.));
#472 = LINE('',#473,#474);
#473 = CARTESIAN_POINT('',(60.65,-103.56,-4.));
#474 = VECTOR('',#475,1.);
#475 = DIRECTION('',(0.,-1.,0.));
#476 = ORIENTED_EDGE('',*,*,#477,.T.);
#477 = EDGE_CURVE('',#470,#478,#480,.T.);
#478 = VERTEX_POINT('',#479);
#479 = CARTESIAN_POINT('',(20.3125,-103.5125,-4.));
#480 = LINE('',#481,#482);
#481 = CARTESIAN_POINT('',(61.65,-103.5125,-4.));
#482 = VECTOR('',#483,1.);
#483 = DIRECTION('',(-1.,0.,0.));
#484 = ORIENTED_EDGE('',*,*,#485,.T.);
#485 = EDGE_CURVE('',#478,#486,#488,.T.);
#486 = VERTEX_POINT('',#487);
#487 = CARTESIAN_POINT('',(20.3125,-84.4625,-4.));
#488 = LINE('',#489,#490);
#489 = CARTESIAN_POINT('',(20.3125,-104.5125,-4.));
#490 = VECTOR('',#491,1.);
#491 = DIRECTION('',(0.,1.,0.));
#492 = ORIENTED_EDGE('',*,*,#493,.T.);
#493 = EDGE_CURVE('',#486,#494,#496,.T.);
#494 = VERTEX_POINT('',#495);
#495 = CARTESIAN_POINT('',(15.55,-84.4625,-4.));
#496 = LINE('',#497,#498);
#497 = CARTESIAN_POINT('',(19.3125,-84.4625,-4.));
#498 = VECTOR('',#499,1.);
#499 = DIRECTION('',(-1.,0.,0.));
#500 = ORIENTED_EDGE('',*,*,#501,.T.);
#501 = EDGE_CURVE('',#494,#502,#504,.T.);
#502 = VERTEX_POINT('',#503);
#503 = CARTESIAN_POINT('',(15.55,-20.3125,-4.));
#504 = LINE('',#505,#506);
#505 = CARTESIAN_POINT('',(15.55,-85.4625,-4.));
#506 = VECTOR('',#507,1.);
#507 = DIRECTION('',(0.,1.,0.));
#508 = ORIENTED_EDGE('',*,*,#509,.T.);
#509 = EDGE_CURVE('',#502,#510,#512,.T.);
#510 = VERTEX_POINT('',#511);
#511 = CARTESIAN_POINT('',(19.6875,-20.3125,-4.));
#512 = LINE('',#513,#514);
#513 = CARTESIAN_POINT('',(14.55,-20.3125,-4.));
#514 = VECTOR('',#515,1.);
#515 = DIRECTION('',(1.,0.,0.));
#516 = ORIENTED_EDGE('',*,*,#517,.T.);
#517 = EDGE_CURVE('',#510,#518,#520,.T.);
#518 = VERTEX_POINT('',#519);
#519 = CARTESIAN_POINT('',(19.6875,-2.6675,-4.));
#520 = LINE('',#521,#522);
#521 = CARTESIAN_POINT('',(19.6875,-19.3125,-4.));
#522 = VECTOR('',#523,1.);
#523 = DIRECTION('',(0.,1.,0.));
#524 = ORIENTED_EDGE('',*,*,#525,.T.);
#525 = EDGE_CURVE('',#518,#526,#528,.T.);
#526 = VERTEX_POINT('',#527);
#527 = CARTESIAN_POINT('',(20.3125,-2.6675,-4.));
#528 = LINE('',#529,#530);
#529 = CARTESIAN_POINT('',(18.6875,-2.6675,-4.));
#530 = VECTOR('',#531,1.);
#531 = DIRECTION('',(1.,0.,0.));
#532 = ORIENTED_EDGE('',*,*,#533,.T.);
#533 = EDGE_CURVE('',#526,#534,#536,.T.);
#534 = VERTEX_POINT('',#535);
#535 = CARTESIAN_POINT('',(20.3125,-1.2625,-4.));
#536 = LINE('',#537,#538);
#537 = CARTESIAN_POINT('',(20.3125,-1.6675,-4.));
#538 = VECTOR('',#539,1.);
#539 = DIRECTION('',(0.,1.,0.));
#540 = ORIENTED_EDGE('',*,*,#541,.T.);
#541 = EDGE_CURVE('',#534,#542,#544,.T.);
#542 = VERTEX_POINT('',#543);
#543 = CARTESIAN_POINT('',(39.3625,-1.2625,-4.));
#544 = LINE('',#545,#546);
#545 = CARTESIAN_POINT('',(19.3125,-1.2625,-4.));
#546 = VECTOR('',#547,1.);
#547 = DIRECTION('',(1.,0.,0.));
#548 = ORIENTED_EDGE('',*,*,#549,.T.);
#549 = EDGE_CURVE('',#542,#550,#552,.T.);
#550 = VERTEX_POINT('',#551);
#551 = CARTESIAN_POINT('',(39.3625,-0.31,-4.));
#552 = LINE('',#553,#554);
#553 = CARTESIAN_POINT('',(39.3625,-0.2625,-4.));
#554 = VECTOR('',#555,1.);
#555 = DIRECTION('',(0.,1.,0.));
#556 = ORIENTED_EDGE('',*,*,#557,.T.);
#557 = EDGE_CURVE('',#550,#558,#560,.T.);
#558 = VERTEX_POINT('',#559);
#559 = CARTESIAN_POINT('',(57.7875,-0.31,-4.));
#560 = LINE('',#561,#562);
#561 = CARTESIAN_POINT('',(38.3625,-0.31,-4.));
#562 = VECTOR('',#563,1.);
#563 = DIRECTION('',(1.,0.,0.));
#564 = ORIENTED_EDGE('',*,*,#565,.T.);
#565 = EDGE_CURVE('',#558,#566,#568,.T.);
#566 = VERTEX_POINT('',#567);
#567 = CARTESIAN_POINT('',(57.7875,0.19,-4.));
#568 = LINE('',#569,#570);
#569 = CARTESIAN_POINT('',(57.7875,0.69,-4.));
#570 = VECTOR('',#571,1.);
#571 = DIRECTION('',(0.,1.,0.));
#572 = ORIENTED_EDGE('',*,*,#573,.T.);
#573 = EDGE_CURVE('',#566,#574,#576,.T.);
#574 = VERTEX_POINT('',#575);
#575 = CARTESIAN_POINT('',(58.4125,0.19,-4.));
#576 = LINE('',#577,#578);
#577 = CARTESIAN_POINT('',(56.7875,0.19,-4.));
#578 = VECTOR('',#579,1.);
#579 = DIRECTION('',(1.,0.,0.));
#580 = ORIENTED_EDGE('',*,*,#581,.T.);
#581 = EDGE_CURVE('',#574,#582,#584,.T.);
#582 = VERTEX_POINT('',#583);
#583 = CARTESIAN_POINT('',(58.4125,1.595,-4.));
#584 = LINE('',#585,#586);
#585 = CARTESIAN_POINT('',(58.4125,1.19,-4.));
#586 = VECTOR('',#587,1.);
#587 = DIRECTION('',(0.,1.,0.));
#588 = ORIENTED_EDGE('',*,*,#589,.T.);
#589 = EDGE_CURVE('',#582,#590,#592,.T.);
#590 = VERTEX_POINT('',#591);
#591 = CARTESIAN_POINT('',(76.8375,1.595,-4.));
#592 = LINE('',#593,#594);
#593 = CARTESIAN_POINT('',(57.4125,1.595,-4.));
#594 = VECTOR('',#595,1.);
#595 = DIRECTION('',(1.,0.,0.));
#596 = ORIENTED_EDGE('',*,*,#597,.T.);
#597 = EDGE_CURVE('',#590,#598,#600,.T.);
#598 = VERTEX_POINT('',#599);
#599 = CARTESIAN_POINT('',(76.8375,2.095,-4.));
#600 = LINE('',#601,#602);
#601 = CARTESIAN_POINT('',(76.8375,2.595,-4.));
#602 = VECTOR('',#603,1.);
#603 = DIRECTION('',(0.,1.,0.));
#604 = ORIENTED_EDGE('',*,*,#605,.T.);
#605 = EDGE_CURVE('',#598,#606,#608,.T.);
#606 = VERTEX_POINT('',#607);
#607 = CARTESIAN_POINT('',(77.4625,2.095,-4.));
#608 = LINE('',#609,#610);
#609 = CARTESIAN_POINT('',(75.8375,2.095,-4.));
#610 = VECTOR('',#611,1.);
#611 = DIRECTION('',(1.,0.,0.));
#612 = ORIENTED_EDGE('',*,*,#613,.T.);
#613 = EDGE_CURVE('',#606,#614,#616,.T.);
#614 = VERTEX_POINT('',#615);
#615 = CARTESIAN_POINT('',(77.4625,3.5,-4.));
#616 = LINE('',#617,#618);
#617 = CARTESIAN_POINT('',(77.4625,3.095,-4.));
#618 = VECTOR('',#619,1.);
#619 = DIRECTION('',(0.,1.,0.));
#620 = ORIENTED_EDGE('',*,*,#621,.T.);
#621 = EDGE_CURVE('',#614,#622,#624,.T.);
#622 = VERTEX_POINT('',#623);
#623 = CARTESIAN_POINT('',(103.5125,3.5,-4.));
#624 = LINE('',#625,#626);
#625 = CARTESIAN_POINT('',(76.4625,3.5,-4.));
#626 = VECTOR('',#627,1.);
#627 = DIRECTION('',(1.,0.,0.));
#628 = ORIENTED_EDGE('',*,*,#629,.T.);
#629 = EDGE_CURVE('',#622,#630,#632,.T.);
#630 = VERTEX_POINT('',#631);
#631 = CARTESIAN_POINT('',(103.5125,1.595,-4.));
#632 = LINE('',#633,#634);
#633 = CARTESIAN_POINT('',(103.5125,4.5,-4.));
#634 = VECTOR('',#635,1.);
#635 = DIRECTION('',(0.,-1.,0.));
#636 = ORIENTED_EDGE('',*,*,#637,.T.);
#637 = EDGE_CURVE('',#630,#638,#640,.T.);
#638 = VERTEX_POINT('',#639);
#639 = CARTESIAN_POINT('',(122.5625,1.595,-4.));
#640 = LINE('',#641,#642);
#641 = CARTESIAN_POINT('',(104.5125,1.595,-4.));
#642 = VECTOR('',#643,1.);
#643 = DIRECTION('',(1.,0.,0.));
#644 = ORIENTED_EDGE('',*,*,#645,.T.);
#645 = EDGE_CURVE('',#638,#646,#648,.T.);
#646 = VERTEX_POINT('',#647);
#647 = CARTESIAN_POINT('',(122.5625,-0.31,-4.));
#648 = LINE('',#649,#650);
#649 = CARTESIAN_POINT('',(122.5625,2.595,-4.));
#650 = VECTOR('',#651,1.);
#651 = DIRECTION('',(0.,-1.,0.));
#652 = ORIENTED_EDGE('',*,*,#653,.T.);
#653 = EDGE_CURVE('',#646,#654,#656,.T.);
#654 = VERTEX_POINT('',#655);
#655 = CARTESIAN_POINT('',(135.8415,-0.31,-4.));
#656 = LINE('',#657,#658);
#657 = CARTESIAN_POINT('',(123.5625,-0.31,-4.));
#658 = VECTOR('',#659,1.);
#659 = DIRECTION('',(1.,0.,0.));
#660 = ORIENTED_EDGE('',*,*,#661,.T.);
#661 = EDGE_CURVE('',#654,#285,#662,.T.);
#662 = LINE('',#663,#664);
#663 = CARTESIAN_POINT('',(135.8415,0.69,-4.));
#664 = VECTOR('',#665,1.);
#665 = DIRECTION('',(0.,1.,0.));
#666 = ORIENTED_EDGE('',*,*,#293,.T.);
#667 = ORIENTED_EDGE('',*,*,#101,.T.);
#668 = FACE_BOUND('',#669,.T.);
#669 = EDGE_LOOP('',(#670));
#670 = ORIENTED_EDGE('',*,*,#671,.T.);
#671 = EDGE_CURVE('',#672,#672,#674,.T.);
#672 = VERTEX_POINT('',#673);
#673 = CARTESIAN_POINT('',(154.5,-95.,-4.));
#674 = CIRCLE('',#675,4.5);
#675 = AXIS2_PLACEMENT_3D('',#676,#677,#678);
#676 = CARTESIAN_POINT('',(150.,-95.,-4.));
#677 = DIRECTION('',(0.,0.,1.));
#678 = DIRECTION('',(1.,0.,-0.));
#679 = FACE_BOUND('',#680,.T.);
#680 = EDGE_LOOP('',(#681));
#681 = ORIENTED_EDGE('',*,*,#682,.T.);
#682 = EDGE_CURVE('',#683,#683,#685,.T.);
#683 = VERTEX_POINT('',#684);
#684 = CARTESIAN_POINT('',(85.15,-96.0075,-4.));
#685 = CIRCLE('',#686,2.5);
#686 = AXIS2_PLACEMENT_3D('',#687,#688,#689);
#687 = CARTESIAN_POINT('',(82.65,-96.0075,-4.));
#688 = DIRECTION('',(0.,0.,1.));
#689 = DIRECTION('',(1.,0.,0.));
#690 = FACE_BOUND('',#691,.T.);
#691 = EDGE_LOOP('',(#692));
#692 = ORIENTED_EDGE('',*,*,#693,.T.);
#693 = EDGE_CURVE('',#694,#694,#696,.T.);
#694 = VERTEX_POINT('',#695);
#695 = CARTESIAN_POINT('',(31.5,-97.,-4.));
#696 = CIRCLE('',#697,4.5);
#697 = AXIS2_PLACEMENT_3D('',#698,#699,#700);
#698 = CARTESIAN_POINT('',(27.,-97.,-4.));
#699 = DIRECTION('',(0.,0.,1.));
#700 = DIRECTION('',(1.,0.,-0.));
#701 = FACE_BOUND('',#702,.T.);
#702 = EDGE_LOOP('',(#703));
#703 = ORIENTED_EDGE('',*,*,#704,.T.);
#704 = EDGE_CURVE('',#705,#705,#707,.T.);
#705 = VERTEX_POINT('',#706);
#706 = CARTESIAN_POINT('',(150.75,-26.3075,-4.));
#707 = CIRCLE('',#708,2.5);
#708 = AXIS2_PLACEMENT_3D('',#709,#710,#711);
#709 = CARTESIAN_POINT('',(148.25,-26.3075,-4.));
#710 = DIRECTION('',(0.,0.,1.));
#711 = DIRECTION('',(1.,0.,0.));
#712 = FACE_BOUND('',#713,.T.);
#713 = EDGE_LOOP('',(#714));
#714 = ORIENTED_EDGE('',*,*,#715,.T.);
#715 = EDGE_CURVE('',#716,#716,#718,.T.);
#716 = VERTEX_POINT('',#717);
#717 = CARTESIAN_POINT('',(154.5,-3.,-4.));
#718 = CIRCLE('',#719,4.5);
#719 = AXIS2_PLACEMENT_3D('',#720,#721,#722);
#720 = CARTESIAN_POINT('',(150.,-3.,-4.));
#721 = DIRECTION('',(0.,0.,1.));
#722 = DIRECTION('',(1.,0.,-0.));
#723 = FACE_BOUND('',#724,.T.);
#724 = EDGE_LOOP('',(#725));
#725 = ORIENTED_EDGE('',*,*,#726,.T.);
#726 = EDGE_CURVE('',#727,#727,#729,.T.);
#727 = VERTEX_POINT('',#728);
#728 = CARTESIAN_POINT('',(23.65,-38.6075,-4.));
#729 = CIRCLE('',#730,2.5);
#730 = AXIS2_PLACEMENT_3D('',#731,#732,#733);
#731 = CARTESIAN_POINT('',(21.15,-38.6075,-4.));
#732 = DIRECTION('',(0.,0.,1.));
#733 = DIRECTION('',(1.,0.,0.));
#734 = FACE_BOUND('',#735,.T.);
#735 = EDGE_LOOP('',(#736));
#736 = ORIENTED_EDGE('',*,*,#737,.T.);
#737 = EDGE_CURVE('',#738,#738,#740,.T.);
#738 = VERTEX_POINT('',#739);
#739 = CARTESIAN_POINT('',(29.5,-15.,-4.));
#740 = CIRCLE('',#741,4.5);
#741 = AXIS2_PLACEMENT_3D('',#742,#743,#744);
#742 = CARTESIAN_POINT('',(25.,-15.,-4.));
#743 = DIRECTION('',(0.,0.,1.));
#744 = DIRECTION('',(1.,0.,-0.));
#745 = PLANE('',#746);
#746 = AXIS2_PLACEMENT_3D('',#747,#748,#749);
#747 = CARTESIAN_POINT('',(94.100235918067,-57.38696961959,-4.));
#748 = DIRECTION('',(-0.,-0.,-1.));
#749 = DIRECTION('',(-1.,0.,0.));
#750 = ADVANCED_FACE('',(#751),#763,.T.);
#751 = FACE_BOUND('',#752,.F.);
#752 = EDGE_LOOP('',(#753,#754,#755,#762));
#753 = ORIENTED_EDGE('',*,*,#109,.T.);
#754 = ORIENTED_EDGE('',*,*,#333,.T.);
#755 = ORIENTED_EDGE('',*,*,#756,.F.);
#756 = EDGE_CURVE('',#224,#334,#757,.T.);
#757 = ELLIPSE('',#758,1.428536728233,1.);
#758 = AXIS2_PLACEMENT_3D('',#759,#760,#761);
#759 = CARTESIAN_POINT('',(160.45440435145,-25.6575,-3.));
#760 = DIRECTION('',(0.700017003579,0.714126175616,-0.));
#761 = DIRECTION('',(-0.714126175616,0.700017003579,0.));
#762 = ORIENTED_EDGE('',*,*,#223,.F.);
#763 = CYLINDRICAL_SURFACE('',#764,1.);
#764 = AXIS2_PLACEMENT_3D('',#765,#766,#767);
#765 = CARTESIAN_POINT('',(162.3835,-25.6575,-3.));
#766 = DIRECTION('',(-1.,0.,0.));
#767 = DIRECTION('',(-0.,-1.,0.));
#768 = ADVANCED_FACE('',(#769),#794,.T.);
#769 = FACE_BOUND('',#770,.T.);
#770 = EDGE_LOOP('',(#771,#781,#787,#788));
#771 = ORIENTED_EDGE('',*,*,#772,.F.);
#772 = EDGE_CURVE('',#773,#775,#777,.T.);
#773 = VERTEX_POINT('',#774);
#774 = CARTESIAN_POINT('',(161.47455982191,-26.6575,4.5));
#775 = VERTEX_POINT('',#776);
#776 = CARTESIAN_POINT('',(161.47455982191,-26.6575,5.31));
#777 = LINE('',#778,#779);
#778 = CARTESIAN_POINT('',(161.47455982191,-26.6575,-2.));
#779 = VECTOR('',#780,1.);
#780 = DIRECTION('',(0.,0.,1.));
#781 = ORIENTED_EDGE('',*,*,#782,.F.);
#782 = EDGE_CURVE('',#126,#773,#783,.T.);
#783 = LINE('',#784,#785);
#784 = CARTESIAN_POINT('',(158.69175,-26.6575,4.5));
#785 = VECTOR('',#786,1.);
#786 = DIRECTION('',(-1.,0.,0.));
#787 = ORIENTED_EDGE('',*,*,#125,.T.);
#788 = ORIENTED_EDGE('',*,*,#789,.T.);
#789 = EDGE_CURVE('',#128,#775,#790,.T.);
#790 = LINE('',#791,#792);
#791 = CARTESIAN_POINT('',(162.3835,-26.6575,5.31));
#792 = VECTOR('',#793,1.);
#793 = DIRECTION('',(-1.,0.,0.));
#794 = PLANE('',#795);
#795 = AXIS2_PLACEMENT_3D('',#796,#797,#798);
#796 = CARTESIAN_POINT('',(162.3835,-26.6575,-2.));
#797 = DIRECTION('',(0.,-1.,0.));
#798 = DIRECTION('',(-1.,0.,0.));
#799 = ADVANCED_FACE('',(#800),#827,.T.);
#800 = FACE_BOUND('',#801,.F.);
#801 = EDGE_LOOP('',(#802,#811,#812,#821));
#802 = ORIENTED_EDGE('',*,*,#803,.T.);
#803 = EDGE_CURVE('',#804,#167,#806,.T.);
#804 = VERTEX_POINT('',#805);
#805 = CARTESIAN_POINT('',(161.1835,3.6925,6.51));
#806 = ELLIPSE('',#807,1.697056274848,1.2);
#807 = AXIS2_PLACEMENT_3D('',#808,#809,#810);
#808 = CARTESIAN_POINT('',(161.1835,3.6925,5.31));
#809 = DIRECTION('',(-0.707106781187,0.707106781187,0.));
#810 = DIRECTION('',(-0.707106781187,-0.707106781187,0.));
#811 = ORIENTED_EDGE('',*,*,#174,.T.);
#812 = ORIENTED_EDGE('',*,*,#813,.F.);
#813 = EDGE_CURVE('',#814,#128,#816,.T.);
#814 = VERTEX_POINT('',#815);
#815 = CARTESIAN_POINT('',(161.1835,-25.4575,6.51));
#816 = ELLIPSE('',#817,1.697056274848,1.2);
#817 = AXIS2_PLACEMENT_3D('',#818,#819,#820);
#818 = CARTESIAN_POINT('',(161.1835,-25.4575,5.31));
#819 = DIRECTION('',(0.707106781187,0.707106781187,-0.));
#820 = DIRECTION('',(-0.707106781187,0.707106781187,0.));
#821 = ORIENTED_EDGE('',*,*,#822,.F.);
#822 = EDGE_CURVE('',#804,#814,#823,.T.);
#823 = LINE('',#824,#825);
#824 = CARTESIAN_POINT('',(161.1835,4.8925,6.51));
#825 = VECTOR('',#826,1.);
#826 = DIRECTION('',(0.,-1.,0.));
#827 = CYLINDRICAL_SURFACE('',#828,1.2);
#828 = AXIS2_PLACEMENT_3D('',#829,#830,#831);
#829 = CARTESIAN_POINT('',(161.1835,4.8925,5.31));
#830 = DIRECTION('',(0.,-1.,0.));
#831 = DIRECTION('',(-0.,0.,1.));
#832 = ADVANCED_FACE('',(#833),#867,.F.);
#833 = FACE_BOUND('',#834,.F.);
#834 = EDGE_LOOP('',(#835,#843,#851,#859,#865,#866));
#835 = ORIENTED_EDGE('',*,*,#836,.F.);
#836 = EDGE_CURVE('',#837,#136,#839,.T.);
#837 = VERTEX_POINT('',#838);
#838 = CARTESIAN_POINT('',(159.46079084256,-25.9875,4.5));
#839 = LINE('',#840,#841);
#840 = CARTESIAN_POINT('',(155.,-25.9875,4.5));
#841 = VECTOR('',#842,1.);
#842 = DIRECTION('',(1.,0.,0.));
#843 = ORIENTED_EDGE('',*,*,#844,.T.);
#844 = EDGE_CURVE('',#837,#845,#847,.T.);
#845 = VERTEX_POINT('',#846);
#846 = CARTESIAN_POINT('',(159.64039810136,-34.9875,4.5));
#847 = LINE('',#848,#849);
#848 = CARTESIAN_POINT('',(159.54179971335,-30.04680050938,4.5));
#849 = VECTOR('',#850,1.);
#850 = DIRECTION('',(1.995238940048E-02,-0.999800931264,0.));
#851 = ORIENTED_EDGE('',*,*,#852,.T.);
#852 = EDGE_CURVE('',#845,#853,#855,.T.);
#853 = VERTEX_POINT('',#854);
#854 = CARTESIAN_POINT('',(161.6407963181,-34.9875,4.5));
#855 = LINE('',#856,#857);
#856 = CARTESIAN_POINT('',(155.,-34.9875,4.5));
#857 = VECTOR('',#858,1.);
#858 = DIRECTION('',(1.,0.,0.));
#859 = ORIENTED_EDGE('',*,*,#860,.F.);
#860 = EDGE_CURVE('',#773,#853,#861,.T.);
#861 = LINE('',#862,#863);
#862 = CARTESIAN_POINT('',(161.55635622666,-30.75626331124,4.5));
#863 = VECTOR('',#864,1.);
#864 = DIRECTION('',(1.995238940048E-02,-0.999800931264,0.));
#865 = ORIENTED_EDGE('',*,*,#782,.F.);
#866 = ORIENTED_EDGE('',*,*,#135,.F.);
#867 = PLANE('',#868);
#868 = AXIS2_PLACEMENT_3D('',#869,#870,#871);
#869 = CARTESIAN_POINT('',(155.,-34.9875,4.5));
#870 = DIRECTION('',(0.,0.,1.));
#871 = DIRECTION('',(1.,0.,0.));
#872 = ADVANCED_FACE('',(#873),#891,.F.);
#873 = FACE_BOUND('',#874,.F.);
#874 = EDGE_LOOP('',(#875,#883,#889,#890));
#875 = ORIENTED_EDGE('',*,*,#876,.F.);
#876 = EDGE_CURVE('',#877,#144,#879,.T.);
#877 = VERTEX_POINT('',#878);
#878 = CARTESIAN_POINT('',(159.46079084256,-25.9875,0.5));
#879 = LINE('',#880,#881);
#880 = CARTESIAN_POINT('',(155.,-25.9875,0.5));
#881 = VECTOR('',#882,1.);
#882 = DIRECTION('',(1.,0.,0.));
#883 = ORIENTED_EDGE('',*,*,#884,.T.);
#884 = EDGE_CURVE('',#877,#837,#885,.T.);
#885 = LINE('',#886,#887);
#886 = CARTESIAN_POINT('',(159.46079084256,-25.9875,-0.75));
#887 = VECTOR('',#888,1.);
#888 = DIRECTION('',(0.,0.,1.));
#889 = ORIENTED_EDGE('',*,*,#836,.T.);
#890 = ORIENTED_EDGE('',*,*,#143,.F.);
#891 = PLANE('',#892);
#892 = AXIS2_PLACEMENT_3D('',#893,#894,#895);
#893 = CARTESIAN_POINT('',(155.,-25.9875,0.5));
#894 = DIRECTION('',(0.,1.,0.));
#895 = DIRECTION('',(0.,0.,1.));
#896 = ADVANCED_FACE('',(#897),#931,.T.);
#897 = FACE_BOUND('',#898,.T.);
#898 = EDGE_LOOP('',(#899,#900,#908,#916,#924,#930));
#899 = ORIENTED_EDGE('',*,*,#876,.F.);
#900 = ORIENTED_EDGE('',*,*,#901,.T.);
#901 = EDGE_CURVE('',#877,#902,#904,.T.);
#902 = VERTEX_POINT('',#903);
#903 = CARTESIAN_POINT('',(159.64039810136,-34.9875,0.5));
#904 = LINE('',#905,#906);
#905 = CARTESIAN_POINT('',(159.54179971335,-30.04680050938,0.5));
#906 = VECTOR('',#907,1.);
#907 = DIRECTION('',(1.995238940048E-02,-0.999800931264,0.));
#908 = ORIENTED_EDGE('',*,*,#909,.T.);
#909 = EDGE_CURVE('',#902,#910,#912,.T.);
#910 = VERTEX_POINT('',#911);
#911 = CARTESIAN_POINT('',(161.6407963181,-34.9875,0.5));
#912 = LINE('',#913,#914);
#913 = CARTESIAN_POINT('',(155.,-34.9875,0.5));
#914 = VECTOR('',#915,1.);
#915 = DIRECTION('',(1.,0.,0.));
#916 = ORIENTED_EDGE('',*,*,#917,.F.);
#917 = EDGE_CURVE('',#918,#910,#920,.T.);
#918 = VERTEX_POINT('',#919);
#919 = CARTESIAN_POINT('',(161.47455982191,-26.6575,0.5));
#920 = LINE('',#921,#922);
#921 = CARTESIAN_POINT('',(161.55635622666,-30.75626331124,0.5));
#922 = VECTOR('',#923,1.);
#923 = DIRECTION('',(1.995238940048E-02,-0.999800931264,0.));
#924 = ORIENTED_EDGE('',*,*,#925,.F.);
#925 = EDGE_CURVE('',#152,#918,#926,.T.);
#926 = LINE('',#927,#928);
#927 = CARTESIAN_POINT('',(158.69175,-26.6575,0.5));
#928 = VECTOR('',#929,1.);
#929 = DIRECTION('',(-1.,0.,0.));
#930 = ORIENTED_EDGE('',*,*,#151,.F.);
#931 = PLANE('',#932);
#932 = AXIS2_PLACEMENT_3D('',#933,#934,#935);
#933 = CARTESIAN_POINT('',(155.,-34.9875,0.5));
#934 = DIRECTION('',(0.,0.,1.));
#935 = DIRECTION('',(1.,0.,0.));
#936 = ADVANCED_FACE('',(#937),#948,.T.);
#937 = FACE_BOUND('',#938,.T.);
#938 = EDGE_LOOP('',(#939,#940,#941,#942));
#939 = ORIENTED_EDGE('',*,*,#239,.F.);
#940 = ORIENTED_EDGE('',*,*,#159,.T.);
#941 = ORIENTED_EDGE('',*,*,#925,.T.);
#942 = ORIENTED_EDGE('',*,*,#943,.F.);
#943 = EDGE_CURVE('',#232,#918,#944,.T.);
#944 = LINE('',#945,#946);
#945 = CARTESIAN_POINT('',(161.47455982191,-26.6575,-2.));
#946 = VECTOR('',#947,1.);
#947 = DIRECTION('',(0.,0.,1.));
#948 = PLANE('',#949);
#949 = AXIS2_PLACEMENT_3D('',#950,#951,#952);
#950 = CARTESIAN_POINT('',(162.3835,-26.6575,-2.));
#951 = DIRECTION('',(0.,-1.,0.));
#952 = DIRECTION('',(-1.,0.,0.));
#953 = ADVANCED_FACE('',(#954),#979,.T.);
#954 = FACE_BOUND('',#955,.T.);
#955 = EDGE_LOOP('',(#956,#964,#972,#978));
#956 = ORIENTED_EDGE('',*,*,#957,.F.);
#957 = EDGE_CURVE('',#958,#183,#960,.T.);
#958 = VERTEX_POINT('',#959);
#959 = CARTESIAN_POINT('',(160.3835,-6.6075,0.3));
#960 = LINE('',#961,#962);
#961 = CARTESIAN_POINT('',(155.,-6.6075,0.3));
#962 = VECTOR('',#963,1.);
#963 = DIRECTION('',(1.,0.,0.));
#964 = ORIENTED_EDGE('',*,*,#965,.T.);
#965 = EDGE_CURVE('',#958,#966,#968,.T.);
#966 = VERTEX_POINT('',#967);
#967 = CARTESIAN_POINT('',(160.3835,-16.6075,0.3));
#968 = LINE('',#969,#970);
#969 = CARTESIAN_POINT('',(160.3835,-6.8575,0.3));
#970 = VECTOR('',#971,1.);
#971 = DIRECTION('',(0.,-1.,0.));
#972 = ORIENTED_EDGE('',*,*,#973,.T.);
#973 = EDGE_CURVE('',#966,#185,#974,.T.);
#974 = LINE('',#975,#976);
#975 = CARTESIAN_POINT('',(155.,-16.6075,0.3));
#976 = VECTOR('',#977,1.);
#977 = DIRECTION('',(1.,0.,0.));
#978 = ORIENTED_EDGE('',*,*,#182,.F.);
#979 = PLANE('',#980);
#980 = AXIS2_PLACEMENT_3D('',#981,#982,#983);
#981 = CARTESIAN_POINT('',(155.,-16.6075,0.3));
#982 = DIRECTION('',(0.,0.,1.));
#983 = DIRECTION('',(1.,0.,0.));
#984 = ADVANCED_FACE('',(#985),#1003,.F.);
#985 = FACE_BOUND('',#986,.F.);
#986 = EDGE_LOOP('',(#987,#988,#996,#1002));
#987 = ORIENTED_EDGE('',*,*,#957,.F.);
#988 = ORIENTED_EDGE('',*,*,#989,.T.);
#989 = EDGE_CURVE('',#958,#990,#992,.T.);
#990 = VERTEX_POINT('',#991);
#991 = CARTESIAN_POINT('',(160.3835,-6.6075,5.3));
#992 = LINE('',#993,#994);
#993 = CARTESIAN_POINT('',(160.3835,-6.6075,-0.85));
#994 = VECTOR('',#995,1.);
#995 = DIRECTION('',(0.,0.,1.));
#996 = ORIENTED_EDGE('',*,*,#997,.T.);
#997 = EDGE_CURVE('',#990,#201,#998,.T.);
#998 = LINE('',#999,#1000);
#999 = CARTESIAN_POINT('',(155.,-6.6075,5.3));
#1000 = VECTOR('',#1001,1.);
#1001 = DIRECTION('',(1.,0.,0.));
#1002 = ORIENTED_EDGE('',*,*,#208,.F.);
#1003 = PLANE('',#1004);
#1004 = AXIS2_PLACEMENT_3D('',#1005,#1006,#1007);
#1005 = CARTESIAN_POINT('',(155.,-6.6075,0.3));
#1006 = DIRECTION('',(0.,1.,0.));
#1007 = DIRECTION('',(0.,0.,1.));
#1008 = ADVANCED_FACE('',(#1009),#1027,.T.);
#1009 = FACE_BOUND('',#1010,.T.);
#1010 = EDGE_LOOP('',(#1011,#1012,#1020,#1026));
#1011 = ORIENTED_EDGE('',*,*,#973,.F.);
#1012 = ORIENTED_EDGE('',*,*,#1013,.T.);
#1013 = EDGE_CURVE('',#966,#1014,#1016,.T.);
#1014 = VERTEX_POINT('',#1015);
#1015 = CARTESIAN_POINT('',(160.3835,-16.6075,5.3));
#1016 = LINE('',#1017,#1018);
#1017 = CARTESIAN_POINT('',(160.3835,-16.6075,-0.85));
#1018 = VECTOR('',#1019,1.);
#1019 = DIRECTION('',(0.,0.,1.));
#1020 = ORIENTED_EDGE('',*,*,#1021,.T.);
#1021 = EDGE_CURVE('',#1014,#193,#1022,.T.);
#1022 = LINE('',#1023,#1024);
#1023 = CARTESIAN_POINT('',(155.,-16.6075,5.3));
#1024 = VECTOR('',#1025,1.);
#1025 = DIRECTION('',(1.,0.,0.));
#1026 = ORIENTED_EDGE('',*,*,#192,.F.);
#1027 = PLANE('',#1028);
#1028 = AXIS2_PLACEMENT_3D('',#1029,#1030,#1031);
#1029 = CARTESIAN_POINT('',(155.,-16.6075,0.3));
#1030 = DIRECTION('',(0.,1.,0.));
#1031 = DIRECTION('',(0.,0.,1.));
#1032 = ADVANCED_FACE('',(#1033),#1044,.F.);
#1033 = FACE_BOUND('',#1034,.F.);
#1034 = EDGE_LOOP('',(#1035,#1036,#1042,#1043));
#1035 = ORIENTED_EDGE('',*,*,#997,.F.);
#1036 = ORIENTED_EDGE('',*,*,#1037,.T.);
#1037 = EDGE_CURVE('',#990,#1014,#1038,.T.);
#1038 = LINE('',#1039,#1040);
#1039 = CARTESIAN_POINT('',(160.3835,-6.8575,5.3));
#1040 = VECTOR('',#1041,1.);
#1041 = DIRECTION('',(0.,-1.,0.));
#1042 = ORIENTED_EDGE('',*,*,#1021,.T.);
#1043 = ORIENTED_EDGE('',*,*,#200,.F.);
#1044 = PLANE('',#1045);
#1045 = AXIS2_PLACEMENT_3D('',#1046,#1047,#1048);
#1046 = CARTESIAN_POINT('',(155.,-16.6075,5.3));
#1047 = DIRECTION('',(0.,0.,1.));
#1048 = DIRECTION('',(1.,0.,0.));
#1049 = ADVANCED_FACE('',(#1050),#1075,.F.);
#1050 = FACE_BOUND('',#1051,.F.);
#1051 = EDGE_LOOP('',(#1052,#1053,#1061,#1069));
#1052 = ORIENTED_EDGE('',*,*,#231,.T.);
#1053 = ORIENTED_EDGE('',*,*,#1054,.T.);
#1054 = EDGE_CURVE('',#224,#1055,#1057,.T.);
#1055 = VERTEX_POINT('',#1056);
#1056 = CARTESIAN_POINT('',(161.6625,-36.07505703056,-3.));
#1057 = LINE('',#1058,#1059);
#1058 = CARTESIAN_POINT('',(161.47455982191,-26.6575,-3.));
#1059 = VECTOR('',#1060,1.);
#1060 = DIRECTION('',(1.995238940048E-02,-0.999800931264,0.));
#1061 = ORIENTED_EDGE('',*,*,#1062,.F.);
#1062 = EDGE_CURVE('',#1063,#1055,#1065,.T.);
#1063 = VERTEX_POINT('',#1064);
#1064 = CARTESIAN_POINT('',(161.6625,-36.07505703056,-2.));
#1065 = LINE('',#1066,#1067);
#1066 = CARTESIAN_POINT('',(161.6625,-36.07505703056,-2.));
#1067 = VECTOR('',#1068,1.);
#1068 = DIRECTION('',(0.,0.,-1.));
#1069 = ORIENTED_EDGE('',*,*,#1070,.F.);
#1070 = EDGE_CURVE('',#232,#1063,#1071,.T.);
#1071 = LINE('',#1072,#1073);
#1072 = CARTESIAN_POINT('',(161.44450232816,-25.15133902649,-2.));
#1073 = VECTOR('',#1074,1.);
#1074 = DIRECTION('',(1.995238940048E-02,-0.999800931264,0.));
#1075 = PLANE('',#1076);
#1076 = AXIS2_PLACEMENT_3D('',#1077,#1078,#1079);
#1077 = CARTESIAN_POINT('',(161.47455982191,-26.6575,-2.));
#1078 = DIRECTION('',(-0.999800931264,-1.995238940048E-02,-0.));
#1079 = DIRECTION('',(1.995238940048E-02,-0.999800931264,0.));
#1080 = ADVANCED_FACE('',(#1081),#1106,.F.);
#1081 = FACE_BOUND('',#1082,.F.);
#1082 = EDGE_LOOP('',(#1083,#1093,#1099,#1100));
#1083 = ORIENTED_EDGE('',*,*,#1084,.T.);
#1084 = EDGE_CURVE('',#1085,#1087,#1089,.T.);
#1085 = VERTEX_POINT('',#1086);
#1086 = CARTESIAN_POINT('',(123.5625,0.69,-2.));
#1087 = VERTEX_POINT('',#1088);
#1088 = CARTESIAN_POINT('',(123.5625,0.69,-3.));
#1089 = LINE('',#1090,#1091);
#1090 = CARTESIAN_POINT('',(123.5625,0.69,-2.));
#1091 = VECTOR('',#1092,1.);
#1092 = DIRECTION('',(0.,0.,-1.));
#1093 = ORIENTED_EDGE('',*,*,#1094,.T.);
#1094 = EDGE_CURVE('',#1087,#256,#1095,.T.);
#1095 = LINE('',#1096,#1097);
#1096 = CARTESIAN_POINT('',(123.5625,0.69,-3.));
#1097 = VECTOR('',#1098,1.);
#1098 = DIRECTION('',(1.,0.,0.));
#1099 = ORIENTED_EDGE('',*,*,#253,.F.);
#1100 = ORIENTED_EDGE('',*,*,#1101,.F.);
#1101 = EDGE_CURVE('',#1085,#254,#1102,.T.);
#1102 = LINE('',#1103,#1104);
#1103 = CARTESIAN_POINT('',(121.0625,0.69,-2.));
#1104 = VECTOR('',#1105,1.);
#1105 = DIRECTION('',(1.,0.,0.));
#1106 = PLANE('',#1107);
#1107 = AXIS2_PLACEMENT_3D('',#1108,#1109,#1110);
#1108 = CARTESIAN_POINT('',(123.5625,0.69,-2.));
#1109 = DIRECTION('',(0.,-1.,0.));
#1110 = DIRECTION('',(1.,0.,0.));
#1111 = ADVANCED_FACE('',(#1112),#1124,.T.);
#1112 = FACE_BOUND('',#1113,.F.);
#1113 = EDGE_LOOP('',(#1114,#1121,#1122,#1123));
#1114 = ORIENTED_EDGE('',*,*,#1115,.T.);
#1115 = EDGE_CURVE('',#256,#654,#1116,.T.);
#1116 = ELLIPSE('',#1117,1.414213562373,1.);
#1117 = AXIS2_PLACEMENT_3D('',#1118,#1119,#1120);
#1118 = CARTESIAN_POINT('',(135.8415,-0.31,-3.));
#1119 = DIRECTION('',(-0.707106781187,-0.707106781187,-0.));
#1120 = DIRECTION('',(-0.707106781187,0.707106781187,0.));
#1121 = ORIENTED_EDGE('',*,*,#661,.T.);
#1122 = ORIENTED_EDGE('',*,*,#284,.F.);
#1123 = ORIENTED_EDGE('',*,*,#263,.F.);
#1124 = CYLINDRICAL_SURFACE('',#1125,1.);
#1125 = AXIS2_PLACEMENT_3D('',#1126,#1127,#1128);
#1126 = CARTESIAN_POINT('',(135.8415,0.69,-3.));
#1127 = DIRECTION('',(0.,1.,0.));
#1128 = DIRECTION('',(-1.,0.,0.));
#1129 = ADVANCED_FACE('',(#1130),#1148,.T.);
#1130 = FACE_BOUND('',#1131,.T.);
#1131 = EDGE_LOOP('',(#1132,#1140,#1146,#1147));
#1132 = ORIENTED_EDGE('',*,*,#1133,.T.);
#1133 = EDGE_CURVE('',#254,#1134,#1136,.T.);
#1134 = VERTEX_POINT('',#1135);
#1135 = CARTESIAN_POINT('',(134.8415,0.69,5.31));
#1136 = LINE('',#1137,#1138);
#1137 = CARTESIAN_POINT('',(134.8415,0.69,-2.));
#1138 = VECTOR('',#1139,1.);
#1139 = DIRECTION('',(0.,0.,1.));
#1140 = ORIENTED_EDGE('',*,*,#1141,.T.);
#1141 = EDGE_CURVE('',#1134,#310,#1142,.T.);
#1142 = LINE('',#1143,#1144);
#1143 = CARTESIAN_POINT('',(134.8415,0.69,5.31));
#1144 = VECTOR('',#1145,1.);
#1145 = DIRECTION('',(0.,1.,0.));
#1146 = ORIENTED_EDGE('',*,*,#309,.F.);
#1147 = ORIENTED_EDGE('',*,*,#270,.F.);
#1148 = PLANE('',#1149);
#1149 = AXIS2_PLACEMENT_3D('',#1150,#1151,#1152);
#1150 = CARTESIAN_POINT('',(134.8415,0.69,-2.));
#1151 = DIRECTION('',(-1.,0.,0.));
#1152 = DIRECTION('',(0.,1.,0.));
#1153 = ADVANCED_FACE('',(#1154),#1173,.T.);
#1154 = FACE_BOUND('',#1155,.F.);
#1155 = EDGE_LOOP('',(#1156,#1165,#1166,#1167));
#1156 = ORIENTED_EDGE('',*,*,#1157,.T.);
#1157 = EDGE_CURVE('',#1158,#310,#1160,.T.);
#1158 = VERTEX_POINT('',#1159);
#1159 = CARTESIAN_POINT('',(136.0415,3.6925,6.51));
#1160 = ELLIPSE('',#1161,1.697056274848,1.2);
#1161 = AXIS2_PLACEMENT_3D('',#1162,#1163,#1164);
#1162 = CARTESIAN_POINT('',(136.0415,3.6925,5.31));
#1163 = DIRECTION('',(-0.707106781187,-0.707106781187,0.));
#1164 = DIRECTION('',(0.707106781187,-0.707106781187,0.));
#1165 = ORIENTED_EDGE('',*,*,#317,.T.);
#1166 = ORIENTED_EDGE('',*,*,#803,.F.);
#1167 = ORIENTED_EDGE('',*,*,#1168,.F.);
#1168 = EDGE_CURVE('',#1158,#804,#1169,.T.);
#1169 = LINE('',#1170,#1171);
#1170 = CARTESIAN_POINT('',(134.8415,3.6925,6.51));
#1171 = VECTOR('',#1172,1.);
#1172 = DIRECTION('',(1.,0.,0.));
#1173 = CYLINDRICAL_SURFACE('',#1174,1.2);
#1174 = AXIS2_PLACEMENT_3D('',#1175,#1176,#1177);
#1175 = CARTESIAN_POINT('',(134.8415,3.6925,5.31));
#1176 = DIRECTION('',(1.,0.,0.));
#1177 = DIRECTION('',(0.,-0.,1.));
#1178 = ADVANCED_FACE('',(#1179),#1191,.T.);
#1179 = FACE_BOUND('',#1180,.F.);
#1180 = EDGE_LOOP('',(#1181,#1182,#1183,#1190));
#1181 = ORIENTED_EDGE('',*,*,#756,.T.);
#1182 = ORIENTED_EDGE('',*,*,#341,.T.);
#1183 = ORIENTED_EDGE('',*,*,#1184,.F.);
#1184 = EDGE_CURVE('',#1055,#342,#1185,.T.);
#1185 = CIRCLE('',#1186,1.);
#1186 = AXIS2_PLACEMENT_3D('',#1187,#1188,#1189);
#1187 = CARTESIAN_POINT('',(160.66269906873,-36.09500941996,-3.));
#1188 = DIRECTION('',(-1.995238940048E-02,0.999800931264,0.));
#1189 = DIRECTION('',(0.999800931264,1.995238940048E-02,0.));
#1190 = ORIENTED_EDGE('',*,*,#1054,.F.);
#1191 = CYLINDRICAL_SURFACE('',#1192,1.);
#1192 = AXIS2_PLACEMENT_3D('',#1193,#1194,#1195);
#1193 = CARTESIAN_POINT('',(160.47475889064,-26.6774523894,-3.));
#1194 = DIRECTION('',(1.995238940048E-02,-0.999800931264,0.));
#1195 = DIRECTION('',(0.999800931264,1.995238940048E-02,0.));
#1196 = ADVANCED_FACE('',(#1197),#1216,.T.);
#1197 = FACE_BOUND('',#1198,.F.);
#1198 = EDGE_LOOP('',(#1199,#1200,#1201,#1210));
#1199 = ORIENTED_EDGE('',*,*,#1184,.T.);
#1200 = ORIENTED_EDGE('',*,*,#349,.T.);
#1201 = ORIENTED_EDGE('',*,*,#1202,.F.);
#1202 = EDGE_CURVE('',#1203,#350,#1205,.T.);
#1203 = VERTEX_POINT('',#1204);
#1204 = CARTESIAN_POINT('',(161.6625,-80.7,-3.));
#1205 = ELLIPSE('',#1206,1.414213562373,1.);
#1206 = AXIS2_PLACEMENT_3D('',#1207,#1208,#1209);
#1207 = CARTESIAN_POINT('',(160.6625,-79.7,-3.));
#1208 = DIRECTION('',(0.707106781187,0.707106781187,0.));
#1209 = DIRECTION('',(0.707106781187,-0.707106781187,0.));
#1210 = ORIENTED_EDGE('',*,*,#1211,.F.);
#1211 = EDGE_CURVE('',#1055,#1203,#1212,.T.);
#1212 = LINE('',#1213,#1214);
#1213 = CARTESIAN_POINT('',(161.6625,-36.07505703056,-3.));
#1214 = VECTOR('',#1215,1.);
#1215 = DIRECTION('',(0.,-1.,0.));
#1216 = CYLINDRICAL_SURFACE('',#1217,1.);
#1217 = AXIS2_PLACEMENT_3D('',#1218,#1219,#1220);
#1218 = CARTESIAN_POINT('',(160.6625,-36.07505703056,-3.));
#1219 = DIRECTION('',(0.,-1.,0.));
#1220 = DIRECTION('',(1.,0.,-0.));
#1221 = ADVANCED_FACE('',(#1222),#1241,.T.);
#1222 = FACE_BOUND('',#1223,.F.);
#1223 = EDGE_LOOP('',(#1224,#1225,#1226,#1235));
#1224 = ORIENTED_EDGE('',*,*,#1202,.T.);
#1225 = ORIENTED_EDGE('',*,*,#357,.T.);
#1226 = ORIENTED_EDGE('',*,*,#1227,.F.);
#1227 = EDGE_CURVE('',#1228,#358,#1230,.T.);
#1228 = VERTEX_POINT('',#1229);
#1229 = CARTESIAN_POINT('',(152.95516823387,-80.7,-3.));
#1230 = ELLIPSE('',#1231,7.661302318948,1.);
#1231 = AXIS2_PLACEMENT_3D('',#1232,#1233,#1234);
#1232 = CARTESIAN_POINT('',(145.3594093368,-79.7,-3.));
#1233 = DIRECTION('',(0.130526111406,0.991444872013,-0.));
#1234 = DIRECTION('',(-0.991444872013,0.130526111406,0.));
#1235 = ORIENTED_EDGE('',*,*,#1236,.F.);
#1236 = EDGE_CURVE('',#1203,#1228,#1237,.T.);
#1237 = LINE('',#1238,#1239);
#1238 = CARTESIAN_POINT('',(161.6625,-80.7,-3.));
#1239 = VECTOR('',#1240,1.);
#1240 = DIRECTION('',(-1.,0.,0.));
#1241 = CYLINDRICAL_SURFACE('',#1242,1.);
#1242 = AXIS2_PLACEMENT_3D('',#1243,#1244,#1245);
#1243 = CARTESIAN_POINT('',(161.6625,-79.7,-3.));
#1244 = DIRECTION('',(-1.,0.,0.));
#1245 = DIRECTION('',(-0.,-1.,0.));
#1246 = ADVANCED_FACE('',(#1247),#1259,.T.);
#1247 = FACE_BOUND('',#1248,.F.);
#1248 = EDGE_LOOP('',(#1249,#1256,#1257,#1258));
#1249 = ORIENTED_EDGE('',*,*,#1250,.T.);
#1250 = EDGE_CURVE('',#1087,#646,#1251,.T.);
#1251 = ELLIPSE('',#1252,1.414213562373,1.);
#1252 = AXIS2_PLACEMENT_3D('',#1253,#1254,#1255);
#1253 = CARTESIAN_POINT('',(122.5625,-0.31,-3.));
#1254 = DIRECTION('',(-0.707106781187,0.707106781187,0.));
#1255 = DIRECTION('',(0.707106781187,0.707106781187,0.));
#1256 = ORIENTED_EDGE('',*,*,#653,.T.);
#1257 = ORIENTED_EDGE('',*,*,#1115,.F.);
#1258 = ORIENTED_EDGE('',*,*,#1094,.F.);
#1259 = CYLINDRICAL_SURFACE('',#1260,1.);
#1260 = AXIS2_PLACEMENT_3D('',#1261,#1262,#1263);
#1261 = CARTESIAN_POINT('',(123.5625,-0.31,-3.));
#1262 = DIRECTION('',(1.,0.,0.));
#1263 = DIRECTION('',(-0.,1.,0.));
#1264 = ADVANCED_FACE('',(#1265),#1284,.T.);
#1265 = FACE_BOUND('',#1266,.F.);
#1266 = EDGE_LOOP('',(#1267,#1268,#1269,#1278));
#1267 = ORIENTED_EDGE('',*,*,#1227,.T.);
#1268 = ORIENTED_EDGE('',*,*,#365,.T.);
#1269 = ORIENTED_EDGE('',*,*,#1270,.F.);
#1270 = EDGE_CURVE('',#1271,#366,#1273,.T.);
#1271 = VERTEX_POINT('',#1272);
#1272 = CARTESIAN_POINT('',(160.02570241977,-82.59454268975,-3.));
#1273 = ELLIPSE('',#1274,1.414213717417,1.);
#1274 = AXIS2_PLACEMENT_3D('',#1275,#1276,#1277);
#1275 = CARTESIAN_POINT('',(158.80095745186,-83.30164961385,-3.));
#1276 = DIRECTION('',(-0.500000046237,0.86602537709,0.));
#1277 = DIRECTION('',(0.86602537709,0.500000046237,0.));
#1278 = ORIENTED_EDGE('',*,*,#1279,.F.);
#1279 = EDGE_CURVE('',#1228,#1271,#1280,.T.);
#1280 = LINE('',#1281,#1282);
#1281 = CARTESIAN_POINT('',(152.95516823387,-80.7,-3.));
#1282 = VECTOR('',#1283,1.);
#1283 = DIRECTION('',(0.965925868482,-0.258818887635,0.));
#1284 = CYLINDRICAL_SURFACE('',#1285,1.);
#1285 = AXIS2_PLACEMENT_3D('',#1286,#1287,#1288);
#1286 = CARTESIAN_POINT('',(152.69634934623,-81.66592586848,-3.));
#1287 = DIRECTION('',(0.965925868482,-0.258818887635,0.));
#1288 = DIRECTION('',(0.258818887635,0.965925868482,0.));
#1289 = ADVANCED_FACE('',(#1290),#1309,.T.);
#1290 = FACE_BOUND('',#1291,.F.);
#1291 = EDGE_LOOP('',(#1292,#1301,#1302,#1303));
#1292 = ORIENTED_EDGE('',*,*,#1293,.T.);
#1293 = EDGE_CURVE('',#1294,#638,#1296,.T.);
#1294 = VERTEX_POINT('',#1295);
#1295 = CARTESIAN_POINT('',(123.5625,2.595,-3.));
#1296 = ELLIPSE('',#1297,1.414213562373,1.);
#1297 = AXIS2_PLACEMENT_3D('',#1298,#1299,#1300);
#1298 = CARTESIAN_POINT('',(122.5625,1.595,-3.));
#1299 = DIRECTION('',(-0.707106781187,0.707106781187,0.));
#1300 = DIRECTION('',(-0.707106781187,-0.707106781187,0.));
#1301 = ORIENTED_EDGE('',*,*,#645,.T.);
#1302 = ORIENTED_EDGE('',*,*,#1250,.F.);
#1303 = ORIENTED_EDGE('',*,*,#1304,.F.);
#1304 = EDGE_CURVE('',#1294,#1087,#1305,.T.);
#1305 = LINE('',#1306,#1307);
#1306 = CARTESIAN_POINT('',(123.5625,2.595,-3.));
#1307 = VECTOR('',#1308,1.);
#1308 = DIRECTION('',(0.,-1.,0.));
#1309 = CYLINDRICAL_SURFACE('',#1310,1.);
#1310 = AXIS2_PLACEMENT_3D('',#1311,#1312,#1313);
#1311 = CARTESIAN_POINT('',(122.5625,2.595,-3.));
#1312 = DIRECTION('',(0.,-1.,0.));
#1313 = DIRECTION('',(1.,0.,-0.));
#1314 = ADVANCED_FACE('',(#1315),#1334,.T.);
#1315 = FACE_BOUND('',#1316,.F.);
#1316 = EDGE_LOOP('',(#1317,#1318,#1319,#1328));
#1317 = ORIENTED_EDGE('',*,*,#1270,.T.);
#1318 = ORIENTED_EDGE('',*,*,#373,.T.);
#1319 = ORIENTED_EDGE('',*,*,#1320,.F.);
#1320 = EDGE_CURVE('',#1321,#374,#1323,.T.);
#1321 = VERTEX_POINT('',#1322);
#1322 = CARTESIAN_POINT('',(158.46470024211,-88.42028081691,-3.));
#1323 = ELLIPSE('',#1324,1.414211337622,1.);
#1324 = AXIS2_PLACEMENT_3D('',#1325,#1326,#1327);
#1325 = CARTESIAN_POINT('',(157.23995614526,-89.12738449014,-3.));
#1326 = DIRECTION('',(-0.499998588912,0.866026218475,0.));
#1327 = DIRECTION('',(-0.866026218475,-0.499998588912,0.));
#1328 = ORIENTED_EDGE('',*,*,#1329,.F.);
#1329 = EDGE_CURVE('',#1271,#1321,#1330,.T.);
#1330 = LINE('',#1331,#1332);
#1331 = CARTESIAN_POINT('',(160.02570241977,-82.59454268975,-3.));
#1332 = VECTOR('',#1333,1.);
#1333 = DIRECTION('',(-0.258819099429,-0.965925811732,0.));
#1334 = CYLINDRICAL_SURFACE('',#1335,1.);
#1335 = AXIS2_PLACEMENT_3D('',#1336,#1337,#1338);
#1336 = CARTESIAN_POINT('',(159.05977660804,-82.33572359033,-3.));
#1337 = DIRECTION('',(-0.258819099429,-0.965925811732,0.));
#1338 = DIRECTION('',(0.965925811732,-0.258819099429,-0.));
#1339 = ADVANCED_FACE('',(#1340),#1359,.T.);
#1340 = FACE_BOUND('',#1341,.F.);
#1341 = EDGE_LOOP('',(#1342,#1351,#1352,#1353));
#1342 = ORIENTED_EDGE('',*,*,#1343,.T.);
#1343 = EDGE_CURVE('',#1344,#630,#1346,.T.);
#1344 = VERTEX_POINT('',#1345);
#1345 = CARTESIAN_POINT('',(104.5125,2.595,-3.));
#1346 = ELLIPSE('',#1347,1.414213562373,1.);
#1347 = AXIS2_PLACEMENT_3D('',#1348,#1349,#1350);
#1348 = CARTESIAN_POINT('',(103.5125,1.595,-3.));
#1349 = DIRECTION('',(-0.707106781187,0.707106781187,0.));
#1350 = DIRECTION('',(0.707106781187,0.707106781187,0.));
#1351 = ORIENTED_EDGE('',*,*,#637,.T.);
#1352 = ORIENTED_EDGE('',*,*,#1293,.F.);
#1353 = ORIENTED_EDGE('',*,*,#1354,.F.);
#1354 = EDGE_CURVE('',#1344,#1294,#1355,.T.);
#1355 = LINE('',#1356,#1357);
#1356 = CARTESIAN_POINT('',(104.5125,2.595,-3.));
#1357 = VECTOR('',#1358,1.);
#1358 = DIRECTION('',(1.,0.,0.));
#1359 = CYLINDRICAL_SURFACE('',#1360,1.);
#1360 = AXIS2_PLACEMENT_3D('',#1361,#1362,#1363);
#1361 = CARTESIAN_POINT('',(104.5125,1.595,-3.));
#1362 = DIRECTION('',(1.,0.,0.));
#1363 = DIRECTION('',(-0.,1.,0.));
#1364 = ADVANCED_FACE('',(#1365),#1384,.T.);
#1365 = FACE_BOUND('',#1366,.F.);
#1366 = EDGE_LOOP('',(#1367,#1368,#1369,#1378));
#1367 = ORIENTED_EDGE('',*,*,#1320,.T.);
#1368 = ORIENTED_EDGE('',*,*,#381,.T.);
#1369 = ORIENTED_EDGE('',*,*,#1370,.F.);
#1370 = EDGE_CURVE('',#1371,#382,#1373,.T.);
#1371 = VERTEX_POINT('',#1372);
#1372 = CARTESIAN_POINT('',(160.60421989829,-88.99357072478,-3.));
#1373 = ELLIPSE('',#1374,1.414211236947,1.);
#1374 = AXIS2_PLACEMENT_3D('',#1375,#1376,#1377);
#1375 = CARTESIAN_POINT('',(159.37947593898,-89.70067443487,-3.));
#1376 = DIRECTION('',(-0.499998650563,0.866026182881,0.));
#1377 = DIRECTION('',(0.866026182881,0.499998650563,0.));
#1378 = ORIENTED_EDGE('',*,*,#1379,.F.);
#1379 = EDGE_CURVE('',#1321,#1371,#1380,.T.);
#1380 = LINE('',#1381,#1382);
#1381 = CARTESIAN_POINT('',(158.46470024211,-88.42028081691,-3.));
#1382 = VECTOR('',#1383,1.);
#1383 = DIRECTION('',(0.96592499741,-0.258822138501,0.));
#1384 = CYLINDRICAL_SURFACE('',#1385,1.);
#1385 = AXIS2_PLACEMENT_3D('',#1386,#1387,#1388);
#1386 = CARTESIAN_POINT('',(158.2058781036,-89.38620581432,-3.));
#1387 = DIRECTION('',(0.96592499741,-0.258822138501,0.));
#1388 = DIRECTION('',(0.258822138501,0.96592499741,0.));
#1389 = ADVANCED_FACE('',(#1390),#1409,.T.);
#1390 = FACE_BOUND('',#1391,.F.);
#1391 = EDGE_LOOP('',(#1392,#1401,#1402,#1403));
#1392 = ORIENTED_EDGE('',*,*,#1393,.T.);
#1393 = EDGE_CURVE('',#1394,#622,#1396,.T.);
#1394 = VERTEX_POINT('',#1395);
#1395 = CARTESIAN_POINT('',(104.5125,4.5,-3.));
#1396 = ELLIPSE('',#1397,1.414213562373,1.);
#1397 = AXIS2_PLACEMENT_3D('',#1398,#1399,#1400);
#1398 = CARTESIAN_POINT('',(103.5125,3.5,-3.));
#1399 = DIRECTION('',(-0.707106781187,0.707106781187,0.));
#1400 = DIRECTION('',(-0.707106781187,-0.707106781187,0.));
#1401 = ORIENTED_EDGE('',*,*,#629,.T.);
#1402 = ORIENTED_EDGE('',*,*,#1343,.F.);
#1403 = ORIENTED_EDGE('',*,*,#1404,.F.);
#1404 = EDGE_CURVE('',#1394,#1344,#1405,.T.);
#1405 = LINE('',#1406,#1407);
#1406 = CARTESIAN_POINT('',(104.5125,4.5,-3.));
#1407 = VECTOR('',#1408,1.);
#1408 = DIRECTION('',(0.,-1.,0.));
#1409 = CYLINDRICAL_SURFACE('',#1410,1.);
#1410 = AXIS2_PLACEMENT_3D('',#1411,#1412,#1413);
#1411 = CARTESIAN_POINT('',(103.5125,4.5,-3.));
#1412 = DIRECTION('',(0.,-1.,0.));
#1413 = DIRECTION('',(1.,0.,-0.));
#1414 = ADVANCED_FACE('',(#1415),#1434,.T.);
#1415 = FACE_BOUND('',#1416,.F.);
#1416 = EDGE_LOOP('',(#1417,#1418,#1419,#1428));
#1417 = ORIENTED_EDGE('',*,*,#1370,.T.);
#1418 = ORIENTED_EDGE('',*,*,#389,.T.);
#1419 = ORIENTED_EDGE('',*,*,#1420,.F.);
#1420 = EDGE_CURVE('',#1421,#390,#1423,.T.);
#1421 = VERTEX_POINT('',#1422);
#1422 = CARTESIAN_POINT('',(150.30322508879,-127.4374199677,-3.));
#1423 = ELLIPSE('',#1424,1.414215887811,1.);
#1424 = AXIS2_PLACEMENT_3D('',#1425,#1426,#1427);
#1425 = CARTESIAN_POINT('',(149.59611905328,-126.2126719806,-3.));
#1426 = DIRECTION('',(0.866026182881,0.499998650563,0.));
#1427 = DIRECTION('',(0.499998650563,-0.866026182881,0.));
#1428 = ORIENTED_EDGE('',*,*,#1429,.F.);
#1429 = EDGE_CURVE('',#1371,#1421,#1430,.T.);
#1430 = LINE('',#1431,#1432);
#1431 = CARTESIAN_POINT('',(160.60421989829,-88.99357072478,-3.));
#1432 = VECTOR('',#1433,1.);
#1433 = DIRECTION('',(-0.258818961903,-0.965925848582,0.));
#1434 = CYLINDRICAL_SURFACE('',#1435,1.);
#1435 = AXIS2_PLACEMENT_3D('',#1436,#1437,#1438);
#1436 = CARTESIAN_POINT('',(159.63829404971,-88.73475176288,-3.));
#1437 = DIRECTION('',(-0.258818961903,-0.965925848582,0.));
#1438 = DIRECTION('',(0.965925848582,-0.258818961903,-0.));
#1439 = ADVANCED_FACE('',(#1440),#1459,.T.);
#1440 = FACE_BOUND('',#1441,.F.);
#1441 = EDGE_LOOP('',(#1442,#1451,#1452,#1453));
#1442 = ORIENTED_EDGE('',*,*,#1443,.T.);
#1443 = EDGE_CURVE('',#1444,#614,#1446,.T.);
#1444 = VERTEX_POINT('',#1445);
#1445 = CARTESIAN_POINT('',(76.4625,4.5,-3.));
#1446 = ELLIPSE('',#1447,1.414213562373,1.);
#1447 = AXIS2_PLACEMENT_3D('',#1448,#1449,#1450);
#1448 = CARTESIAN_POINT('',(77.4625,3.5,-3.));
#1449 = DIRECTION('',(-0.707106781187,-0.707106781187,0.));
#1450 = DIRECTION('',(0.707106781187,-0.707106781187,0.));
#1451 = ORIENTED_EDGE('',*,*,#621,.T.);
#1452 = ORIENTED_EDGE('',*,*,#1393,.F.);
#1453 = ORIENTED_EDGE('',*,*,#1454,.F.);
#1454 = EDGE_CURVE('',#1444,#1394,#1455,.T.);
#1455 = LINE('',#1456,#1457);
#1456 = CARTESIAN_POINT('',(76.4625,4.5,-3.));
#1457 = VECTOR('',#1458,1.);
#1458 = DIRECTION('',(1.,0.,0.));
#1459 = CYLINDRICAL_SURFACE('',#1460,1.);
#1460 = AXIS2_PLACEMENT_3D('',#1461,#1462,#1463);
#1461 = CARTESIAN_POINT('',(76.4625,3.5,-3.));
#1462 = DIRECTION('',(1.,0.,0.));
#1463 = DIRECTION('',(-0.,1.,0.));
#1464 = ADVANCED_FACE('',(#1465),#1484,.T.);
#1465 = FACE_BOUND('',#1466,.F.);
#1466 = EDGE_LOOP('',(#1467,#1468,#1469,#1478));
#1467 = ORIENTED_EDGE('',*,*,#1420,.T.);
#1468 = ORIENTED_EDGE('',*,*,#397,.T.);
#1469 = ORIENTED_EDGE('',*,*,#1470,.F.);
#1470 = EDGE_CURVE('',#1471,#398,#1473,.T.);
#1471 = VERTEX_POINT('',#1472);
#1472 = CARTESIAN_POINT('',(148.16370295009,-126.8641293946,-3.));
#1473 = ELLIPSE('',#1474,1.414215261559,1.);
#1474 = AXIS2_PLACEMENT_3D('',#1475,#1476,#1477);
#1475 = CARTESIAN_POINT('',(147.45659777005,-125.6393816367,-3.));
#1476 = DIRECTION('',(0.866026404292,0.499998267065,-0.));
#1477 = DIRECTION('',(-0.499998267065,0.866026404292,0.));
#1478 = ORIENTED_EDGE('',*,*,#1479,.F.);
#1479 = EDGE_CURVE('',#1421,#1471,#1480,.T.);
#1480 = LINE('',#1481,#1482);
#1481 = CARTESIAN_POINT('',(150.30322508879,-127.4374199677,-3.));
#1482 = VECTOR('',#1483,1.);
#1483 = DIRECTION('',(-0.96592499741,0.258822138501,0.));
#1484 = CYLINDRICAL_SURFACE('',#1485,1.);
#1485 = AXIS2_PLACEMENT_3D('',#1486,#1487,#1488);
#1486 = CARTESIAN_POINT('',(150.56204722729,-126.4714949703,-3.));
#1487 = DIRECTION('',(-0.96592499741,0.258822138501,0.));
#1488 = DIRECTION('',(-0.258822138501,-0.96592499741,0.));
#1489 = ADVANCED_FACE('',(#1490),#1509,.T.);
#1490 = FACE_BOUND('',#1491,.F.);
#1491 = EDGE_LOOP('',(#1492,#1501,#1502,#1503));
#1492 = ORIENTED_EDGE('',*,*,#1493,.T.);
#1493 = EDGE_CURVE('',#1494,#606,#1496,.T.);
#1494 = VERTEX_POINT('',#1495);
#1495 = CARTESIAN_POINT('',(76.4625,3.095,-3.));
#1496 = ELLIPSE('',#1497,1.414213562373,1.);
#1497 = AXIS2_PLACEMENT_3D('',#1498,#1499,#1500);
#1498 = CARTESIAN_POINT('',(77.4625,2.095,-3.));
#1499 = DIRECTION('',(-0.707106781187,-0.707106781187,-0.));
#1500 = DIRECTION('',(-0.707106781187,0.707106781187,0.));
#1501 = ORIENTED_EDGE('',*,*,#613,.T.);
#1502 = ORIENTED_EDGE('',*,*,#1443,.F.);
#1503 = ORIENTED_EDGE('',*,*,#1504,.F.);
#1504 = EDGE_CURVE('',#1494,#1444,#1505,.T.);
#1505 = LINE('',#1506,#1507);
#1506 = CARTESIAN_POINT('',(76.4625,3.095,-3.));
#1507 = VECTOR('',#1508,1.);
#1508 = DIRECTION('',(0.,1.,0.));
#1509 = CYLINDRICAL_SURFACE('',#1510,1.);
#1510 = AXIS2_PLACEMENT_3D('',#1511,#1512,#1513);
#1511 = CARTESIAN_POINT('',(77.4625,3.095,-3.));
#1512 = DIRECTION('',(0.,1.,0.));
#1513 = DIRECTION('',(-1.,0.,0.));
#1514 = ADVANCED_FACE('',(#1515),#1534,.T.);
#1515 = FACE_BOUND('',#1516,.F.);
#1516 = EDGE_LOOP('',(#1517,#1518,#1519,#1528));
#1517 = ORIENTED_EDGE('',*,*,#1470,.T.);
#1518 = ORIENTED_EDGE('',*,*,#405,.T.);
#1519 = ORIENTED_EDGE('',*,*,#1520,.F.);
#1520 = EDGE_CURVE('',#1521,#406,#1523,.T.);
#1521 = VERTEX_POINT('',#1522);
#1522 = CARTESIAN_POINT('',(146.60269499274,-132.6898717714,-3.));
#1523 = ELLIPSE('',#1524,1.41421302932,1.);
#1524 = AXIS2_PLACEMENT_3D('',#1525,#1526,#1527);
#1525 = CARTESIAN_POINT('',(145.89558899564,-131.4651270628,-3.));
#1526 = DIRECTION('',(0.866025615079,0.499999634026,0.));
#1527 = DIRECTION('',(0.499999634026,-0.866025615079,0.));
#1528 = ORIENTED_EDGE('',*,*,#1529,.F.);
#1529 = EDGE_CURVE('',#1471,#1521,#1530,.T.);
#1530 = LINE('',#1531,#1532);
#1531 = CARTESIAN_POINT('',(148.16370295009,-126.8641293946,-3.));
#1532 = VECTOR('',#1533,1.);
#1533 = DIRECTION('',(-0.258819817375,-0.965925619359,0.));
#1534 = CYLINDRICAL_SURFACE('',#1535,1.);
#1535 = AXIS2_PLACEMENT_3D('',#1536,#1537,#1538);
#1536 = CARTESIAN_POINT('',(147.19777733073,-126.6053095772,-3.));
#1537 = DIRECTION('',(-0.258819817375,-0.965925619359,0.));
#1538 = DIRECTION('',(0.965925619359,-0.258819817375,-0.));
#1539 = ADVANCED_FACE('',(#1540),#1559,.T.);
#1540 = FACE_BOUND('',#1541,.F.);
#1541 = EDGE_LOOP('',(#1542,#1551,#1552,#1553));
#1542 = ORIENTED_EDGE('',*,*,#1543,.T.);
#1543 = EDGE_CURVE('',#1544,#598,#1546,.T.);
#1544 = VERTEX_POINT('',#1545);
#1545 = CARTESIAN_POINT('',(75.8375,3.095,-3.));
#1546 = ELLIPSE('',#1547,1.414213562373,1.);
#1547 = AXIS2_PLACEMENT_3D('',#1548,#1549,#1550);
#1548 = CARTESIAN_POINT('',(76.8375,2.095,-3.));
#1549 = DIRECTION('',(-0.707106781187,-0.707106781187,0.));
#1550 = DIRECTION('',(0.707106781187,-0.707106781187,0.));
#1551 = ORIENTED_EDGE('',*,*,#605,.T.);
#1552 = ORIENTED_EDGE('',*,*,#1493,.F.);
#1553 = ORIENTED_EDGE('',*,*,#1554,.F.);
#1554 = EDGE_CURVE('',#1544,#1494,#1555,.T.);
#1555 = LINE('',#1556,#1557);
#1556 = CARTESIAN_POINT('',(75.8375,3.095,-3.));
#1557 = VECTOR('',#1558,1.);
#1558 = DIRECTION('',(1.,0.,0.));
#1559 = CYLINDRICAL_SURFACE('',#1560,1.);
#1560 = AXIS2_PLACEMENT_3D('',#1561,#1562,#1563);
#1561 = CARTESIAN_POINT('',(75.8375,2.095,-3.));
#1562 = DIRECTION('',(1.,0.,0.));
#1563 = DIRECTION('',(-0.,1.,0.));
#1564 = ADVANCED_FACE('',(#1565),#1584,.T.);
#1565 = FACE_BOUND('',#1566,.F.);
#1566 = EDGE_LOOP('',(#1567,#1568,#1569,#1578));
#1567 = ORIENTED_EDGE('',*,*,#1520,.T.);
#1568 = ORIENTED_EDGE('',*,*,#413,.T.);
#1569 = ORIENTED_EDGE('',*,*,#1570,.F.);
#1570 = EDGE_CURVE('',#1571,#414,#1573,.T.);
#1571 = VERTEX_POINT('',#1572);
#1572 = CARTESIAN_POINT('',(119.50847551682,-125.4299962172,-3.));
#1573 = ELLIPSE('',#1574,1.414214213598,1.);
#1574 = AXIS2_PLACEMENT_3D('',#1575,#1576,#1577);
#1575 = CARTESIAN_POINT('',(120.73322131009,-124.7228897303,-3.));
#1576 = DIRECTION('',(0.499999561661,-0.866025656859,-0.));
#1577 = DIRECTION('',(-0.866025656859,-0.499999561661,0.));
#1578 = ORIENTED_EDGE('',*,*,#1579,.F.);
#1579 = EDGE_CURVE('',#1521,#1571,#1580,.T.);
#1580 = LINE('',#1581,#1582);
#1581 = CARTESIAN_POINT('',(146.60269499274,-132.6898717714,-3.));
#1582 = VECTOR('',#1583,1.);
#1583 = DIRECTION('',(-0.96592581447,0.258819089211,0.));
#1584 = CYLINDRICAL_SURFACE('',#1585,1.);
#1585 = AXIS2_PLACEMENT_3D('',#1586,#1587,#1588);
#1586 = CARTESIAN_POINT('',(146.86151408195,-131.7239459569,-3.));
#1587 = DIRECTION('',(-0.96592581447,0.258819089211,0.));
#1588 = DIRECTION('',(-0.258819089211,-0.96592581447,0.));
#1589 = ADVANCED_FACE('',(#1590),#1609,.T.);
#1590 = FACE_BOUND('',#1591,.F.);
#1591 = EDGE_LOOP('',(#1592,#1601,#1602,#1603));
#1592 = ORIENTED_EDGE('',*,*,#1593,.T.);
#1593 = EDGE_CURVE('',#1594,#590,#1596,.T.);
#1594 = VERTEX_POINT('',#1595);
#1595 = CARTESIAN_POINT('',(75.8375,2.595,-3.));
#1596 = ELLIPSE('',#1597,1.414213562373,1.);
#1597 = AXIS2_PLACEMENT_3D('',#1598,#1599,#1600);
#1598 = CARTESIAN_POINT('',(76.8375,1.595,-3.));
#1599 = DIRECTION('',(-0.707106781187,-0.707106781187,-0.));
#1600 = DIRECTION('',(-0.707106781187,0.707106781187,0.));
#1601 = ORIENTED_EDGE('',*,*,#597,.T.);
#1602 = ORIENTED_EDGE('',*,*,#1543,.F.);
#1603 = ORIENTED_EDGE('',*,*,#1604,.F.);
#1604 = EDGE_CURVE('',#1594,#1544,#1605,.T.);
#1605 = LINE('',#1606,#1607);
#1606 = CARTESIAN_POINT('',(75.8375,2.595,-3.));
#1607 = VECTOR('',#1608,1.);
#1608 = DIRECTION('',(0.,1.,0.));
#1609 = CYLINDRICAL_SURFACE('',#1610,1.);
#1610 = AXIS2_PLACEMENT_3D('',#1611,#1612,#1613);
#1611 = CARTESIAN_POINT('',(76.8375,2.595,-3.));
#1612 = DIRECTION('',(0.,1.,0.));
#1613 = DIRECTION('',(-1.,0.,0.));
#1614 = ADVANCED_FACE('',(#1615),#1634,.T.);
#1615 = FACE_BOUND('',#1616,.F.);
#1616 = EDGE_LOOP('',(#1617,#1618,#1619,#1628));
#1617 = ORIENTED_EDGE('',*,*,#1570,.T.);
#1618 = ORIENTED_EDGE('',*,*,#421,.T.);
#1619 = ORIENTED_EDGE('',*,*,#1620,.F.);
#1620 = EDGE_CURVE('',#1621,#422,#1623,.T.);
#1621 = VERTEX_POINT('',#1622);
#1622 = CARTESIAN_POINT('',(120.74110536865,-120.8297767702,-3.));
#1623 = ELLIPSE('',#1624,1.414214375518,1.);
#1624 = AXIS2_PLACEMENT_3D('',#1625,#1626,#1627);
#1625 = CARTESIAN_POINT('',(121.96585122119,-120.1226700621,-3.));
#1626 = DIRECTION('',(0.499999660816,-0.866025599612,-0.));
#1627 = DIRECTION('',(0.866025599612,0.499999660816,0.));
#1628 = ORIENTED_EDGE('',*,*,#1629,.F.);
#1629 = EDGE_CURVE('',#1571,#1621,#1630,.T.);
#1630 = LINE('',#1631,#1632);
#1631 = CARTESIAN_POINT('',(119.50847551682,-125.4299962172,-3.));
#1632 = VECTOR('',#1633,1.);
#1633 = DIRECTION('',(0.2588199788,0.965925576105,0.));
#1634 = CYLINDRICAL_SURFACE('',#1635,1.);
#1635 = AXIS2_PLACEMENT_3D('',#1636,#1637,#1638);
#1636 = CARTESIAN_POINT('',(120.47440109293,-125.688816196,-3.));
#1637 = DIRECTION('',(0.2588199788,0.965925576105,0.));
#1638 = DIRECTION('',(-0.965925576105,0.2588199788,0.));
#1639 = ADVANCED_FACE('',(#1640),#1659,.T.);
#1640 = FACE_BOUND('',#1641,.F.);
#1641 = EDGE_LOOP('',(#1642,#1651,#1652,#1653));
#1642 = ORIENTED_EDGE('',*,*,#1643,.T.);
#1643 = EDGE_CURVE('',#1644,#582,#1646,.T.);
#1644 = VERTEX_POINT('',#1645);
#1645 = CARTESIAN_POINT('',(57.4125,2.595,-3.));
#1646 = ELLIPSE('',#1647,1.414213562373,1.);
#1647 = AXIS2_PLACEMENT_3D('',#1648,#1649,#1650);
#1648 = CARTESIAN_POINT('',(58.4125,1.595,-3.));
#1649 = DIRECTION('',(-0.707106781187,-0.707106781187,0.));
#1650 = DIRECTION('',(0.707106781187,-0.707106781187,0.));
#1651 = ORIENTED_EDGE('',*,*,#589,.T.);
#1652 = ORIENTED_EDGE('',*,*,#1593,.F.);
#1653 = ORIENTED_EDGE('',*,*,#1654,.F.);
#1654 = EDGE_CURVE('',#1644,#1594,#1655,.T.);
#1655 = LINE('',#1656,#1657);
#1656 = CARTESIAN_POINT('',(57.4125,2.595,-3.));
#1657 = VECTOR('',#1658,1.);
#1658 = DIRECTION('',(1.,0.,0.));
#1659 = CYLINDRICAL_SURFACE('',#1660,1.);
#1660 = AXIS2_PLACEMENT_3D('',#1661,#1662,#1663);
#1661 = CARTESIAN_POINT('',(57.4125,1.595,-3.));
#1662 = DIRECTION('',(1.,0.,0.));
#1663 = DIRECTION('',(-0.,1.,0.));
#1664 = ADVANCED_FACE('',(#1665),#1684,.T.);
#1665 = FACE_BOUND('',#1666,.F.);
#1666 = EDGE_LOOP('',(#1667,#1668,#1669,#1678));
#1667 = ORIENTED_EDGE('',*,*,#1620,.T.);
#1668 = ORIENTED_EDGE('',*,*,#429,.T.);
#1669 = ORIENTED_EDGE('',*,*,#1670,.F.);
#1670 = EDGE_CURVE('',#1671,#430,#1673,.T.);
#1671 = VERTEX_POINT('',#1672);
#1672 = CARTESIAN_POINT('',(102.34021826854,-115.8992775472,-3.));
#1673 = ELLIPSE('',#1674,1.414213526372,1.);
#1674 = AXIS2_PLACEMENT_3D('',#1675,#1676,#1677);
#1675 = CARTESIAN_POINT('',(103.56496296112,-115.1921705283,-3.));
#1676 = DIRECTION('',(0.50000018081,-0.866025299394,-0.));
#1677 = DIRECTION('',(-0.866025299394,-0.50000018081,0.));
#1678 = ORIENTED_EDGE('',*,*,#1679,.F.);
#1679 = EDGE_CURVE('',#1621,#1671,#1680,.T.);
#1680 = LINE('',#1681,#1682);
#1681 = CARTESIAN_POINT('',(120.74110536865,-120.8297767702,-3.));
#1682 = VECTOR('',#1683,1.);
#1683 = DIRECTION('',(-0.965925873737,0.258818868025,0.));
#1684 = CYLINDRICAL_SURFACE('',#1685,1.);
#1685 = AXIS2_PLACEMENT_3D('',#1686,#1687,#1688);
#1686 = CARTESIAN_POINT('',(120.99992423668,-119.8638508964,-3.));
#1687 = DIRECTION('',(-0.965925873737,0.258818868025,0.));
#1688 = DIRECTION('',(-0.258818868025,-0.965925873737,0.));
#1689 = ADVANCED_FACE('',(#1690),#1709,.T.);
#1690 = FACE_BOUND('',#1691,.F.);
#1691 = EDGE_LOOP('',(#1692,#1701,#1702,#1703));
#1692 = ORIENTED_EDGE('',*,*,#1693,.T.);
#1693 = EDGE_CURVE('',#1694,#574,#1696,.T.);
#1694 = VERTEX_POINT('',#1695);
#1695 = CARTESIAN_POINT('',(57.4125,1.19,-3.));
#1696 = ELLIPSE('',#1697,1.414213562373,1.);
#1697 = AXIS2_PLACEMENT_3D('',#1698,#1699,#1700);
#1698 = CARTESIAN_POINT('',(58.4125,0.19,-3.));
#1699 = DIRECTION('',(-0.707106781187,-0.707106781187,-0.));
#1700 = DIRECTION('',(-0.707106781187,0.707106781187,0.));
#1701 = ORIENTED_EDGE('',*,*,#581,.T.);
#1702 = ORIENTED_EDGE('',*,*,#1643,.F.);
#1703 = ORIENTED_EDGE('',*,*,#1704,.F.);
#1704 = EDGE_CURVE('',#1694,#1644,#1705,.T.);
#1705 = LINE('',#1706,#1707);
#1706 = CARTESIAN_POINT('',(57.4125,1.19,-3.));
#1707 = VECTOR('',#1708,1.);
#1708 = DIRECTION('',(0.,1.,0.));
#1709 = CYLINDRICAL_SURFACE('',#1710,1.);
#1710 = AXIS2_PLACEMENT_3D('',#1711,#1712,#1713);
#1711 = CARTESIAN_POINT('',(58.4125,1.19,-3.));
#1712 = DIRECTION('',(0.,1.,0.));
#1713 = DIRECTION('',(-1.,0.,0.));
#1714 = ADVANCED_FACE('',(#1715),#1734,.T.);
#1715 = FACE_BOUND('',#1716,.F.);
#1716 = EDGE_LOOP('',(#1717,#1718,#1719,#1728));
#1717 = ORIENTED_EDGE('',*,*,#1670,.T.);
#1718 = ORIENTED_EDGE('',*,*,#437,.T.);
#1719 = ORIENTED_EDGE('',*,*,#1720,.F.);
#1720 = EDGE_CURVE('',#1721,#438,#1723,.T.);
#1721 = VERTEX_POINT('',#1722);
#1722 = CARTESIAN_POINT('',(106.15695735798,-101.655,-3.));
#1723 = ELLIPSE('',#1724,1.642679380979,1.);
#1724 = AXIS2_PLACEMENT_3D('',#1725,#1726,#1727);
#1725 = CARTESIAN_POINT('',(107.46018241479,-100.655,-3.));
#1726 = DIRECTION('',(0.608761521925,-0.793353268994,-0.));
#1727 = DIRECTION('',(0.793353268994,0.608761521925,0.));
#1728 = ORIENTED_EDGE('',*,*,#1729,.F.);
#1729 = EDGE_CURVE('',#1671,#1721,#1730,.T.);
#1730 = LINE('',#1731,#1732);
#1731 = CARTESIAN_POINT('',(102.34021826854,-115.8992775472,-3.));
#1732 = VECTOR('',#1733,1.);
#1733 = DIRECTION('',(0.258818818846,0.965925886914,0.));
#1734 = CYLINDRICAL_SURFACE('',#1735,1.);
#1735 = AXIS2_PLACEMENT_3D('',#1736,#1737,#1738);
#1736 = CARTESIAN_POINT('',(103.30614415545,-116.158096366,-3.));
#1737 = DIRECTION('',(0.258818818846,0.965925886914,0.));
#1738 = DIRECTION('',(-0.965925886914,0.258818818846,0.));
#1739 = ADVANCED_FACE('',(#1740),#1759,.T.);
#1740 = FACE_BOUND('',#1741,.F.);
#1741 = EDGE_LOOP('',(#1742,#1751,#1752,#1753));
#1742 = ORIENTED_EDGE('',*,*,#1743,.T.);
#1743 = EDGE_CURVE('',#1744,#566,#1746,.T.);
#1744 = VERTEX_POINT('',#1745);
#1745 = CARTESIAN_POINT('',(56.7875,1.19,-3.));
#1746 = ELLIPSE('',#1747,1.414213562373,1.);
#1747 = AXIS2_PLACEMENT_3D('',#1748,#1749,#1750);
#1748 = CARTESIAN_POINT('',(57.7875,0.19,-3.));
#1749 = DIRECTION('',(-0.707106781187,-0.707106781187,0.));
#1750 = DIRECTION('',(0.707106781187,-0.707106781187,0.));
#1751 = ORIENTED_EDGE('',*,*,#573,.T.);
#1752 = ORIENTED_EDGE('',*,*,#1693,.F.);
#1753 = ORIENTED_EDGE('',*,*,#1754,.F.);
#1754 = EDGE_CURVE('',#1744,#1694,#1755,.T.);
#1755 = LINE('',#1756,#1757);
#1756 = CARTESIAN_POINT('',(56.7875,1.19,-3.));
#1757 = VECTOR('',#1758,1.);
#1758 = DIRECTION('',(1.,0.,0.));
#1759 = CYLINDRICAL_SURFACE('',#1760,1.);
#1760 = AXIS2_PLACEMENT_3D('',#1761,#1762,#1763);
#1761 = CARTESIAN_POINT('',(56.7875,0.19,-3.));
#1762 = DIRECTION('',(1.,0.,0.));
#1763 = DIRECTION('',(-0.,1.,0.));
#1764 = ADVANCED_FACE('',(#1765),#1784,.T.);
#1765 = FACE_BOUND('',#1766,.F.);
#1766 = EDGE_LOOP('',(#1767,#1768,#1769,#1778));
#1767 = ORIENTED_EDGE('',*,*,#1720,.T.);
#1768 = ORIENTED_EDGE('',*,*,#445,.T.);
#1769 = ORIENTED_EDGE('',*,*,#1770,.F.);
#1770 = EDGE_CURVE('',#1771,#446,#1773,.T.);
#1771 = VERTEX_POINT('',#1772);
#1772 = CARTESIAN_POINT('',(90.225,-101.655,-3.));
#1773 = ELLIPSE('',#1774,1.414213562373,1.);
#1774 = AXIS2_PLACEMENT_3D('',#1775,#1776,#1777);
#1775 = CARTESIAN_POINT('',(89.225,-100.655,-3.));
#1776 = DIRECTION('',(0.707106781187,0.707106781187,-0.));
#1777 = DIRECTION('',(-0.707106781187,0.707106781187,0.));
#1778 = ORIENTED_EDGE('',*,*,#1779,.F.);
#1779 = EDGE_CURVE('',#1721,#1771,#1780,.T.);
#1780 = LINE('',#1781,#1782);
#1781 = CARTESIAN_POINT('',(106.15695735798,-101.655,-3.));
#1782 = VECTOR('',#1783,1.);
#1783 = DIRECTION('',(-1.,0.,0.));
#1784 = CYLINDRICAL_SURFACE('',#1785,1.);
#1785 = AXIS2_PLACEMENT_3D('',#1786,#1787,#1788);
#1786 = CARTESIAN_POINT('',(106.15695735798,-100.655,-3.));
#1787 = DIRECTION('',(-1.,0.,0.));
#1788 = DIRECTION('',(-0.,-1.,0.));
#1789 = ADVANCED_FACE('',(#1790),#1809,.T.);
#1790 = FACE_BOUND('',#1791,.F.);
#1791 = EDGE_LOOP('',(#1792,#1801,#1802,#1803));
#1792 = ORIENTED_EDGE('',*,*,#1793,.T.);
#1793 = EDGE_CURVE('',#1794,#558,#1796,.T.);
#1794 = VERTEX_POINT('',#1795);
#1795 = CARTESIAN_POINT('',(56.7875,0.69,-3.));
#1796 = ELLIPSE('',#1797,1.414213562373,1.);
#1797 = AXIS2_PLACEMENT_3D('',#1798,#1799,#1800);
#1798 = CARTESIAN_POINT('',(57.7875,-0.31,-3.));
#1799 = DIRECTION('',(-0.707106781187,-0.707106781187,-0.));
#1800 = DIRECTION('',(-0.707106781187,0.707106781187,0.));
#1801 = ORIENTED_EDGE('',*,*,#565,.T.);
#1802 = ORIENTED_EDGE('',*,*,#1743,.F.);
#1803 = ORIENTED_EDGE('',*,*,#1804,.F.);
#1804 = EDGE_CURVE('',#1794,#1744,#1805,.T.);
#1805 = LINE('',#1806,#1807);
#1806 = CARTESIAN_POINT('',(56.7875,0.69,-3.));
#1807 = VECTOR('',#1808,1.);
#1808 = DIRECTION('',(0.,1.,0.));
#1809 = CYLINDRICAL_SURFACE('',#1810,1.);
#1810 = AXIS2_PLACEMENT_3D('',#1811,#1812,#1813);
#1811 = CARTESIAN_POINT('',(57.7875,0.69,-3.));
#1812 = DIRECTION('',(0.,1.,0.));
#1813 = DIRECTION('',(-1.,0.,0.));
#1814 = ADVANCED_FACE('',(#1815),#1834,.T.);
#1815 = FACE_BOUND('',#1816,.F.);
#1816 = EDGE_LOOP('',(#1817,#1818,#1819,#1828));
#1817 = ORIENTED_EDGE('',*,*,#1770,.T.);
#1818 = ORIENTED_EDGE('',*,*,#453,.T.);
#1819 = ORIENTED_EDGE('',*,*,#1820,.F.);
#1820 = EDGE_CURVE('',#1821,#454,#1823,.T.);
#1821 = VERTEX_POINT('',#1822);
#1822 = CARTESIAN_POINT('',(90.225,-103.56,-3.));
#1823 = ELLIPSE('',#1824,1.414213562373,1.);
#1824 = AXIS2_PLACEMENT_3D('',#1825,#1826,#1827);
#1825 = CARTESIAN_POINT('',(89.225,-102.56,-3.));
#1826 = DIRECTION('',(0.707106781187,0.707106781187,0.));
#1827 = DIRECTION('',(0.707106781187,-0.707106781187,0.));
#1828 = ORIENTED_EDGE('',*,*,#1829,.F.);
#1829 = EDGE_CURVE('',#1771,#1821,#1830,.T.);
#1830 = LINE('',#1831,#1832);
#1831 = CARTESIAN_POINT('',(90.225,-101.655,-3.));
#1832 = VECTOR('',#1833,1.);
#1833 = DIRECTION('',(0.,-1.,0.));
#1834 = CYLINDRICAL_SURFACE('',#1835,1.);
#1835 = AXIS2_PLACEMENT_3D('',#1836,#1837,#1838);
#1836 = CARTESIAN_POINT('',(89.225,-101.655,-3.));
#1837 = DIRECTION('',(0.,-1.,0.));
#1838 = DIRECTION('',(1.,0.,-0.));
#1839 = ADVANCED_FACE('',(#1840),#1859,.T.);
#1840 = FACE_BOUND('',#1841,.F.);
#1841 = EDGE_LOOP('',(#1842,#1851,#1852,#1853));
#1842 = ORIENTED_EDGE('',*,*,#1843,.T.);
#1843 = EDGE_CURVE('',#1844,#550,#1846,.T.);
#1844 = VERTEX_POINT('',#1845);
#1845 = CARTESIAN_POINT('',(38.3625,0.69,-3.));
#1846 = ELLIPSE('',#1847,1.414213562373,1.);
#1847 = AXIS2_PLACEMENT_3D('',#1848,#1849,#1850);
#1848 = CARTESIAN_POINT('',(39.3625,-0.31,-3.));
#1849 = DIRECTION('',(-0.707106781187,-0.707106781187,0.));
#1850 = DIRECTION('',(0.707106781187,-0.707106781187,0.));
#1851 = ORIENTED_EDGE('',*,*,#557,.T.);
#1852 = ORIENTED_EDGE('',*,*,#1793,.F.);
#1853 = ORIENTED_EDGE('',*,*,#1854,.F.);
#1854 = EDGE_CURVE('',#1844,#1794,#1855,.T.);
#1855 = LINE('',#1856,#1857);
#1856 = CARTESIAN_POINT('',(38.3625,0.69,-3.));
#1857 = VECTOR('',#1858,1.);
#1858 = DIRECTION('',(1.,0.,0.));
#1859 = CYLINDRICAL_SURFACE('',#1860,1.);
#1860 = AXIS2_PLACEMENT_3D('',#1861,#1862,#1863);
#1861 = CARTESIAN_POINT('',(38.3625,-0.31,-3.));
#1862 = DIRECTION('',(1.,0.,0.));
#1863 = DIRECTION('',(-0.,1.,0.));
#1864 = ADVANCED_FACE('',(#1865),#1884,.T.);
#1865 = FACE_BOUND('',#1866,.F.);
#1866 = EDGE_LOOP('',(#1867,#1868,#1869,#1878));
#1867 = ORIENTED_EDGE('',*,*,#1820,.T.);
#1868 = ORIENTED_EDGE('',*,*,#461,.T.);
#1869 = ORIENTED_EDGE('',*,*,#1870,.F.);
#1870 = EDGE_CURVE('',#1871,#462,#1873,.T.);
#1871 = VERTEX_POINT('',#1872);
#1872 = CARTESIAN_POINT('',(61.65,-103.56,-3.));
#1873 = ELLIPSE('',#1874,1.414213562373,1.);
#1874 = AXIS2_PLACEMENT_3D('',#1875,#1876,#1877);
#1875 = CARTESIAN_POINT('',(60.65,-102.56,-3.));
#1876 = DIRECTION('',(0.707106781187,0.707106781187,-0.));
#1877 = DIRECTION('',(-0.707106781187,0.707106781187,0.));
#1878 = ORIENTED_EDGE('',*,*,#1879,.F.);
#1879 = EDGE_CURVE('',#1821,#1871,#1880,.T.);
#1880 = LINE('',#1881,#1882);
#1881 = CARTESIAN_POINT('',(90.225,-103.56,-3.));
#1882 = VECTOR('',#1883,1.);
#1883 = DIRECTION('',(-1.,0.,0.));
#1884 = CYLINDRICAL_SURFACE('',#1885,1.);
#1885 = AXIS2_PLACEMENT_3D('',#1886,#1887,#1888);
#1886 = CARTESIAN_POINT('',(90.225,-102.56,-3.));
#1887 = DIRECTION('',(-1.,0.,0.));
#1888 = DIRECTION('',(-0.,-1.,0.));
#1889 = ADVANCED_FACE('',(#1890),#1909,.T.);
#1890 = FACE_BOUND('',#1891,.F.);
#1891 = EDGE_LOOP('',(#1892,#1901,#1902,#1903));
#1892 = ORIENTED_EDGE('',*,*,#1893,.T.);
#1893 = EDGE_CURVE('',#1894,#542,#1896,.T.);
#1894 = VERTEX_POINT('',#1895);
#1895 = CARTESIAN_POINT('',(38.3625,-0.2625,-3.));
#1896 = ELLIPSE('',#1897,1.414213562373,1.);
#1897 = AXIS2_PLACEMENT_3D('',#1898,#1899,#1900);
#1898 = CARTESIAN_POINT('',(39.3625,-1.2625,-3.));
#1899 = DIRECTION('',(-0.707106781187,-0.707106781187,-0.));
#1900 = DIRECTION('',(-0.707106781187,0.707106781187,0.));
#1901 = ORIENTED_EDGE('',*,*,#549,.T.);
#1902 = ORIENTED_EDGE('',*,*,#1843,.F.);
#1903 = ORIENTED_EDGE('',*,*,#1904,.F.);
#1904 = EDGE_CURVE('',#1894,#1844,#1905,.T.);
#1905 = LINE('',#1906,#1907);
#1906 = CARTESIAN_POINT('',(38.3625,-0.2625,-3.));
#1907 = VECTOR('',#1908,1.);
#1908 = DIRECTION('',(0.,1.,0.));
#1909 = CYLINDRICAL_SURFACE('',#1910,1.);
#1910 = AXIS2_PLACEMENT_3D('',#1911,#1912,#1913);
#1911 = CARTESIAN_POINT('',(39.3625,-0.2625,-3.));
#1912 = DIRECTION('',(0.,1.,0.));
#1913 = DIRECTION('',(-1.,0.,0.));
#1914 = ADVANCED_FACE('',(#1915),#1934,.T.);
#1915 = FACE_BOUND('',#1916,.F.);
#1916 = EDGE_LOOP('',(#1917,#1918,#1919,#1928));
#1917 = ORIENTED_EDGE('',*,*,#1870,.T.);
#1918 = ORIENTED_EDGE('',*,*,#469,.T.);
#1919 = ORIENTED_EDGE('',*,*,#1920,.F.);
#1920 = EDGE_CURVE('',#1921,#470,#1923,.T.);
#1921 = VERTEX_POINT('',#1922);
#1922 = CARTESIAN_POINT('',(61.65,-104.5125,-3.));
#1923 = ELLIPSE('',#1924,1.414213562373,1.);
#1924 = AXIS2_PLACEMENT_3D('',#1925,#1926,#1927);
#1925 = CARTESIAN_POINT('',(60.65,-103.5125,-3.));
#1926 = DIRECTION('',(0.707106781187,0.707106781187,0.));
#1927 = DIRECTION('',(0.707106781187,-0.707106781187,0.));
#1928 = ORIENTED_EDGE('',*,*,#1929,.F.);
#1929 = EDGE_CURVE('',#1871,#1921,#1930,.T.);
#1930 = LINE('',#1931,#1932);
#1931 = CARTESIAN_POINT('',(61.65,-103.56,-3.));
#1932 = VECTOR('',#1933,1.);
#1933 = DIRECTION('',(0.,-1.,0.));
#1934 = CYLINDRICAL_SURFACE('',#1935,1.);
#1935 = AXIS2_PLACEMENT_3D('',#1936,#1937,#1938);
#1936 = CARTESIAN_POINT('',(60.65,-103.56,-3.));
#1937 = DIRECTION('',(0.,-1.,0.));
#1938 = DIRECTION('',(1.,0.,-0.));
#1939 = ADVANCED_FACE('',(#1940),#1959,.T.);
#1940 = FACE_BOUND('',#1941,.F.);
#1941 = EDGE_LOOP('',(#1942,#1951,#1952,#1953));
#1942 = ORIENTED_EDGE('',*,*,#1943,.T.);
#1943 = EDGE_CURVE('',#1944,#534,#1946,.T.);
#1944 = VERTEX_POINT('',#1945);
#1945 = CARTESIAN_POINT('',(19.3125,-0.2625,-3.));
#1946 = ELLIPSE('',#1947,1.414213562373,1.);
#1947 = AXIS2_PLACEMENT_3D('',#1948,#1949,#1950);
#1948 = CARTESIAN_POINT('',(20.3125,-1.2625,-3.));
#1949 = DIRECTION('',(-0.707106781187,-0.707106781187,0.));
#1950 = DIRECTION('',(0.707106781187,-0.707106781187,0.));
#1951 = ORIENTED_EDGE('',*,*,#541,.T.);
#1952 = ORIENTED_EDGE('',*,*,#1893,.F.);
#1953 = ORIENTED_EDGE('',*,*,#1954,.F.);
#1954 = EDGE_CURVE('',#1944,#1894,#1955,.T.);
#1955 = LINE('',#1956,#1957);
#1956 = CARTESIAN_POINT('',(19.3125,-0.2625,-3.));
#1957 = VECTOR('',#1958,1.);
#1958 = DIRECTION('',(1.,0.,0.));
#1959 = CYLINDRICAL_SURFACE('',#1960,1.);
#1960 = AXIS2_PLACEMENT_3D('',#1961,#1962,#1963);
#1961 = CARTESIAN_POINT('',(19.3125,-1.2625,-3.));
#1962 = DIRECTION('',(1.,0.,0.));
#1963 = DIRECTION('',(-0.,1.,0.));
#1964 = ADVANCED_FACE('',(#1965),#1984,.T.);
#1965 = FACE_BOUND('',#1966,.F.);
#1966 = EDGE_LOOP('',(#1967,#1968,#1969,#1978));
#1967 = ORIENTED_EDGE('',*,*,#1920,.T.);
#1968 = ORIENTED_EDGE('',*,*,#477,.T.);
#1969 = ORIENTED_EDGE('',*,*,#1970,.F.);
#1970 = EDGE_CURVE('',#1971,#478,#1973,.T.);
#1971 = VERTEX_POINT('',#1972);
#1972 = CARTESIAN_POINT('',(19.3125,-104.5125,-3.));
#1973 = ELLIPSE('',#1974,1.414213562373,1.);
#1974 = AXIS2_PLACEMENT_3D('',#1975,#1976,#1977);
#1975 = CARTESIAN_POINT('',(20.3125,-103.5125,-3.));
#1976 = DIRECTION('',(0.707106781187,-0.707106781187,-0.));
#1977 = DIRECTION('',(-0.707106781187,-0.707106781187,0.));
#1978 = ORIENTED_EDGE('',*,*,#1979,.F.);
#1979 = EDGE_CURVE('',#1921,#1971,#1980,.T.);
#1980 = LINE('',#1981,#1982);
#1981 = CARTESIAN_POINT('',(61.65,-104.5125,-3.));
#1982 = VECTOR('',#1983,1.);
#1983 = DIRECTION('',(-1.,0.,0.));
#1984 = CYLINDRICAL_SURFACE('',#1985,1.);
#1985 = AXIS2_PLACEMENT_3D('',#1986,#1987,#1988);
#1986 = CARTESIAN_POINT('',(61.65,-103.5125,-3.));
#1987 = DIRECTION('',(-1.,0.,0.));
#1988 = DIRECTION('',(-0.,-1.,0.));
#1989 = ADVANCED_FACE('',(#1990),#2009,.T.);
#1990 = FACE_BOUND('',#1991,.F.);
#1991 = EDGE_LOOP('',(#1992,#2001,#2002,#2003));
#1992 = ORIENTED_EDGE('',*,*,#1993,.T.);
#1993 = EDGE_CURVE('',#1994,#526,#1996,.T.);
#1994 = VERTEX_POINT('',#1995);
#1995 = CARTESIAN_POINT('',(19.3125,-1.6675,-3.));
#1996 = ELLIPSE('',#1997,1.414213562373,1.);
#1997 = AXIS2_PLACEMENT_3D('',#1998,#1999,#2000);
#1998 = CARTESIAN_POINT('',(20.3125,-2.6675,-3.));
#1999 = DIRECTION('',(-0.707106781187,-0.707106781187,-0.));
#2000 = DIRECTION('',(-0.707106781187,0.707106781187,0.));
#2001 = ORIENTED_EDGE('',*,*,#533,.T.);
#2002 = ORIENTED_EDGE('',*,*,#1943,.F.);
#2003 = ORIENTED_EDGE('',*,*,#2004,.F.);
#2004 = EDGE_CURVE('',#1994,#1944,#2005,.T.);
#2005 = LINE('',#2006,#2007);
#2006 = CARTESIAN_POINT('',(19.3125,-1.6675,-3.));
#2007 = VECTOR('',#2008,1.);
#2008 = DIRECTION('',(0.,1.,0.));
#2009 = CYLINDRICAL_SURFACE('',#2010,1.);
#2010 = AXIS2_PLACEMENT_3D('',#2011,#2012,#2013);
#2011 = CARTESIAN_POINT('',(20.3125,-1.6675,-3.));
#2012 = DIRECTION('',(0.,1.,0.));
#2013 = DIRECTION('',(-1.,0.,0.));
#2014 = ADVANCED_FACE('',(#2015),#2034,.T.);
#2015 = FACE_BOUND('',#2016,.F.);
#2016 = EDGE_LOOP('',(#2017,#2018,#2019,#2028));
#2017 = ORIENTED_EDGE('',*,*,#1970,.T.);
#2018 = ORIENTED_EDGE('',*,*,#485,.T.);
#2019 = ORIENTED_EDGE('',*,*,#2020,.F.);
#2020 = EDGE_CURVE('',#2021,#486,#2023,.T.);
#2021 = VERTEX_POINT('',#2022);
#2022 = CARTESIAN_POINT('',(19.3125,-85.4625,-3.));
#2023 = ELLIPSE('',#2024,1.414213562373,1.);
#2024 = AXIS2_PLACEMENT_3D('',#2025,#2026,#2027);
#2025 = CARTESIAN_POINT('',(20.3125,-84.4625,-3.));
#2026 = DIRECTION('',(0.707106781187,-0.707106781187,-0.));
#2027 = DIRECTION('',(0.707106781187,0.707106781187,0.));
#2028 = ORIENTED_EDGE('',*,*,#2029,.F.);
#2029 = EDGE_CURVE('',#1971,#2021,#2030,.T.);
#2030 = LINE('',#2031,#2032);
#2031 = CARTESIAN_POINT('',(19.3125,-104.5125,-3.));
#2032 = VECTOR('',#2033,1.);
#2033 = DIRECTION('',(0.,1.,0.));
#2034 = CYLINDRICAL_SURFACE('',#2035,1.);
#2035 = AXIS2_PLACEMENT_3D('',#2036,#2037,#2038);
#2036 = CARTESIAN_POINT('',(20.3125,-104.5125,-3.));
#2037 = DIRECTION('',(0.,1.,0.));
#2038 = DIRECTION('',(-1.,0.,0.));
#2039 = ADVANCED_FACE('',(#2040),#2059,.T.);
#2040 = FACE_BOUND('',#2041,.F.);
#2041 = EDGE_LOOP('',(#2042,#2051,#2052,#2053));
#2042 = ORIENTED_EDGE('',*,*,#2043,.T.);
#2043 = EDGE_CURVE('',#2044,#518,#2046,.T.);
#2044 = VERTEX_POINT('',#2045);
#2045 = CARTESIAN_POINT('',(18.6875,-1.6675,-3.));
#2046 = ELLIPSE('',#2047,1.414213562373,1.);
#2047 = AXIS2_PLACEMENT_3D('',#2048,#2049,#2050);
#2048 = CARTESIAN_POINT('',(19.6875,-2.6675,-3.));
#2049 = DIRECTION('',(-0.707106781187,-0.707106781187,0.));
#2050 = DIRECTION('',(0.707106781187,-0.707106781187,0.));
#2051 = ORIENTED_EDGE('',*,*,#525,.T.);
#2052 = ORIENTED_EDGE('',*,*,#1993,.F.);
#2053 = ORIENTED_EDGE('',*,*,#2054,.F.);
#2054 = EDGE_CURVE('',#2044,#1994,#2055,.T.);
#2055 = LINE('',#2056,#2057);
#2056 = CARTESIAN_POINT('',(18.6875,-1.6675,-3.));
#2057 = VECTOR('',#2058,1.);
#2058 = DIRECTION('',(1.,0.,0.));
#2059 = CYLINDRICAL_SURFACE('',#2060,1.);
#2060 = AXIS2_PLACEMENT_3D('',#2061,#2062,#2063);
#2061 = CARTESIAN_POINT('',(18.6875,-2.6675,-3.));
#2062 = DIRECTION('',(1.,0.,0.));
#2063 = DIRECTION('',(-0.,1.,0.));
#2064 = ADVANCED_FACE('',(#2065),#2084,.T.);
#2065 = FACE_BOUND('',#2066,.F.);
#2066 = EDGE_LOOP('',(#2067,#2068,#2069,#2078));
#2067 = ORIENTED_EDGE('',*,*,#2020,.T.);
#2068 = ORIENTED_EDGE('',*,*,#493,.T.);
#2069 = ORIENTED_EDGE('',*,*,#2070,.F.);
#2070 = EDGE_CURVE('',#2071,#494,#2073,.T.);
#2071 = VERTEX_POINT('',#2072);
#2072 = CARTESIAN_POINT('',(14.55,-85.4625,-3.));
#2073 = ELLIPSE('',#2074,1.414213562373,1.);
#2074 = AXIS2_PLACEMENT_3D('',#2075,#2076,#2077);
#2075 = CARTESIAN_POINT('',(15.55,-84.4625,-3.));
#2076 = DIRECTION('',(0.707106781187,-0.707106781187,-0.));
#2077 = DIRECTION('',(-0.707106781187,-0.707106781187,0.));
#2078 = ORIENTED_EDGE('',*,*,#2079,.F.);
#2079 = EDGE_CURVE('',#2021,#2071,#2080,.T.);
#2080 = LINE('',#2081,#2082);
#2081 = CARTESIAN_POINT('',(19.3125,-85.4625,-3.));
#2082 = VECTOR('',#2083,1.);
#2083 = DIRECTION('',(-1.,0.,0.));
#2084 = CYLINDRICAL_SURFACE('',#2085,1.);
#2085 = AXIS2_PLACEMENT_3D('',#2086,#2087,#2088);
#2086 = CARTESIAN_POINT('',(19.3125,-84.4625,-3.));
#2087 = DIRECTION('',(-1.,0.,0.));
#2088 = DIRECTION('',(-0.,-1.,0.));
#2089 = ADVANCED_FACE('',(#2090),#2109,.T.);
#2090 = FACE_BOUND('',#2091,.F.);
#2091 = EDGE_LOOP('',(#2092,#2101,#2102,#2103));
#2092 = ORIENTED_EDGE('',*,*,#2093,.T.);
#2093 = EDGE_CURVE('',#2094,#510,#2096,.T.);
#2094 = VERTEX_POINT('',#2095);
#2095 = CARTESIAN_POINT('',(18.6875,-19.3125,-3.));
#2096 = ELLIPSE('',#2097,1.414213562373,1.);
#2097 = AXIS2_PLACEMENT_3D('',#2098,#2099,#2100);
#2098 = CARTESIAN_POINT('',(19.6875,-20.3125,-3.));
#2099 = DIRECTION('',(-0.707106781187,-0.707106781187,-0.));
#2100 = DIRECTION('',(-0.707106781187,0.707106781187,0.));
#2101 = ORIENTED_EDGE('',*,*,#517,.T.);
#2102 = ORIENTED_EDGE('',*,*,#2043,.F.);
#2103 = ORIENTED_EDGE('',*,*,#2104,.F.);
#2104 = EDGE_CURVE('',#2094,#2044,#2105,.T.);
#2105 = LINE('',#2106,#2107);
#2106 = CARTESIAN_POINT('',(18.6875,-19.3125,-3.));
#2107 = VECTOR('',#2108,1.);
#2108 = DIRECTION('',(0.,1.,0.));
#2109 = CYLINDRICAL_SURFACE('',#2110,1.);
#2110 = AXIS2_PLACEMENT_3D('',#2111,#2112,#2113);
#2111 = CARTESIAN_POINT('',(19.6875,-19.3125,-3.));
#2112 = DIRECTION('',(0.,1.,0.));
#2113 = DIRECTION('',(-1.,0.,0.));
#2114 = ADVANCED_FACE('',(#2115),#2134,.T.);
#2115 = FACE_BOUND('',#2116,.F.);
#2116 = EDGE_LOOP('',(#2117,#2118,#2119,#2128));
#2117 = ORIENTED_EDGE('',*,*,#2070,.T.);
#2118 = ORIENTED_EDGE('',*,*,#501,.T.);
#2119 = ORIENTED_EDGE('',*,*,#2120,.F.);
#2120 = EDGE_CURVE('',#2121,#502,#2123,.T.);
#2121 = VERTEX_POINT('',#2122);
#2122 = CARTESIAN_POINT('',(14.55,-19.3125,-3.));
#2123 = ELLIPSE('',#2124,1.414213562373,1.);
#2124 = AXIS2_PLACEMENT_3D('',#2125,#2126,#2127);
#2125 = CARTESIAN_POINT('',(15.55,-20.3125,-3.));
#2126 = DIRECTION('',(-0.707106781187,-0.707106781187,-0.));
#2127 = DIRECTION('',(-0.707106781187,0.707106781187,0.));
#2128 = ORIENTED_EDGE('',*,*,#2129,.F.);
#2129 = EDGE_CURVE('',#2071,#2121,#2130,.T.);
#2130 = LINE('',#2131,#2132);
#2131 = CARTESIAN_POINT('',(14.55,-85.4625,-3.));
#2132 = VECTOR('',#2133,1.);
#2133 = DIRECTION('',(0.,1.,0.));
#2134 = CYLINDRICAL_SURFACE('',#2135,1.);
#2135 = AXIS2_PLACEMENT_3D('',#2136,#2137,#2138);
#2136 = CARTESIAN_POINT('',(15.55,-85.4625,-3.));
#2137 = DIRECTION('',(0.,1.,0.));
#2138 = DIRECTION('',(-1.,0.,0.));
#2139 = ADVANCED_FACE('',(#2140),#2151,.T.);
#2140 = FACE_BOUND('',#2141,.F.);
#2141 = EDGE_LOOP('',(#2142,#2143,#2144,#2145));
#2142 = ORIENTED_EDGE('',*,*,#2120,.T.);
#2143 = ORIENTED_EDGE('',*,*,#509,.T.);
#2144 = ORIENTED_EDGE('',*,*,#2093,.F.);
#2145 = ORIENTED_EDGE('',*,*,#2146,.F.);
#2146 = EDGE_CURVE('',#2121,#2094,#2147,.T.);
#2147 = LINE('',#2148,#2149);
#2148 = CARTESIAN_POINT('',(14.55,-19.3125,-3.));
#2149 = VECTOR('',#2150,1.);
#2150 = DIRECTION('',(1.,0.,0.));
#2151 = CYLINDRICAL_SURFACE('',#2152,1.);
#2152 = AXIS2_PLACEMENT_3D('',#2153,#2154,#2155);
#2153 = CARTESIAN_POINT('',(14.55,-20.3125,-3.));
#2154 = DIRECTION('',(1.,0.,0.));
#2155 = DIRECTION('',(-0.,1.,0.));
#2156 = ADVANCED_FACE('',(#2157),#2176,.T.);
#2157 = FACE_BOUND('',#2158,.T.);
#2158 = EDGE_LOOP('',(#2159,#2167,#2168,#2169));
#2159 = ORIENTED_EDGE('',*,*,#2160,.T.);
#2160 = EDGE_CURVE('',#2161,#672,#2163,.T.);
#2161 = VERTEX_POINT('',#2162);
#2162 = CARTESIAN_POINT('',(154.5,-95.,-11.5));
#2163 = LINE('',#2164,#2165);
#2164 = CARTESIAN_POINT('',(154.5,-95.,-13.));
#2165 = VECTOR('',#2166,1.);
#2166 = DIRECTION('',(0.,0.,1.));
#2167 = ORIENTED_EDGE('',*,*,#671,.F.);
#2168 = ORIENTED_EDGE('',*,*,#2160,.F.);
#2169 = ORIENTED_EDGE('',*,*,#2170,.T.);
#2170 = EDGE_CURVE('',#2161,#2161,#2171,.T.);
#2171 = CIRCLE('',#2172,4.5);
#2172 = AXIS2_PLACEMENT_3D('',#2173,#2174,#2175);
#2173 = CARTESIAN_POINT('',(150.,-95.,-11.5));
#2174 = DIRECTION('',(0.,0.,1.));
#2175 = DIRECTION('',(1.,0.,-0.));
#2176 = CYLINDRICAL_SURFACE('',#2177,4.5);
#2177 = AXIS2_PLACEMENT_3D('',#2178,#2179,#2180);
#2178 = CARTESIAN_POINT('',(150.,-95.,-13.));
#2179 = DIRECTION('',(0.,0.,1.));
#2180 = DIRECTION('',(1.,0.,-0.));
#2181 = ADVANCED_FACE('',(#2182,#2185),#2196,.T.);
#2182 = FACE_BOUND('',#2183,.T.);
#2183 = EDGE_LOOP('',(#2184));
#2184 = ORIENTED_EDGE('',*,*,#682,.F.);
#2185 = FACE_BOUND('',#2186,.T.);
#2186 = EDGE_LOOP('',(#2187));
#2187 = ORIENTED_EDGE('',*,*,#2188,.T.);
#2188 = EDGE_CURVE('',#2189,#2189,#2191,.T.);
#2189 = VERTEX_POINT('',#2190);
#2190 = CARTESIAN_POINT('',(83.75,-96.0075,-4.));
#2191 = CIRCLE('',#2192,1.1);
#2192 = AXIS2_PLACEMENT_3D('',#2193,#2194,#2195);
#2193 = CARTESIAN_POINT('',(82.65,-96.0075,-4.));
#2194 = DIRECTION('',(0.,0.,1.));
#2195 = DIRECTION('',(1.,0.,0.));
#2196 = PLANE('',#2197);
#2197 = AXIS2_PLACEMENT_3D('',#2198,#2199,#2200);
#2198 = CARTESIAN_POINT('',(94.100235918067,-57.38696961959,-4.));
#2199 = DIRECTION('',(-0.,-0.,-1.));
#2200 = DIRECTION('',(-1.,0.,0.));
#2201 = ADVANCED_FACE('',(#2202),#2221,.T.);
#2202 = FACE_BOUND('',#2203,.T.);
#2203 = EDGE_LOOP('',(#2204,#2212,#2213,#2214));
#2204 = ORIENTED_EDGE('',*,*,#2205,.T.);
#2205 = EDGE_CURVE('',#2206,#694,#2208,.T.);
#2206 = VERTEX_POINT('',#2207);
#2207 = CARTESIAN_POINT('',(31.5,-97.,-7.5));
#2208 = LINE('',#2209,#2210);
#2209 = CARTESIAN_POINT('',(31.5,-97.,-9.));
#2210 = VECTOR('',#2211,1.);
#2211 = DIRECTION('',(0.,0.,1.));
#2212 = ORIENTED_EDGE('',*,*,#693,.F.);
#2213 = ORIENTED_EDGE('',*,*,#2205,.F.);
#2214 = ORIENTED_EDGE('',*,*,#2215,.T.);
#2215 = EDGE_CURVE('',#2206,#2206,#2216,.T.);
#2216 = CIRCLE('',#2217,4.5);
#2217 = AXIS2_PLACEMENT_3D('',#2218,#2219,#2220);
#2218 = CARTESIAN_POINT('',(27.,-97.,-7.5));
#2219 = DIRECTION('',(0.,0.,1.));
#2220 = DIRECTION('',(1.,0.,-0.));
#2221 = CYLINDRICAL_SURFACE('',#2222,4.5);
#2222 = AXIS2_PLACEMENT_3D('',#2223,#2224,#2225);
#2223 = CARTESIAN_POINT('',(27.,-97.,-9.));
#2224 = DIRECTION('',(0.,0.,1.));
#2225 = DIRECTION('',(1.,0.,-0.));
#2226 = ADVANCED_FACE('',(#2227,#2230),#2241,.T.);
#2227 = FACE_BOUND('',#2228,.T.);
#2228 = EDGE_LOOP('',(#2229));
#2229 = ORIENTED_EDGE('',*,*,#704,.F.);
#2230 = FACE_BOUND('',#2231,.T.);
#2231 = EDGE_LOOP('',(#2232));
#2232 = ORIENTED_EDGE('',*,*,#2233,.T.);
#2233 = EDGE_CURVE('',#2234,#2234,#2236,.T.);
#2234 = VERTEX_POINT('',#2235);
#2235 = CARTESIAN_POINT('',(149.35,-26.3075,-4.));
#2236 = CIRCLE('',#2237,1.1);
#2237 = AXIS2_PLACEMENT_3D('',#2238,#2239,#2240);
#2238 = CARTESIAN_POINT('',(148.25,-26.3075,-4.));
#2239 = DIRECTION('',(0.,0.,1.));
#2240 = DIRECTION('',(1.,0.,0.));
#2241 = PLANE('',#2242);
#2242 = AXIS2_PLACEMENT_3D('',#2243,#2244,#2245);
#2243 = CARTESIAN_POINT('',(94.100235918067,-57.38696961959,-4.));
#2244 = DIRECTION('',(-0.,-0.,-1.));
#2245 = DIRECTION('',(-1.,0.,0.));
#2246 = ADVANCED_FACE('',(#2247),#2266,.T.);
#2247 = FACE_BOUND('',#2248,.T.);
#2248 = EDGE_LOOP('',(#2249,#2257,#2258,#2259));
#2249 = ORIENTED_EDGE('',*,*,#2250,.T.);
#2250 = EDGE_CURVE('',#2251,#716,#2253,.T.);
#2251 = VERTEX_POINT('',#2252);
#2252 = CARTESIAN_POINT('',(154.5,-3.,-9.5));
#2253 = LINE('',#2254,#2255);
#2254 = CARTESIAN_POINT('',(154.5,-3.,-11.));
#2255 = VECTOR('',#2256,1.);
#2256 = DIRECTION('',(0.,0.,1.));
#2257 = ORIENTED_EDGE('',*,*,#715,.F.);
#2258 = ORIENTED_EDGE('',*,*,#2250,.F.);
#2259 = ORIENTED_EDGE('',*,*,#2260,.T.);
#2260 = EDGE_CURVE('',#2251,#2251,#2261,.T.);
#2261 = CIRCLE('',#2262,4.5);
#2262 = AXIS2_PLACEMENT_3D('',#2263,#2264,#2265);
#2263 = CARTESIAN_POINT('',(150.,-3.,-9.5));
#2264 = DIRECTION('',(0.,0.,1.));
#2265 = DIRECTION('',(1.,0.,-0.));
#2266 = CYLINDRICAL_SURFACE('',#2267,4.5);
#2267 = AXIS2_PLACEMENT_3D('',#2268,#2269,#2270);
#2268 = CARTESIAN_POINT('',(150.,-3.,-11.));
#2269 = DIRECTION('',(0.,0.,1.));
#2270 = DIRECTION('',(1.,0.,-0.));
#2271 = ADVANCED_FACE('',(#2272,#2275),#2286,.T.);
#2272 = FACE_BOUND('',#2273,.T.);
#2273 = EDGE_LOOP('',(#2274));
#2274 = ORIENTED_EDGE('',*,*,#726,.F.);
#2275 = FACE_BOUND('',#2276,.T.);
#2276 = EDGE_LOOP('',(#2277));
#2277 = ORIENTED_EDGE('',*,*,#2278,.T.);
#2278 = EDGE_CURVE('',#2279,#2279,#2281,.T.);
#2279 = VERTEX_POINT('',#2280);
#2280 = CARTESIAN_POINT('',(22.25,-38.6075,-4.));
#2281 = CIRCLE('',#2282,1.1);
#2282 = AXIS2_PLACEMENT_3D('',#2283,#2284,#2285);
#2283 = CARTESIAN_POINT('',(21.15,-38.6075,-4.));
#2284 = DIRECTION('',(0.,0.,1.));
#2285 = DIRECTION('',(1.,0.,0.));
#2286 = PLANE('',#2287);
#2287 = AXIS2_PLACEMENT_3D('',#2288,#2289,#2290);
#2288 = CARTESIAN_POINT('',(94.100235918067,-57.38696961959,-4.));
#2289 = DIRECTION('',(-0.,-0.,-1.));
#2290 = DIRECTION('',(-1.,0.,0.));
#2291 = ADVANCED_FACE('',(#2292),#2311,.T.);
#2292 = FACE_BOUND('',#2293,.T.);
#2293 = EDGE_LOOP('',(#2294,#2302,#2303,#2304));
#2294 = ORIENTED_EDGE('',*,*,#2295,.T.);
#2295 = EDGE_CURVE('',#2296,#738,#2298,.T.);
#2296 = VERTEX_POINT('',#2297);
#2297 = CARTESIAN_POINT('',(29.5,-15.,-5.5));
#2298 = LINE('',#2299,#2300);
#2299 = CARTESIAN_POINT('',(29.5,-15.,-7.));
#2300 = VECTOR('',#2301,1.);
#2301 = DIRECTION('',(0.,0.,1.));
#2302 = ORIENTED_EDGE('',*,*,#737,.F.);
#2303 = ORIENTED_EDGE('',*,*,#2295,.F.);
#2304 = ORIENTED_EDGE('',*,*,#2305,.T.);
#2305 = EDGE_CURVE('',#2296,#2296,#2306,.T.);
#2306 = CIRCLE('',#2307,4.5);
#2307 = AXIS2_PLACEMENT_3D('',#2308,#2309,#2310);
#2308 = CARTESIAN_POINT('',(25.,-15.,-5.5));
#2309 = DIRECTION('',(0.,0.,1.));
#2310 = DIRECTION('',(1.,0.,-0.));
#2311 = CYLINDRICAL_SURFACE('',#2312,4.5);
#2312 = AXIS2_PLACEMENT_3D('',#2313,#2314,#2315);
#2313 = CARTESIAN_POINT('',(25.,-15.,-7.));
#2314 = DIRECTION('',(0.,0.,1.));
#2315 = DIRECTION('',(1.,0.,-0.));
#2316 = ADVANCED_FACE('',(#2317),#2344,.T.);
#2317 = FACE_BOUND('',#2318,.T.);
#2318 = EDGE_LOOP('',(#2319,#2327,#2328,#2329,#2330,#2336,#2337,#2338));
#2319 = ORIENTED_EDGE('',*,*,#2320,.F.);
#2320 = EDGE_CURVE('',#1063,#2321,#2323,.T.);
#2321 = VERTEX_POINT('',#2322);
#2322 = CARTESIAN_POINT('',(161.6625,-36.07505703056,5.31));
#2323 = LINE('',#2324,#2325);
#2324 = CARTESIAN_POINT('',(161.6625,-36.07505703056,-2.));
#2325 = VECTOR('',#2326,1.);
#2326 = DIRECTION('',(0.,0.,1.));
#2327 = ORIENTED_EDGE('',*,*,#1070,.F.);
#2328 = ORIENTED_EDGE('',*,*,#943,.T.);
#2329 = ORIENTED_EDGE('',*,*,#917,.T.);
#2330 = ORIENTED_EDGE('',*,*,#2331,.T.);
#2331 = EDGE_CURVE('',#910,#853,#2332,.T.);
#2332 = LINE('',#2333,#2334);
#2333 = CARTESIAN_POINT('',(161.6407963181,-34.9875,-0.75));
#2334 = VECTOR('',#2335,1.);
#2335 = DIRECTION('',(0.,0.,1.));
#2336 = ORIENTED_EDGE('',*,*,#860,.F.);
#2337 = ORIENTED_EDGE('',*,*,#772,.T.);
#2338 = ORIENTED_EDGE('',*,*,#2339,.T.);
#2339 = EDGE_CURVE('',#775,#2321,#2340,.T.);
#2340 = LINE('',#2341,#2342);
#2341 = CARTESIAN_POINT('',(161.47455982191,-26.6575,5.31));
#2342 = VECTOR('',#2343,1.);
#2343 = DIRECTION('',(1.995238940048E-02,-0.999800931264,0.));
#2344 = PLANE('',#2345);
#2345 = AXIS2_PLACEMENT_3D('',#2346,#2347,#2348);
#2346 = CARTESIAN_POINT('',(161.47455982191,-26.6575,-2.));
#2347 = DIRECTION('',(0.999800931264,1.995238940048E-02,0.));
#2348 = DIRECTION('',(1.995238940048E-02,-0.999800931264,0.));
#2349 = ADVANCED_FACE('',(#2350),#2369,.T.);
#2350 = FACE_BOUND('',#2351,.F.);
#2351 = EDGE_LOOP('',(#2352,#2353,#2354,#2363));
#2352 = ORIENTED_EDGE('',*,*,#813,.T.);
#2353 = ORIENTED_EDGE('',*,*,#789,.T.);
#2354 = ORIENTED_EDGE('',*,*,#2355,.F.);
#2355 = EDGE_CURVE('',#2356,#775,#2358,.T.);
#2356 = VERTEX_POINT('',#2357);
#2357 = CARTESIAN_POINT('',(160.25037325735,-25.4575,6.51));
#2358 = ELLIPSE('',#2359,1.714244073879,1.2);
#2359 = AXIS2_PLACEMENT_3D('',#2360,#2361,#2362);
#2360 = CARTESIAN_POINT('',(160.25037325735,-25.4575,5.31));
#2361 = DIRECTION('',(0.700017003579,0.714126175616,-0.));
#2362 = DIRECTION('',(-0.714126175616,0.700017003579,0.));
#2363 = ORIENTED_EDGE('',*,*,#2364,.F.);
#2364 = EDGE_CURVE('',#814,#2356,#2365,.T.);
#2365 = LINE('',#2366,#2367);
#2366 = CARTESIAN_POINT('',(162.3835,-25.4575,6.51));
#2367 = VECTOR('',#2368,1.);
#2368 = DIRECTION('',(-1.,0.,0.));
#2369 = CYLINDRICAL_SURFACE('',#2370,1.2);
#2370 = AXIS2_PLACEMENT_3D('',#2371,#2372,#2373);
#2371 = CARTESIAN_POINT('',(162.3835,-25.4575,5.31));
#2372 = DIRECTION('',(-1.,0.,0.));
#2373 = DIRECTION('',(0.,-0.,1.));
#2374 = ADVANCED_FACE('',(#2375,#2706),#3084,.F.);
#2375 = FACE_BOUND('',#2376,.F.);
#2376 = EDGE_LOOP('',(#2377,#2378,#2386,#2394,#2402,#2410,#2418,#2426,
    #2434,#2442,#2450,#2458,#2466,#2474,#2482,#2490,#2498,#2506,#2514,
    #2522,#2530,#2538,#2546,#2554,#2562,#2570,#2578,#2586,#2594,#2602,
    #2610,#2618,#2626,#2634,#2642,#2650,#2658,#2666,#2674,#2682,#2690,
    #2698,#2704,#2705));
#2377 = ORIENTED_EDGE('',*,*,#2364,.T.);
#2378 = ORIENTED_EDGE('',*,*,#2379,.T.);
#2379 = EDGE_CURVE('',#2356,#2380,#2382,.T.);
#2380 = VERTEX_POINT('',#2381);
#2381 = CARTESIAN_POINT('',(160.46273888248,-36.09899989784,6.51));
#2382 = LINE('',#2383,#2384);
#2383 = CARTESIAN_POINT('',(160.27479870439,-26.68144286728,6.51));
#2384 = VECTOR('',#2385,1.);
#2385 = DIRECTION('',(1.995238940048E-02,-0.999800931264,0.));
#2386 = ORIENTED_EDGE('',*,*,#2387,.T.);
#2387 = EDGE_CURVE('',#2380,#2388,#2390,.T.);
#2388 = VERTEX_POINT('',#2389);
#2389 = CARTESIAN_POINT('',(160.4625,-79.5,6.51));
#2390 = LINE('',#2391,#2392);
#2391 = CARTESIAN_POINT('',(160.4625,-36.07505703056,6.51));
#2392 = VECTOR('',#2393,1.);
#2393 = DIRECTION('',(0.,-1.,0.));
#2394 = ORIENTED_EDGE('',*,*,#2395,.T.);
#2395 = EDGE_CURVE('',#2388,#2396,#2398,.T.);
#2396 = VERTEX_POINT('',#2397);
#2397 = CARTESIAN_POINT('',(143.84025755739,-79.5,6.51));
#2398 = LINE('',#2399,#2400);
#2399 = CARTESIAN_POINT('',(161.6625,-79.5,6.51));
#2400 = VECTOR('',#2401,1.);
#2401 = DIRECTION('',(-1.,0.,0.));
#2402 = ORIENTED_EDGE('',*,*,#2403,.T.);
#2403 = EDGE_CURVE('',#2396,#2404,#2406,.T.);
#2404 = VERTEX_POINT('',#2405);
#2405 = CARTESIAN_POINT('',(158.55600845828,-83.44307099867,6.51));
#2406 = LINE('',#2407,#2408);
#2407 = CARTESIAN_POINT('',(152.6445855687,-81.85911104217,6.51));
#2408 = VECTOR('',#2409,1.);
#2409 = DIRECTION('',(0.965925868482,-0.258818887635,0.));
#2410 = ORIENTED_EDGE('',*,*,#2411,.T.);
#2411 = EDGE_CURVE('',#2404,#2412,#2414,.T.);
#2412 = VERTEX_POINT('',#2413);
#2413 = CARTESIAN_POINT('',(156.99500732589,-89.26880522479,6.51));
#2414 = LINE('',#2415,#2416);
#2415 = CARTESIAN_POINT('',(158.86659144569,-82.28395977044,6.51));
#2416 = VECTOR('',#2417,1.);
#2417 = DIRECTION('',(-0.258819099429,-0.965925811732,0.));
#2418 = ORIENTED_EDGE('',*,*,#2419,.T.);
#2419 = EDGE_CURVE('',#2412,#2420,#2422,.T.);
#2420 = VERTEX_POINT('',#2421);
#2421 = CARTESIAN_POINT('',(159.13452714711,-89.84209517689,6.51));
#2422 = LINE('',#2423,#2424);
#2423 = CARTESIAN_POINT('',(158.1541136759,-89.5793908138,6.51));
#2424 = VECTOR('',#2425,1.);
#2425 = DIRECTION('',(0.96592499741,-0.258822138501,0.));
#2426 = ORIENTED_EDGE('',*,*,#2427,.T.);
#2427 = EDGE_CURVE('',#2420,#2428,#2430,.T.);
#2428 = VERTEX_POINT('',#2429);
#2429 = CARTESIAN_POINT('',(149.45469784617,-125.9677223832,6.51));
#2430 = LINE('',#2431,#2432);
#2431 = CARTESIAN_POINT('',(159.44510888,-88.6829879705,6.51));
#2432 = VECTOR('',#2433,1.);
#2433 = DIRECTION('',(-0.258818961903,-0.965925848582,0.));
#2434 = ORIENTED_EDGE('',*,*,#2435,.T.);
#2435 = EDGE_CURVE('',#2428,#2436,#2438,.T.);
#2436 = VERTEX_POINT('',#2437);
#2437 = CARTESIAN_POINT('',(147.31517673404,-125.3944320852,6.51));
#2438 = LINE('',#2439,#2440);
#2439 = CARTESIAN_POINT('',(150.61381165499,-126.2783099708,6.51));
#2440 = VECTOR('',#2441,1.);
#2441 = DIRECTION('',(-0.96592499741,0.258822138501,0.));
#2442 = ORIENTED_EDGE('',*,*,#2443,.T.);
#2443 = EDGE_CURVE('',#2436,#2444,#2446,.T.);
#2444 = VERTEX_POINT('',#2445);
#2445 = CARTESIAN_POINT('',(145.75416779622,-131.2201781211,6.51));
#2446 = LINE('',#2447,#2448);
#2447 = CARTESIAN_POINT('',(147.00459220686,-126.5535456138,6.51));
#2448 = VECTOR('',#2449,1.);
#2449 = DIRECTION('',(-0.258819817375,-0.965925619359,0.));
#2450 = ORIENTED_EDGE('',*,*,#2451,.T.);
#2451 = EDGE_CURVE('',#2444,#2452,#2454,.T.);
#2452 = VERTEX_POINT('',#2453);
#2453 = CARTESIAN_POINT('',(120.97817046875,-124.5814684329,6.51));
#2454 = LINE('',#2455,#2456);
#2455 = CARTESIAN_POINT('',(146.91327789979,-131.530760794,6.51));
#2456 = VECTOR('',#2457,1.);
#2457 = DIRECTION('',(-0.96592581447,0.258819089211,0.));
#2458 = ORIENTED_EDGE('',*,*,#2459,.T.);
#2459 = EDGE_CURVE('',#2452,#2460,#2462,.T.);
#2460 = VERTEX_POINT('',#2461);
#2461 = CARTESIAN_POINT('',(122.2108003917,-119.9812487205,6.51));
#2462 = LINE('',#2463,#2464);
#2463 = CARTESIAN_POINT('',(120.66758620815,-125.7405801917,6.51));
#2464 = VECTOR('',#2465,1.);
#2465 = DIRECTION('',(0.2588199788,0.965925576105,0.));
#2466 = ORIENTED_EDGE('',*,*,#2467,.T.);
#2467 = EDGE_CURVE('',#2460,#2468,#2470,.T.);
#2468 = VERTEX_POINT('',#2469);
#2469 = CARTESIAN_POINT('',(103.80991189964,-115.0507491245,6.51));
#2470 = LINE('',#2471,#2472);
#2471 = CARTESIAN_POINT('',(121.05168801028,-119.6706657217,6.51));
#2472 = VECTOR('',#2473,1.);
#2473 = DIRECTION('',(-0.965925873737,0.258818868025,0.));
#2474 = ORIENTED_EDGE('',*,*,#2475,.T.);
#2475 = EDGE_CURVE('',#2468,#2476,#2478,.T.);
#2476 = VERTEX_POINT('',#2477);
#2477 = CARTESIAN_POINT('',(107.72082742615,-100.455,6.51));
#2478 = LINE('',#2479,#2480);
#2479 = CARTESIAN_POINT('',(103.49932933283,-116.2098601298,6.51));
#2480 = VECTOR('',#2481,1.);
#2481 = DIRECTION('',(0.258818818846,0.965925886914,0.));
#2482 = ORIENTED_EDGE('',*,*,#2483,.T.);
#2483 = EDGE_CURVE('',#2476,#2484,#2486,.T.);
#2484 = VERTEX_POINT('',#2485);
#2485 = CARTESIAN_POINT('',(89.025,-100.455,6.51));
#2486 = LINE('',#2487,#2488);
#2487 = CARTESIAN_POINT('',(106.15695735798,-100.455,6.51));
#2488 = VECTOR('',#2489,1.);
#2489 = DIRECTION('',(-1.,0.,0.));
#2490 = ORIENTED_EDGE('',*,*,#2491,.T.);
#2491 = EDGE_CURVE('',#2484,#2492,#2494,.T.);
#2492 = VERTEX_POINT('',#2493);
#2493 = CARTESIAN_POINT('',(89.025,-102.36,6.51));
#2494 = LINE('',#2495,#2496);
#2495 = CARTESIAN_POINT('',(89.025,-101.655,6.51));
#2496 = VECTOR('',#2497,1.);
#2497 = DIRECTION('',(0.,-1.,0.));
#2498 = ORIENTED_EDGE('',*,*,#2499,.T.);
#2499 = EDGE_CURVE('',#2492,#2500,#2502,.T.);
#2500 = VERTEX_POINT('',#2501);
#2501 = CARTESIAN_POINT('',(60.45,-102.36,6.51));
#2502 = LINE('',#2503,#2504);
#2503 = CARTESIAN_POINT('',(90.225,-102.36,6.51));
#2504 = VECTOR('',#2505,1.);
#2505 = DIRECTION('',(-1.,0.,0.));
#2506 = ORIENTED_EDGE('',*,*,#2507,.T.);
#2507 = EDGE_CURVE('',#2500,#2508,#2510,.T.);
#2508 = VERTEX_POINT('',#2509);
#2509 = CARTESIAN_POINT('',(60.45,-103.3125,6.51));
#2510 = LINE('',#2511,#2512);
#2511 = CARTESIAN_POINT('',(60.45,-103.56,6.51));
#2512 = VECTOR('',#2513,1.);
#2513 = DIRECTION('',(0.,-1.,0.));
#2514 = ORIENTED_EDGE('',*,*,#2515,.T.);
#2515 = EDGE_CURVE('',#2508,#2516,#2518,.T.);
#2516 = VERTEX_POINT('',#2517);
#2517 = CARTESIAN_POINT('',(20.5125,-103.3125,6.51));
#2518 = LINE('',#2519,#2520);
#2519 = CARTESIAN_POINT('',(61.65,-103.3125,6.51));
#2520 = VECTOR('',#2521,1.);
#2521 = DIRECTION('',(-1.,0.,0.));
#2522 = ORIENTED_EDGE('',*,*,#2523,.T.);
#2523 = EDGE_CURVE('',#2516,#2524,#2526,.T.);
#2524 = VERTEX_POINT('',#2525);
#2525 = CARTESIAN_POINT('',(20.5125,-84.2625,6.51));
#2526 = LINE('',#2527,#2528);
#2527 = CARTESIAN_POINT('',(20.5125,-104.5125,6.51));
#2528 = VECTOR('',#2529,1.);
#2529 = DIRECTION('',(0.,1.,0.));
#2530 = ORIENTED_EDGE('',*,*,#2531,.T.);
#2531 = EDGE_CURVE('',#2524,#2532,#2534,.T.);
#2532 = VERTEX_POINT('',#2533);
#2533 = CARTESIAN_POINT('',(15.75,-84.2625,6.51));
#2534 = LINE('',#2535,#2536);
#2535 = CARTESIAN_POINT('',(19.3125,-84.2625,6.51));
#2536 = VECTOR('',#2537,1.);
#2537 = DIRECTION('',(-1.,0.,0.));
#2538 = ORIENTED_EDGE('',*,*,#2539,.T.);
#2539 = EDGE_CURVE('',#2532,#2540,#2542,.T.);
#2540 = VERTEX_POINT('',#2541);
#2541 = CARTESIAN_POINT('',(15.75,-20.5125,6.51));
#2542 = LINE('',#2543,#2544);
#2543 = CARTESIAN_POINT('',(15.75,-85.4625,6.51));
#2544 = VECTOR('',#2545,1.);
#2545 = DIRECTION('',(0.,1.,0.));
#2546 = ORIENTED_EDGE('',*,*,#2547,.T.);
#2547 = EDGE_CURVE('',#2540,#2548,#2550,.T.);
#2548 = VERTEX_POINT('',#2549);
#2549 = CARTESIAN_POINT('',(19.8875,-20.5125,6.51));
#2550 = LINE('',#2551,#2552);
#2551 = CARTESIAN_POINT('',(14.55,-20.5125,6.51));
#2552 = VECTOR('',#2553,1.);
#2553 = DIRECTION('',(1.,0.,0.));
#2554 = ORIENTED_EDGE('',*,*,#2555,.T.);
#2555 = EDGE_CURVE('',#2548,#2556,#2558,.T.);
#2556 = VERTEX_POINT('',#2557);
#2557 = CARTESIAN_POINT('',(19.8875,-2.8675,6.51));
#2558 = LINE('',#2559,#2560);
#2559 = CARTESIAN_POINT('',(19.8875,-19.3125,6.51));
#2560 = VECTOR('',#2561,1.);
#2561 = DIRECTION('',(0.,1.,0.));
#2562 = ORIENTED_EDGE('',*,*,#2563,.T.);
#2563 = EDGE_CURVE('',#2556,#2564,#2566,.T.);
#2564 = VERTEX_POINT('',#2565);
#2565 = CARTESIAN_POINT('',(20.5125,-2.8675,6.51));
#2566 = LINE('',#2567,#2568);
#2567 = CARTESIAN_POINT('',(18.6875,-2.8675,6.51));
#2568 = VECTOR('',#2569,1.);
#2569 = DIRECTION('',(1.,0.,0.));
#2570 = ORIENTED_EDGE('',*,*,#2571,.T.);
#2571 = EDGE_CURVE('',#2564,#2572,#2574,.T.);
#2572 = VERTEX_POINT('',#2573);
#2573 = CARTESIAN_POINT('',(20.5125,-1.4625,6.51));
#2574 = LINE('',#2575,#2576);
#2575 = CARTESIAN_POINT('',(20.5125,-1.6675,6.51));
#2576 = VECTOR('',#2577,1.);
#2577 = DIRECTION('',(0.,1.,0.));
#2578 = ORIENTED_EDGE('',*,*,#2579,.T.);
#2579 = EDGE_CURVE('',#2572,#2580,#2582,.T.);
#2580 = VERTEX_POINT('',#2581);
#2581 = CARTESIAN_POINT('',(39.5625,-1.4625,6.51));
#2582 = LINE('',#2583,#2584);
#2583 = CARTESIAN_POINT('',(19.3125,-1.4625,6.51));
#2584 = VECTOR('',#2585,1.);
#2585 = DIRECTION('',(1.,0.,0.));
#2586 = ORIENTED_EDGE('',*,*,#2587,.T.);
#2587 = EDGE_CURVE('',#2580,#2588,#2590,.T.);
#2588 = VERTEX_POINT('',#2589);
#2589 = CARTESIAN_POINT('',(39.5625,-0.51,6.51));
#2590 = LINE('',#2591,#2592);
#2591 = CARTESIAN_POINT('',(39.5625,-0.2625,6.51));
#2592 = VECTOR('',#2593,1.);
#2593 = DIRECTION('',(0.,1.,0.));
#2594 = ORIENTED_EDGE('',*,*,#2595,.T.);
#2595 = EDGE_CURVE('',#2588,#2596,#2598,.T.);
#2596 = VERTEX_POINT('',#2597);
#2597 = CARTESIAN_POINT('',(57.9875,-0.51,6.51));
#2598 = LINE('',#2599,#2600);
#2599 = CARTESIAN_POINT('',(38.3625,-0.51,6.51));
#2600 = VECTOR('',#2601,1.);
#2601 = DIRECTION('',(1.,0.,0.));
#2602 = ORIENTED_EDGE('',*,*,#2603,.T.);
#2603 = EDGE_CURVE('',#2596,#2604,#2606,.T.);
#2604 = VERTEX_POINT('',#2605);
#2605 = CARTESIAN_POINT('',(57.9875,-1.E-02,6.51));
#2606 = LINE('',#2607,#2608);
#2607 = CARTESIAN_POINT('',(57.9875,0.69,6.51));
#2608 = VECTOR('',#2609,1.);
#2609 = DIRECTION('',(0.,1.,0.));
#2610 = ORIENTED_EDGE('',*,*,#2611,.T.);
#2611 = EDGE_CURVE('',#2604,#2612,#2614,.T.);
#2612 = VERTEX_POINT('',#2613);
#2613 = CARTESIAN_POINT('',(58.6125,-1.E-02,6.51));
#2614 = LINE('',#2615,#2616);
#2615 = CARTESIAN_POINT('',(56.7875,-1.E-02,6.51));
#2616 = VECTOR('',#2617,1.);
#2617 = DIRECTION('',(1.,0.,0.));
#2618 = ORIENTED_EDGE('',*,*,#2619,.T.);
#2619 = EDGE_CURVE('',#2612,#2620,#2622,.T.);
#2620 = VERTEX_POINT('',#2621);
#2621 = CARTESIAN_POINT('',(58.6125,1.395,6.51));
#2622 = LINE('',#2623,#2624);
#2623 = CARTESIAN_POINT('',(58.6125,1.19,6.51));
#2624 = VECTOR('',#2625,1.);
#2625 = DIRECTION('',(0.,1.,0.));
#2626 = ORIENTED_EDGE('',*,*,#2627,.T.);
#2627 = EDGE_CURVE('',#2620,#2628,#2630,.T.);
#2628 = VERTEX_POINT('',#2629);
#2629 = CARTESIAN_POINT('',(77.0375,1.395,6.51));
#2630 = LINE('',#2631,#2632);
#2631 = CARTESIAN_POINT('',(57.4125,1.395,6.51));
#2632 = VECTOR('',#2633,1.);
#2633 = DIRECTION('',(1.,0.,0.));
#2634 = ORIENTED_EDGE('',*,*,#2635,.T.);
#2635 = EDGE_CURVE('',#2628,#2636,#2638,.T.);
#2636 = VERTEX_POINT('',#2637);
#2637 = CARTESIAN_POINT('',(77.0375,1.895,6.51));
#2638 = LINE('',#2639,#2640);
#2639 = CARTESIAN_POINT('',(77.0375,2.595,6.51));
#2640 = VECTOR('',#2641,1.);
#2641 = DIRECTION('',(0.,1.,0.));
#2642 = ORIENTED_EDGE('',*,*,#2643,.T.);
#2643 = EDGE_CURVE('',#2636,#2644,#2646,.T.);
#2644 = VERTEX_POINT('',#2645);
#2645 = CARTESIAN_POINT('',(77.6625,1.895,6.51));
#2646 = LINE('',#2647,#2648);
#2647 = CARTESIAN_POINT('',(75.8375,1.895,6.51));
#2648 = VECTOR('',#2649,1.);
#2649 = DIRECTION('',(1.,0.,0.));
#2650 = ORIENTED_EDGE('',*,*,#2651,.T.);
#2651 = EDGE_CURVE('',#2644,#2652,#2654,.T.);
#2652 = VERTEX_POINT('',#2653);
#2653 = CARTESIAN_POINT('',(77.6625,3.3,6.51));
#2654 = LINE('',#2655,#2656);
#2655 = CARTESIAN_POINT('',(77.6625,3.095,6.51));
#2656 = VECTOR('',#2657,1.);
#2657 = DIRECTION('',(0.,1.,0.));
#2658 = ORIENTED_EDGE('',*,*,#2659,.T.);
#2659 = EDGE_CURVE('',#2652,#2660,#2662,.T.);
#2660 = VERTEX_POINT('',#2661);
#2661 = CARTESIAN_POINT('',(103.3125,3.3,6.51));
#2662 = LINE('',#2663,#2664);
#2663 = CARTESIAN_POINT('',(76.4625,3.3,6.51));
#2664 = VECTOR('',#2665,1.);
#2665 = DIRECTION('',(1.,0.,0.));
#2666 = ORIENTED_EDGE('',*,*,#2667,.T.);
#2667 = EDGE_CURVE('',#2660,#2668,#2670,.T.);
#2668 = VERTEX_POINT('',#2669);
#2669 = CARTESIAN_POINT('',(103.3125,1.395,6.51));
#2670 = LINE('',#2671,#2672);
#2671 = CARTESIAN_POINT('',(103.3125,4.5,6.51));
#2672 = VECTOR('',#2673,1.);
#2673 = DIRECTION('',(0.,-1.,0.));
#2674 = ORIENTED_EDGE('',*,*,#2675,.T.);
#2675 = EDGE_CURVE('',#2668,#2676,#2678,.T.);
#2676 = VERTEX_POINT('',#2677);
#2677 = CARTESIAN_POINT('',(122.3625,1.395,6.51));
#2678 = LINE('',#2679,#2680);
#2679 = CARTESIAN_POINT('',(104.5125,1.395,6.51));
#2680 = VECTOR('',#2681,1.);
#2681 = DIRECTION('',(1.,0.,0.));
#2682 = ORIENTED_EDGE('',*,*,#2683,.T.);
#2683 = EDGE_CURVE('',#2676,#2684,#2686,.T.);
#2684 = VERTEX_POINT('',#2685);
#2685 = CARTESIAN_POINT('',(122.3625,-0.51,6.51));
#2686 = LINE('',#2687,#2688);
#2687 = CARTESIAN_POINT('',(122.3625,2.595,6.51));
#2688 = VECTOR('',#2689,1.);
#2689 = DIRECTION('',(0.,-1.,0.));
#2690 = ORIENTED_EDGE('',*,*,#2691,.T.);
#2691 = EDGE_CURVE('',#2684,#2692,#2694,.T.);
#2692 = VERTEX_POINT('',#2693);
#2693 = CARTESIAN_POINT('',(136.0415,-0.51,6.51));
#2694 = LINE('',#2695,#2696);
#2695 = CARTESIAN_POINT('',(123.5625,-0.51,6.51));
#2696 = VECTOR('',#2697,1.);
#2697 = DIRECTION('',(1.,0.,0.));
#2698 = ORIENTED_EDGE('',*,*,#2699,.T.);
#2699 = EDGE_CURVE('',#2692,#1158,#2700,.T.);
#2700 = LINE('',#2701,#2702);
#2701 = CARTESIAN_POINT('',(136.0415,0.69,6.51));
#2702 = VECTOR('',#2703,1.);
#2703 = DIRECTION('',(0.,1.,0.));
#2704 = ORIENTED_EDGE('',*,*,#1168,.T.);
#2705 = ORIENTED_EDGE('',*,*,#822,.T.);
#2706 = FACE_BOUND('',#2707,.F.);
#2707 = EDGE_LOOP('',(#2708,#2718,#2726,#2734,#2742,#2750,#2758,#2766,
    #2774,#2782,#2790,#2798,#2806,#2814,#2822,#2830,#2838,#2846,#2854,
    #2862,#2870,#2878,#2886,#2894,#2902,#2910,#2918,#2926,#2934,#2942,
    #2950,#2958,#2966,#2974,#2982,#2990,#2998,#3006,#3014,#3022,#3030,
    #3038,#3046,#3054,#3062,#3070,#3078));
#2708 = ORIENTED_EDGE('',*,*,#2709,.F.);
#2709 = EDGE_CURVE('',#2710,#2712,#2714,.T.);
#2710 = VERTEX_POINT('',#2711);
#2711 = CARTESIAN_POINT('',(160.3835,-24.6575,6.51));
#2712 = VERTEX_POINT('',#2713);
#2713 = CARTESIAN_POINT('',(159.4503269956,-24.6575,6.51));
#2714 = LINE('',#2715,#2716);
#2715 = CARTESIAN_POINT('',(159.8835,-24.6575,6.51));
#2716 = VECTOR('',#2717,1.);
#2717 = DIRECTION('',(-1.,0.,0.));
#2718 = ORIENTED_EDGE('',*,*,#2719,.F.);
#2719 = EDGE_CURVE('',#2720,#2710,#2722,.T.);
#2720 = VERTEX_POINT('',#2721);
#2721 = CARTESIAN_POINT('',(160.3835,2.8925,6.51));
#2722 = LINE('',#2723,#2724);
#2723 = CARTESIAN_POINT('',(160.3835,2.3925,6.51));
#2724 = VECTOR('',#2725,1.);
#2725 = DIRECTION('',(0.,-1.,0.));
#2726 = ORIENTED_EDGE('',*,*,#2727,.F.);
#2727 = EDGE_CURVE('',#2728,#2720,#2730,.T.);
#2728 = VERTEX_POINT('',#2729);
#2729 = CARTESIAN_POINT('',(136.8415,2.8925,6.51));
#2730 = LINE('',#2731,#2732);
#2731 = CARTESIAN_POINT('',(137.3415,2.8925,6.51));
#2732 = VECTOR('',#2733,1.);
#2733 = DIRECTION('',(1.,0.,0.));
#2734 = ORIENTED_EDGE('',*,*,#2735,.F.);
#2735 = EDGE_CURVE('',#2736,#2728,#2738,.T.);
#2736 = VERTEX_POINT('',#2737);
#2737 = CARTESIAN_POINT('',(136.8415,-1.31,6.51));
#2738 = LINE('',#2739,#2740);
#2739 = CARTESIAN_POINT('',(136.8415,-1.81,6.51));
#2740 = VECTOR('',#2741,1.);
#2741 = DIRECTION('',(0.,1.,0.));
#2742 = ORIENTED_EDGE('',*,*,#2743,.F.);
#2743 = EDGE_CURVE('',#2744,#2736,#2746,.T.);
#2744 = VERTEX_POINT('',#2745);
#2745 = CARTESIAN_POINT('',(121.5625,-1.31,6.51));
#2746 = LINE('',#2747,#2748);
#2747 = CARTESIAN_POINT('',(121.0625,-1.31,6.51));
#2748 = VECTOR('',#2749,1.);
#2749 = DIRECTION('',(1.,0.,0.));
#2750 = ORIENTED_EDGE('',*,*,#2751,.F.);
#2751 = EDGE_CURVE('',#2752,#2744,#2754,.T.);
#2752 = VERTEX_POINT('',#2753);
#2753 = CARTESIAN_POINT('',(121.5625,0.595,6.51));
#2754 = LINE('',#2755,#2756);
#2755 = CARTESIAN_POINT('',(121.5625,9.5E-02,6.51));
#2756 = VECTOR('',#2757,1.);
#2757 = DIRECTION('',(0.,-1.,0.));
#2758 = ORIENTED_EDGE('',*,*,#2759,.F.);
#2759 = EDGE_CURVE('',#2760,#2752,#2762,.T.);
#2760 = VERTEX_POINT('',#2761);
#2761 = CARTESIAN_POINT('',(102.5125,0.595,6.51));
#2762 = LINE('',#2763,#2764);
#2763 = CARTESIAN_POINT('',(102.0125,0.595,6.51));
#2764 = VECTOR('',#2765,1.);
#2765 = DIRECTION('',(1.,0.,0.));
#2766 = ORIENTED_EDGE('',*,*,#2767,.F.);
#2767 = EDGE_CURVE('',#2768,#2760,#2770,.T.);
#2768 = VERTEX_POINT('',#2769);
#2769 = CARTESIAN_POINT('',(102.5125,2.5,6.51));
#2770 = LINE('',#2771,#2772);
#2771 = CARTESIAN_POINT('',(102.5125,2.,6.51));
#2772 = VECTOR('',#2773,1.);
#2773 = DIRECTION('',(0.,-1.,0.));
#2774 = ORIENTED_EDGE('',*,*,#2775,.F.);
#2775 = EDGE_CURVE('',#2776,#2768,#2778,.T.);
#2776 = VERTEX_POINT('',#2777);
#2777 = CARTESIAN_POINT('',(78.4625,2.5,6.51));
#2778 = LINE('',#2779,#2780);
#2779 = CARTESIAN_POINT('',(78.9625,2.5,6.51));
#2780 = VECTOR('',#2781,1.);
#2781 = DIRECTION('',(1.,0.,0.));
#2782 = ORIENTED_EDGE('',*,*,#2783,.F.);
#2783 = EDGE_CURVE('',#2784,#2776,#2786,.T.);
#2784 = VERTEX_POINT('',#2785);
#2785 = CARTESIAN_POINT('',(78.4625,1.095,6.51));
#2786 = LINE('',#2787,#2788);
#2787 = CARTESIAN_POINT('',(78.4625,0.595,6.51));
#2788 = VECTOR('',#2789,1.);
#2789 = DIRECTION('',(0.,1.,0.));
#2790 = ORIENTED_EDGE('',*,*,#2791,.F.);
#2791 = EDGE_CURVE('',#2792,#2784,#2794,.T.);
#2792 = VERTEX_POINT('',#2793);
#2793 = CARTESIAN_POINT('',(77.8375,1.095,6.51));
#2794 = LINE('',#2795,#2796);
#2795 = CARTESIAN_POINT('',(78.3375,1.095,6.51));
#2796 = VECTOR('',#2797,1.);
#2797 = DIRECTION('',(1.,0.,0.));
#2798 = ORIENTED_EDGE('',*,*,#2799,.F.);
#2799 = EDGE_CURVE('',#2800,#2792,#2802,.T.);
#2800 = VERTEX_POINT('',#2801);
#2801 = CARTESIAN_POINT('',(77.8375,0.595,6.51));
#2802 = LINE('',#2803,#2804);
#2803 = CARTESIAN_POINT('',(77.8375,9.5E-02,6.51));
#2804 = VECTOR('',#2805,1.);
#2805 = DIRECTION('',(0.,1.,0.));
#2806 = ORIENTED_EDGE('',*,*,#2807,.F.);
#2807 = EDGE_CURVE('',#2808,#2800,#2810,.T.);
#2808 = VERTEX_POINT('',#2809);
#2809 = CARTESIAN_POINT('',(59.4125,0.595,6.51));
#2810 = LINE('',#2811,#2812);
#2811 = CARTESIAN_POINT('',(59.9125,0.595,6.51));
#2812 = VECTOR('',#2813,1.);
#2813 = DIRECTION('',(1.,0.,0.));
#2814 = ORIENTED_EDGE('',*,*,#2815,.F.);
#2815 = EDGE_CURVE('',#2816,#2808,#2818,.T.);
#2816 = VERTEX_POINT('',#2817);
#2817 = CARTESIAN_POINT('',(59.4125,-0.81,6.51));
#2818 = LINE('',#2819,#2820);
#2819 = CARTESIAN_POINT('',(59.4125,-1.31,6.51));
#2820 = VECTOR('',#2821,1.);
#2821 = DIRECTION('',(0.,1.,0.));
#2822 = ORIENTED_EDGE('',*,*,#2823,.F.);
#2823 = EDGE_CURVE('',#2824,#2816,#2826,.T.);
#2824 = VERTEX_POINT('',#2825);
#2825 = CARTESIAN_POINT('',(58.7875,-0.81,6.51));
#2826 = LINE('',#2827,#2828);
#2827 = CARTESIAN_POINT('',(59.2875,-0.81,6.51));
#2828 = VECTOR('',#2829,1.);
#2829 = DIRECTION('',(1.,0.,0.));
#2830 = ORIENTED_EDGE('',*,*,#2831,.F.);
#2831 = EDGE_CURVE('',#2832,#2824,#2834,.T.);
#2832 = VERTEX_POINT('',#2833);
#2833 = CARTESIAN_POINT('',(58.7875,-1.31,6.51));
#2834 = LINE('',#2835,#2836);
#2835 = CARTESIAN_POINT('',(58.7875,-1.81,6.51));
#2836 = VECTOR('',#2837,1.);
#2837 = DIRECTION('',(0.,1.,0.));
#2838 = ORIENTED_EDGE('',*,*,#2839,.F.);
#2839 = EDGE_CURVE('',#2840,#2832,#2842,.T.);
#2840 = VERTEX_POINT('',#2841);
#2841 = CARTESIAN_POINT('',(40.3625,-1.31,6.51));
#2842 = LINE('',#2843,#2844);
#2843 = CARTESIAN_POINT('',(40.8625,-1.31,6.51));
#2844 = VECTOR('',#2845,1.);
#2845 = DIRECTION('',(1.,0.,0.));
#2846 = ORIENTED_EDGE('',*,*,#2847,.F.);
#2847 = EDGE_CURVE('',#2848,#2840,#2850,.T.);
#2848 = VERTEX_POINT('',#2849);
#2849 = CARTESIAN_POINT('',(40.3625,-2.2625,6.51));
#2850 = LINE('',#2851,#2852);
#2851 = CARTESIAN_POINT('',(40.3625,-2.7625,6.51));
#2852 = VECTOR('',#2853,1.);
#2853 = DIRECTION('',(0.,1.,0.));
#2854 = ORIENTED_EDGE('',*,*,#2855,.F.);
#2855 = EDGE_CURVE('',#2856,#2848,#2858,.T.);
#2856 = VERTEX_POINT('',#2857);
#2857 = CARTESIAN_POINT('',(21.3125,-2.2625,6.51));
#2858 = LINE('',#2859,#2860);
#2859 = CARTESIAN_POINT('',(21.8125,-2.2625,6.51));
#2860 = VECTOR('',#2861,1.);
#2861 = DIRECTION('',(1.,0.,0.));
#2862 = ORIENTED_EDGE('',*,*,#2863,.F.);
#2863 = EDGE_CURVE('',#2864,#2856,#2866,.T.);
#2864 = VERTEX_POINT('',#2865);
#2865 = CARTESIAN_POINT('',(21.3125,-3.6675,6.51));
#2866 = LINE('',#2867,#2868);
#2867 = CARTESIAN_POINT('',(21.3125,-4.1675,6.51));
#2868 = VECTOR('',#2869,1.);
#2869 = DIRECTION('',(0.,1.,0.));
#2870 = ORIENTED_EDGE('',*,*,#2871,.F.);
#2871 = EDGE_CURVE('',#2872,#2864,#2874,.T.);
#2872 = VERTEX_POINT('',#2873);
#2873 = CARTESIAN_POINT('',(20.6875,-3.6675,6.51));
#2874 = LINE('',#2875,#2876);
#2875 = CARTESIAN_POINT('',(21.1875,-3.6675,6.51));
#2876 = VECTOR('',#2877,1.);
#2877 = DIRECTION('',(1.,0.,0.));
#2878 = ORIENTED_EDGE('',*,*,#2879,.F.);
#2879 = EDGE_CURVE('',#2880,#2872,#2882,.T.);
#2880 = VERTEX_POINT('',#2881);
#2881 = CARTESIAN_POINT('',(20.6875,-19.7625580558,6.51));
#2882 = LINE('',#2883,#2884);
#2883 = CARTESIAN_POINT('',(20.6875,-19.765,6.51));
#2884 = VECTOR('',#2885,1.);
#2885 = DIRECTION('',(0.,1.,0.));
#2886 = ORIENTED_EDGE('',*,*,#2887,.F.);
#2887 = EDGE_CURVE('',#2888,#2880,#2890,.T.);
#2888 = VERTEX_POINT('',#2889);
#2889 = CARTESIAN_POINT('',(20.672360151949,-21.3125,6.51));
#2890 = LINE('',#2891,#2892);
#2891 = CARTESIAN_POINT('',(20.667523851797,-21.8076162281,6.51));
#2892 = VECTOR('',#2893,1.);
#2893 = DIRECTION('',(9.767543798842E-03,0.999952296406,0.));
#2894 = ORIENTED_EDGE('',*,*,#2895,.F.);
#2895 = EDGE_CURVE('',#2896,#2888,#2898,.T.);
#2896 = VERTEX_POINT('',#2897);
#2897 = CARTESIAN_POINT('',(16.55,-21.3125,6.51));
#2898 = LINE('',#2899,#2900);
#2899 = CARTESIAN_POINT('',(17.05,-21.3125,6.51));
#2900 = VECTOR('',#2901,1.);
#2901 = DIRECTION('',(1.,0.,0.));
#2902 = ORIENTED_EDGE('',*,*,#2903,.F.);
#2903 = EDGE_CURVE('',#2904,#2896,#2906,.T.);
#2904 = VERTEX_POINT('',#2905);
#2905 = CARTESIAN_POINT('',(16.55,-83.4625,6.51));
#2906 = LINE('',#2907,#2908);
#2907 = CARTESIAN_POINT('',(16.55,-82.9625,6.51));
#2908 = VECTOR('',#2909,1.);
#2909 = DIRECTION('',(0.,1.,0.));
#2910 = ORIENTED_EDGE('',*,*,#2911,.F.);
#2911 = EDGE_CURVE('',#2912,#2904,#2914,.T.);
#2912 = VERTEX_POINT('',#2913);
#2913 = CARTESIAN_POINT('',(21.3125,-83.4625,6.51));
#2914 = LINE('',#2915,#2916);
#2915 = CARTESIAN_POINT('',(21.8125,-83.4625,6.51));
#2916 = VECTOR('',#2917,1.);
#2917 = DIRECTION('',(-1.,0.,0.));
#2918 = ORIENTED_EDGE('',*,*,#2919,.F.);
#2919 = EDGE_CURVE('',#2920,#2912,#2922,.T.);
#2920 = VERTEX_POINT('',#2921);
#2921 = CARTESIAN_POINT('',(21.3125,-102.5125,6.51));
#2922 = LINE('',#2923,#2924);
#2923 = CARTESIAN_POINT('',(21.3125,-102.0125,6.51));
#2924 = VECTOR('',#2925,1.);
#2925 = DIRECTION('',(0.,1.,0.));
#2926 = ORIENTED_EDGE('',*,*,#2927,.F.);
#2927 = EDGE_CURVE('',#2928,#2920,#2930,.T.);
#2928 = VERTEX_POINT('',#2929);
#2929 = CARTESIAN_POINT('',(59.65,-102.5125,6.51));
#2930 = LINE('',#2931,#2932);
#2931 = CARTESIAN_POINT('',(59.15,-102.5125,6.51));
#2932 = VECTOR('',#2933,1.);
#2933 = DIRECTION('',(-1.,0.,0.));
#2934 = ORIENTED_EDGE('',*,*,#2935,.F.);
#2935 = EDGE_CURVE('',#2936,#2928,#2938,.T.);
#2936 = VERTEX_POINT('',#2937);
#2937 = CARTESIAN_POINT('',(59.65,-101.56,6.51));
#2938 = LINE('',#2939,#2940);
#2939 = CARTESIAN_POINT('',(59.65,-101.06,6.51));
#2940 = VECTOR('',#2941,1.);
#2941 = DIRECTION('',(0.,-1.,0.));
#2942 = ORIENTED_EDGE('',*,*,#2943,.F.);
#2943 = EDGE_CURVE('',#2944,#2936,#2946,.T.);
#2944 = VERTEX_POINT('',#2945);
#2945 = CARTESIAN_POINT('',(88.225,-101.56,6.51));
#2946 = LINE('',#2947,#2948);
#2947 = CARTESIAN_POINT('',(87.725,-101.56,6.51));
#2948 = VECTOR('',#2949,1.);
#2949 = DIRECTION('',(-1.,0.,0.));
#2950 = ORIENTED_EDGE('',*,*,#2951,.F.);
#2951 = EDGE_CURVE('',#2952,#2944,#2954,.T.);
#2952 = VERTEX_POINT('',#2953);
#2953 = CARTESIAN_POINT('',(88.225,-99.655,6.51));
#2954 = LINE('',#2955,#2956);
#2955 = CARTESIAN_POINT('',(88.225,-99.155,6.51));
#2956 = VECTOR('',#2957,1.);
#2957 = DIRECTION('',(0.,-1.,0.));
#2958 = ORIENTED_EDGE('',*,*,#2959,.F.);
#2959 = EDGE_CURVE('',#2960,#2952,#2962,.T.);
#2960 = VERTEX_POINT('',#2961);
#2961 = CARTESIAN_POINT('',(108.76340747159,-99.655,6.51));
#2962 = LINE('',#2963,#2964);
#2963 = CARTESIAN_POINT('',(109.41502,-99.655,6.51));
#2964 = VECTOR('',#2965,1.);
#2965 = DIRECTION('',(-1.,0.,0.));
#2966 = ORIENTED_EDGE('',*,*,#2967,.F.);
#2967 = EDGE_CURVE('',#2968,#2960,#2970,.T.);
#2968 = VERTEX_POINT('',#2969);
#2969 = CARTESIAN_POINT('',(104.7897076537,-114.4850635094,6.51));
#2970 = LINE('',#2971,#2972);
#2971 = CARTESIAN_POINT('',(104.91911705654,-114.0021005905,6.51));
#2972 = VECTOR('',#2973,1.);
#2973 = DIRECTION('',(0.258818818846,0.965925886914,0.));
#2974 = ORIENTED_EDGE('',*,*,#2975,.F.);
#2975 = EDGE_CURVE('',#2976,#2968,#2978,.T.);
#2976 = VERTEX_POINT('',#2977);
#2977 = CARTESIAN_POINT('',(123.19059707373,-119.415563354,6.51));
#2978 = LINE('',#2979,#2980);
#2979 = CARTESIAN_POINT('',(123.67356056598,-119.5449729368,6.51));
#2980 = VECTOR('',#2981,1.);
#2981 = DIRECTION('',(-0.965925873737,0.258818868025,0.));
#2982 = ORIENTED_EDGE('',*,*,#2983,.F.);
#2983 = EDGE_CURVE('',#2984,#2976,#2986,.T.);
#2984 = VERTEX_POINT('',#2985);
#2985 = CARTESIAN_POINT('',(121.95796710336,-124.0157832434,6.51));
#2986 = LINE('',#2987,#2988);
#2987 = CARTESIAN_POINT('',(122.08737721194,-123.5328200106,6.51));
#2988 = VECTOR('',#2989,1.);
#2989 = DIRECTION('',(0.2588199788,0.965925576105,0.));
#2990 = ORIENTED_EDGE('',*,*,#2991,.F.);
#2991 = EDGE_CURVE('',#2992,#2984,#2994,.T.);
#2992 = VERTEX_POINT('',#2993);
#2993 = CARTESIAN_POINT('',(145.18848299855,-130.2403823542,6.51));
#2994 = LINE('',#2995,#2996);
#2995 = CARTESIAN_POINT('',(144.70552045539,-130.1109729072,6.51));
#2996 = VECTOR('',#2997,1.);
#2997 = DIRECTION('',(-0.96592581447,0.258819089211,0.));
#2998 = ORIENTED_EDGE('',*,*,#2999,.F.);
#2999 = EDGE_CURVE('',#3000,#2992,#3002,.T.);
#3000 = VERTEX_POINT('',#3001);
#3001 = CARTESIAN_POINT('',(146.74949259001,-124.4146338789,6.51));
#3002 = LINE('',#3003,#3004);
#3003 = CARTESIAN_POINT('',(146.87890280967,-123.9316699086,6.51));
#3004 = VECTOR('',#3005,1.);
#3005 = DIRECTION('',(-0.258819817375,-0.965925619359,0.));
#3006 = ORIENTED_EDGE('',*,*,#3007,.F.);
#3007 = EDGE_CURVE('',#3008,#3000,#3010,.T.);
#3008 = VERTEX_POINT('',#3009);
#3009 = CARTESIAN_POINT('',(148.88901301776,-124.9879239935,6.51));
#3010 = LINE('',#3011,#3012);
#3011 = CARTESIAN_POINT('',(148.40604893074,-124.8585124987,6.51));
#3012 = VECTOR('',#3013,1.);
#3013 = DIRECTION('',(-0.96592499741,0.258822138501,0.));
#3014 = ORIENTED_EDGE('',*,*,#3015,.F.);
#3015 = EDGE_CURVE('',#3016,#3008,#3018,.T.);
#3016 = VERTEX_POINT('',#3017);
#3017 = CARTESIAN_POINT('',(158.15473197966,-90.40777814495,6.51));
#3018 = LINE('',#3019,#3020);
#3019 = CARTESIAN_POINT('',(158.02532292429,-90.89073948095,6.51));
#3020 = VECTOR('',#3021,1.);
#3021 = DIRECTION('',(-0.258818961903,-0.965925848582,0.));
#3022 = ORIENTED_EDGE('',*,*,#3023,.F.);
#3023 = EDGE_CURVE('',#3024,#3016,#3026,.T.);
#3024 = VERTEX_POINT('',#3025);
#3025 = CARTESIAN_POINT('',(156.01521204842,-89.83448816338,6.51));
#3026 = LINE('',#3027,#3028);
#3027 = CARTESIAN_POINT('',(155.53225106925,-89.70507750129,6.51));
#3028 = VECTOR('',#3029,1.);
#3029 = DIRECTION('',(0.96592499741,-0.258822138501,0.));
#3030 = ORIENTED_EDGE('',*,*,#3031,.F.);
#3031 = EDGE_CURVE('',#3032,#3024,#3034,.T.);
#3032 = VERTEX_POINT('',#3033);
#3033 = CARTESIAN_POINT('',(157.57621248395,-84.00875653795,6.51));
#3034 = LINE('',#3035,#3036);
#3035 = CARTESIAN_POINT('',(157.44680290586,-84.49171954971,6.51));
#3036 = VECTOR('',#3037,1.);
#3037 = DIRECTION('',(-0.258819099429,-0.965925811732,0.));
#3038 = ORIENTED_EDGE('',*,*,#3039,.F.);
#3039 = EDGE_CURVE('',#3040,#3032,#3042,.T.);
#3040 = VERTEX_POINT('',#3041);
#3041 = CARTESIAN_POINT('',(140.6125,-79.46334644125,6.51));
#3042 = LINE('',#3043,#3044);
#3043 = CARTESIAN_POINT('',(140.24190944381,-79.36404706575,6.51));
#3044 = VECTOR('',#3045,1.);
#3045 = DIRECTION('',(0.965925868482,-0.258818887635,0.));
#3046 = ORIENTED_EDGE('',*,*,#3047,.F.);
#3047 = EDGE_CURVE('',#3048,#3040,#3050,.T.);
#3048 = VERTEX_POINT('',#3049);
#3049 = CARTESIAN_POINT('',(140.6125,-78.7,6.51));
#3050 = LINE('',#3051,#3052);
#3051 = CARTESIAN_POINT('',(140.6125,-78.2,6.51));
#3052 = VECTOR('',#3053,1.);
#3053 = DIRECTION('',(0.,-1.,0.));
#3054 = ORIENTED_EDGE('',*,*,#3055,.F.);
#3055 = EDGE_CURVE('',#3056,#3048,#3058,.T.);
#3056 = VERTEX_POINT('',#3057);
#3057 = CARTESIAN_POINT('',(159.6625,-78.7,6.51));
#3058 = LINE('',#3059,#3060);
#3059 = CARTESIAN_POINT('',(159.1625,-78.7,6.51));
#3060 = VECTOR('',#3061,1.);
#3061 = DIRECTION('',(-1.,0.,0.));
#3062 = ORIENTED_EDGE('',*,*,#3063,.F.);
#3063 = EDGE_CURVE('',#3064,#3056,#3066,.T.);
#3064 = VERTEX_POINT('',#3065);
#3065 = CARTESIAN_POINT('',(159.6625,-36.09501140611,6.51));
#3066 = LINE('',#3067,#3068);
#3067 = CARTESIAN_POINT('',(159.6625,-36.1,6.51));
#3068 = VECTOR('',#3069,1.);
#3069 = DIRECTION('',(0.,-1.,0.));
#3070 = ORIENTED_EDGE('',*,*,#3071,.F.);
#3071 = EDGE_CURVE('',#3072,#3064,#3074,.T.);
#3072 = VERTEX_POINT('',#3073);
#3073 = CARTESIAN_POINT('',(159.44504865782,-25.19866961747,6.51));
#3074 = LINE('',#3075,#3076);
#3075 = CARTESIAN_POINT('',(159.44490046563,-25.1912438053,6.51));
#3076 = VECTOR('',#3077,1.);
#3077 = DIRECTION('',(1.995238940048E-02,-0.999800931264,0.));
#3078 = ORIENTED_EDGE('',*,*,#3079,.F.);
#3079 = EDGE_CURVE('',#2712,#3072,#3080,.T.);
#3080 = LINE('',#3081,#3082);
#3081 = CARTESIAN_POINT('',(159.45515621864,-24.16237655492,6.51));
#3082 = VECTOR('',#3083,1.);
#3083 = DIRECTION('',(-9.753109849062E-03,-0.999952437293,0.));
#3084 = PLANE('',#3085);
#3085 = AXIS2_PLACEMENT_3D('',#3086,#3087,#3088);
#3086 = CARTESIAN_POINT('',(94.100235918067,-57.38696961959,6.51));
#3087 = DIRECTION('',(-0.,-0.,-1.));
#3088 = DIRECTION('',(-1.,0.,0.));
#3089 = ADVANCED_FACE('',(#3090),#3101,.T.);
#3090 = FACE_BOUND('',#3091,.T.);
#3091 = EDGE_LOOP('',(#3092,#3093,#3099,#3100));
#3092 = ORIENTED_EDGE('',*,*,#909,.F.);
#3093 = ORIENTED_EDGE('',*,*,#3094,.T.);
#3094 = EDGE_CURVE('',#902,#845,#3095,.T.);
#3095 = LINE('',#3096,#3097);
#3096 = CARTESIAN_POINT('',(159.64039810136,-34.9875,-0.75));
#3097 = VECTOR('',#3098,1.);
#3098 = DIRECTION('',(0.,0.,1.));
#3099 = ORIENTED_EDGE('',*,*,#852,.T.);
#3100 = ORIENTED_EDGE('',*,*,#2331,.F.);
#3101 = PLANE('',#3102);
#3102 = AXIS2_PLACEMENT_3D('',#3103,#3104,#3105);
#3103 = CARTESIAN_POINT('',(155.,-34.9875,0.5));
#3104 = DIRECTION('',(0.,1.,0.));
#3105 = DIRECTION('',(0.,0.,1.));
#3106 = ADVANCED_FACE('',(#3107,#3132),#3138,.F.);
#3107 = FACE_BOUND('',#3108,.F.);
#3108 = EDGE_LOOP('',(#3109,#3117,#3118,#3126));
#3109 = ORIENTED_EDGE('',*,*,#3110,.T.);
#3110 = EDGE_CURVE('',#3111,#3072,#3113,.T.);
#3111 = VERTEX_POINT('',#3112);
#3112 = CARTESIAN_POINT('',(159.44504865782,-25.19866961747,-2.));
#3113 = LINE('',#3114,#3115);
#3114 = CARTESIAN_POINT('',(159.44504865782,-25.19866961747,-2.));
#3115 = VECTOR('',#3116,1.);
#3116 = DIRECTION('',(0.,0.,1.));
#3117 = ORIENTED_EDGE('',*,*,#3071,.T.);
#3118 = ORIENTED_EDGE('',*,*,#3119,.F.);
#3119 = EDGE_CURVE('',#3120,#3064,#3122,.T.);
#3120 = VERTEX_POINT('',#3121);
#3121 = CARTESIAN_POINT('',(159.6625,-36.09501140611,-2.));
#3122 = LINE('',#3123,#3124);
#3123 = CARTESIAN_POINT('',(159.6625,-36.09501140611,-2.));
#3124 = VECTOR('',#3125,1.);
#3125 = DIRECTION('',(0.,0.,1.));
#3126 = ORIENTED_EDGE('',*,*,#3127,.F.);
#3127 = EDGE_CURVE('',#3111,#3120,#3128,.T.);
#3128 = LINE('',#3129,#3130);
#3129 = CARTESIAN_POINT('',(159.44490046563,-25.1912438053,-2.));
#3130 = VECTOR('',#3131,1.);
#3131 = DIRECTION('',(1.995238940048E-02,-0.999800931264,0.));
#3132 = FACE_BOUND('',#3133,.F.);
#3133 = EDGE_LOOP('',(#3134,#3135,#3136,#3137));
#3134 = ORIENTED_EDGE('',*,*,#901,.T.);
#3135 = ORIENTED_EDGE('',*,*,#3094,.T.);
#3136 = ORIENTED_EDGE('',*,*,#844,.F.);
#3137 = ORIENTED_EDGE('',*,*,#884,.F.);
#3138 = PLANE('',#3139);
#3139 = AXIS2_PLACEMENT_3D('',#3140,#3141,#3142);
#3140 = CARTESIAN_POINT('',(159.44504865782,-25.19866961747,-2.));
#3141 = DIRECTION('',(0.999800931264,1.995238940048E-02,0.));
#3142 = DIRECTION('',(1.995238940048E-02,-0.999800931264,0.));
#3143 = ADVANCED_FACE('',(#3144,#3169),#3175,.F.);
#3144 = FACE_BOUND('',#3145,.F.);
#3145 = EDGE_LOOP('',(#3146,#3154,#3155,#3163));
#3146 = ORIENTED_EDGE('',*,*,#3147,.T.);
#3147 = EDGE_CURVE('',#3148,#2720,#3150,.T.);
#3148 = VERTEX_POINT('',#3149);
#3149 = CARTESIAN_POINT('',(160.3835,2.8925,-2.));
#3150 = LINE('',#3151,#3152);
#3151 = CARTESIAN_POINT('',(160.3835,2.8925,-2.));
#3152 = VECTOR('',#3153,1.);
#3153 = DIRECTION('',(0.,0.,1.));
#3154 = ORIENTED_EDGE('',*,*,#2719,.T.);
#3155 = ORIENTED_EDGE('',*,*,#3156,.F.);
#3156 = EDGE_CURVE('',#3157,#2710,#3159,.T.);
#3157 = VERTEX_POINT('',#3158);
#3158 = CARTESIAN_POINT('',(160.3835,-24.6575,-2.));
#3159 = LINE('',#3160,#3161);
#3160 = CARTESIAN_POINT('',(160.3835,-24.6575,-2.));
#3161 = VECTOR('',#3162,1.);
#3162 = DIRECTION('',(0.,0.,1.));
#3163 = ORIENTED_EDGE('',*,*,#3164,.F.);
#3164 = EDGE_CURVE('',#3148,#3157,#3165,.T.);
#3165 = LINE('',#3166,#3167);
#3166 = CARTESIAN_POINT('',(160.3835,2.3925,-2.));
#3167 = VECTOR('',#3168,1.);
#3168 = DIRECTION('',(0.,-1.,0.));
#3169 = FACE_BOUND('',#3170,.F.);
#3170 = EDGE_LOOP('',(#3171,#3172,#3173,#3174));
#3171 = ORIENTED_EDGE('',*,*,#965,.T.);
#3172 = ORIENTED_EDGE('',*,*,#1013,.T.);
#3173 = ORIENTED_EDGE('',*,*,#1037,.F.);
#3174 = ORIENTED_EDGE('',*,*,#989,.F.);
#3175 = PLANE('',#3176);
#3176 = AXIS2_PLACEMENT_3D('',#3177,#3178,#3179);
#3177 = CARTESIAN_POINT('',(160.3835,2.8925,-2.));
#3178 = DIRECTION('',(1.,0.,0.));
#3179 = DIRECTION('',(0.,-1.,0.));
#3180 = ADVANCED_FACE('',(#3181),#3199,.F.);
#3181 = FACE_BOUND('',#3182,.F.);
#3182 = EDGE_LOOP('',(#3183,#3184,#3185,#3193));
#3183 = ORIENTED_EDGE('',*,*,#1062,.T.);
#3184 = ORIENTED_EDGE('',*,*,#1211,.T.);
#3185 = ORIENTED_EDGE('',*,*,#3186,.F.);
#3186 = EDGE_CURVE('',#3187,#1203,#3189,.T.);
#3187 = VERTEX_POINT('',#3188);
#3188 = CARTESIAN_POINT('',(161.6625,-80.7,-2.));
#3189 = LINE('',#3190,#3191);
#3190 = CARTESIAN_POINT('',(161.6625,-80.7,-2.));
#3191 = VECTOR('',#3192,1.);
#3192 = DIRECTION('',(0.,0.,-1.));
#3193 = ORIENTED_EDGE('',*,*,#3194,.F.);
#3194 = EDGE_CURVE('',#1063,#3187,#3195,.T.);
#3195 = LINE('',#3196,#3197);
#3196 = CARTESIAN_POINT('',(161.6625,-36.1,-2.));
#3197 = VECTOR('',#3198,1.);
#3198 = DIRECTION('',(0.,-1.,0.));
#3199 = PLANE('',#3200);
#3200 = AXIS2_PLACEMENT_3D('',#3201,#3202,#3203);
#3201 = CARTESIAN_POINT('',(161.6625,-36.07505703056,-2.));
#3202 = DIRECTION('',(-1.,0.,0.));
#3203 = DIRECTION('',(0.,-1.,0.));
#3204 = ADVANCED_FACE('',(#3205),#3223,.F.);
#3205 = FACE_BOUND('',#3206,.F.);
#3206 = EDGE_LOOP('',(#3207,#3215,#3216,#3217));
#3207 = ORIENTED_EDGE('',*,*,#3208,.T.);
#3208 = EDGE_CURVE('',#3209,#1294,#3211,.T.);
#3209 = VERTEX_POINT('',#3210);
#3210 = CARTESIAN_POINT('',(123.5625,2.595,-2.));
#3211 = LINE('',#3212,#3213);
#3212 = CARTESIAN_POINT('',(123.5625,2.595,-2.));
#3213 = VECTOR('',#3214,1.);
#3214 = DIRECTION('',(0.,0.,-1.));
#3215 = ORIENTED_EDGE('',*,*,#1304,.T.);
#3216 = ORIENTED_EDGE('',*,*,#1084,.F.);
#3217 = ORIENTED_EDGE('',*,*,#3218,.F.);
#3218 = EDGE_CURVE('',#3209,#1085,#3219,.T.);
#3219 = LINE('',#3220,#3221);
#3220 = CARTESIAN_POINT('',(123.5625,9.5E-02,-2.));
#3221 = VECTOR('',#3222,1.);
#3222 = DIRECTION('',(0.,-1.,0.));
#3223 = PLANE('',#3224);
#3224 = AXIS2_PLACEMENT_3D('',#3225,#3226,#3227);
#3225 = CARTESIAN_POINT('',(123.5625,2.595,-2.));
#3226 = DIRECTION('',(-1.,0.,0.));
#3227 = DIRECTION('',(0.,-1.,0.));
#3228 = ADVANCED_FACE('',(#3229),#3247,.T.);
#3229 = FACE_BOUND('',#3230,.T.);
#3230 = EDGE_LOOP('',(#3231,#3239,#3245,#3246));
#3231 = ORIENTED_EDGE('',*,*,#3232,.T.);
#3232 = EDGE_CURVE('',#1085,#3233,#3235,.T.);
#3233 = VERTEX_POINT('',#3234);
#3234 = CARTESIAN_POINT('',(123.5625,0.69,5.31));
#3235 = LINE('',#3236,#3237);
#3236 = CARTESIAN_POINT('',(123.5625,0.69,-2.));
#3237 = VECTOR('',#3238,1.);
#3238 = DIRECTION('',(0.,0.,1.));
#3239 = ORIENTED_EDGE('',*,*,#3240,.T.);
#3240 = EDGE_CURVE('',#3233,#1134,#3241,.T.);
#3241 = LINE('',#3242,#3243);
#3242 = CARTESIAN_POINT('',(123.5625,0.69,5.31));
#3243 = VECTOR('',#3244,1.);
#3244 = DIRECTION('',(1.,0.,0.));
#3245 = ORIENTED_EDGE('',*,*,#1133,.F.);
#3246 = ORIENTED_EDGE('',*,*,#1101,.F.);
#3247 = PLANE('',#3248);
#3248 = AXIS2_PLACEMENT_3D('',#3249,#3250,#3251);
#3249 = CARTESIAN_POINT('',(123.5625,0.69,-2.));
#3250 = DIRECTION('',(0.,1.,0.));
#3251 = DIRECTION('',(1.,0.,0.));
#3252 = ADVANCED_FACE('',(#3253),#3265,.T.);
#3253 = FACE_BOUND('',#3254,.F.);
#3254 = EDGE_LOOP('',(#3255,#3262,#3263,#3264));
#3255 = ORIENTED_EDGE('',*,*,#3256,.T.);
#3256 = EDGE_CURVE('',#2692,#1134,#3257,.T.);
#3257 = ELLIPSE('',#3258,1.697056274848,1.2);
#3258 = AXIS2_PLACEMENT_3D('',#3259,#3260,#3261);
#3259 = CARTESIAN_POINT('',(136.0415,-0.51,5.31));
#3260 = DIRECTION('',(-0.707106781187,-0.707106781187,-0.));
#3261 = DIRECTION('',(-0.707106781187,0.707106781187,0.));
#3262 = ORIENTED_EDGE('',*,*,#1141,.T.);
#3263 = ORIENTED_EDGE('',*,*,#1157,.F.);
#3264 = ORIENTED_EDGE('',*,*,#2699,.F.);
#3265 = CYLINDRICAL_SURFACE('',#3266,1.2);
#3266 = AXIS2_PLACEMENT_3D('',#3267,#3268,#3269);
#3267 = CARTESIAN_POINT('',(136.0415,0.69,5.31));
#3268 = DIRECTION('',(0.,1.,0.));
#3269 = DIRECTION('',(0.,-0.,1.));
#3270 = ADVANCED_FACE('',(#3271),#3289,.F.);
#3271 = FACE_BOUND('',#3272,.F.);
#3272 = EDGE_LOOP('',(#3273,#3274,#3275,#3283));
#3273 = ORIENTED_EDGE('',*,*,#3186,.T.);
#3274 = ORIENTED_EDGE('',*,*,#1236,.T.);
#3275 = ORIENTED_EDGE('',*,*,#3276,.F.);
#3276 = EDGE_CURVE('',#3277,#1228,#3279,.T.);
#3277 = VERTEX_POINT('',#3278);
#3278 = CARTESIAN_POINT('',(152.95516823387,-80.7,-2.));
#3279 = LINE('',#3280,#3281);
#3280 = CARTESIAN_POINT('',(152.95516823387,-80.7,-2.));
#3281 = VECTOR('',#3282,1.);
#3282 = DIRECTION('',(0.,0.,-1.));
#3283 = ORIENTED_EDGE('',*,*,#3284,.F.);
#3284 = EDGE_CURVE('',#3187,#3277,#3285,.T.);
#3285 = LINE('',#3286,#3287);
#3286 = CARTESIAN_POINT('',(159.1625,-80.7,-2.));
#3287 = VECTOR('',#3288,1.);
#3288 = DIRECTION('',(-1.,0.,0.));
#3289 = PLANE('',#3290);
#3290 = AXIS2_PLACEMENT_3D('',#3291,#3292,#3293);
#3291 = CARTESIAN_POINT('',(161.6625,-80.7,-2.));
#3292 = DIRECTION('',(0.,1.,0.));
#3293 = DIRECTION('',(-1.,0.,0.));
#3294 = ADVANCED_FACE('',(#3295),#3313,.F.);
#3295 = FACE_BOUND('',#3296,.F.);
#3296 = EDGE_LOOP('',(#3297,#3298,#3299,#3307));
#3297 = ORIENTED_EDGE('',*,*,#3276,.T.);
#3298 = ORIENTED_EDGE('',*,*,#1279,.T.);
#3299 = ORIENTED_EDGE('',*,*,#3300,.F.);
#3300 = EDGE_CURVE('',#3301,#1271,#3303,.T.);
#3301 = VERTEX_POINT('',#3302);
#3302 = CARTESIAN_POINT('',(160.02570241977,-82.59454268975,-2.));
#3303 = LINE('',#3304,#3305);
#3304 = CARTESIAN_POINT('',(160.02570241977,-82.59454268975,-2.));
#3305 = VECTOR('',#3306,1.);
#3306 = DIRECTION('',(0.,0.,-1.));
#3307 = ORIENTED_EDGE('',*,*,#3308,.F.);
#3308 = EDGE_CURVE('',#3277,#3301,#3309,.T.);
#3309 = LINE('',#3310,#3311);
#3310 = CARTESIAN_POINT('',(140.75954721908,-77.43219532879,-2.));
#3311 = VECTOR('',#3312,1.);
#3312 = DIRECTION('',(0.965925868482,-0.258818887635,0.));
#3313 = PLANE('',#3314);
#3314 = AXIS2_PLACEMENT_3D('',#3315,#3316,#3317);
#3315 = CARTESIAN_POINT('',(152.95516823387,-80.7,-2.));
#3316 = DIRECTION('',(-0.258818887635,-0.965925868482,-0.));
#3317 = DIRECTION('',(0.965925868482,-0.258818887635,0.));
#3318 = ADVANCED_FACE('',(#3319),#3337,.F.);
#3319 = FACE_BOUND('',#3320,.F.);
#3320 = EDGE_LOOP('',(#3321,#3322,#3323,#3331));
#3321 = ORIENTED_EDGE('',*,*,#3300,.T.);
#3322 = ORIENTED_EDGE('',*,*,#1329,.T.);
#3323 = ORIENTED_EDGE('',*,*,#3324,.F.);
#3324 = EDGE_CURVE('',#3325,#1321,#3327,.T.);
#3325 = VERTEX_POINT('',#3326);
#3326 = CARTESIAN_POINT('',(158.46470024211,-88.42028081691,-2.));
#3327 = LINE('',#3328,#3329);
#3328 = CARTESIAN_POINT('',(158.46470024211,-88.42028081691,-2.));
#3329 = VECTOR('',#3330,1.);
#3330 = DIRECTION('',(0.,0.,-1.));
#3331 = ORIENTED_EDGE('',*,*,#3332,.F.);
#3332 = EDGE_CURVE('',#3301,#3325,#3333,.T.);
#3333 = LINE('',#3334,#3335);
#3334 = CARTESIAN_POINT('',(159.37865452933,-85.00935774857,-2.));
#3335 = VECTOR('',#3336,1.);
#3336 = DIRECTION('',(-0.258819099429,-0.965925811732,0.));
#3337 = PLANE('',#3338);
#3338 = AXIS2_PLACEMENT_3D('',#3339,#3340,#3341);
#3339 = CARTESIAN_POINT('',(160.02570241977,-82.59454268975,-2.));
#3340 = DIRECTION('',(-0.965925811732,0.258819099429,0.));
#3341 = DIRECTION('',(-0.258819099429,-0.965925811732,0.));
#3342 = ADVANCED_FACE('',(#3343),#3361,.F.);
#3343 = FACE_BOUND('',#3344,.F.);
#3344 = EDGE_LOOP('',(#3345,#3353,#3354,#3355));
#3345 = ORIENTED_EDGE('',*,*,#3346,.T.);
#3346 = EDGE_CURVE('',#3347,#1344,#3349,.T.);
#3347 = VERTEX_POINT('',#3348);
#3348 = CARTESIAN_POINT('',(104.5125,2.595,-2.));
#3349 = LINE('',#3350,#3351);
#3350 = CARTESIAN_POINT('',(104.5125,2.595,-2.));
#3351 = VECTOR('',#3352,1.);
#3352 = DIRECTION('',(0.,0.,-1.));
#3353 = ORIENTED_EDGE('',*,*,#1354,.T.);
#3354 = ORIENTED_EDGE('',*,*,#3208,.F.);
#3355 = ORIENTED_EDGE('',*,*,#3356,.F.);
#3356 = EDGE_CURVE('',#3347,#3209,#3357,.T.);
#3357 = LINE('',#3358,#3359);
#3358 = CARTESIAN_POINT('',(102.0125,2.595,-2.));
#3359 = VECTOR('',#3360,1.);
#3360 = DIRECTION('',(1.,0.,0.));
#3361 = PLANE('',#3362);
#3362 = AXIS2_PLACEMENT_3D('',#3363,#3364,#3365);
#3363 = CARTESIAN_POINT('',(104.5125,2.595,-2.));
#3364 = DIRECTION('',(0.,-1.,0.));
#3365 = DIRECTION('',(1.,0.,0.));
#3366 = ADVANCED_FACE('',(#3367),#3385,.F.);
#3367 = FACE_BOUND('',#3368,.F.);
#3368 = EDGE_LOOP('',(#3369,#3370,#3371,#3379));
#3369 = ORIENTED_EDGE('',*,*,#3324,.T.);
#3370 = ORIENTED_EDGE('',*,*,#1379,.T.);
#3371 = ORIENTED_EDGE('',*,*,#3372,.F.);
#3372 = EDGE_CURVE('',#3373,#1371,#3375,.T.);
#3373 = VERTEX_POINT('',#3374);
#3374 = CARTESIAN_POINT('',(160.60421989829,-88.99357072478,-2.));
#3375 = LINE('',#3376,#3377);
#3376 = CARTESIAN_POINT('',(160.60421989829,-88.99357072478,-2.));
#3377 = VECTOR('',#3378,1.);
#3378 = DIRECTION('',(0.,0.,-1.));
#3379 = ORIENTED_EDGE('',*,*,#3380,.F.);
#3380 = EDGE_CURVE('',#3325,#3373,#3381,.T.);
#3381 = LINE('',#3382,#3383);
#3382 = CARTESIAN_POINT('',(156.04989534625,-87.77322750647,-2.));
#3383 = VECTOR('',#3384,1.);
#3384 = DIRECTION('',(0.96592499741,-0.258822138501,0.));
#3385 = PLANE('',#3386);
#3386 = AXIS2_PLACEMENT_3D('',#3387,#3388,#3389);
#3387 = CARTESIAN_POINT('',(158.46470024211,-88.42028081691,-2.));
#3388 = DIRECTION('',(-0.258822138501,-0.96592499741,-0.));
#3389 = DIRECTION('',(0.96592499741,-0.258822138501,0.));
#3390 = ADVANCED_FACE('',(#3391),#3409,.F.);
#3391 = FACE_BOUND('',#3392,.F.);
#3392 = EDGE_LOOP('',(#3393,#3401,#3402,#3403));
#3393 = ORIENTED_EDGE('',*,*,#3394,.T.);
#3394 = EDGE_CURVE('',#3395,#1394,#3397,.T.);
#3395 = VERTEX_POINT('',#3396);
#3396 = CARTESIAN_POINT('',(104.5125,4.5,-2.));
#3397 = LINE('',#3398,#3399);
#3398 = CARTESIAN_POINT('',(104.5125,4.5,-2.));
#3399 = VECTOR('',#3400,1.);
#3400 = DIRECTION('',(0.,0.,-1.));
#3401 = ORIENTED_EDGE('',*,*,#1404,.T.);
#3402 = ORIENTED_EDGE('',*,*,#3346,.F.);
#3403 = ORIENTED_EDGE('',*,*,#3404,.F.);
#3404 = EDGE_CURVE('',#3395,#3347,#3405,.T.);
#3405 = LINE('',#3406,#3407);
#3406 = CARTESIAN_POINT('',(104.5125,2.,-2.));
#3407 = VECTOR('',#3408,1.);
#3408 = DIRECTION('',(0.,-1.,0.));
#3409 = PLANE('',#3410);
#3410 = AXIS2_PLACEMENT_3D('',#3411,#3412,#3413);
#3411 = CARTESIAN_POINT('',(104.5125,4.5,-2.));
#3412 = DIRECTION('',(-1.,0.,0.));
#3413 = DIRECTION('',(0.,-1.,0.));
#3414 = ADVANCED_FACE('',(#3415),#3433,.F.);
#3415 = FACE_BOUND('',#3416,.F.);
#3416 = EDGE_LOOP('',(#3417,#3418,#3419,#3427));
#3417 = ORIENTED_EDGE('',*,*,#3372,.T.);
#3418 = ORIENTED_EDGE('',*,*,#1429,.T.);
#3419 = ORIENTED_EDGE('',*,*,#3420,.F.);
#3420 = EDGE_CURVE('',#3421,#1421,#3423,.T.);
#3421 = VERTEX_POINT('',#3422);
#3422 = CARTESIAN_POINT('',(150.30322508879,-127.4374199677,-2.));
#3423 = LINE('',#3424,#3425);
#3424 = CARTESIAN_POINT('',(150.30322508879,-127.4374199677,-2.));
#3425 = VECTOR('',#3426,1.);
#3426 = DIRECTION('',(0.,0.,-1.));
#3427 = ORIENTED_EDGE('',*,*,#3428,.F.);
#3428 = EDGE_CURVE('',#3373,#3421,#3429,.T.);
#3429 = LINE('',#3430,#3431);
#3430 = CARTESIAN_POINT('',(159.95717462145,-91.40837740475,-2.));
#3431 = VECTOR('',#3432,1.);
#3432 = DIRECTION('',(-0.258818961903,-0.965925848582,0.));
#3433 = PLANE('',#3434);
#3434 = AXIS2_PLACEMENT_3D('',#3435,#3436,#3437);
#3435 = CARTESIAN_POINT('',(160.60421989829,-88.99357072478,-2.));
#3436 = DIRECTION('',(-0.965925848582,0.258818961903,0.));
#3437 = DIRECTION('',(-0.258818961903,-0.965925848582,0.));
#3438 = ADVANCED_FACE('',(#3439),#3457,.F.);
#3439 = FACE_BOUND('',#3440,.F.);
#3440 = EDGE_LOOP('',(#3441,#3449,#3450,#3451));
#3441 = ORIENTED_EDGE('',*,*,#3442,.T.);
#3442 = EDGE_CURVE('',#3443,#1444,#3445,.T.);
#3443 = VERTEX_POINT('',#3444);
#3444 = CARTESIAN_POINT('',(76.4625,4.5,-2.));
#3445 = LINE('',#3446,#3447);
#3446 = CARTESIAN_POINT('',(76.4625,4.5,-2.));
#3447 = VECTOR('',#3448,1.);
#3448 = DIRECTION('',(0.,0.,-1.));
#3449 = ORIENTED_EDGE('',*,*,#1454,.T.);
#3450 = ORIENTED_EDGE('',*,*,#3394,.F.);
#3451 = ORIENTED_EDGE('',*,*,#3452,.F.);
#3452 = EDGE_CURVE('',#3443,#3395,#3453,.T.);
#3453 = LINE('',#3454,#3455);
#3454 = CARTESIAN_POINT('',(78.9625,4.5,-2.));
#3455 = VECTOR('',#3456,1.);
#3456 = DIRECTION('',(1.,0.,0.));
#3457 = PLANE('',#3458);
#3458 = AXIS2_PLACEMENT_3D('',#3459,#3460,#3461);
#3459 = CARTESIAN_POINT('',(76.4625,4.5,-2.));
#3460 = DIRECTION('',(0.,-1.,0.));
#3461 = DIRECTION('',(1.,0.,0.));
#3462 = ADVANCED_FACE('',(#3463),#3481,.F.);
#3463 = FACE_BOUND('',#3464,.F.);
#3464 = EDGE_LOOP('',(#3465,#3466,#3467,#3475));
#3465 = ORIENTED_EDGE('',*,*,#3420,.T.);
#3466 = ORIENTED_EDGE('',*,*,#1479,.T.);
#3467 = ORIENTED_EDGE('',*,*,#3468,.F.);
#3468 = EDGE_CURVE('',#3469,#1471,#3471,.T.);
#3469 = VERTEX_POINT('',#3470);
#3470 = CARTESIAN_POINT('',(148.16370295009,-126.8641293946,-2.));
#3471 = LINE('',#3472,#3473);
#3472 = CARTESIAN_POINT('',(148.16370295009,-126.8641293946,-2.));
#3473 = VECTOR('',#3474,1.);
#3474 = DIRECTION('',(0.,0.,-1.));
#3475 = ORIENTED_EDGE('',*,*,#3476,.F.);
#3476 = EDGE_CURVE('',#3421,#3469,#3477,.T.);
#3477 = LINE('',#3478,#3479);
#3478 = CARTESIAN_POINT('',(147.88840465374,-126.7903624935,-2.));
#3479 = VECTOR('',#3480,1.);
#3480 = DIRECTION('',(-0.96592499741,0.258822138501,0.));
#3481 = PLANE('',#3482);
#3482 = AXIS2_PLACEMENT_3D('',#3483,#3484,#3485);
#3483 = CARTESIAN_POINT('',(150.30322508879,-127.4374199677,-2.));
#3484 = DIRECTION('',(0.258822138501,0.96592499741,0.));
#3485 = DIRECTION('',(-0.96592499741,0.258822138501,0.));
#3486 = ADVANCED_FACE('',(#3487),#3505,.F.);
#3487 = FACE_BOUND('',#3488,.F.);
#3488 = EDGE_LOOP('',(#3489,#3497,#3498,#3499));
#3489 = ORIENTED_EDGE('',*,*,#3490,.T.);
#3490 = EDGE_CURVE('',#3491,#1494,#3493,.T.);
#3491 = VERTEX_POINT('',#3492);
#3492 = CARTESIAN_POINT('',(76.4625,3.095,-2.));
#3493 = LINE('',#3494,#3495);
#3494 = CARTESIAN_POINT('',(76.4625,3.095,-2.));
#3495 = VECTOR('',#3496,1.);
#3496 = DIRECTION('',(0.,0.,-1.));
#3497 = ORIENTED_EDGE('',*,*,#1504,.T.);
#3498 = ORIENTED_EDGE('',*,*,#3442,.F.);
#3499 = ORIENTED_EDGE('',*,*,#3500,.F.);
#3500 = EDGE_CURVE('',#3491,#3443,#3501,.T.);
#3501 = LINE('',#3502,#3503);
#3502 = CARTESIAN_POINT('',(76.4625,0.595,-2.));
#3503 = VECTOR('',#3504,1.);
#3504 = DIRECTION('',(0.,1.,0.));
#3505 = PLANE('',#3506);
#3506 = AXIS2_PLACEMENT_3D('',#3507,#3508,#3509);
#3507 = CARTESIAN_POINT('',(76.4625,3.095,-2.));
#3508 = DIRECTION('',(1.,0.,0.));
#3509 = DIRECTION('',(0.,1.,0.));
#3510 = ADVANCED_FACE('',(#3511),#3529,.F.);
#3511 = FACE_BOUND('',#3512,.F.);
#3512 = EDGE_LOOP('',(#3513,#3514,#3515,#3523));
#3513 = ORIENTED_EDGE('',*,*,#3468,.T.);
#3514 = ORIENTED_EDGE('',*,*,#1529,.T.);
#3515 = ORIENTED_EDGE('',*,*,#3516,.F.);
#3516 = EDGE_CURVE('',#3517,#1521,#3519,.T.);
#3517 = VERTEX_POINT('',#3518);
#3518 = CARTESIAN_POINT('',(146.60269499274,-132.6898717714,-2.));
#3519 = LINE('',#3520,#3521);
#3520 = CARTESIAN_POINT('',(146.60269499274,-132.6898717714,-2.));
#3521 = VECTOR('',#3522,1.);
#3522 = DIRECTION('',(0.,0.,-1.));
#3523 = ORIENTED_EDGE('',*,*,#3524,.F.);
#3524 = EDGE_CURVE('',#3469,#3517,#3525,.T.);
#3525 = LINE('',#3526,#3527);
#3526 = CARTESIAN_POINT('',(148.81075404839,-124.4493095434,-2.));
#3527 = VECTOR('',#3528,1.);
#3528 = DIRECTION('',(-0.258819817375,-0.965925619359,0.));
#3529 = PLANE('',#3530);
#3530 = AXIS2_PLACEMENT_3D('',#3531,#3532,#3533);
#3531 = CARTESIAN_POINT('',(148.16370295009,-126.8641293946,-2.));
#3532 = DIRECTION('',(-0.965925619359,0.258819817375,0.));
#3533 = DIRECTION('',(-0.258819817375,-0.965925619359,0.));
#3534 = ADVANCED_FACE('',(#3535),#3553,.F.);
#3535 = FACE_BOUND('',#3536,.F.);
#3536 = EDGE_LOOP('',(#3537,#3545,#3546,#3547));
#3537 = ORIENTED_EDGE('',*,*,#3538,.T.);
#3538 = EDGE_CURVE('',#3539,#1544,#3541,.T.);
#3539 = VERTEX_POINT('',#3540);
#3540 = CARTESIAN_POINT('',(75.8375,3.095,-2.));
#3541 = LINE('',#3542,#3543);
#3542 = CARTESIAN_POINT('',(75.8375,3.095,-2.));
#3543 = VECTOR('',#3544,1.);
#3544 = DIRECTION('',(0.,0.,-1.));
#3545 = ORIENTED_EDGE('',*,*,#1554,.T.);
#3546 = ORIENTED_EDGE('',*,*,#3490,.F.);
#3547 = ORIENTED_EDGE('',*,*,#3548,.F.);
#3548 = EDGE_CURVE('',#3539,#3491,#3549,.T.);
#3549 = LINE('',#3550,#3551);
#3550 = CARTESIAN_POINT('',(78.3375,3.095,-2.));
#3551 = VECTOR('',#3552,1.);
#3552 = DIRECTION('',(1.,0.,0.));
#3553 = PLANE('',#3554);
#3554 = AXIS2_PLACEMENT_3D('',#3555,#3556,#3557);
#3555 = CARTESIAN_POINT('',(75.8375,3.095,-2.));
#3556 = DIRECTION('',(0.,-1.,0.));
#3557 = DIRECTION('',(1.,0.,0.));
#3558 = ADVANCED_FACE('',(#3559),#3577,.F.);
#3559 = FACE_BOUND('',#3560,.F.);
#3560 = EDGE_LOOP('',(#3561,#3562,#3563,#3571));
#3561 = ORIENTED_EDGE('',*,*,#3516,.T.);
#3562 = ORIENTED_EDGE('',*,*,#1579,.T.);
#3563 = ORIENTED_EDGE('',*,*,#3564,.F.);
#3564 = EDGE_CURVE('',#3565,#1571,#3567,.T.);
#3565 = VERTEX_POINT('',#3566);
#3566 = CARTESIAN_POINT('',(119.50847551682,-125.4299962172,-2.));
#3567 = LINE('',#3568,#3569);
#3568 = CARTESIAN_POINT('',(119.50847551682,-125.4299962172,-2.));
#3569 = VECTOR('',#3570,1.);
#3570 = DIRECTION('',(0.,0.,-1.));
#3571 = ORIENTED_EDGE('',*,*,#3572,.F.);
#3572 = EDGE_CURVE('',#3517,#3565,#3573,.T.);
#3573 = LINE('',#3574,#3575);
#3574 = CARTESIAN_POINT('',(144.18788227697,-132.0428245361,-2.));
#3575 = VECTOR('',#3576,1.);
#3576 = DIRECTION('',(-0.96592581447,0.258819089211,0.));
#3577 = PLANE('',#3578);
#3578 = AXIS2_PLACEMENT_3D('',#3579,#3580,#3581);
#3579 = CARTESIAN_POINT('',(146.60269499274,-132.6898717714,-2.));
#3580 = DIRECTION('',(0.258819089211,0.96592581447,0.));
#3581 = DIRECTION('',(-0.96592581447,0.258819089211,0.));
#3582 = ADVANCED_FACE('',(#3583),#3601,.F.);
#3583 = FACE_BOUND('',#3584,.F.);
#3584 = EDGE_LOOP('',(#3585,#3593,#3594,#3595));
#3585 = ORIENTED_EDGE('',*,*,#3586,.T.);
#3586 = EDGE_CURVE('',#3587,#1594,#3589,.T.);
#3587 = VERTEX_POINT('',#3588);
#3588 = CARTESIAN_POINT('',(75.8375,2.595,-2.));
#3589 = LINE('',#3590,#3591);
#3590 = CARTESIAN_POINT('',(75.8375,2.595,-2.));
#3591 = VECTOR('',#3592,1.);
#3592 = DIRECTION('',(0.,0.,-1.));
#3593 = ORIENTED_EDGE('',*,*,#1604,.T.);
#3594 = ORIENTED_EDGE('',*,*,#3538,.F.);
#3595 = ORIENTED_EDGE('',*,*,#3596,.F.);
#3596 = EDGE_CURVE('',#3587,#3539,#3597,.T.);
#3597 = LINE('',#3598,#3599);
#3598 = CARTESIAN_POINT('',(75.8375,9.5E-02,-2.));
#3599 = VECTOR('',#3600,1.);
#3600 = DIRECTION('',(0.,1.,0.));
#3601 = PLANE('',#3602);
#3602 = AXIS2_PLACEMENT_3D('',#3603,#3604,#3605);
#3603 = CARTESIAN_POINT('',(75.8375,2.595,-2.));
#3604 = DIRECTION('',(1.,0.,0.));
#3605 = DIRECTION('',(0.,1.,0.));
#3606 = ADVANCED_FACE('',(#3607),#3625,.F.);
#3607 = FACE_BOUND('',#3608,.F.);
#3608 = EDGE_LOOP('',(#3609,#3610,#3611,#3619));
#3609 = ORIENTED_EDGE('',*,*,#3564,.T.);
#3610 = ORIENTED_EDGE('',*,*,#1629,.T.);
#3611 = ORIENTED_EDGE('',*,*,#3612,.F.);
#3612 = EDGE_CURVE('',#3613,#1621,#3615,.T.);
#3613 = VERTEX_POINT('',#3614);
#3614 = CARTESIAN_POINT('',(120.74110536865,-120.8297767702,-2.));
#3615 = LINE('',#3616,#3617);
#3616 = CARTESIAN_POINT('',(120.74110536865,-120.8297767702,-2.));
#3617 = VECTOR('',#3618,1.);
#3618 = DIRECTION('',(0.,0.,-1.));
#3619 = ORIENTED_EDGE('',*,*,#3620,.F.);
#3620 = EDGE_CURVE('',#3565,#3613,#3621,.T.);
#3621 = LINE('',#3622,#3623);
#3622 = CARTESIAN_POINT('',(120.15552605973,-123.015180053,-2.));
#3623 = VECTOR('',#3624,1.);
#3624 = DIRECTION('',(0.2588199788,0.965925576105,0.));
#3625 = PLANE('',#3626);
#3626 = AXIS2_PLACEMENT_3D('',#3627,#3628,#3629);
#3627 = CARTESIAN_POINT('',(119.50847551682,-125.4299962172,-2.));
#3628 = DIRECTION('',(0.965925576105,-0.2588199788,0.));
#3629 = DIRECTION('',(0.2588199788,0.965925576105,0.));
#3630 = ADVANCED_FACE('',(#3631),#3649,.F.);
#3631 = FACE_BOUND('',#3632,.F.);
#3632 = EDGE_LOOP('',(#3633,#3641,#3642,#3643));
#3633 = ORIENTED_EDGE('',*,*,#3634,.T.);
#3634 = EDGE_CURVE('',#3635,#1644,#3637,.T.);
#3635 = VERTEX_POINT('',#3636);
#3636 = CARTESIAN_POINT('',(57.4125,2.595,-2.));
#3637 = LINE('',#3638,#3639);
#3638 = CARTESIAN_POINT('',(57.4125,2.595,-2.));
#3639 = VECTOR('',#3640,1.);
#3640 = DIRECTION('',(0.,0.,-1.));
#3641 = ORIENTED_EDGE('',*,*,#1654,.T.);
#3642 = ORIENTED_EDGE('',*,*,#3586,.F.);
#3643 = ORIENTED_EDGE('',*,*,#3644,.F.);
#3644 = EDGE_CURVE('',#3635,#3587,#3645,.T.);
#3645 = LINE('',#3646,#3647);
#3646 = CARTESIAN_POINT('',(59.9125,2.595,-2.));
#3647 = VECTOR('',#3648,1.);
#3648 = DIRECTION('',(1.,0.,0.));
#3649 = PLANE('',#3650);
#3650 = AXIS2_PLACEMENT_3D('',#3651,#3652,#3653);
#3651 = CARTESIAN_POINT('',(57.4125,2.595,-2.));
#3652 = DIRECTION('',(0.,-1.,0.));
#3653 = DIRECTION('',(1.,0.,0.));
#3654 = ADVANCED_FACE('',(#3655),#3673,.F.);
#3655 = FACE_BOUND('',#3656,.F.);
#3656 = EDGE_LOOP('',(#3657,#3658,#3659,#3667));
#3657 = ORIENTED_EDGE('',*,*,#3612,.T.);
#3658 = ORIENTED_EDGE('',*,*,#1679,.T.);
#3659 = ORIENTED_EDGE('',*,*,#3660,.F.);
#3660 = EDGE_CURVE('',#3661,#1671,#3663,.T.);
#3661 = VERTEX_POINT('',#3662);
#3662 = CARTESIAN_POINT('',(102.34021826854,-115.8992775472,-2.));
#3663 = LINE('',#3664,#3665);
#3664 = CARTESIAN_POINT('',(102.34021826854,-115.8992775472,-2.));
#3665 = VECTOR('',#3666,1.);
#3666 = DIRECTION('',(0.,0.,-1.));
#3667 = ORIENTED_EDGE('',*,*,#3668,.F.);
#3668 = EDGE_CURVE('',#3613,#3661,#3669,.T.);
#3669 = LINE('',#3670,#3671);
#3670 = CARTESIAN_POINT('',(123.15592282993,-121.4768246843,-2.));
#3671 = VECTOR('',#3672,1.);
#3672 = DIRECTION('',(-0.965925873737,0.258818868025,0.));
#3673 = PLANE('',#3674);
#3674 = AXIS2_PLACEMENT_3D('',#3675,#3676,#3677);
#3675 = CARTESIAN_POINT('',(120.74110536865,-120.8297767702,-2.));
#3676 = DIRECTION('',(0.258818868025,0.965925873737,0.));
#3677 = DIRECTION('',(-0.965925873737,0.258818868025,0.));
#3678 = ADVANCED_FACE('',(#3679),#3697,.F.);
#3679 = FACE_BOUND('',#3680,.F.);
#3680 = EDGE_LOOP('',(#3681,#3689,#3690,#3691));
#3681 = ORIENTED_EDGE('',*,*,#3682,.T.);
#3682 = EDGE_CURVE('',#3683,#1694,#3685,.T.);
#3683 = VERTEX_POINT('',#3684);
#3684 = CARTESIAN_POINT('',(57.4125,1.19,-2.));
#3685 = LINE('',#3686,#3687);
#3686 = CARTESIAN_POINT('',(57.4125,1.19,-2.));
#3687 = VECTOR('',#3688,1.);
#3688 = DIRECTION('',(0.,0.,-1.));
#3689 = ORIENTED_EDGE('',*,*,#1704,.T.);
#3690 = ORIENTED_EDGE('',*,*,#3634,.F.);
#3691 = ORIENTED_EDGE('',*,*,#3692,.F.);
#3692 = EDGE_CURVE('',#3683,#3635,#3693,.T.);
#3693 = LINE('',#3694,#3695);
#3694 = CARTESIAN_POINT('',(57.4125,-1.31,-2.));
#3695 = VECTOR('',#3696,1.);
#3696 = DIRECTION('',(0.,1.,0.));
#3697 = PLANE('',#3698);
#3698 = AXIS2_PLACEMENT_3D('',#3699,#3700,#3701);
#3699 = CARTESIAN_POINT('',(57.4125,1.19,-2.));
#3700 = DIRECTION('',(1.,0.,0.));
#3701 = DIRECTION('',(0.,1.,0.));
#3702 = ADVANCED_FACE('',(#3703),#3721,.F.);
#3703 = FACE_BOUND('',#3704,.F.);
#3704 = EDGE_LOOP('',(#3705,#3706,#3707,#3715));
#3705 = ORIENTED_EDGE('',*,*,#3660,.T.);
#3706 = ORIENTED_EDGE('',*,*,#1729,.T.);
#3707 = ORIENTED_EDGE('',*,*,#3708,.F.);
#3708 = EDGE_CURVE('',#3709,#1721,#3711,.T.);
#3709 = VERTEX_POINT('',#3710);
#3710 = CARTESIAN_POINT('',(106.15695735798,-101.655,-2.));
#3711 = LINE('',#3712,#3713);
#3712 = CARTESIAN_POINT('',(106.15695735798,-101.655,-2.));
#3713 = VECTOR('',#3714,1.);
#3714 = DIRECTION('',(0.,0.,-1.));
#3715 = ORIENTED_EDGE('',*,*,#3716,.F.);
#3716 = EDGE_CURVE('',#3661,#3709,#3717,.T.);
#3717 = LINE('',#3718,#3719);
#3718 = CARTESIAN_POINT('',(102.98726528271,-113.4844629528,-2.));
#3719 = VECTOR('',#3720,1.);
#3720 = DIRECTION('',(0.258818818846,0.965925886914,0.));
#3721 = PLANE('',#3722);
#3722 = AXIS2_PLACEMENT_3D('',#3723,#3724,#3725);
#3723 = CARTESIAN_POINT('',(102.34021826854,-115.8992775472,-2.));
#3724 = DIRECTION('',(0.965925886914,-0.258818818846,0.));
#3725 = DIRECTION('',(0.258818818846,0.965925886914,0.));
#3726 = ADVANCED_FACE('',(#3727),#3745,.F.);
#3727 = FACE_BOUND('',#3728,.F.);
#3728 = EDGE_LOOP('',(#3729,#3737,#3738,#3739));
#3729 = ORIENTED_EDGE('',*,*,#3730,.T.);
#3730 = EDGE_CURVE('',#3731,#1744,#3733,.T.);
#3731 = VERTEX_POINT('',#3732);
#3732 = CARTESIAN_POINT('',(56.7875,1.19,-2.));
#3733 = LINE('',#3734,#3735);
#3734 = CARTESIAN_POINT('',(56.7875,1.19,-2.));
#3735 = VECTOR('',#3736,1.);
#3736 = DIRECTION('',(0.,0.,-1.));
#3737 = ORIENTED_EDGE('',*,*,#1754,.T.);
#3738 = ORIENTED_EDGE('',*,*,#3682,.F.);
#3739 = ORIENTED_EDGE('',*,*,#3740,.F.);
#3740 = EDGE_CURVE('',#3731,#3683,#3741,.T.);
#3741 = LINE('',#3742,#3743);
#3742 = CARTESIAN_POINT('',(59.2875,1.19,-2.));
#3743 = VECTOR('',#3744,1.);
#3744 = DIRECTION('',(1.,0.,0.));
#3745 = PLANE('',#3746);
#3746 = AXIS2_PLACEMENT_3D('',#3747,#3748,#3749);
#3747 = CARTESIAN_POINT('',(56.7875,1.19,-2.));
#3748 = DIRECTION('',(0.,-1.,0.));
#3749 = DIRECTION('',(1.,0.,0.));
#3750 = ADVANCED_FACE('',(#3751),#3769,.F.);
#3751 = FACE_BOUND('',#3752,.F.);
#3752 = EDGE_LOOP('',(#3753,#3754,#3755,#3763));
#3753 = ORIENTED_EDGE('',*,*,#3708,.T.);
#3754 = ORIENTED_EDGE('',*,*,#1779,.T.);
#3755 = ORIENTED_EDGE('',*,*,#3756,.F.);
#3756 = EDGE_CURVE('',#3757,#1771,#3759,.T.);
#3757 = VERTEX_POINT('',#3758);
#3758 = CARTESIAN_POINT('',(90.225,-101.655,-2.));
#3759 = LINE('',#3760,#3761);
#3760 = CARTESIAN_POINT('',(90.225,-101.655,-2.));
#3761 = VECTOR('',#3762,1.);
#3762 = DIRECTION('',(0.,0.,-1.));
#3763 = ORIENTED_EDGE('',*,*,#3764,.F.);
#3764 = EDGE_CURVE('',#3709,#3757,#3765,.T.);
#3765 = LINE('',#3766,#3767);
#3766 = CARTESIAN_POINT('',(109.41502,-101.655,-2.));
#3767 = VECTOR('',#3768,1.);
#3768 = DIRECTION('',(-1.,0.,0.));
#3769 = PLANE('',#3770);
#3770 = AXIS2_PLACEMENT_3D('',#3771,#3772,#3773);
#3771 = CARTESIAN_POINT('',(106.15695735798,-101.655,-2.));
#3772 = DIRECTION('',(0.,1.,0.));
#3773 = DIRECTION('',(-1.,0.,0.));
#3774 = ADVANCED_FACE('',(#3775),#3793,.F.);
#3775 = FACE_BOUND('',#3776,.F.);
#3776 = EDGE_LOOP('',(#3777,#3785,#3786,#3787));
#3777 = ORIENTED_EDGE('',*,*,#3778,.T.);
#3778 = EDGE_CURVE('',#3779,#1794,#3781,.T.);
#3779 = VERTEX_POINT('',#3780);
#3780 = CARTESIAN_POINT('',(56.7875,0.69,-2.));
#3781 = LINE('',#3782,#3783);
#3782 = CARTESIAN_POINT('',(56.7875,0.69,-2.));
#3783 = VECTOR('',#3784,1.);
#3784 = DIRECTION('',(0.,0.,-1.));
#3785 = ORIENTED_EDGE('',*,*,#1804,.T.);
#3786 = ORIENTED_EDGE('',*,*,#3730,.F.);
#3787 = ORIENTED_EDGE('',*,*,#3788,.F.);
#3788 = EDGE_CURVE('',#3779,#3731,#3789,.T.);
#3789 = LINE('',#3790,#3791);
#3790 = CARTESIAN_POINT('',(56.7875,-1.81,-2.));
#3791 = VECTOR('',#3792,1.);
#3792 = DIRECTION('',(0.,1.,0.));
#3793 = PLANE('',#3794);
#3794 = AXIS2_PLACEMENT_3D('',#3795,#3796,#3797);
#3795 = CARTESIAN_POINT('',(56.7875,0.69,-2.));
#3796 = DIRECTION('',(1.,0.,0.));
#3797 = DIRECTION('',(0.,1.,0.));
#3798 = ADVANCED_FACE('',(#3799),#3817,.F.);
#3799 = FACE_BOUND('',#3800,.F.);
#3800 = EDGE_LOOP('',(#3801,#3802,#3803,#3811));
#3801 = ORIENTED_EDGE('',*,*,#3756,.T.);
#3802 = ORIENTED_EDGE('',*,*,#1829,.T.);
#3803 = ORIENTED_EDGE('',*,*,#3804,.F.);
#3804 = EDGE_CURVE('',#3805,#1821,#3807,.T.);
#3805 = VERTEX_POINT('',#3806);
#3806 = CARTESIAN_POINT('',(90.225,-103.56,-2.));
#3807 = LINE('',#3808,#3809);
#3808 = CARTESIAN_POINT('',(90.225,-103.56,-2.));
#3809 = VECTOR('',#3810,1.);
#3810 = DIRECTION('',(0.,0.,-1.));
#3811 = ORIENTED_EDGE('',*,*,#3812,.F.);
#3812 = EDGE_CURVE('',#3757,#3805,#3813,.T.);
#3813 = LINE('',#3814,#3815);
#3814 = CARTESIAN_POINT('',(90.225,-99.155,-2.));
#3815 = VECTOR('',#3816,1.);
#3816 = DIRECTION('',(0.,-1.,0.));
#3817 = PLANE('',#3818);
#3818 = AXIS2_PLACEMENT_3D('',#3819,#3820,#3821);
#3819 = CARTESIAN_POINT('',(90.225,-101.655,-2.));
#3820 = DIRECTION('',(-1.,0.,0.));
#3821 = DIRECTION('',(0.,-1.,0.));
#3822 = ADVANCED_FACE('',(#3823),#3841,.F.);
#3823 = FACE_BOUND('',#3824,.F.);
#3824 = EDGE_LOOP('',(#3825,#3833,#3834,#3835));
#3825 = ORIENTED_EDGE('',*,*,#3826,.T.);
#3826 = EDGE_CURVE('',#3827,#1844,#3829,.T.);
#3827 = VERTEX_POINT('',#3828);
#3828 = CARTESIAN_POINT('',(38.3625,0.69,-2.));
#3829 = LINE('',#3830,#3831);
#3830 = CARTESIAN_POINT('',(38.3625,0.69,-2.));
#3831 = VECTOR('',#3832,1.);
#3832 = DIRECTION('',(0.,0.,-1.));
#3833 = ORIENTED_EDGE('',*,*,#1854,.T.);
#3834 = ORIENTED_EDGE('',*,*,#3778,.F.);
#3835 = ORIENTED_EDGE('',*,*,#3836,.F.);
#3836 = EDGE_CURVE('',#3827,#3779,#3837,.T.);
#3837 = LINE('',#3838,#3839);
#3838 = CARTESIAN_POINT('',(40.8625,0.69,-2.));
#3839 = VECTOR('',#3840,1.);
#3840 = DIRECTION('',(1.,0.,0.));
#3841 = PLANE('',#3842);
#3842 = AXIS2_PLACEMENT_3D('',#3843,#3844,#3845);
#3843 = CARTESIAN_POINT('',(38.3625,0.69,-2.));
#3844 = DIRECTION('',(0.,-1.,0.));
#3845 = DIRECTION('',(1.,0.,0.));
#3846 = ADVANCED_FACE('',(#3847),#3865,.F.);
#3847 = FACE_BOUND('',#3848,.F.);
#3848 = EDGE_LOOP('',(#3849,#3850,#3851,#3859));
#3849 = ORIENTED_EDGE('',*,*,#3804,.T.);
#3850 = ORIENTED_EDGE('',*,*,#1879,.T.);
#3851 = ORIENTED_EDGE('',*,*,#3852,.F.);
#3852 = EDGE_CURVE('',#3853,#1871,#3855,.T.);
#3853 = VERTEX_POINT('',#3854);
#3854 = CARTESIAN_POINT('',(61.65,-103.56,-2.));
#3855 = LINE('',#3856,#3857);
#3856 = CARTESIAN_POINT('',(61.65,-103.56,-2.));
#3857 = VECTOR('',#3858,1.);
#3858 = DIRECTION('',(0.,0.,-1.));
#3859 = ORIENTED_EDGE('',*,*,#3860,.F.);
#3860 = EDGE_CURVE('',#3805,#3853,#3861,.T.);
#3861 = LINE('',#3862,#3863);
#3862 = CARTESIAN_POINT('',(87.725,-103.56,-2.));
#3863 = VECTOR('',#3864,1.);
#3864 = DIRECTION('',(-1.,0.,0.));
#3865 = PLANE('',#3866);
#3866 = AXIS2_PLACEMENT_3D('',#3867,#3868,#3869);
#3867 = CARTESIAN_POINT('',(90.225,-103.56,-2.));
#3868 = DIRECTION('',(0.,1.,0.));
#3869 = DIRECTION('',(-1.,0.,0.));
#3870 = ADVANCED_FACE('',(#3871),#3889,.F.);
#3871 = FACE_BOUND('',#3872,.F.);
#3872 = EDGE_LOOP('',(#3873,#3881,#3882,#3883));
#3873 = ORIENTED_EDGE('',*,*,#3874,.T.);
#3874 = EDGE_CURVE('',#3875,#1894,#3877,.T.);
#3875 = VERTEX_POINT('',#3876);
#3876 = CARTESIAN_POINT('',(38.3625,-0.2625,-2.));
#3877 = LINE('',#3878,#3879);
#3878 = CARTESIAN_POINT('',(38.3625,-0.2625,-2.));
#3879 = VECTOR('',#3880,1.);
#3880 = DIRECTION('',(0.,0.,-1.));
#3881 = ORIENTED_EDGE('',*,*,#1904,.T.);
#3882 = ORIENTED_EDGE('',*,*,#3826,.F.);
#3883 = ORIENTED_EDGE('',*,*,#3884,.F.);
#3884 = EDGE_CURVE('',#3875,#3827,#3885,.T.);
#3885 = LINE('',#3886,#3887);
#3886 = CARTESIAN_POINT('',(38.3625,-2.7625,-2.));
#3887 = VECTOR('',#3888,1.);
#3888 = DIRECTION('',(0.,1.,0.));
#3889 = PLANE('',#3890);
#3890 = AXIS2_PLACEMENT_3D('',#3891,#3892,#3893);
#3891 = CARTESIAN_POINT('',(38.3625,-0.2625,-2.));
#3892 = DIRECTION('',(1.,0.,0.));
#3893 = DIRECTION('',(0.,1.,0.));
#3894 = ADVANCED_FACE('',(#3895),#3913,.F.);
#3895 = FACE_BOUND('',#3896,.F.);
#3896 = EDGE_LOOP('',(#3897,#3898,#3899,#3907));
#3897 = ORIENTED_EDGE('',*,*,#3852,.T.);
#3898 = ORIENTED_EDGE('',*,*,#1929,.T.);
#3899 = ORIENTED_EDGE('',*,*,#3900,.F.);
#3900 = EDGE_CURVE('',#3901,#1921,#3903,.T.);
#3901 = VERTEX_POINT('',#3902);
#3902 = CARTESIAN_POINT('',(61.65,-104.5125,-2.));
#3903 = LINE('',#3904,#3905);
#3904 = CARTESIAN_POINT('',(61.65,-104.5125,-2.));
#3905 = VECTOR('',#3906,1.);
#3906 = DIRECTION('',(0.,0.,-1.));
#3907 = ORIENTED_EDGE('',*,*,#3908,.F.);
#3908 = EDGE_CURVE('',#3853,#3901,#3909,.T.);
#3909 = LINE('',#3910,#3911);
#3910 = CARTESIAN_POINT('',(61.65,-101.06,-2.));
#3911 = VECTOR('',#3912,1.);
#3912 = DIRECTION('',(0.,-1.,0.));
#3913 = PLANE('',#3914);
#3914 = AXIS2_PLACEMENT_3D('',#3915,#3916,#3917);
#3915 = CARTESIAN_POINT('',(61.65,-103.56,-2.));
#3916 = DIRECTION('',(-1.,0.,0.));
#3917 = DIRECTION('',(0.,-1.,0.));
#3918 = ADVANCED_FACE('',(#3919),#3937,.F.);
#3919 = FACE_BOUND('',#3920,.F.);
#3920 = EDGE_LOOP('',(#3921,#3929,#3930,#3931));
#3921 = ORIENTED_EDGE('',*,*,#3922,.T.);
#3922 = EDGE_CURVE('',#3923,#1944,#3925,.T.);
#3923 = VERTEX_POINT('',#3924);
#3924 = CARTESIAN_POINT('',(19.3125,-0.2625,-2.));
#3925 = LINE('',#3926,#3927);
#3926 = CARTESIAN_POINT('',(19.3125,-0.2625,-2.));
#3927 = VECTOR('',#3928,1.);
#3928 = DIRECTION('',(0.,0.,-1.));
#3929 = ORIENTED_EDGE('',*,*,#1954,.T.);
#3930 = ORIENTED_EDGE('',*,*,#3874,.F.);
#3931 = ORIENTED_EDGE('',*,*,#3932,.F.);
#3932 = EDGE_CURVE('',#3923,#3875,#3933,.T.);
#3933 = LINE('',#3934,#3935);
#3934 = CARTESIAN_POINT('',(21.8125,-0.2625,-2.));
#3935 = VECTOR('',#3936,1.);
#3936 = DIRECTION('',(1.,0.,0.));
#3937 = PLANE('',#3938);
#3938 = AXIS2_PLACEMENT_3D('',#3939,#3940,#3941);
#3939 = CARTESIAN_POINT('',(19.3125,-0.2625,-2.));
#3940 = DIRECTION('',(0.,-1.,0.));
#3941 = DIRECTION('',(1.,0.,0.));
#3942 = ADVANCED_FACE('',(#3943),#3961,.F.);
#3943 = FACE_BOUND('',#3944,.F.);
#3944 = EDGE_LOOP('',(#3945,#3946,#3947,#3955));
#3945 = ORIENTED_EDGE('',*,*,#3900,.T.);
#3946 = ORIENTED_EDGE('',*,*,#1979,.T.);
#3947 = ORIENTED_EDGE('',*,*,#3948,.F.);
#3948 = EDGE_CURVE('',#3949,#1971,#3951,.T.);
#3949 = VERTEX_POINT('',#3950);
#3950 = CARTESIAN_POINT('',(19.3125,-104.5125,-2.));
#3951 = LINE('',#3952,#3953);
#3952 = CARTESIAN_POINT('',(19.3125,-104.5125,-2.));
#3953 = VECTOR('',#3954,1.);
#3954 = DIRECTION('',(0.,0.,-1.));
#3955 = ORIENTED_EDGE('',*,*,#3956,.F.);
#3956 = EDGE_CURVE('',#3901,#3949,#3957,.T.);
#3957 = LINE('',#3958,#3959);
#3958 = CARTESIAN_POINT('',(59.15,-104.5125,-2.));
#3959 = VECTOR('',#3960,1.);
#3960 = DIRECTION('',(-1.,0.,0.));
#3961 = PLANE('',#3962);
#3962 = AXIS2_PLACEMENT_3D('',#3963,#3964,#3965);
#3963 = CARTESIAN_POINT('',(61.65,-104.5125,-2.));
#3964 = DIRECTION('',(0.,1.,0.));
#3965 = DIRECTION('',(-1.,0.,0.));
#3966 = ADVANCED_FACE('',(#3967),#3985,.F.);
#3967 = FACE_BOUND('',#3968,.F.);
#3968 = EDGE_LOOP('',(#3969,#3977,#3978,#3979));
#3969 = ORIENTED_EDGE('',*,*,#3970,.T.);
#3970 = EDGE_CURVE('',#3971,#1994,#3973,.T.);
#3971 = VERTEX_POINT('',#3972);
#3972 = CARTESIAN_POINT('',(19.3125,-1.6675,-2.));
#3973 = LINE('',#3974,#3975);
#3974 = CARTESIAN_POINT('',(19.3125,-1.6675,-2.));
#3975 = VECTOR('',#3976,1.);
#3976 = DIRECTION('',(0.,0.,-1.));
#3977 = ORIENTED_EDGE('',*,*,#2004,.T.);
#3978 = ORIENTED_EDGE('',*,*,#3922,.F.);
#3979 = ORIENTED_EDGE('',*,*,#3980,.F.);
#3980 = EDGE_CURVE('',#3971,#3923,#3981,.T.);
#3981 = LINE('',#3982,#3983);
#3982 = CARTESIAN_POINT('',(19.3125,-4.1675,-2.));
#3983 = VECTOR('',#3984,1.);
#3984 = DIRECTION('',(0.,1.,0.));
#3985 = PLANE('',#3986);
#3986 = AXIS2_PLACEMENT_3D('',#3987,#3988,#3989);
#3987 = CARTESIAN_POINT('',(19.3125,-1.6675,-2.));
#3988 = DIRECTION('',(1.,0.,0.));
#3989 = DIRECTION('',(0.,1.,0.));
#3990 = ADVANCED_FACE('',(#3991),#4009,.F.);
#3991 = FACE_BOUND('',#3992,.F.);
#3992 = EDGE_LOOP('',(#3993,#3994,#3995,#4003));
#3993 = ORIENTED_EDGE('',*,*,#3948,.T.);
#3994 = ORIENTED_EDGE('',*,*,#2029,.T.);
#3995 = ORIENTED_EDGE('',*,*,#3996,.F.);
#3996 = EDGE_CURVE('',#3997,#2021,#3999,.T.);
#3997 = VERTEX_POINT('',#3998);
#3998 = CARTESIAN_POINT('',(19.3125,-85.4625,-2.));
#3999 = LINE('',#4000,#4001);
#4000 = CARTESIAN_POINT('',(19.3125,-85.4625,-2.));
#4001 = VECTOR('',#4002,1.);
#4002 = DIRECTION('',(0.,0.,-1.));
#4003 = ORIENTED_EDGE('',*,*,#4004,.F.);
#4004 = EDGE_CURVE('',#3949,#3997,#4005,.T.);
#4005 = LINE('',#4006,#4007);
#4006 = CARTESIAN_POINT('',(19.3125,-102.0125,-2.));
#4007 = VECTOR('',#4008,1.);
#4008 = DIRECTION('',(0.,1.,0.));
#4009 = PLANE('',#4010);
#4010 = AXIS2_PLACEMENT_3D('',#4011,#4012,#4013);
#4011 = CARTESIAN_POINT('',(19.3125,-104.5125,-2.));
#4012 = DIRECTION('',(1.,0.,0.));
#4013 = DIRECTION('',(0.,1.,0.));
#4014 = ADVANCED_FACE('',(#4015),#4033,.F.);
#4015 = FACE_BOUND('',#4016,.F.);
#4016 = EDGE_LOOP('',(#4017,#4025,#4026,#4027));
#4017 = ORIENTED_EDGE('',*,*,#4018,.T.);
#4018 = EDGE_CURVE('',#4019,#2044,#4021,.T.);
#4019 = VERTEX_POINT('',#4020);
#4020 = CARTESIAN_POINT('',(18.6875,-1.6675,-2.));
#4021 = LINE('',#4022,#4023);
#4022 = CARTESIAN_POINT('',(18.6875,-1.6675,-2.));
#4023 = VECTOR('',#4024,1.);
#4024 = DIRECTION('',(0.,0.,-1.));
#4025 = ORIENTED_EDGE('',*,*,#2054,.T.);
#4026 = ORIENTED_EDGE('',*,*,#3970,.F.);
#4027 = ORIENTED_EDGE('',*,*,#4028,.F.);
#4028 = EDGE_CURVE('',#4019,#3971,#4029,.T.);
#4029 = LINE('',#4030,#4031);
#4030 = CARTESIAN_POINT('',(21.1875,-1.6675,-2.));
#4031 = VECTOR('',#4032,1.);
#4032 = DIRECTION('',(1.,0.,0.));
#4033 = PLANE('',#4034);
#4034 = AXIS2_PLACEMENT_3D('',#4035,#4036,#4037);
#4035 = CARTESIAN_POINT('',(18.6875,-1.6675,-2.));
#4036 = DIRECTION('',(0.,-1.,0.));
#4037 = DIRECTION('',(1.,0.,0.));
#4038 = ADVANCED_FACE('',(#4039),#4057,.F.);
#4039 = FACE_BOUND('',#4040,.F.);
#4040 = EDGE_LOOP('',(#4041,#4042,#4043,#4051));
#4041 = ORIENTED_EDGE('',*,*,#3996,.T.);
#4042 = ORIENTED_EDGE('',*,*,#2079,.T.);
#4043 = ORIENTED_EDGE('',*,*,#4044,.F.);
#4044 = EDGE_CURVE('',#4045,#2071,#4047,.T.);
#4045 = VERTEX_POINT('',#4046);
#4046 = CARTESIAN_POINT('',(14.55,-85.4625,-2.));
#4047 = LINE('',#4048,#4049);
#4048 = CARTESIAN_POINT('',(14.55,-85.4625,-2.));
#4049 = VECTOR('',#4050,1.);
#4050 = DIRECTION('',(0.,0.,-1.));
#4051 = ORIENTED_EDGE('',*,*,#4052,.F.);
#4052 = EDGE_CURVE('',#3997,#4045,#4053,.T.);
#4053 = LINE('',#4054,#4055);
#4054 = CARTESIAN_POINT('',(21.8125,-85.4625,-2.));
#4055 = VECTOR('',#4056,1.);
#4056 = DIRECTION('',(-1.,0.,0.));
#4057 = PLANE('',#4058);
#4058 = AXIS2_PLACEMENT_3D('',#4059,#4060,#4061);
#4059 = CARTESIAN_POINT('',(19.3125,-85.4625,-2.));
#4060 = DIRECTION('',(0.,1.,0.));
#4061 = DIRECTION('',(-1.,0.,0.));
#4062 = ADVANCED_FACE('',(#4063),#4081,.F.);
#4063 = FACE_BOUND('',#4064,.F.);
#4064 = EDGE_LOOP('',(#4065,#4073,#4074,#4075));
#4065 = ORIENTED_EDGE('',*,*,#4066,.T.);
#4066 = EDGE_CURVE('',#4067,#2094,#4069,.T.);
#4067 = VERTEX_POINT('',#4068);
#4068 = CARTESIAN_POINT('',(18.6875,-19.3125,-2.));
#4069 = LINE('',#4070,#4071);
#4070 = CARTESIAN_POINT('',(18.6875,-19.3125,-2.));
#4071 = VECTOR('',#4072,1.);
#4072 = DIRECTION('',(0.,0.,-1.));
#4073 = ORIENTED_EDGE('',*,*,#2104,.T.);
#4074 = ORIENTED_EDGE('',*,*,#4018,.F.);
#4075 = ORIENTED_EDGE('',*,*,#4076,.F.);
#4076 = EDGE_CURVE('',#4067,#4019,#4077,.T.);
#4077 = LINE('',#4078,#4079);
#4078 = CARTESIAN_POINT('',(18.6875,-19.765,-2.));
#4079 = VECTOR('',#4080,1.);
#4080 = DIRECTION('',(0.,1.,0.));
#4081 = PLANE('',#4082);
#4082 = AXIS2_PLACEMENT_3D('',#4083,#4084,#4085);
#4083 = CARTESIAN_POINT('',(18.6875,-19.3125,-2.));
#4084 = DIRECTION('',(1.,0.,0.));
#4085 = DIRECTION('',(0.,1.,0.));
#4086 = ADVANCED_FACE('',(#4087),#4105,.F.);
#4087 = FACE_BOUND('',#4088,.F.);
#4088 = EDGE_LOOP('',(#4089,#4090,#4091,#4099));
#4089 = ORIENTED_EDGE('',*,*,#4044,.T.);
#4090 = ORIENTED_EDGE('',*,*,#2129,.T.);
#4091 = ORIENTED_EDGE('',*,*,#4092,.F.);
#4092 = EDGE_CURVE('',#4093,#2121,#4095,.T.);
#4093 = VERTEX_POINT('',#4094);
#4094 = CARTESIAN_POINT('',(14.55,-19.3125,-2.));
#4095 = LINE('',#4096,#4097);
#4096 = CARTESIAN_POINT('',(14.55,-19.3125,-2.));
#4097 = VECTOR('',#4098,1.);
#4098 = DIRECTION('',(0.,0.,-1.));
#4099 = ORIENTED_EDGE('',*,*,#4100,.F.);
#4100 = EDGE_CURVE('',#4045,#4093,#4101,.T.);
#4101 = LINE('',#4102,#4103);
#4102 = CARTESIAN_POINT('',(14.55,-82.9625,-2.));
#4103 = VECTOR('',#4104,1.);
#4104 = DIRECTION('',(0.,1.,0.));
#4105 = PLANE('',#4106);
#4106 = AXIS2_PLACEMENT_3D('',#4107,#4108,#4109);
#4107 = CARTESIAN_POINT('',(14.55,-85.4625,-2.));
#4108 = DIRECTION('',(1.,0.,0.));
#4109 = DIRECTION('',(0.,1.,0.));
#4110 = ADVANCED_FACE('',(#4111),#4122,.F.);
#4111 = FACE_BOUND('',#4112,.F.);
#4112 = EDGE_LOOP('',(#4113,#4114,#4115,#4116));
#4113 = ORIENTED_EDGE('',*,*,#4092,.T.);
#4114 = ORIENTED_EDGE('',*,*,#2146,.T.);
#4115 = ORIENTED_EDGE('',*,*,#4066,.F.);
#4116 = ORIENTED_EDGE('',*,*,#4117,.F.);
#4117 = EDGE_CURVE('',#4093,#4067,#4118,.T.);
#4118 = LINE('',#4119,#4120);
#4119 = CARTESIAN_POINT('',(17.05,-19.3125,-2.));
#4120 = VECTOR('',#4121,1.);
#4121 = DIRECTION('',(1.,0.,0.));
#4122 = PLANE('',#4123);
#4123 = AXIS2_PLACEMENT_3D('',#4124,#4125,#4126);
#4124 = CARTESIAN_POINT('',(14.55,-19.3125,-2.));
#4125 = DIRECTION('',(0.,-1.,0.));
#4126 = DIRECTION('',(1.,0.,0.));
#4127 = ADVANCED_FACE('',(#4128),#4148,.T.);
#4128 = FACE_BOUND('',#4129,.F.);
#4129 = EDGE_LOOP('',(#4130,#4139,#4140,#4141));
#4130 = ORIENTED_EDGE('',*,*,#4131,.F.);
#4131 = EDGE_CURVE('',#2161,#4132,#4134,.T.);
#4132 = VERTEX_POINT('',#4133);
#4133 = CARTESIAN_POINT('',(153.,-95.,-13.));
#4134 = CIRCLE('',#4135,1.5);
#4135 = AXIS2_PLACEMENT_3D('',#4136,#4137,#4138);
#4136 = CARTESIAN_POINT('',(153.,-95.,-11.5));
#4137 = DIRECTION('',(0.,1.,0.));
#4138 = DIRECTION('',(1.,0.,-0.));
#4139 = ORIENTED_EDGE('',*,*,#2170,.F.);
#4140 = ORIENTED_EDGE('',*,*,#4131,.T.);
#4141 = ORIENTED_EDGE('',*,*,#4142,.T.);
#4142 = EDGE_CURVE('',#4132,#4132,#4143,.T.);
#4143 = CIRCLE('',#4144,3.);
#4144 = AXIS2_PLACEMENT_3D('',#4145,#4146,#4147);
#4145 = CARTESIAN_POINT('',(150.,-95.,-13.));
#4146 = DIRECTION('',(0.,0.,1.));
#4147 = DIRECTION('',(1.,0.,-0.));
#4148 = TOROIDAL_SURFACE('',#4149,3.,1.5);
#4149 = AXIS2_PLACEMENT_3D('',#4150,#4151,#4152);
#4150 = CARTESIAN_POINT('',(150.,-95.,-11.5));
#4151 = DIRECTION('',(-0.,-0.,-1.));
#4152 = DIRECTION('',(1.,0.,-0.));
#4153 = ADVANCED_FACE('',(#4154),#4157,.T.);
#4154 = FACE_BOUND('',#4155,.T.);
#4155 = EDGE_LOOP('',(#4156));
#4156 = ORIENTED_EDGE('',*,*,#2188,.F.);
#4157 = PLANE('',#4158);
#4158 = AXIS2_PLACEMENT_3D('',#4159,#4160,#4161);
#4159 = CARTESIAN_POINT('',(94.100235918067,-57.38696961959,-4.));
#4160 = DIRECTION('',(-0.,-0.,-1.));
#4161 = DIRECTION('',(-1.,0.,0.));
#4162 = ADVANCED_FACE('',(#4163),#4183,.T.);
#4163 = FACE_BOUND('',#4164,.F.);
#4164 = EDGE_LOOP('',(#4165,#4174,#4175,#4176));
#4165 = ORIENTED_EDGE('',*,*,#4166,.F.);
#4166 = EDGE_CURVE('',#2206,#4167,#4169,.T.);
#4167 = VERTEX_POINT('',#4168);
#4168 = CARTESIAN_POINT('',(30.,-97.,-9.));
#4169 = CIRCLE('',#4170,1.5);
#4170 = AXIS2_PLACEMENT_3D('',#4171,#4172,#4173);
#4171 = CARTESIAN_POINT('',(30.,-97.,-7.5));
#4172 = DIRECTION('',(0.,1.,0.));
#4173 = DIRECTION('',(1.,0.,-0.));
#4174 = ORIENTED_EDGE('',*,*,#2215,.F.);
#4175 = ORIENTED_EDGE('',*,*,#4166,.T.);
#4176 = ORIENTED_EDGE('',*,*,#4177,.T.);
#4177 = EDGE_CURVE('',#4167,#4167,#4178,.T.);
#4178 = CIRCLE('',#4179,3.);
#4179 = AXIS2_PLACEMENT_3D('',#4180,#4181,#4182);
#4180 = CARTESIAN_POINT('',(27.,-97.,-9.));
#4181 = DIRECTION('',(0.,0.,1.));
#4182 = DIRECTION('',(1.,0.,-0.));
#4183 = TOROIDAL_SURFACE('',#4184,3.,1.5);
#4184 = AXIS2_PLACEMENT_3D('',#4185,#4186,#4187);
#4185 = CARTESIAN_POINT('',(27.,-97.,-7.5));
#4186 = DIRECTION('',(-0.,-0.,-1.));
#4187 = DIRECTION('',(1.,0.,-0.));
#4188 = ADVANCED_FACE('',(#4189),#4192,.T.);
#4189 = FACE_BOUND('',#4190,.T.);
#4190 = EDGE_LOOP('',(#4191));
#4191 = ORIENTED_EDGE('',*,*,#2233,.F.);
#4192 = PLANE('',#4193);
#4193 = AXIS2_PLACEMENT_3D('',#4194,#4195,#4196);
#4194 = CARTESIAN_POINT('',(94.100235918067,-57.38696961959,-4.));
#4195 = DIRECTION('',(-0.,-0.,-1.));
#4196 = DIRECTION('',(-1.,0.,0.));
#4197 = ADVANCED_FACE('',(#4198),#4218,.T.);
#4198 = FACE_BOUND('',#4199,.F.);
#4199 = EDGE_LOOP('',(#4200,#4209,#4210,#4211));
#4200 = ORIENTED_EDGE('',*,*,#4201,.F.);
#4201 = EDGE_CURVE('',#2251,#4202,#4204,.T.);
#4202 = VERTEX_POINT('',#4203);
#4203 = CARTESIAN_POINT('',(153.,-3.,-11.));
#4204 = CIRCLE('',#4205,1.5);
#4205 = AXIS2_PLACEMENT_3D('',#4206,#4207,#4208);
#4206 = CARTESIAN_POINT('',(153.,-3.,-9.5));
#4207 = DIRECTION('',(0.,1.,0.));
#4208 = DIRECTION('',(1.,0.,-0.));
#4209 = ORIENTED_EDGE('',*,*,#2260,.F.);
#4210 = ORIENTED_EDGE('',*,*,#4201,.T.);
#4211 = ORIENTED_EDGE('',*,*,#4212,.T.);
#4212 = EDGE_CURVE('',#4202,#4202,#4213,.T.);
#4213 = CIRCLE('',#4214,3.);
#4214 = AXIS2_PLACEMENT_3D('',#4215,#4216,#4217);
#4215 = CARTESIAN_POINT('',(150.,-3.,-11.));
#4216 = DIRECTION('',(0.,0.,1.));
#4217 = DIRECTION('',(1.,0.,-0.));
#4218 = TOROIDAL_SURFACE('',#4219,3.,1.5);
#4219 = AXIS2_PLACEMENT_3D('',#4220,#4221,#4222);
#4220 = CARTESIAN_POINT('',(150.,-3.,-9.5));
#4221 = DIRECTION('',(-0.,-0.,-1.));
#4222 = DIRECTION('',(1.,0.,-0.));
#4223 = ADVANCED_FACE('',(#4224),#4227,.T.);
#4224 = FACE_BOUND('',#4225,.T.);
#4225 = EDGE_LOOP('',(#4226));
#4226 = ORIENTED_EDGE('',*,*,#2278,.F.);
#4227 = PLANE('',#4228);
#4228 = AXIS2_PLACEMENT_3D('',#4229,#4230,#4231);
#4229 = CARTESIAN_POINT('',(94.100235918067,-57.38696961959,-4.));
#4230 = DIRECTION('',(-0.,-0.,-1.));
#4231 = DIRECTION('',(-1.,0.,0.));
#4232 = ADVANCED_FACE('',(#4233),#4253,.T.);
#4233 = FACE_BOUND('',#4234,.F.);
#4234 = EDGE_LOOP('',(#4235,#4244,#4245,#4246));
#4235 = ORIENTED_EDGE('',*,*,#4236,.F.);
#4236 = EDGE_CURVE('',#2296,#4237,#4239,.T.);
#4237 = VERTEX_POINT('',#4238);
#4238 = CARTESIAN_POINT('',(28.,-15.,-7.));
#4239 = CIRCLE('',#4240,1.5);
#4240 = AXIS2_PLACEMENT_3D('',#4241,#4242,#4243);
#4241 = CARTESIAN_POINT('',(28.,-15.,-5.5));
#4242 = DIRECTION('',(0.,1.,0.));
#4243 = DIRECTION('',(1.,0.,-0.));
#4244 = ORIENTED_EDGE('',*,*,#2305,.F.);
#4245 = ORIENTED_EDGE('',*,*,#4236,.T.);
#4246 = ORIENTED_EDGE('',*,*,#4247,.T.);
#4247 = EDGE_CURVE('',#4237,#4237,#4248,.T.);
#4248 = CIRCLE('',#4249,3.);
#4249 = AXIS2_PLACEMENT_3D('',#4250,#4251,#4252);
#4250 = CARTESIAN_POINT('',(25.,-15.,-7.));
#4251 = DIRECTION('',(0.,0.,1.));
#4252 = DIRECTION('',(1.,0.,-0.));
#4253 = TOROIDAL_SURFACE('',#4254,3.,1.5);
#4254 = AXIS2_PLACEMENT_3D('',#4255,#4256,#4257);
#4255 = CARTESIAN_POINT('',(25.,-15.,-5.5));
#4256 = DIRECTION('',(-0.,-0.,-1.));
#4257 = DIRECTION('',(1.,0.,-0.));
#4258 = ADVANCED_FACE('',(#4259),#4277,.T.);
#4259 = FACE_BOUND('',#4260,.T.);
#4260 = EDGE_LOOP('',(#4261,#4262,#4270,#4276));
#4261 = ORIENTED_EDGE('',*,*,#2320,.T.);
#4262 = ORIENTED_EDGE('',*,*,#4263,.T.);
#4263 = EDGE_CURVE('',#2321,#4264,#4266,.T.);
#4264 = VERTEX_POINT('',#4265);
#4265 = CARTESIAN_POINT('',(161.6625,-80.7,5.31));
#4266 = LINE('',#4267,#4268);
#4267 = CARTESIAN_POINT('',(161.6625,-36.07505703056,5.31));
#4268 = VECTOR('',#4269,1.);
#4269 = DIRECTION('',(0.,-1.,0.));
#4270 = ORIENTED_EDGE('',*,*,#4271,.F.);
#4271 = EDGE_CURVE('',#3187,#4264,#4272,.T.);
#4272 = LINE('',#4273,#4274);
#4273 = CARTESIAN_POINT('',(161.6625,-80.7,-2.));
#4274 = VECTOR('',#4275,1.);
#4275 = DIRECTION('',(0.,0.,1.));
#4276 = ORIENTED_EDGE('',*,*,#3194,.F.);
#4277 = PLANE('',#4278);
#4278 = AXIS2_PLACEMENT_3D('',#4279,#4280,#4281);
#4279 = CARTESIAN_POINT('',(161.6625,-36.07505703056,-2.));
#4280 = DIRECTION('',(1.,0.,0.));
#4281 = DIRECTION('',(0.,-1.,0.));
#4282 = ADVANCED_FACE('',(#4283),#4295,.T.);
#4283 = FACE_BOUND('',#4284,.F.);
#4284 = EDGE_LOOP('',(#4285,#4286,#4287,#4294));
#4285 = ORIENTED_EDGE('',*,*,#2355,.T.);
#4286 = ORIENTED_EDGE('',*,*,#2339,.T.);
#4287 = ORIENTED_EDGE('',*,*,#4288,.F.);
#4288 = EDGE_CURVE('',#2380,#2321,#4289,.T.);
#4289 = CIRCLE('',#4290,1.2);
#4290 = AXIS2_PLACEMENT_3D('',#4291,#4292,#4293);
#4291 = CARTESIAN_POINT('',(160.46273888248,-36.09899989784,5.31));
#4292 = DIRECTION('',(-1.995238940048E-02,0.999800931264,0.));
#4293 = DIRECTION('',(0.,0.,1.));
#4294 = ORIENTED_EDGE('',*,*,#2379,.F.);
#4295 = CYLINDRICAL_SURFACE('',#4296,1.2);
#4296 = AXIS2_PLACEMENT_3D('',#4297,#4298,#4299);
#4297 = CARTESIAN_POINT('',(160.27479870439,-26.68144286728,5.31));
#4298 = DIRECTION('',(1.995238940048E-02,-0.999800931264,0.));
#4299 = DIRECTION('',(-0.,0.,1.));
#4300 = ADVANCED_FACE('',(#4301),#4313,.T.);
#4301 = FACE_BOUND('',#4302,.F.);
#4302 = EDGE_LOOP('',(#4303,#4304,#4305,#4312));
#4303 = ORIENTED_EDGE('',*,*,#4288,.T.);
#4304 = ORIENTED_EDGE('',*,*,#4263,.T.);
#4305 = ORIENTED_EDGE('',*,*,#4306,.F.);
#4306 = EDGE_CURVE('',#2388,#4264,#4307,.T.);
#4307 = ELLIPSE('',#4308,1.697056274848,1.2);
#4308 = AXIS2_PLACEMENT_3D('',#4309,#4310,#4311);
#4309 = CARTESIAN_POINT('',(160.4625,-79.5,5.31));
#4310 = DIRECTION('',(0.707106781187,0.707106781187,0.));
#4311 = DIRECTION('',(0.707106781187,-0.707106781187,0.));
#4312 = ORIENTED_EDGE('',*,*,#2387,.F.);
#4313 = CYLINDRICAL_SURFACE('',#4314,1.2);
#4314 = AXIS2_PLACEMENT_3D('',#4315,#4316,#4317);
#4315 = CARTESIAN_POINT('',(160.4625,-36.07505703056,5.31));
#4316 = DIRECTION('',(0.,-1.,0.));
#4317 = DIRECTION('',(-0.,0.,1.));
#4318 = ADVANCED_FACE('',(#4319),#4338,.T.);
#4319 = FACE_BOUND('',#4320,.F.);
#4320 = EDGE_LOOP('',(#4321,#4322,#4330,#4337));
#4321 = ORIENTED_EDGE('',*,*,#4306,.T.);
#4322 = ORIENTED_EDGE('',*,*,#4323,.T.);
#4323 = EDGE_CURVE('',#4264,#4324,#4326,.T.);
#4324 = VERTEX_POINT('',#4325);
#4325 = CARTESIAN_POINT('',(152.95516823387,-80.7,5.31));
#4326 = LINE('',#4327,#4328);
#4327 = CARTESIAN_POINT('',(161.6625,-80.7,5.31));
#4328 = VECTOR('',#4329,1.);
#4329 = DIRECTION('',(-1.,0.,0.));
#4330 = ORIENTED_EDGE('',*,*,#4331,.F.);
#4331 = EDGE_CURVE('',#2396,#4324,#4332,.T.);
#4332 = ELLIPSE('',#4333,9.193562782738,1.2);
#4333 = AXIS2_PLACEMENT_3D('',#4334,#4335,#4336);
#4334 = CARTESIAN_POINT('',(143.84025755739,-79.5,5.31));
#4335 = DIRECTION('',(0.130526111406,0.991444872013,-0.));
#4336 = DIRECTION('',(-0.991444872013,0.130526111406,0.));
#4337 = ORIENTED_EDGE('',*,*,#2395,.F.);
#4338 = CYLINDRICAL_SURFACE('',#4339,1.2);
#4339 = AXIS2_PLACEMENT_3D('',#4340,#4341,#4342);
#4340 = CARTESIAN_POINT('',(161.6625,-79.5,5.31));
#4341 = DIRECTION('',(-1.,0.,0.));
#4342 = DIRECTION('',(0.,-0.,1.));
#4343 = ADVANCED_FACE('',(#4344),#4356,.T.);
#4344 = FACE_BOUND('',#4345,.F.);
#4345 = EDGE_LOOP('',(#4346,#4353,#4354,#4355));
#4346 = ORIENTED_EDGE('',*,*,#4347,.T.);
#4347 = EDGE_CURVE('',#2684,#3233,#4348,.T.);
#4348 = ELLIPSE('',#4349,1.697056274848,1.2);
#4349 = AXIS2_PLACEMENT_3D('',#4350,#4351,#4352);
#4350 = CARTESIAN_POINT('',(122.3625,-0.51,5.31));
#4351 = DIRECTION('',(-0.707106781187,0.707106781187,0.));
#4352 = DIRECTION('',(0.707106781187,0.707106781187,0.));
#4353 = ORIENTED_EDGE('',*,*,#3240,.T.);
#4354 = ORIENTED_EDGE('',*,*,#3256,.F.);
#4355 = ORIENTED_EDGE('',*,*,#2691,.F.);
#4356 = CYLINDRICAL_SURFACE('',#4357,1.2);
#4357 = AXIS2_PLACEMENT_3D('',#4358,#4359,#4360);
#4358 = CARTESIAN_POINT('',(123.5625,-0.51,5.31));
#4359 = DIRECTION('',(1.,0.,0.));
#4360 = DIRECTION('',(0.,-0.,1.));
#4361 = ADVANCED_FACE('',(#4362),#4381,.T.);
#4362 = FACE_BOUND('',#4363,.F.);
#4363 = EDGE_LOOP('',(#4364,#4365,#4373,#4380));
#4364 = ORIENTED_EDGE('',*,*,#4331,.T.);
#4365 = ORIENTED_EDGE('',*,*,#4366,.T.);
#4366 = EDGE_CURVE('',#4324,#4367,#4369,.T.);
#4367 = VERTEX_POINT('',#4368);
#4368 = CARTESIAN_POINT('',(160.02570241977,-82.59454268975,5.31));
#4369 = LINE('',#4370,#4371);
#4370 = CARTESIAN_POINT('',(152.95516823387,-80.7,5.31));
#4371 = VECTOR('',#4372,1.);
#4372 = DIRECTION('',(0.965925868482,-0.258818887635,0.));
#4373 = ORIENTED_EDGE('',*,*,#4374,.F.);
#4374 = EDGE_CURVE('',#2404,#4367,#4375,.T.);
#4375 = ELLIPSE('',#4376,1.697056460901,1.2);
#4376 = AXIS2_PLACEMENT_3D('',#4377,#4378,#4379);
#4377 = CARTESIAN_POINT('',(158.55600845828,-83.44307099867,5.31));
#4378 = DIRECTION('',(-0.500000046237,0.86602537709,0.));
#4379 = DIRECTION('',(0.86602537709,0.500000046237,0.));
#4380 = ORIENTED_EDGE('',*,*,#2403,.F.);
#4381 = CYLINDRICAL_SURFACE('',#4382,1.2);
#4382 = AXIS2_PLACEMENT_3D('',#4383,#4384,#4385);
#4383 = CARTESIAN_POINT('',(152.6445855687,-81.85911104217,5.31));
#4384 = DIRECTION('',(0.965925868482,-0.258818887635,0.));
#4385 = DIRECTION('',(-0.,0.,1.));
#4386 = ADVANCED_FACE('',(#4387),#4406,.T.);
#4387 = FACE_BOUND('',#4388,.F.);
#4388 = EDGE_LOOP('',(#4389,#4398,#4404,#4405));
#4389 = ORIENTED_EDGE('',*,*,#4390,.T.);
#4390 = EDGE_CURVE('',#2676,#4391,#4393,.T.);
#4391 = VERTEX_POINT('',#4392);
#4392 = CARTESIAN_POINT('',(123.5625,2.595,5.31));
#4393 = ELLIPSE('',#4394,1.697056274848,1.2);
#4394 = AXIS2_PLACEMENT_3D('',#4395,#4396,#4397);
#4395 = CARTESIAN_POINT('',(122.3625,1.395,5.31));
#4396 = DIRECTION('',(-0.707106781187,0.707106781187,0.));
#4397 = DIRECTION('',(-0.707106781187,-0.707106781187,0.));
#4398 = ORIENTED_EDGE('',*,*,#4399,.T.);
#4399 = EDGE_CURVE('',#4391,#3233,#4400,.T.);
#4400 = LINE('',#4401,#4402);
#4401 = CARTESIAN_POINT('',(123.5625,2.595,5.31));
#4402 = VECTOR('',#4403,1.);
#4403 = DIRECTION('',(0.,-1.,0.));
#4404 = ORIENTED_EDGE('',*,*,#4347,.F.);
#4405 = ORIENTED_EDGE('',*,*,#2683,.F.);
#4406 = CYLINDRICAL_SURFACE('',#4407,1.2);
#4407 = AXIS2_PLACEMENT_3D('',#4408,#4409,#4410);
#4408 = CARTESIAN_POINT('',(122.3625,2.595,5.31));
#4409 = DIRECTION('',(0.,-1.,0.));
#4410 = DIRECTION('',(-0.,0.,1.));
#4411 = ADVANCED_FACE('',(#4412),#4431,.T.);
#4412 = FACE_BOUND('',#4413,.F.);
#4413 = EDGE_LOOP('',(#4414,#4415,#4423,#4430));
#4414 = ORIENTED_EDGE('',*,*,#4374,.T.);
#4415 = ORIENTED_EDGE('',*,*,#4416,.T.);
#4416 = EDGE_CURVE('',#4367,#4417,#4419,.T.);
#4417 = VERTEX_POINT('',#4418);
#4418 = CARTESIAN_POINT('',(158.46470024211,-88.42028081691,5.31));
#4419 = LINE('',#4420,#4421);
#4420 = CARTESIAN_POINT('',(160.02570241977,-82.59454268975,5.31));
#4421 = VECTOR('',#4422,1.);
#4422 = DIRECTION('',(-0.258819099429,-0.965925811732,0.));
#4423 = ORIENTED_EDGE('',*,*,#4424,.F.);
#4424 = EDGE_CURVE('',#2412,#4417,#4425,.T.);
#4425 = ELLIPSE('',#4426,1.697053605147,1.2);
#4426 = AXIS2_PLACEMENT_3D('',#4427,#4428,#4429);
#4427 = CARTESIAN_POINT('',(156.99500732589,-89.26880522479,5.31));
#4428 = DIRECTION('',(-0.499998588912,0.866026218475,0.));
#4429 = DIRECTION('',(-0.866026218475,-0.499998588912,0.));
#4430 = ORIENTED_EDGE('',*,*,#2411,.F.);
#4431 = CYLINDRICAL_SURFACE('',#4432,1.2);
#4432 = AXIS2_PLACEMENT_3D('',#4433,#4434,#4435);
#4433 = CARTESIAN_POINT('',(158.86659144569,-82.28395977044,5.31));
#4434 = DIRECTION('',(-0.258819099429,-0.965925811732,0.));
#4435 = DIRECTION('',(0.,0.,1.));
#4436 = ADVANCED_FACE('',(#4437),#4456,.T.);
#4437 = FACE_BOUND('',#4438,.F.);
#4438 = EDGE_LOOP('',(#4439,#4448,#4454,#4455));
#4439 = ORIENTED_EDGE('',*,*,#4440,.T.);
#4440 = EDGE_CURVE('',#2668,#4441,#4443,.T.);
#4441 = VERTEX_POINT('',#4442);
#4442 = CARTESIAN_POINT('',(104.5125,2.595,5.31));
#4443 = ELLIPSE('',#4444,1.697056274848,1.2);
#4444 = AXIS2_PLACEMENT_3D('',#4445,#4446,#4447);
#4445 = CARTESIAN_POINT('',(103.3125,1.395,5.31));
#4446 = DIRECTION('',(-0.707106781187,0.707106781187,0.));
#4447 = DIRECTION('',(0.707106781187,0.707106781187,0.));
#4448 = ORIENTED_EDGE('',*,*,#4449,.T.);
#4449 = EDGE_CURVE('',#4441,#4391,#4450,.T.);
#4450 = LINE('',#4451,#4452);
#4451 = CARTESIAN_POINT('',(104.5125,2.595,5.31));
#4452 = VECTOR('',#4453,1.);
#4453 = DIRECTION('',(1.,0.,0.));
#4454 = ORIENTED_EDGE('',*,*,#4390,.F.);
#4455 = ORIENTED_EDGE('',*,*,#2675,.F.);
#4456 = CYLINDRICAL_SURFACE('',#4457,1.2);
#4457 = AXIS2_PLACEMENT_3D('',#4458,#4459,#4460);
#4458 = CARTESIAN_POINT('',(104.5125,1.395,5.31));
#4459 = DIRECTION('',(1.,0.,0.));
#4460 = DIRECTION('',(0.,-0.,1.));
#4461 = ADVANCED_FACE('',(#4462),#4481,.T.);
#4462 = FACE_BOUND('',#4463,.F.);
#4463 = EDGE_LOOP('',(#4464,#4465,#4473,#4480));
#4464 = ORIENTED_EDGE('',*,*,#4424,.T.);
#4465 = ORIENTED_EDGE('',*,*,#4466,.T.);
#4466 = EDGE_CURVE('',#4417,#4467,#4469,.T.);
#4467 = VERTEX_POINT('',#4468);
#4468 = CARTESIAN_POINT('',(160.60421989829,-88.99357072478,5.31));
#4469 = LINE('',#4470,#4471);
#4470 = CARTESIAN_POINT('',(158.46470024211,-88.42028081691,5.31));
#4471 = VECTOR('',#4472,1.);
#4472 = DIRECTION('',(0.96592499741,-0.258822138501,0.));
#4473 = ORIENTED_EDGE('',*,*,#4474,.F.);
#4474 = EDGE_CURVE('',#2420,#4467,#4475,.T.);
#4475 = ELLIPSE('',#4476,1.697053484336,1.2);
#4476 = AXIS2_PLACEMENT_3D('',#4477,#4478,#4479);
#4477 = CARTESIAN_POINT('',(159.13452714711,-89.84209517689,5.31));
#4478 = DIRECTION('',(-0.499998650563,0.866026182881,0.));
#4479 = DIRECTION('',(0.866026182881,0.499998650563,0.));
#4480 = ORIENTED_EDGE('',*,*,#2419,.F.);
#4481 = CYLINDRICAL_SURFACE('',#4482,1.2);
#4482 = AXIS2_PLACEMENT_3D('',#4483,#4484,#4485);
#4483 = CARTESIAN_POINT('',(158.1541136759,-89.5793908138,5.31));
#4484 = DIRECTION('',(0.96592499741,-0.258822138501,0.));
#4485 = DIRECTION('',(-0.,0.,1.));
#4486 = ADVANCED_FACE('',(#4487),#4506,.T.);
#4487 = FACE_BOUND('',#4488,.F.);
#4488 = EDGE_LOOP('',(#4489,#4498,#4504,#4505));
#4489 = ORIENTED_EDGE('',*,*,#4490,.T.);
#4490 = EDGE_CURVE('',#2660,#4491,#4493,.T.);
#4491 = VERTEX_POINT('',#4492);
#4492 = CARTESIAN_POINT('',(104.5125,4.5,5.31));
#4493 = ELLIPSE('',#4494,1.697056274848,1.2);
#4494 = AXIS2_PLACEMENT_3D('',#4495,#4496,#4497);
#4495 = CARTESIAN_POINT('',(103.3125,3.3,5.31));
#4496 = DIRECTION('',(-0.707106781187,0.707106781187,0.));
#4497 = DIRECTION('',(-0.707106781187,-0.707106781187,0.));
#4498 = ORIENTED_EDGE('',*,*,#4499,.T.);
#4499 = EDGE_CURVE('',#4491,#4441,#4500,.T.);
#4500 = LINE('',#4501,#4502);
#4501 = CARTESIAN_POINT('',(104.5125,4.5,5.31));
#4502 = VECTOR('',#4503,1.);
#4503 = DIRECTION('',(0.,-1.,0.));
#4504 = ORIENTED_EDGE('',*,*,#4440,.F.);
#4505 = ORIENTED_EDGE('',*,*,#2667,.F.);
#4506 = CYLINDRICAL_SURFACE('',#4507,1.2);
#4507 = AXIS2_PLACEMENT_3D('',#4508,#4509,#4510);
#4508 = CARTESIAN_POINT('',(103.3125,4.5,5.31));
#4509 = DIRECTION('',(0.,-1.,0.));
#4510 = DIRECTION('',(-0.,0.,1.));
#4511 = ADVANCED_FACE('',(#4512),#4531,.T.);
#4512 = FACE_BOUND('',#4513,.F.);
#4513 = EDGE_LOOP('',(#4514,#4515,#4523,#4530));
#4514 = ORIENTED_EDGE('',*,*,#4474,.T.);
#4515 = ORIENTED_EDGE('',*,*,#4516,.T.);
#4516 = EDGE_CURVE('',#4467,#4517,#4519,.T.);
#4517 = VERTEX_POINT('',#4518);
#4518 = CARTESIAN_POINT('',(150.30322508879,-127.4374199677,5.31));
#4519 = LINE('',#4520,#4521);
#4520 = CARTESIAN_POINT('',(160.60421989829,-88.99357072478,5.31));
#4521 = VECTOR('',#4522,1.);
#4522 = DIRECTION('',(-0.258818961903,-0.965925848582,0.));
#4523 = ORIENTED_EDGE('',*,*,#4524,.F.);
#4524 = EDGE_CURVE('',#2428,#4517,#4525,.T.);
#4525 = ELLIPSE('',#4526,1.697059065373,1.2);
#4526 = AXIS2_PLACEMENT_3D('',#4527,#4528,#4529);
#4527 = CARTESIAN_POINT('',(149.45469784617,-125.9677223832,5.31));
#4528 = DIRECTION('',(0.866026182881,0.499998650563,0.));
#4529 = DIRECTION('',(0.499998650563,-0.866026182881,0.));
#4530 = ORIENTED_EDGE('',*,*,#2427,.F.);
#4531 = CYLINDRICAL_SURFACE('',#4532,1.2);
#4532 = AXIS2_PLACEMENT_3D('',#4533,#4534,#4535);
#4533 = CARTESIAN_POINT('',(159.44510888,-88.6829879705,5.31));
#4534 = DIRECTION('',(-0.258818961903,-0.965925848582,0.));
#4535 = DIRECTION('',(0.,0.,1.));
#4536 = ADVANCED_FACE('',(#4537),#4556,.T.);
#4537 = FACE_BOUND('',#4538,.F.);
#4538 = EDGE_LOOP('',(#4539,#4548,#4554,#4555));
#4539 = ORIENTED_EDGE('',*,*,#4540,.T.);
#4540 = EDGE_CURVE('',#2652,#4541,#4543,.T.);
#4541 = VERTEX_POINT('',#4542);
#4542 = CARTESIAN_POINT('',(76.4625,4.5,5.31));
#4543 = ELLIPSE('',#4544,1.697056274848,1.2);
#4544 = AXIS2_PLACEMENT_3D('',#4545,#4546,#4547);
#4545 = CARTESIAN_POINT('',(77.6625,3.3,5.31));
#4546 = DIRECTION('',(-0.707106781187,-0.707106781187,0.));
#4547 = DIRECTION('',(0.707106781187,-0.707106781187,0.));
#4548 = ORIENTED_EDGE('',*,*,#4549,.T.);
#4549 = EDGE_CURVE('',#4541,#4491,#4550,.T.);
#4550 = LINE('',#4551,#4552);
#4551 = CARTESIAN_POINT('',(76.4625,4.5,5.31));
#4552 = VECTOR('',#4553,1.);
#4553 = DIRECTION('',(1.,0.,0.));
#4554 = ORIENTED_EDGE('',*,*,#4490,.F.);
#4555 = ORIENTED_EDGE('',*,*,#2659,.F.);
#4556 = CYLINDRICAL_SURFACE('',#4557,1.2);
#4557 = AXIS2_PLACEMENT_3D('',#4558,#4559,#4560);
#4558 = CARTESIAN_POINT('',(76.4625,3.3,5.31));
#4559 = DIRECTION('',(1.,0.,0.));
#4560 = DIRECTION('',(0.,-0.,1.));
#4561 = ADVANCED_FACE('',(#4562),#4581,.T.);
#4562 = FACE_BOUND('',#4563,.F.);
#4563 = EDGE_LOOP('',(#4564,#4565,#4573,#4580));
#4564 = ORIENTED_EDGE('',*,*,#4524,.T.);
#4565 = ORIENTED_EDGE('',*,*,#4566,.T.);
#4566 = EDGE_CURVE('',#4517,#4567,#4569,.T.);
#4567 = VERTEX_POINT('',#4568);
#4568 = CARTESIAN_POINT('',(148.16370295009,-126.8641293946,5.31));
#4569 = LINE('',#4570,#4571);
#4570 = CARTESIAN_POINT('',(150.30322508879,-127.4374199677,5.31));
#4571 = VECTOR('',#4572,1.);
#4572 = DIRECTION('',(-0.96592499741,0.258822138501,0.));
#4573 = ORIENTED_EDGE('',*,*,#4574,.F.);
#4574 = EDGE_CURVE('',#2436,#4567,#4575,.T.);
#4575 = ELLIPSE('',#4576,1.697058313871,1.2);
#4576 = AXIS2_PLACEMENT_3D('',#4577,#4578,#4579);
#4577 = CARTESIAN_POINT('',(147.31517673404,-125.3944320852,5.31));
#4578 = DIRECTION('',(0.866026404292,0.499998267065,-0.));
#4579 = DIRECTION('',(-0.499998267065,0.866026404292,0.));
#4580 = ORIENTED_EDGE('',*,*,#2435,.F.);
#4581 = CYLINDRICAL_SURFACE('',#4582,1.2);
#4582 = AXIS2_PLACEMENT_3D('',#4583,#4584,#4585);
#4583 = CARTESIAN_POINT('',(150.61381165499,-126.2783099708,5.31));
#4584 = DIRECTION('',(-0.96592499741,0.258822138501,0.));
#4585 = DIRECTION('',(0.,-0.,1.));
#4586 = ADVANCED_FACE('',(#4587),#4606,.T.);
#4587 = FACE_BOUND('',#4588,.F.);
#4588 = EDGE_LOOP('',(#4589,#4598,#4604,#4605));
#4589 = ORIENTED_EDGE('',*,*,#4590,.T.);
#4590 = EDGE_CURVE('',#2644,#4591,#4593,.T.);
#4591 = VERTEX_POINT('',#4592);
#4592 = CARTESIAN_POINT('',(76.4625,3.095,5.31));
#4593 = ELLIPSE('',#4594,1.697056274848,1.2);
#4594 = AXIS2_PLACEMENT_3D('',#4595,#4596,#4597);
#4595 = CARTESIAN_POINT('',(77.6625,1.895,5.31));
#4596 = DIRECTION('',(-0.707106781187,-0.707106781187,-0.));
#4597 = DIRECTION('',(-0.707106781187,0.707106781187,0.));
#4598 = ORIENTED_EDGE('',*,*,#4599,.T.);
#4599 = EDGE_CURVE('',#4591,#4541,#4600,.T.);
#4600 = LINE('',#4601,#4602);
#4601 = CARTESIAN_POINT('',(76.4625,3.095,5.31));
#4602 = VECTOR('',#4603,1.);
#4603 = DIRECTION('',(0.,1.,0.));
#4604 = ORIENTED_EDGE('',*,*,#4540,.F.);
#4605 = ORIENTED_EDGE('',*,*,#2651,.F.);
#4606 = CYLINDRICAL_SURFACE('',#4607,1.2);
#4607 = AXIS2_PLACEMENT_3D('',#4608,#4609,#4610);
#4608 = CARTESIAN_POINT('',(77.6625,3.095,5.31));
#4609 = DIRECTION('',(0.,1.,0.));
#4610 = DIRECTION('',(0.,-0.,1.));
#4611 = ADVANCED_FACE('',(#4612),#4631,.T.);
#4612 = FACE_BOUND('',#4613,.F.);
#4613 = EDGE_LOOP('',(#4614,#4615,#4623,#4630));
#4614 = ORIENTED_EDGE('',*,*,#4574,.T.);
#4615 = ORIENTED_EDGE('',*,*,#4616,.T.);
#4616 = EDGE_CURVE('',#4567,#4617,#4619,.T.);
#4617 = VERTEX_POINT('',#4618);
#4618 = CARTESIAN_POINT('',(146.60269499274,-132.6898717714,5.31));
#4619 = LINE('',#4620,#4621);
#4620 = CARTESIAN_POINT('',(148.16370295009,-126.8641293946,5.31));
#4621 = VECTOR('',#4622,1.);
#4622 = DIRECTION('',(-0.258819817375,-0.965925619359,0.));
#4623 = ORIENTED_EDGE('',*,*,#4624,.F.);
#4624 = EDGE_CURVE('',#2444,#4617,#4625,.T.);
#4625 = ELLIPSE('',#4626,1.697055635184,1.2);
#4626 = AXIS2_PLACEMENT_3D('',#4627,#4628,#4629);
#4627 = CARTESIAN_POINT('',(145.75416779622,-131.2201781211,5.31));
#4628 = DIRECTION('',(0.866025615079,0.499999634026,0.));
#4629 = DIRECTION('',(0.499999634026,-0.866025615079,0.));
#4630 = ORIENTED_EDGE('',*,*,#2443,.F.);
#4631 = CYLINDRICAL_SURFACE('',#4632,1.2);
#4632 = AXIS2_PLACEMENT_3D('',#4633,#4634,#4635);
#4633 = CARTESIAN_POINT('',(147.00459220686,-126.5535456138,5.31));
#4634 = DIRECTION('',(-0.258819817375,-0.965925619359,0.));
#4635 = DIRECTION('',(0.,0.,1.));
#4636 = ADVANCED_FACE('',(#4637),#4656,.T.);
#4637 = FACE_BOUND('',#4638,.F.);
#4638 = EDGE_LOOP('',(#4639,#4648,#4654,#4655));
#4639 = ORIENTED_EDGE('',*,*,#4640,.T.);
#4640 = EDGE_CURVE('',#2636,#4641,#4643,.T.);
#4641 = VERTEX_POINT('',#4642);
#4642 = CARTESIAN_POINT('',(75.8375,3.095,5.31));
#4643 = ELLIPSE('',#4644,1.697056274848,1.2);
#4644 = AXIS2_PLACEMENT_3D('',#4645,#4646,#4647);
#4645 = CARTESIAN_POINT('',(77.0375,1.895,5.31));
#4646 = DIRECTION('',(-0.707106781187,-0.707106781187,0.));
#4647 = DIRECTION('',(0.707106781187,-0.707106781187,0.));
#4648 = ORIENTED_EDGE('',*,*,#4649,.T.);
#4649 = EDGE_CURVE('',#4641,#4591,#4650,.T.);
#4650 = LINE('',#4651,#4652);
#4651 = CARTESIAN_POINT('',(75.8375,3.095,5.31));
#4652 = VECTOR('',#4653,1.);
#4653 = DIRECTION('',(1.,0.,0.));
#4654 = ORIENTED_EDGE('',*,*,#4590,.F.);
#4655 = ORIENTED_EDGE('',*,*,#2643,.F.);
#4656 = CYLINDRICAL_SURFACE('',#4657,1.2);
#4657 = AXIS2_PLACEMENT_3D('',#4658,#4659,#4660);
#4658 = CARTESIAN_POINT('',(75.8375,1.895,5.31));
#4659 = DIRECTION('',(1.,0.,0.));
#4660 = DIRECTION('',(0.,-0.,1.));
#4661 = ADVANCED_FACE('',(#4662),#4681,.T.);
#4662 = FACE_BOUND('',#4663,.F.);
#4663 = EDGE_LOOP('',(#4664,#4665,#4673,#4680));
#4664 = ORIENTED_EDGE('',*,*,#4624,.T.);
#4665 = ORIENTED_EDGE('',*,*,#4666,.T.);
#4666 = EDGE_CURVE('',#4617,#4667,#4669,.T.);
#4667 = VERTEX_POINT('',#4668);
#4668 = CARTESIAN_POINT('',(119.50847551682,-125.4299962172,5.31));
#4669 = LINE('',#4670,#4671);
#4670 = CARTESIAN_POINT('',(146.60269499274,-132.6898717714,5.31));
#4671 = VECTOR('',#4672,1.);
#4672 = DIRECTION('',(-0.96592581447,0.258819089211,0.));
#4673 = ORIENTED_EDGE('',*,*,#4674,.F.);
#4674 = EDGE_CURVE('',#2452,#4667,#4675,.T.);
#4675 = ELLIPSE('',#4676,1.697057056318,1.2);
#4676 = AXIS2_PLACEMENT_3D('',#4677,#4678,#4679);
#4677 = CARTESIAN_POINT('',(120.97817046875,-124.5814684329,5.31));
#4678 = DIRECTION('',(0.499999561661,-0.866025656859,-0.));
#4679 = DIRECTION('',(-0.866025656859,-0.499999561661,0.));
#4680 = ORIENTED_EDGE('',*,*,#2451,.F.);
#4681 = CYLINDRICAL_SURFACE('',#4682,1.2);
#4682 = AXIS2_PLACEMENT_3D('',#4683,#4684,#4685);
#4683 = CARTESIAN_POINT('',(146.91327789979,-131.530760794,5.31));
#4684 = DIRECTION('',(-0.96592581447,0.258819089211,0.));
#4685 = DIRECTION('',(0.,-0.,1.));
#4686 = ADVANCED_FACE('',(#4687),#4706,.T.);
#4687 = FACE_BOUND('',#4688,.F.);
#4688 = EDGE_LOOP('',(#4689,#4698,#4704,#4705));
#4689 = ORIENTED_EDGE('',*,*,#4690,.T.);
#4690 = EDGE_CURVE('',#2628,#4691,#4693,.T.);
#4691 = VERTEX_POINT('',#4692);
#4692 = CARTESIAN_POINT('',(75.8375,2.595,5.31));
#4693 = ELLIPSE('',#4694,1.697056274848,1.2);
#4694 = AXIS2_PLACEMENT_3D('',#4695,#4696,#4697);
#4695 = CARTESIAN_POINT('',(77.0375,1.395,5.31));
#4696 = DIRECTION('',(-0.707106781187,-0.707106781187,-0.));
#4697 = DIRECTION('',(-0.707106781187,0.707106781187,0.));
#4698 = ORIENTED_EDGE('',*,*,#4699,.T.);
#4699 = EDGE_CURVE('',#4691,#4641,#4700,.T.);
#4700 = LINE('',#4701,#4702);
#4701 = CARTESIAN_POINT('',(75.8375,2.595,5.31));
#4702 = VECTOR('',#4703,1.);
#4703 = DIRECTION('',(0.,1.,0.));
#4704 = ORIENTED_EDGE('',*,*,#4640,.F.);
#4705 = ORIENTED_EDGE('',*,*,#2635,.F.);
#4706 = CYLINDRICAL_SURFACE('',#4707,1.2);
#4707 = AXIS2_PLACEMENT_3D('',#4708,#4709,#4710);
#4708 = CARTESIAN_POINT('',(77.0375,2.595,5.31));
#4709 = DIRECTION('',(0.,1.,0.));
#4710 = DIRECTION('',(0.,-0.,1.));
#4711 = ADVANCED_FACE('',(#4712),#4731,.T.);
#4712 = FACE_BOUND('',#4713,.F.);
#4713 = EDGE_LOOP('',(#4714,#4715,#4723,#4730));
#4714 = ORIENTED_EDGE('',*,*,#4674,.T.);
#4715 = ORIENTED_EDGE('',*,*,#4716,.T.);
#4716 = EDGE_CURVE('',#4667,#4717,#4719,.T.);
#4717 = VERTEX_POINT('',#4718);
#4718 = CARTESIAN_POINT('',(120.74110536865,-120.8297767702,5.31));
#4719 = LINE('',#4720,#4721);
#4720 = CARTESIAN_POINT('',(119.50847551682,-125.4299962172,5.31));
#4721 = VECTOR('',#4722,1.);
#4722 = DIRECTION('',(0.2588199788,0.965925576105,0.));
#4723 = ORIENTED_EDGE('',*,*,#4724,.F.);
#4724 = EDGE_CURVE('',#2460,#4717,#4725,.T.);
#4725 = ELLIPSE('',#4726,1.697057250621,1.2);
#4726 = AXIS2_PLACEMENT_3D('',#4727,#4728,#4729);
#4727 = CARTESIAN_POINT('',(122.2108003917,-119.9812487205,5.31));
#4728 = DIRECTION('',(0.499999660816,-0.866025599612,-0.));
#4729 = DIRECTION('',(0.866025599612,0.499999660816,0.));
#4730 = ORIENTED_EDGE('',*,*,#2459,.F.);
#4731 = CYLINDRICAL_SURFACE('',#4732,1.2);
#4732 = AXIS2_PLACEMENT_3D('',#4733,#4734,#4735);
#4733 = CARTESIAN_POINT('',(120.66758620815,-125.7405801917,5.31));
#4734 = DIRECTION('',(0.2588199788,0.965925576105,0.));
#4735 = DIRECTION('',(0.,-0.,1.));
#4736 = ADVANCED_FACE('',(#4737),#4756,.T.);
#4737 = FACE_BOUND('',#4738,.F.);
#4738 = EDGE_LOOP('',(#4739,#4748,#4754,#4755));
#4739 = ORIENTED_EDGE('',*,*,#4740,.T.);
#4740 = EDGE_CURVE('',#2620,#4741,#4743,.T.);
#4741 = VERTEX_POINT('',#4742);
#4742 = CARTESIAN_POINT('',(57.4125,2.595,5.31));
#4743 = ELLIPSE('',#4744,1.697056274848,1.2);
#4744 = AXIS2_PLACEMENT_3D('',#4745,#4746,#4747);
#4745 = CARTESIAN_POINT('',(58.6125,1.395,5.31));
#4746 = DIRECTION('',(-0.707106781187,-0.707106781187,0.));
#4747 = DIRECTION('',(0.707106781187,-0.707106781187,0.));
#4748 = ORIENTED_EDGE('',*,*,#4749,.T.);
#4749 = EDGE_CURVE('',#4741,#4691,#4750,.T.);
#4750 = LINE('',#4751,#4752);
#4751 = CARTESIAN_POINT('',(57.4125,2.595,5.31));
#4752 = VECTOR('',#4753,1.);
#4753 = DIRECTION('',(1.,0.,0.));
#4754 = ORIENTED_EDGE('',*,*,#4690,.F.);
#4755 = ORIENTED_EDGE('',*,*,#2627,.F.);
#4756 = CYLINDRICAL_SURFACE('',#4757,1.2);
#4757 = AXIS2_PLACEMENT_3D('',#4758,#4759,#4760);
#4758 = CARTESIAN_POINT('',(57.4125,1.395,5.31));
#4759 = DIRECTION('',(1.,0.,0.));
#4760 = DIRECTION('',(0.,-0.,1.));
#4761 = ADVANCED_FACE('',(#4762),#4781,.T.);
#4762 = FACE_BOUND('',#4763,.F.);
#4763 = EDGE_LOOP('',(#4764,#4765,#4773,#4780));
#4764 = ORIENTED_EDGE('',*,*,#4724,.T.);
#4765 = ORIENTED_EDGE('',*,*,#4766,.T.);
#4766 = EDGE_CURVE('',#4717,#4767,#4769,.T.);
#4767 = VERTEX_POINT('',#4768);
#4768 = CARTESIAN_POINT('',(102.34021826854,-115.8992775472,5.31));
#4769 = LINE('',#4770,#4771);
#4770 = CARTESIAN_POINT('',(120.74110536865,-120.8297767702,5.31));
#4771 = VECTOR('',#4772,1.);
#4772 = DIRECTION('',(-0.965925873737,0.258818868025,0.));
#4773 = ORIENTED_EDGE('',*,*,#4774,.F.);
#4774 = EDGE_CURVE('',#2468,#4767,#4775,.T.);
#4775 = ELLIPSE('',#4776,1.697056231646,1.2);
#4776 = AXIS2_PLACEMENT_3D('',#4777,#4778,#4779);
#4777 = CARTESIAN_POINT('',(103.80991189964,-115.0507491245,5.31));
#4778 = DIRECTION('',(0.50000018081,-0.866025299394,-0.));
#4779 = DIRECTION('',(-0.866025299394,-0.50000018081,0.));
#4780 = ORIENTED_EDGE('',*,*,#2467,.F.);
#4781 = CYLINDRICAL_SURFACE('',#4782,1.2);
#4782 = AXIS2_PLACEMENT_3D('',#4783,#4784,#4785);
#4783 = CARTESIAN_POINT('',(121.05168801028,-119.6706657217,5.31));
#4784 = DIRECTION('',(-0.965925873737,0.258818868025,0.));
#4785 = DIRECTION('',(0.,-0.,1.));
#4786 = ADVANCED_FACE('',(#4787),#4806,.T.);
#4787 = FACE_BOUND('',#4788,.F.);
#4788 = EDGE_LOOP('',(#4789,#4798,#4804,#4805));
#4789 = ORIENTED_EDGE('',*,*,#4790,.T.);
#4790 = EDGE_CURVE('',#2612,#4791,#4793,.T.);
#4791 = VERTEX_POINT('',#4792);
#4792 = CARTESIAN_POINT('',(57.4125,1.19,5.31));
#4793 = ELLIPSE('',#4794,1.697056274848,1.2);
#4794 = AXIS2_PLACEMENT_3D('',#4795,#4796,#4797);
#4795 = CARTESIAN_POINT('',(58.6125,-1.E-02,5.31));
#4796 = DIRECTION('',(-0.707106781187,-0.707106781187,-0.));
#4797 = DIRECTION('',(-0.707106781187,0.707106781187,0.));
#4798 = ORIENTED_EDGE('',*,*,#4799,.T.);
#4799 = EDGE_CURVE('',#4791,#4741,#4800,.T.);
#4800 = LINE('',#4801,#4802);
#4801 = CARTESIAN_POINT('',(57.4125,1.19,5.31));
#4802 = VECTOR('',#4803,1.);
#4803 = DIRECTION('',(0.,1.,0.));
#4804 = ORIENTED_EDGE('',*,*,#4740,.F.);
#4805 = ORIENTED_EDGE('',*,*,#2619,.F.);
#4806 = CYLINDRICAL_SURFACE('',#4807,1.2);
#4807 = AXIS2_PLACEMENT_3D('',#4808,#4809,#4810);
#4808 = CARTESIAN_POINT('',(58.6125,1.19,5.31));
#4809 = DIRECTION('',(0.,1.,0.));
#4810 = DIRECTION('',(0.,-0.,1.));
#4811 = ADVANCED_FACE('',(#4812),#4831,.T.);
#4812 = FACE_BOUND('',#4813,.F.);
#4813 = EDGE_LOOP('',(#4814,#4815,#4823,#4830));
#4814 = ORIENTED_EDGE('',*,*,#4774,.T.);
#4815 = ORIENTED_EDGE('',*,*,#4816,.T.);
#4816 = EDGE_CURVE('',#4767,#4817,#4819,.T.);
#4817 = VERTEX_POINT('',#4818);
#4818 = CARTESIAN_POINT('',(106.15695735798,-101.655,5.31));
#4819 = LINE('',#4820,#4821);
#4820 = CARTESIAN_POINT('',(102.34021826854,-115.8992775472,5.31));
#4821 = VECTOR('',#4822,1.);
#4822 = DIRECTION('',(0.258818818846,0.965925886914,0.));
#4823 = ORIENTED_EDGE('',*,*,#4824,.F.);
#4824 = EDGE_CURVE('',#2476,#4817,#4825,.T.);
#4825 = ELLIPSE('',#4826,1.971215257174,1.2);
#4826 = AXIS2_PLACEMENT_3D('',#4827,#4828,#4829);
#4827 = CARTESIAN_POINT('',(107.72082742615,-100.455,5.31));
#4828 = DIRECTION('',(0.608761521925,-0.793353268994,-0.));
#4829 = DIRECTION('',(0.793353268994,0.608761521925,0.));
#4830 = ORIENTED_EDGE('',*,*,#2475,.F.);
#4831 = CYLINDRICAL_SURFACE('',#4832,1.2);
#4832 = AXIS2_PLACEMENT_3D('',#4833,#4834,#4835);
#4833 = CARTESIAN_POINT('',(103.49932933283,-116.2098601298,5.31));
#4834 = DIRECTION('',(0.258818818846,0.965925886914,0.));
#4835 = DIRECTION('',(0.,-0.,1.));
#4836 = ADVANCED_FACE('',(#4837),#4856,.T.);
#4837 = FACE_BOUND('',#4838,.F.);
#4838 = EDGE_LOOP('',(#4839,#4848,#4854,#4855));
#4839 = ORIENTED_EDGE('',*,*,#4840,.T.);
#4840 = EDGE_CURVE('',#2604,#4841,#4843,.T.);
#4841 = VERTEX_POINT('',#4842);
#4842 = CARTESIAN_POINT('',(56.7875,1.19,5.31));
#4843 = ELLIPSE('',#4844,1.697056274848,1.2);
#4844 = AXIS2_PLACEMENT_3D('',#4845,#4846,#4847);
#4845 = CARTESIAN_POINT('',(57.9875,-1.E-02,5.31));
#4846 = DIRECTION('',(-0.707106781187,-0.707106781187,0.));
#4847 = DIRECTION('',(0.707106781187,-0.707106781187,0.));
#4848 = ORIENTED_EDGE('',*,*,#4849,.T.);
#4849 = EDGE_CURVE('',#4841,#4791,#4850,.T.);
#4850 = LINE('',#4851,#4852);
#4851 = CARTESIAN_POINT('',(56.7875,1.19,5.31));
#4852 = VECTOR('',#4853,1.);
#4853 = DIRECTION('',(1.,0.,0.));
#4854 = ORIENTED_EDGE('',*,*,#4790,.F.);
#4855 = ORIENTED_EDGE('',*,*,#2611,.F.);
#4856 = CYLINDRICAL_SURFACE('',#4857,1.2);
#4857 = AXIS2_PLACEMENT_3D('',#4858,#4859,#4860);
#4858 = CARTESIAN_POINT('',(56.7875,-1.E-02,5.31));
#4859 = DIRECTION('',(1.,0.,0.));
#4860 = DIRECTION('',(0.,-0.,1.));
#4861 = ADVANCED_FACE('',(#4862),#4881,.T.);
#4862 = FACE_BOUND('',#4863,.F.);
#4863 = EDGE_LOOP('',(#4864,#4865,#4873,#4880));
#4864 = ORIENTED_EDGE('',*,*,#4824,.T.);
#4865 = ORIENTED_EDGE('',*,*,#4866,.T.);
#4866 = EDGE_CURVE('',#4817,#4867,#4869,.T.);
#4867 = VERTEX_POINT('',#4868);
#4868 = CARTESIAN_POINT('',(90.225,-101.655,5.31));
#4869 = LINE('',#4870,#4871);
#4870 = CARTESIAN_POINT('',(106.15695735798,-101.655,5.31));
#4871 = VECTOR('',#4872,1.);
#4872 = DIRECTION('',(-1.,0.,0.));
#4873 = ORIENTED_EDGE('',*,*,#4874,.F.);
#4874 = EDGE_CURVE('',#2484,#4867,#4875,.T.);
#4875 = ELLIPSE('',#4876,1.697056274848,1.2);
#4876 = AXIS2_PLACEMENT_3D('',#4877,#4878,#4879);
#4877 = CARTESIAN_POINT('',(89.025,-100.455,5.31));
#4878 = DIRECTION('',(0.707106781187,0.707106781187,-0.));
#4879 = DIRECTION('',(-0.707106781187,0.707106781187,0.));
#4880 = ORIENTED_EDGE('',*,*,#2483,.F.);
#4881 = CYLINDRICAL_SURFACE('',#4882,1.2);
#4882 = AXIS2_PLACEMENT_3D('',#4883,#4884,#4885);
#4883 = CARTESIAN_POINT('',(106.15695735798,-100.455,5.31));
#4884 = DIRECTION('',(-1.,0.,0.));
#4885 = DIRECTION('',(0.,-0.,1.));
#4886 = ADVANCED_FACE('',(#4887),#4906,.T.);
#4887 = FACE_BOUND('',#4888,.F.);
#4888 = EDGE_LOOP('',(#4889,#4898,#4904,#4905));
#4889 = ORIENTED_EDGE('',*,*,#4890,.T.);
#4890 = EDGE_CURVE('',#2596,#4891,#4893,.T.);
#4891 = VERTEX_POINT('',#4892);
#4892 = CARTESIAN_POINT('',(56.7875,0.69,5.31));
#4893 = ELLIPSE('',#4894,1.697056274848,1.2);
#4894 = AXIS2_PLACEMENT_3D('',#4895,#4896,#4897);
#4895 = CARTESIAN_POINT('',(57.9875,-0.51,5.31));
#4896 = DIRECTION('',(-0.707106781187,-0.707106781187,-0.));
#4897 = DIRECTION('',(-0.707106781187,0.707106781187,0.));
#4898 = ORIENTED_EDGE('',*,*,#4899,.T.);
#4899 = EDGE_CURVE('',#4891,#4841,#4900,.T.);
#4900 = LINE('',#4901,#4902);
#4901 = CARTESIAN_POINT('',(56.7875,0.69,5.31));
#4902 = VECTOR('',#4903,1.);
#4903 = DIRECTION('',(0.,1.,0.));
#4904 = ORIENTED_EDGE('',*,*,#4840,.F.);
#4905 = ORIENTED_EDGE('',*,*,#2603,.F.);
#4906 = CYLINDRICAL_SURFACE('',#4907,1.2);
#4907 = AXIS2_PLACEMENT_3D('',#4908,#4909,#4910);
#4908 = CARTESIAN_POINT('',(57.9875,0.69,5.31));
#4909 = DIRECTION('',(0.,1.,0.));
#4910 = DIRECTION('',(0.,-0.,1.));
#4911 = ADVANCED_FACE('',(#4912),#4931,.T.);
#4912 = FACE_BOUND('',#4913,.F.);
#4913 = EDGE_LOOP('',(#4914,#4915,#4923,#4930));
#4914 = ORIENTED_EDGE('',*,*,#4874,.T.);
#4915 = ORIENTED_EDGE('',*,*,#4916,.T.);
#4916 = EDGE_CURVE('',#4867,#4917,#4919,.T.);
#4917 = VERTEX_POINT('',#4918);
#4918 = CARTESIAN_POINT('',(90.225,-103.56,5.31));
#4919 = LINE('',#4920,#4921);
#4920 = CARTESIAN_POINT('',(90.225,-101.655,5.31));
#4921 = VECTOR('',#4922,1.);
#4922 = DIRECTION('',(0.,-1.,0.));
#4923 = ORIENTED_EDGE('',*,*,#4924,.F.);
#4924 = EDGE_CURVE('',#2492,#4917,#4925,.T.);
#4925 = ELLIPSE('',#4926,1.697056274848,1.2);
#4926 = AXIS2_PLACEMENT_3D('',#4927,#4928,#4929);
#4927 = CARTESIAN_POINT('',(89.025,-102.36,5.31));
#4928 = DIRECTION('',(0.707106781187,0.707106781187,0.));
#4929 = DIRECTION('',(0.707106781187,-0.707106781187,0.));
#4930 = ORIENTED_EDGE('',*,*,#2491,.F.);
#4931 = CYLINDRICAL_SURFACE('',#4932,1.2);
#4932 = AXIS2_PLACEMENT_3D('',#4933,#4934,#4935);
#4933 = CARTESIAN_POINT('',(89.025,-101.655,5.31));
#4934 = DIRECTION('',(0.,-1.,0.));
#4935 = DIRECTION('',(-0.,0.,1.));
#4936 = ADVANCED_FACE('',(#4937),#4956,.T.);
#4937 = FACE_BOUND('',#4938,.F.);
#4938 = EDGE_LOOP('',(#4939,#4948,#4954,#4955));
#4939 = ORIENTED_EDGE('',*,*,#4940,.T.);
#4940 = EDGE_CURVE('',#2588,#4941,#4943,.T.);
#4941 = VERTEX_POINT('',#4942);
#4942 = CARTESIAN_POINT('',(38.3625,0.69,5.31));
#4943 = ELLIPSE('',#4944,1.697056274848,1.2);
#4944 = AXIS2_PLACEMENT_3D('',#4945,#4946,#4947);
#4945 = CARTESIAN_POINT('',(39.5625,-0.51,5.31));
#4946 = DIRECTION('',(-0.707106781187,-0.707106781187,0.));
#4947 = DIRECTION('',(0.707106781187,-0.707106781187,0.));
#4948 = ORIENTED_EDGE('',*,*,#4949,.T.);
#4949 = EDGE_CURVE('',#4941,#4891,#4950,.T.);
#4950 = LINE('',#4951,#4952);
#4951 = CARTESIAN_POINT('',(38.3625,0.69,5.31));
#4952 = VECTOR('',#4953,1.);
#4953 = DIRECTION('',(1.,0.,0.));
#4954 = ORIENTED_EDGE('',*,*,#4890,.F.);
#4955 = ORIENTED_EDGE('',*,*,#2595,.F.);
#4956 = CYLINDRICAL_SURFACE('',#4957,1.2);
#4957 = AXIS2_PLACEMENT_3D('',#4958,#4959,#4960);
#4958 = CARTESIAN_POINT('',(38.3625,-0.51,5.31));
#4959 = DIRECTION('',(1.,0.,0.));
#4960 = DIRECTION('',(0.,-0.,1.));
#4961 = ADVANCED_FACE('',(#4962),#4981,.T.);
#4962 = FACE_BOUND('',#4963,.F.);
#4963 = EDGE_LOOP('',(#4964,#4965,#4973,#4980));
#4964 = ORIENTED_EDGE('',*,*,#4924,.T.);
#4965 = ORIENTED_EDGE('',*,*,#4966,.T.);
#4966 = EDGE_CURVE('',#4917,#4967,#4969,.T.);
#4967 = VERTEX_POINT('',#4968);
#4968 = CARTESIAN_POINT('',(61.65,-103.56,5.31));
#4969 = LINE('',#4970,#4971);
#4970 = CARTESIAN_POINT('',(90.225,-103.56,5.31));
#4971 = VECTOR('',#4972,1.);
#4972 = DIRECTION('',(-1.,0.,0.));
#4973 = ORIENTED_EDGE('',*,*,#4974,.F.);
#4974 = EDGE_CURVE('',#2500,#4967,#4975,.T.);
#4975 = ELLIPSE('',#4976,1.697056274848,1.2);
#4976 = AXIS2_PLACEMENT_3D('',#4977,#4978,#4979);
#4977 = CARTESIAN_POINT('',(60.45,-102.36,5.31));
#4978 = DIRECTION('',(0.707106781187,0.707106781187,-0.));
#4979 = DIRECTION('',(-0.707106781187,0.707106781187,0.));
#4980 = ORIENTED_EDGE('',*,*,#2499,.F.);
#4981 = CYLINDRICAL_SURFACE('',#4982,1.2);
#4982 = AXIS2_PLACEMENT_3D('',#4983,#4984,#4985);
#4983 = CARTESIAN_POINT('',(90.225,-102.36,5.31));
#4984 = DIRECTION('',(-1.,0.,0.));
#4985 = DIRECTION('',(0.,-0.,1.));
#4986 = ADVANCED_FACE('',(#4987),#5006,.T.);
#4987 = FACE_BOUND('',#4988,.F.);
#4988 = EDGE_LOOP('',(#4989,#4998,#5004,#5005));
#4989 = ORIENTED_EDGE('',*,*,#4990,.T.);
#4990 = EDGE_CURVE('',#2580,#4991,#4993,.T.);
#4991 = VERTEX_POINT('',#4992);
#4992 = CARTESIAN_POINT('',(38.3625,-0.2625,5.31));
#4993 = ELLIPSE('',#4994,1.697056274848,1.2);
#4994 = AXIS2_PLACEMENT_3D('',#4995,#4996,#4997);
#4995 = CARTESIAN_POINT('',(39.5625,-1.4625,5.31));
#4996 = DIRECTION('',(-0.707106781187,-0.707106781187,-0.));
#4997 = DIRECTION('',(-0.707106781187,0.707106781187,0.));
#4998 = ORIENTED_EDGE('',*,*,#4999,.T.);
#4999 = EDGE_CURVE('',#4991,#4941,#5000,.T.);
#5000 = LINE('',#5001,#5002);
#5001 = CARTESIAN_POINT('',(38.3625,-0.2625,5.31));
#5002 = VECTOR('',#5003,1.);
#5003 = DIRECTION('',(0.,1.,0.));
#5004 = ORIENTED_EDGE('',*,*,#4940,.F.);
#5005 = ORIENTED_EDGE('',*,*,#2587,.F.);
#5006 = CYLINDRICAL_SURFACE('',#5007,1.2);
#5007 = AXIS2_PLACEMENT_3D('',#5008,#5009,#5010);
#5008 = CARTESIAN_POINT('',(39.5625,-0.2625,5.31));
#5009 = DIRECTION('',(0.,1.,0.));
#5010 = DIRECTION('',(0.,-0.,1.));
#5011 = ADVANCED_FACE('',(#5012),#5031,.T.);
#5012 = FACE_BOUND('',#5013,.F.);
#5013 = EDGE_LOOP('',(#5014,#5015,#5023,#5030));
#5014 = ORIENTED_EDGE('',*,*,#4974,.T.);
#5015 = ORIENTED_EDGE('',*,*,#5016,.T.);
#5016 = EDGE_CURVE('',#4967,#5017,#5019,.T.);
#5017 = VERTEX_POINT('',#5018);
#5018 = CARTESIAN_POINT('',(61.65,-104.5125,5.31));
#5019 = LINE('',#5020,#5021);
#5020 = CARTESIAN_POINT('',(61.65,-103.56,5.31));
#5021 = VECTOR('',#5022,1.);
#5022 = DIRECTION('',(0.,-1.,0.));
#5023 = ORIENTED_EDGE('',*,*,#5024,.F.);
#5024 = EDGE_CURVE('',#2508,#5017,#5025,.T.);
#5025 = ELLIPSE('',#5026,1.697056274848,1.2);
#5026 = AXIS2_PLACEMENT_3D('',#5027,#5028,#5029);
#5027 = CARTESIAN_POINT('',(60.45,-103.3125,5.31));
#5028 = DIRECTION('',(0.707106781187,0.707106781187,0.));
#5029 = DIRECTION('',(0.707106781187,-0.707106781187,0.));
#5030 = ORIENTED_EDGE('',*,*,#2507,.F.);
#5031 = CYLINDRICAL_SURFACE('',#5032,1.2);
#5032 = AXIS2_PLACEMENT_3D('',#5033,#5034,#5035);
#5033 = CARTESIAN_POINT('',(60.45,-103.56,5.31));
#5034 = DIRECTION('',(0.,-1.,0.));
#5035 = DIRECTION('',(-0.,0.,1.));
#5036 = ADVANCED_FACE('',(#5037),#5056,.T.);
#5037 = FACE_BOUND('',#5038,.F.);
#5038 = EDGE_LOOP('',(#5039,#5048,#5054,#5055));
#5039 = ORIENTED_EDGE('',*,*,#5040,.T.);
#5040 = EDGE_CURVE('',#2572,#5041,#5043,.T.);
#5041 = VERTEX_POINT('',#5042);
#5042 = CARTESIAN_POINT('',(19.3125,-0.2625,5.31));
#5043 = ELLIPSE('',#5044,1.697056274848,1.2);
#5044 = AXIS2_PLACEMENT_3D('',#5045,#5046,#5047);
#5045 = CARTESIAN_POINT('',(20.5125,-1.4625,5.31));
#5046 = DIRECTION('',(-0.707106781187,-0.707106781187,0.));
#5047 = DIRECTION('',(0.707106781187,-0.707106781187,0.));
#5048 = ORIENTED_EDGE('',*,*,#5049,.T.);
#5049 = EDGE_CURVE('',#5041,#4991,#5050,.T.);
#5050 = LINE('',#5051,#5052);
#5051 = CARTESIAN_POINT('',(19.3125,-0.2625,5.31));
#5052 = VECTOR('',#5053,1.);
#5053 = DIRECTION('',(1.,0.,0.));
#5054 = ORIENTED_EDGE('',*,*,#4990,.F.);
#5055 = ORIENTED_EDGE('',*,*,#2579,.F.);
#5056 = CYLINDRICAL_SURFACE('',#5057,1.2);
#5057 = AXIS2_PLACEMENT_3D('',#5058,#5059,#5060);
#5058 = CARTESIAN_POINT('',(19.3125,-1.4625,5.31));
#5059 = DIRECTION('',(1.,0.,0.));
#5060 = DIRECTION('',(0.,-0.,1.));
#5061 = ADVANCED_FACE('',(#5062),#5081,.T.);
#5062 = FACE_BOUND('',#5063,.F.);
#5063 = EDGE_LOOP('',(#5064,#5065,#5073,#5080));
#5064 = ORIENTED_EDGE('',*,*,#5024,.T.);
#5065 = ORIENTED_EDGE('',*,*,#5066,.T.);
#5066 = EDGE_CURVE('',#5017,#5067,#5069,.T.);
#5067 = VERTEX_POINT('',#5068);
#5068 = CARTESIAN_POINT('',(19.3125,-104.5125,5.31));
#5069 = LINE('',#5070,#5071);
#5070 = CARTESIAN_POINT('',(61.65,-104.5125,5.31));
#5071 = VECTOR('',#5072,1.);
#5072 = DIRECTION('',(-1.,0.,0.));
#5073 = ORIENTED_EDGE('',*,*,#5074,.F.);
#5074 = EDGE_CURVE('',#2516,#5067,#5075,.T.);
#5075 = ELLIPSE('',#5076,1.697056274848,1.2);
#5076 = AXIS2_PLACEMENT_3D('',#5077,#5078,#5079);
#5077 = CARTESIAN_POINT('',(20.5125,-103.3125,5.31));
#5078 = DIRECTION('',(0.707106781187,-0.707106781187,-0.));
#5079 = DIRECTION('',(-0.707106781187,-0.707106781187,0.));
#5080 = ORIENTED_EDGE('',*,*,#2515,.F.);
#5081 = CYLINDRICAL_SURFACE('',#5082,1.2);
#5082 = AXIS2_PLACEMENT_3D('',#5083,#5084,#5085);
#5083 = CARTESIAN_POINT('',(61.65,-103.3125,5.31));
#5084 = DIRECTION('',(-1.,0.,0.));
#5085 = DIRECTION('',(0.,-0.,1.));
#5086 = ADVANCED_FACE('',(#5087),#5106,.T.);
#5087 = FACE_BOUND('',#5088,.F.);
#5088 = EDGE_LOOP('',(#5089,#5098,#5104,#5105));
#5089 = ORIENTED_EDGE('',*,*,#5090,.T.);
#5090 = EDGE_CURVE('',#2564,#5091,#5093,.T.);
#5091 = VERTEX_POINT('',#5092);
#5092 = CARTESIAN_POINT('',(19.3125,-1.6675,5.31));
#5093 = ELLIPSE('',#5094,1.697056274848,1.2);
#5094 = AXIS2_PLACEMENT_3D('',#5095,#5096,#5097);
#5095 = CARTESIAN_POINT('',(20.5125,-2.8675,5.31));
#5096 = DIRECTION('',(-0.707106781187,-0.707106781187,-0.));
#5097 = DIRECTION('',(-0.707106781187,0.707106781187,0.));
#5098 = ORIENTED_EDGE('',*,*,#5099,.T.);
#5099 = EDGE_CURVE('',#5091,#5041,#5100,.T.);
#5100 = LINE('',#5101,#5102);
#5101 = CARTESIAN_POINT('',(19.3125,-1.6675,5.31));
#5102 = VECTOR('',#5103,1.);
#5103 = DIRECTION('',(0.,1.,0.));
#5104 = ORIENTED_EDGE('',*,*,#5040,.F.);
#5105 = ORIENTED_EDGE('',*,*,#2571,.F.);
#5106 = CYLINDRICAL_SURFACE('',#5107,1.2);
#5107 = AXIS2_PLACEMENT_3D('',#5108,#5109,#5110);
#5108 = CARTESIAN_POINT('',(20.5125,-1.6675,5.31));
#5109 = DIRECTION('',(0.,1.,0.));
#5110 = DIRECTION('',(0.,-0.,1.));
#5111 = ADVANCED_FACE('',(#5112),#5131,.T.);
#5112 = FACE_BOUND('',#5113,.F.);
#5113 = EDGE_LOOP('',(#5114,#5115,#5123,#5130));
#5114 = ORIENTED_EDGE('',*,*,#5074,.T.);
#5115 = ORIENTED_EDGE('',*,*,#5116,.T.);
#5116 = EDGE_CURVE('',#5067,#5117,#5119,.T.);
#5117 = VERTEX_POINT('',#5118);
#5118 = CARTESIAN_POINT('',(19.3125,-85.4625,5.31));
#5119 = LINE('',#5120,#5121);
#5120 = CARTESIAN_POINT('',(19.3125,-104.5125,5.31));
#5121 = VECTOR('',#5122,1.);
#5122 = DIRECTION('',(0.,1.,0.));
#5123 = ORIENTED_EDGE('',*,*,#5124,.F.);
#5124 = EDGE_CURVE('',#2524,#5117,#5125,.T.);
#5125 = ELLIPSE('',#5126,1.697056274848,1.2);
#5126 = AXIS2_PLACEMENT_3D('',#5127,#5128,#5129);
#5127 = CARTESIAN_POINT('',(20.5125,-84.2625,5.31));
#5128 = DIRECTION('',(0.707106781187,-0.707106781187,-0.));
#5129 = DIRECTION('',(0.707106781187,0.707106781187,0.));
#5130 = ORIENTED_EDGE('',*,*,#2523,.F.);
#5131 = CYLINDRICAL_SURFACE('',#5132,1.2);
#5132 = AXIS2_PLACEMENT_3D('',#5133,#5134,#5135);
#5133 = CARTESIAN_POINT('',(20.5125,-104.5125,5.31));
#5134 = DIRECTION('',(0.,1.,0.));
#5135 = DIRECTION('',(0.,-0.,1.));
#5136 = ADVANCED_FACE('',(#5137),#5156,.T.);
#5137 = FACE_BOUND('',#5138,.F.);
#5138 = EDGE_LOOP('',(#5139,#5148,#5154,#5155));
#5139 = ORIENTED_EDGE('',*,*,#5140,.T.);
#5140 = EDGE_CURVE('',#2556,#5141,#5143,.T.);
#5141 = VERTEX_POINT('',#5142);
#5142 = CARTESIAN_POINT('',(18.6875,-1.6675,5.31));
#5143 = ELLIPSE('',#5144,1.697056274848,1.2);
#5144 = AXIS2_PLACEMENT_3D('',#5145,#5146,#5147);
#5145 = CARTESIAN_POINT('',(19.8875,-2.8675,5.31));
#5146 = DIRECTION('',(-0.707106781187,-0.707106781187,0.));
#5147 = DIRECTION('',(0.707106781187,-0.707106781187,0.));
#5148 = ORIENTED_EDGE('',*,*,#5149,.T.);
#5149 = EDGE_CURVE('',#5141,#5091,#5150,.T.);
#5150 = LINE('',#5151,#5152);
#5151 = CARTESIAN_POINT('',(18.6875,-1.6675,5.31));
#5152 = VECTOR('',#5153,1.);
#5153 = DIRECTION('',(1.,0.,0.));
#5154 = ORIENTED_EDGE('',*,*,#5090,.F.);
#5155 = ORIENTED_EDGE('',*,*,#2563,.F.);
#5156 = CYLINDRICAL_SURFACE('',#5157,1.2);
#5157 = AXIS2_PLACEMENT_3D('',#5158,#5159,#5160);
#5158 = CARTESIAN_POINT('',(18.6875,-2.8675,5.31));
#5159 = DIRECTION('',(1.,0.,0.));
#5160 = DIRECTION('',(0.,-0.,1.));
#5161 = ADVANCED_FACE('',(#5162),#5181,.T.);
#5162 = FACE_BOUND('',#5163,.F.);
#5163 = EDGE_LOOP('',(#5164,#5165,#5173,#5180));
#5164 = ORIENTED_EDGE('',*,*,#5124,.T.);
#5165 = ORIENTED_EDGE('',*,*,#5166,.T.);
#5166 = EDGE_CURVE('',#5117,#5167,#5169,.T.);
#5167 = VERTEX_POINT('',#5168);
#5168 = CARTESIAN_POINT('',(14.55,-85.4625,5.31));
#5169 = LINE('',#5170,#5171);
#5170 = CARTESIAN_POINT('',(19.3125,-85.4625,5.31));
#5171 = VECTOR('',#5172,1.);
#5172 = DIRECTION('',(-1.,0.,0.));
#5173 = ORIENTED_EDGE('',*,*,#5174,.F.);
#5174 = EDGE_CURVE('',#2532,#5167,#5175,.T.);
#5175 = ELLIPSE('',#5176,1.697056274848,1.2);
#5176 = AXIS2_PLACEMENT_3D('',#5177,#5178,#5179);
#5177 = CARTESIAN_POINT('',(15.75,-84.2625,5.31));
#5178 = DIRECTION('',(0.707106781187,-0.707106781187,-0.));
#5179 = DIRECTION('',(-0.707106781187,-0.707106781187,0.));
#5180 = ORIENTED_EDGE('',*,*,#2531,.F.);
#5181 = CYLINDRICAL_SURFACE('',#5182,1.2);
#5182 = AXIS2_PLACEMENT_3D('',#5183,#5184,#5185);
#5183 = CARTESIAN_POINT('',(19.3125,-84.2625,5.31));
#5184 = DIRECTION('',(-1.,0.,0.));
#5185 = DIRECTION('',(0.,-0.,1.));
#5186 = ADVANCED_FACE('',(#5187),#5206,.T.);
#5187 = FACE_BOUND('',#5188,.F.);
#5188 = EDGE_LOOP('',(#5189,#5198,#5204,#5205));
#5189 = ORIENTED_EDGE('',*,*,#5190,.T.);
#5190 = EDGE_CURVE('',#2548,#5191,#5193,.T.);
#5191 = VERTEX_POINT('',#5192);
#5192 = CARTESIAN_POINT('',(18.6875,-19.3125,5.31));
#5193 = ELLIPSE('',#5194,1.697056274848,1.2);
#5194 = AXIS2_PLACEMENT_3D('',#5195,#5196,#5197);
#5195 = CARTESIAN_POINT('',(19.8875,-20.5125,5.31));
#5196 = DIRECTION('',(-0.707106781187,-0.707106781187,-0.));
#5197 = DIRECTION('',(-0.707106781187,0.707106781187,0.));
#5198 = ORIENTED_EDGE('',*,*,#5199,.T.);
#5199 = EDGE_CURVE('',#5191,#5141,#5200,.T.);
#5200 = LINE('',#5201,#5202);
#5201 = CARTESIAN_POINT('',(18.6875,-19.3125,5.31));
#5202 = VECTOR('',#5203,1.);
#5203 = DIRECTION('',(0.,1.,0.));
#5204 = ORIENTED_EDGE('',*,*,#5140,.F.);
#5205 = ORIENTED_EDGE('',*,*,#2555,.F.);
#5206 = CYLINDRICAL_SURFACE('',#5207,1.2);
#5207 = AXIS2_PLACEMENT_3D('',#5208,#5209,#5210);
#5208 = CARTESIAN_POINT('',(19.8875,-19.3125,5.31));
#5209 = DIRECTION('',(0.,1.,0.));
#5210 = DIRECTION('',(0.,-0.,1.));
#5211 = ADVANCED_FACE('',(#5212),#5231,.T.);
#5212 = FACE_BOUND('',#5213,.F.);
#5213 = EDGE_LOOP('',(#5214,#5215,#5223,#5230));
#5214 = ORIENTED_EDGE('',*,*,#5174,.T.);
#5215 = ORIENTED_EDGE('',*,*,#5216,.T.);
#5216 = EDGE_CURVE('',#5167,#5217,#5219,.T.);
#5217 = VERTEX_POINT('',#5218);
#5218 = CARTESIAN_POINT('',(14.55,-19.3125,5.31));
#5219 = LINE('',#5220,#5221);
#5220 = CARTESIAN_POINT('',(14.55,-85.4625,5.31));
#5221 = VECTOR('',#5222,1.);
#5222 = DIRECTION('',(0.,1.,0.));
#5223 = ORIENTED_EDGE('',*,*,#5224,.F.);
#5224 = EDGE_CURVE('',#2540,#5217,#5225,.T.);
#5225 = ELLIPSE('',#5226,1.697056274848,1.2);
#5226 = AXIS2_PLACEMENT_3D('',#5227,#5228,#5229);
#5227 = CARTESIAN_POINT('',(15.75,-20.5125,5.31));
#5228 = DIRECTION('',(-0.707106781187,-0.707106781187,-0.));
#5229 = DIRECTION('',(-0.707106781187,0.707106781187,0.));
#5230 = ORIENTED_EDGE('',*,*,#2539,.F.);
#5231 = CYLINDRICAL_SURFACE('',#5232,1.2);
#5232 = AXIS2_PLACEMENT_3D('',#5233,#5234,#5235);
#5233 = CARTESIAN_POINT('',(15.75,-85.4625,5.31));
#5234 = DIRECTION('',(0.,1.,0.));
#5235 = DIRECTION('',(0.,-0.,1.));
#5236 = ADVANCED_FACE('',(#5237),#5248,.T.);
#5237 = FACE_BOUND('',#5238,.F.);
#5238 = EDGE_LOOP('',(#5239,#5240,#5246,#5247));
#5239 = ORIENTED_EDGE('',*,*,#5224,.T.);
#5240 = ORIENTED_EDGE('',*,*,#5241,.T.);
#5241 = EDGE_CURVE('',#5217,#5191,#5242,.T.);
#5242 = LINE('',#5243,#5244);
#5243 = CARTESIAN_POINT('',(14.55,-19.3125,5.31));
#5244 = VECTOR('',#5245,1.);
#5245 = DIRECTION('',(1.,0.,0.));
#5246 = ORIENTED_EDGE('',*,*,#5190,.F.);
#5247 = ORIENTED_EDGE('',*,*,#2547,.F.);
#5248 = CYLINDRICAL_SURFACE('',#5249,1.2);
#5249 = AXIS2_PLACEMENT_3D('',#5250,#5251,#5252);
#5250 = CARTESIAN_POINT('',(14.55,-20.5125,5.31));
#5251 = DIRECTION('',(1.,0.,0.));
#5252 = DIRECTION('',(0.,-0.,1.));
#5253 = ADVANCED_FACE('',(#5254),#5272,.F.);
#5254 = FACE_BOUND('',#5255,.F.);
#5255 = EDGE_LOOP('',(#5256,#5257,#5258,#5266));
#5256 = ORIENTED_EDGE('',*,*,#3156,.T.);
#5257 = ORIENTED_EDGE('',*,*,#2709,.T.);
#5258 = ORIENTED_EDGE('',*,*,#5259,.F.);
#5259 = EDGE_CURVE('',#5260,#2712,#5262,.T.);
#5260 = VERTEX_POINT('',#5261);
#5261 = CARTESIAN_POINT('',(159.4503269956,-24.6575,-2.));
#5262 = LINE('',#5263,#5264);
#5263 = CARTESIAN_POINT('',(159.4503269956,-24.6575,-2.));
#5264 = VECTOR('',#5265,1.);
#5265 = DIRECTION('',(0.,0.,1.));
#5266 = ORIENTED_EDGE('',*,*,#5267,.F.);
#5267 = EDGE_CURVE('',#3157,#5260,#5268,.T.);
#5268 = LINE('',#5269,#5270);
#5269 = CARTESIAN_POINT('',(159.8835,-24.6575,-2.));
#5270 = VECTOR('',#5271,1.);
#5271 = DIRECTION('',(-1.,0.,0.));
#5272 = PLANE('',#5273);
#5273 = AXIS2_PLACEMENT_3D('',#5274,#5275,#5276);
#5274 = CARTESIAN_POINT('',(160.3835,-24.6575,-2.));
#5275 = DIRECTION('',(0.,-1.,0.));
#5276 = DIRECTION('',(-1.,0.,0.));
#5277 = ADVANCED_FACE('',(#5278),#5289,.F.);
#5278 = FACE_BOUND('',#5279,.F.);
#5279 = EDGE_LOOP('',(#5280,#5281,#5282,#5283));
#5280 = ORIENTED_EDGE('',*,*,#5259,.T.);
#5281 = ORIENTED_EDGE('',*,*,#3079,.T.);
#5282 = ORIENTED_EDGE('',*,*,#3110,.F.);
#5283 = ORIENTED_EDGE('',*,*,#5284,.F.);
#5284 = EDGE_CURVE('',#5260,#3111,#5285,.T.);
#5285 = LINE('',#5286,#5287);
#5286 = CARTESIAN_POINT('',(159.45515621864,-24.16237655492,-2.));
#5287 = VECTOR('',#5288,1.);
#5288 = DIRECTION('',(-9.753109849062E-03,-0.999952437293,0.));
#5289 = PLANE('',#5290);
#5290 = AXIS2_PLACEMENT_3D('',#5291,#5292,#5293);
#5291 = CARTESIAN_POINT('',(159.4503269956,-24.6575,-2.));
#5292 = DIRECTION('',(0.999952437293,-9.753109849062E-03,0.));
#5293 = DIRECTION('',(-9.753109849062E-03,-0.999952437293,0.));
#5294 = ADVANCED_FACE('',(#5295),#5313,.F.);
#5295 = FACE_BOUND('',#5296,.F.);
#5296 = EDGE_LOOP('',(#5297,#5298,#5299,#5307));
#5297 = ORIENTED_EDGE('',*,*,#3119,.T.);
#5298 = ORIENTED_EDGE('',*,*,#3063,.T.);
#5299 = ORIENTED_EDGE('',*,*,#5300,.F.);
#5300 = EDGE_CURVE('',#5301,#3056,#5303,.T.);
#5301 = VERTEX_POINT('',#5302);
#5302 = CARTESIAN_POINT('',(159.6625,-78.7,-2.));
#5303 = LINE('',#5304,#5305);
#5304 = CARTESIAN_POINT('',(159.6625,-78.7,-2.));
#5305 = VECTOR('',#5306,1.);
#5306 = DIRECTION('',(0.,0.,1.));
#5307 = ORIENTED_EDGE('',*,*,#5308,.F.);
#5308 = EDGE_CURVE('',#3120,#5301,#5309,.T.);
#5309 = LINE('',#5310,#5311);
#5310 = CARTESIAN_POINT('',(159.6625,-36.1,-2.));
#5311 = VECTOR('',#5312,1.);
#5312 = DIRECTION('',(0.,-1.,0.));
#5313 = PLANE('',#5314);
#5314 = AXIS2_PLACEMENT_3D('',#5315,#5316,#5317);
#5315 = CARTESIAN_POINT('',(159.6625,-36.09501140611,-2.));
#5316 = DIRECTION('',(1.,0.,0.));
#5317 = DIRECTION('',(0.,-1.,0.));
#5318 = ADVANCED_FACE('',(#5319),#5337,.F.);
#5319 = FACE_BOUND('',#5320,.F.);
#5320 = EDGE_LOOP('',(#5321,#5322,#5323,#5331));
#5321 = ORIENTED_EDGE('',*,*,#5300,.T.);
#5322 = ORIENTED_EDGE('',*,*,#3055,.T.);
#5323 = ORIENTED_EDGE('',*,*,#5324,.F.);
#5324 = EDGE_CURVE('',#5325,#3048,#5327,.T.);
#5325 = VERTEX_POINT('',#5326);
#5326 = CARTESIAN_POINT('',(140.6125,-78.7,-2.));
#5327 = LINE('',#5328,#5329);
#5328 = CARTESIAN_POINT('',(140.6125,-78.7,-2.));
#5329 = VECTOR('',#5330,1.);
#5330 = DIRECTION('',(0.,0.,1.));
#5331 = ORIENTED_EDGE('',*,*,#5332,.F.);
#5332 = EDGE_CURVE('',#5301,#5325,#5333,.T.);
#5333 = LINE('',#5334,#5335);
#5334 = CARTESIAN_POINT('',(159.1625,-78.7,-2.));
#5335 = VECTOR('',#5336,1.);
#5336 = DIRECTION('',(-1.,0.,0.));
#5337 = PLANE('',#5338);
#5338 = AXIS2_PLACEMENT_3D('',#5339,#5340,#5341);
#5339 = CARTESIAN_POINT('',(159.6625,-78.7,-2.));
#5340 = DIRECTION('',(0.,-1.,0.));
#5341 = DIRECTION('',(-1.,0.,0.));
#5342 = ADVANCED_FACE('',(#5343),#5361,.F.);
#5343 = FACE_BOUND('',#5344,.F.);
#5344 = EDGE_LOOP('',(#5345,#5346,#5347,#5355));
#5345 = ORIENTED_EDGE('',*,*,#5324,.T.);
#5346 = ORIENTED_EDGE('',*,*,#3047,.T.);
#5347 = ORIENTED_EDGE('',*,*,#5348,.F.);
#5348 = EDGE_CURVE('',#5349,#3040,#5351,.T.);
#5349 = VERTEX_POINT('',#5350);
#5350 = CARTESIAN_POINT('',(140.6125,-79.46334644125,-2.));
#5351 = LINE('',#5352,#5353);
#5352 = CARTESIAN_POINT('',(140.6125,-79.46334644125,-2.));
#5353 = VECTOR('',#5354,1.);
#5354 = DIRECTION('',(0.,0.,1.));
#5355 = ORIENTED_EDGE('',*,*,#5356,.F.);
#5356 = EDGE_CURVE('',#5325,#5349,#5357,.T.);
#5357 = LINE('',#5358,#5359);
#5358 = CARTESIAN_POINT('',(140.6125,-78.2,-2.));
#5359 = VECTOR('',#5360,1.);
#5360 = DIRECTION('',(0.,-1.,0.));
#5361 = PLANE('',#5362);
#5362 = AXIS2_PLACEMENT_3D('',#5363,#5364,#5365);
#5363 = CARTESIAN_POINT('',(140.6125,-78.7,-2.));
#5364 = DIRECTION('',(1.,0.,0.));
#5365 = DIRECTION('',(0.,-1.,0.));
#5366 = ADVANCED_FACE('',(#5367),#5385,.F.);
#5367 = FACE_BOUND('',#5368,.F.);
#5368 = EDGE_LOOP('',(#5369,#5370,#5371,#5379));
#5369 = ORIENTED_EDGE('',*,*,#5348,.T.);
#5370 = ORIENTED_EDGE('',*,*,#3039,.T.);
#5371 = ORIENTED_EDGE('',*,*,#5372,.F.);
#5372 = EDGE_CURVE('',#5373,#3032,#5375,.T.);
#5373 = VERTEX_POINT('',#5374);
#5374 = CARTESIAN_POINT('',(157.57621248395,-84.00875653795,-2.));
#5375 = LINE('',#5376,#5377);
#5376 = CARTESIAN_POINT('',(157.57621248395,-84.00875653795,-2.));
#5377 = VECTOR('',#5378,1.);
#5378 = DIRECTION('',(0.,0.,1.));
#5379 = ORIENTED_EDGE('',*,*,#5380,.F.);
#5380 = EDGE_CURVE('',#5349,#5373,#5381,.T.);
#5381 = LINE('',#5382,#5383);
#5382 = CARTESIAN_POINT('',(140.24190944381,-79.36404706575,-2.));
#5383 = VECTOR('',#5384,1.);
#5384 = DIRECTION('',(0.965925868482,-0.258818887635,0.));
#5385 = PLANE('',#5386);
#5386 = AXIS2_PLACEMENT_3D('',#5387,#5388,#5389);
#5387 = CARTESIAN_POINT('',(140.6125,-79.46334644125,-2.));
#5388 = DIRECTION('',(0.258818887635,0.965925868482,0.));
#5389 = DIRECTION('',(0.965925868482,-0.258818887635,0.));
#5390 = ADVANCED_FACE('',(#5391),#5409,.F.);
#5391 = FACE_BOUND('',#5392,.F.);
#5392 = EDGE_LOOP('',(#5393,#5394,#5395,#5403));
#5393 = ORIENTED_EDGE('',*,*,#5372,.T.);
#5394 = ORIENTED_EDGE('',*,*,#3031,.T.);
#5395 = ORIENTED_EDGE('',*,*,#5396,.F.);
#5396 = EDGE_CURVE('',#5397,#3024,#5399,.T.);
#5397 = VERTEX_POINT('',#5398);
#5398 = CARTESIAN_POINT('',(156.01521204842,-89.83448816338,-2.));
#5399 = LINE('',#5400,#5401);
#5400 = CARTESIAN_POINT('',(156.01521204842,-89.83448816338,-2.));
#5401 = VECTOR('',#5402,1.);
#5402 = DIRECTION('',(0.,0.,1.));
#5403 = ORIENTED_EDGE('',*,*,#5404,.F.);
#5404 = EDGE_CURVE('',#5373,#5397,#5405,.T.);
#5405 = LINE('',#5406,#5407);
#5406 = CARTESIAN_POINT('',(157.44680290586,-84.49171954971,-2.));
#5407 = VECTOR('',#5408,1.);
#5408 = DIRECTION('',(-0.258819099429,-0.965925811732,0.));
#5409 = PLANE('',#5410);
#5410 = AXIS2_PLACEMENT_3D('',#5411,#5412,#5413);
#5411 = CARTESIAN_POINT('',(157.57621248395,-84.00875653795,-2.));
#5412 = DIRECTION('',(0.965925811732,-0.258819099429,0.));
#5413 = DIRECTION('',(-0.258819099429,-0.965925811732,0.));
#5414 = ADVANCED_FACE('',(#5415),#5433,.F.);
#5415 = FACE_BOUND('',#5416,.F.);
#5416 = EDGE_LOOP('',(#5417,#5418,#5419,#5427));
#5417 = ORIENTED_EDGE('',*,*,#5396,.T.);
#5418 = ORIENTED_EDGE('',*,*,#3023,.T.);
#5419 = ORIENTED_EDGE('',*,*,#5420,.F.);
#5420 = EDGE_CURVE('',#5421,#3016,#5423,.T.);
#5421 = VERTEX_POINT('',#5422);
#5422 = CARTESIAN_POINT('',(158.15473197966,-90.40777814495,-2.));
#5423 = LINE('',#5424,#5425);
#5424 = CARTESIAN_POINT('',(158.15473197966,-90.40777814495,-2.));
#5425 = VECTOR('',#5426,1.);
#5426 = DIRECTION('',(0.,0.,1.));
#5427 = ORIENTED_EDGE('',*,*,#5428,.F.);
#5428 = EDGE_CURVE('',#5397,#5421,#5429,.T.);
#5429 = LINE('',#5430,#5431);
#5430 = CARTESIAN_POINT('',(155.53225106925,-89.70507750129,-2.));
#5431 = VECTOR('',#5432,1.);
#5432 = DIRECTION('',(0.96592499741,-0.258822138501,0.));
#5433 = PLANE('',#5434);
#5434 = AXIS2_PLACEMENT_3D('',#5435,#5436,#5437);
#5435 = CARTESIAN_POINT('',(156.01521204842,-89.83448816338,-2.));
#5436 = DIRECTION('',(0.258822138501,0.96592499741,0.));
#5437 = DIRECTION('',(0.96592499741,-0.258822138501,0.));
#5438 = ADVANCED_FACE('',(#5439),#5457,.F.);
#5439 = FACE_BOUND('',#5440,.F.);
#5440 = EDGE_LOOP('',(#5441,#5442,#5443,#5451));
#5441 = ORIENTED_EDGE('',*,*,#5420,.T.);
#5442 = ORIENTED_EDGE('',*,*,#3015,.T.);
#5443 = ORIENTED_EDGE('',*,*,#5444,.F.);
#5444 = EDGE_CURVE('',#5445,#3008,#5447,.T.);
#5445 = VERTEX_POINT('',#5446);
#5446 = CARTESIAN_POINT('',(148.88901301776,-124.9879239935,-2.));
#5447 = LINE('',#5448,#5449);
#5448 = CARTESIAN_POINT('',(148.88901301776,-124.9879239935,-2.));
#5449 = VECTOR('',#5450,1.);
#5450 = DIRECTION('',(0.,0.,1.));
#5451 = ORIENTED_EDGE('',*,*,#5452,.F.);
#5452 = EDGE_CURVE('',#5421,#5445,#5453,.T.);
#5453 = LINE('',#5454,#5455);
#5454 = CARTESIAN_POINT('',(158.02532292429,-90.89073948095,-2.));
#5455 = VECTOR('',#5456,1.);
#5456 = DIRECTION('',(-0.258818961903,-0.965925848582,0.));
#5457 = PLANE('',#5458);
#5458 = AXIS2_PLACEMENT_3D('',#5459,#5460,#5461);
#5459 = CARTESIAN_POINT('',(158.15473197966,-90.40777814495,-2.));
#5460 = DIRECTION('',(0.965925848582,-0.258818961903,0.));
#5461 = DIRECTION('',(-0.258818961903,-0.965925848582,0.));
#5462 = ADVANCED_FACE('',(#5463),#5481,.F.);
#5463 = FACE_BOUND('',#5464,.F.);
#5464 = EDGE_LOOP('',(#5465,#5466,#5467,#5475));
#5465 = ORIENTED_EDGE('',*,*,#5444,.T.);
#5466 = ORIENTED_EDGE('',*,*,#3007,.T.);
#5467 = ORIENTED_EDGE('',*,*,#5468,.F.);
#5468 = EDGE_CURVE('',#5469,#3000,#5471,.T.);
#5469 = VERTEX_POINT('',#5470);
#5470 = CARTESIAN_POINT('',(146.74949259001,-124.4146338789,-2.));
#5471 = LINE('',#5472,#5473);
#5472 = CARTESIAN_POINT('',(146.74949259001,-124.4146338789,-2.));
#5473 = VECTOR('',#5474,1.);
#5474 = DIRECTION('',(0.,0.,1.));
#5475 = ORIENTED_EDGE('',*,*,#5476,.F.);
#5476 = EDGE_CURVE('',#5445,#5469,#5477,.T.);
#5477 = LINE('',#5478,#5479);
#5478 = CARTESIAN_POINT('',(148.40604893074,-124.8585124987,-2.));
#5479 = VECTOR('',#5480,1.);
#5480 = DIRECTION('',(-0.96592499741,0.258822138501,0.));
#5481 = PLANE('',#5482);
#5482 = AXIS2_PLACEMENT_3D('',#5483,#5484,#5485);
#5483 = CARTESIAN_POINT('',(148.88901301776,-124.9879239935,-2.));
#5484 = DIRECTION('',(-0.258822138501,-0.96592499741,0.));
#5485 = DIRECTION('',(-0.96592499741,0.258822138501,0.));
#5486 = ADVANCED_FACE('',(#5487),#5505,.F.);
#5487 = FACE_BOUND('',#5488,.F.);
#5488 = EDGE_LOOP('',(#5489,#5490,#5491,#5499));
#5489 = ORIENTED_EDGE('',*,*,#5468,.T.);
#5490 = ORIENTED_EDGE('',*,*,#2999,.T.);
#5491 = ORIENTED_EDGE('',*,*,#5492,.F.);
#5492 = EDGE_CURVE('',#5493,#2992,#5495,.T.);
#5493 = VERTEX_POINT('',#5494);
#5494 = CARTESIAN_POINT('',(145.18848299855,-130.2403823542,-2.));
#5495 = LINE('',#5496,#5497);
#5496 = CARTESIAN_POINT('',(145.18848299855,-130.2403823542,-2.));
#5497 = VECTOR('',#5498,1.);
#5498 = DIRECTION('',(0.,0.,1.));
#5499 = ORIENTED_EDGE('',*,*,#5500,.F.);
#5500 = EDGE_CURVE('',#5469,#5493,#5501,.T.);
#5501 = LINE('',#5502,#5503);
#5502 = CARTESIAN_POINT('',(146.87890280967,-123.9316699086,-2.));
#5503 = VECTOR('',#5504,1.);
#5504 = DIRECTION('',(-0.258819817375,-0.965925619359,0.));
#5505 = PLANE('',#5506);
#5506 = AXIS2_PLACEMENT_3D('',#5507,#5508,#5509);
#5507 = CARTESIAN_POINT('',(146.74949259001,-124.4146338789,-2.));
#5508 = DIRECTION('',(0.965925619359,-0.258819817375,0.));
#5509 = DIRECTION('',(-0.258819817375,-0.965925619359,0.));
#5510 = ADVANCED_FACE('',(#5511),#5529,.F.);
#5511 = FACE_BOUND('',#5512,.F.);
#5512 = EDGE_LOOP('',(#5513,#5514,#5515,#5523));
#5513 = ORIENTED_EDGE('',*,*,#5492,.T.);
#5514 = ORIENTED_EDGE('',*,*,#2991,.T.);
#5515 = ORIENTED_EDGE('',*,*,#5516,.F.);
#5516 = EDGE_CURVE('',#5517,#2984,#5519,.T.);
#5517 = VERTEX_POINT('',#5518);
#5518 = CARTESIAN_POINT('',(121.95796710336,-124.0157832434,-2.));
#5519 = LINE('',#5520,#5521);
#5520 = CARTESIAN_POINT('',(121.95796710336,-124.0157832434,-2.));
#5521 = VECTOR('',#5522,1.);
#5522 = DIRECTION('',(0.,0.,1.));
#5523 = ORIENTED_EDGE('',*,*,#5524,.F.);
#5524 = EDGE_CURVE('',#5493,#5517,#5525,.T.);
#5525 = LINE('',#5526,#5527);
#5526 = CARTESIAN_POINT('',(144.70552045539,-130.1109729072,-2.));
#5527 = VECTOR('',#5528,1.);
#5528 = DIRECTION('',(-0.96592581447,0.258819089211,0.));
#5529 = PLANE('',#5530);
#5530 = AXIS2_PLACEMENT_3D('',#5531,#5532,#5533);
#5531 = CARTESIAN_POINT('',(145.18848299855,-130.2403823542,-2.));
#5532 = DIRECTION('',(-0.258819089211,-0.96592581447,0.));
#5533 = DIRECTION('',(-0.96592581447,0.258819089211,0.));
#5534 = ADVANCED_FACE('',(#5535),#5553,.F.);
#5535 = FACE_BOUND('',#5536,.F.);
#5536 = EDGE_LOOP('',(#5537,#5538,#5539,#5547));
#5537 = ORIENTED_EDGE('',*,*,#5516,.T.);
#5538 = ORIENTED_EDGE('',*,*,#2983,.T.);
#5539 = ORIENTED_EDGE('',*,*,#5540,.F.);
#5540 = EDGE_CURVE('',#5541,#2976,#5543,.T.);
#5541 = VERTEX_POINT('',#5542);
#5542 = CARTESIAN_POINT('',(123.19059707373,-119.415563354,-2.));
#5543 = LINE('',#5544,#5545);
#5544 = CARTESIAN_POINT('',(123.19059707373,-119.415563354,-2.));
#5545 = VECTOR('',#5546,1.);
#5546 = DIRECTION('',(0.,0.,1.));
#5547 = ORIENTED_EDGE('',*,*,#5548,.F.);
#5548 = EDGE_CURVE('',#5517,#5541,#5549,.T.);
#5549 = LINE('',#5550,#5551);
#5550 = CARTESIAN_POINT('',(122.08737721194,-123.5328200106,-2.));
#5551 = VECTOR('',#5552,1.);
#5552 = DIRECTION('',(0.2588199788,0.965925576105,0.));
#5553 = PLANE('',#5554);
#5554 = AXIS2_PLACEMENT_3D('',#5555,#5556,#5557);
#5555 = CARTESIAN_POINT('',(121.95796710336,-124.0157832434,-2.));
#5556 = DIRECTION('',(-0.965925576105,0.2588199788,0.));
#5557 = DIRECTION('',(0.2588199788,0.965925576105,0.));
#5558 = ADVANCED_FACE('',(#5559),#5577,.F.);
#5559 = FACE_BOUND('',#5560,.F.);
#5560 = EDGE_LOOP('',(#5561,#5562,#5563,#5571));
#5561 = ORIENTED_EDGE('',*,*,#5540,.T.);
#5562 = ORIENTED_EDGE('',*,*,#2975,.T.);
#5563 = ORIENTED_EDGE('',*,*,#5564,.F.);
#5564 = EDGE_CURVE('',#5565,#2968,#5567,.T.);
#5565 = VERTEX_POINT('',#5566);
#5566 = CARTESIAN_POINT('',(104.7897076537,-114.4850635094,-2.));
#5567 = LINE('',#5568,#5569);
#5568 = CARTESIAN_POINT('',(104.7897076537,-114.4850635094,-2.));
#5569 = VECTOR('',#5570,1.);
#5570 = DIRECTION('',(0.,0.,1.));
#5571 = ORIENTED_EDGE('',*,*,#5572,.F.);
#5572 = EDGE_CURVE('',#5541,#5565,#5573,.T.);
#5573 = LINE('',#5574,#5575);
#5574 = CARTESIAN_POINT('',(123.67356056598,-119.5449729368,-2.));
#5575 = VECTOR('',#5576,1.);
#5576 = DIRECTION('',(-0.965925873737,0.258818868025,0.));
#5577 = PLANE('',#5578);
#5578 = AXIS2_PLACEMENT_3D('',#5579,#5580,#5581);
#5579 = CARTESIAN_POINT('',(123.19059707373,-119.415563354,-2.));
#5580 = DIRECTION('',(-0.258818868025,-0.965925873737,0.));
#5581 = DIRECTION('',(-0.965925873737,0.258818868025,0.));
#5582 = ADVANCED_FACE('',(#5583),#5601,.F.);
#5583 = FACE_BOUND('',#5584,.F.);
#5584 = EDGE_LOOP('',(#5585,#5586,#5587,#5595));
#5585 = ORIENTED_EDGE('',*,*,#5564,.T.);
#5586 = ORIENTED_EDGE('',*,*,#2967,.T.);
#5587 = ORIENTED_EDGE('',*,*,#5588,.F.);
#5588 = EDGE_CURVE('',#5589,#2960,#5591,.T.);
#5589 = VERTEX_POINT('',#5590);
#5590 = CARTESIAN_POINT('',(108.76340747159,-99.655,-2.));
#5591 = LINE('',#5592,#5593);
#5592 = CARTESIAN_POINT('',(108.76340747159,-99.655,-2.));
#5593 = VECTOR('',#5594,1.);
#5594 = DIRECTION('',(0.,0.,1.));
#5595 = ORIENTED_EDGE('',*,*,#5596,.F.);
#5596 = EDGE_CURVE('',#5565,#5589,#5597,.T.);
#5597 = LINE('',#5598,#5599);
#5598 = CARTESIAN_POINT('',(104.91911705654,-114.0021005905,-2.));
#5599 = VECTOR('',#5600,1.);
#5600 = DIRECTION('',(0.258818818846,0.965925886914,0.));
#5601 = PLANE('',#5602);
#5602 = AXIS2_PLACEMENT_3D('',#5603,#5604,#5605);
#5603 = CARTESIAN_POINT('',(104.7897076537,-114.4850635094,-2.));
#5604 = DIRECTION('',(-0.965925886914,0.258818818846,0.));
#5605 = DIRECTION('',(0.258818818846,0.965925886914,0.));
#5606 = ADVANCED_FACE('',(#5607),#5625,.F.);
#5607 = FACE_BOUND('',#5608,.F.);
#5608 = EDGE_LOOP('',(#5609,#5610,#5611,#5619));
#5609 = ORIENTED_EDGE('',*,*,#5588,.T.);
#5610 = ORIENTED_EDGE('',*,*,#2959,.T.);
#5611 = ORIENTED_EDGE('',*,*,#5612,.F.);
#5612 = EDGE_CURVE('',#5613,#2952,#5615,.T.);
#5613 = VERTEX_POINT('',#5614);
#5614 = CARTESIAN_POINT('',(88.225,-99.655,-2.));
#5615 = LINE('',#5616,#5617);
#5616 = CARTESIAN_POINT('',(88.225,-99.655,-2.));
#5617 = VECTOR('',#5618,1.);
#5618 = DIRECTION('',(0.,0.,1.));
#5619 = ORIENTED_EDGE('',*,*,#5620,.F.);
#5620 = EDGE_CURVE('',#5589,#5613,#5621,.T.);
#5621 = LINE('',#5622,#5623);
#5622 = CARTESIAN_POINT('',(109.41502,-99.655,-2.));
#5623 = VECTOR('',#5624,1.);
#5624 = DIRECTION('',(-1.,0.,0.));
#5625 = PLANE('',#5626);
#5626 = AXIS2_PLACEMENT_3D('',#5627,#5628,#5629);
#5627 = CARTESIAN_POINT('',(108.76340747159,-99.655,-2.));
#5628 = DIRECTION('',(0.,-1.,0.));
#5629 = DIRECTION('',(-1.,0.,0.));
#5630 = ADVANCED_FACE('',(#5631),#5649,.F.);
#5631 = FACE_BOUND('',#5632,.F.);
#5632 = EDGE_LOOP('',(#5633,#5634,#5635,#5643));
#5633 = ORIENTED_EDGE('',*,*,#5612,.T.);
#5634 = ORIENTED_EDGE('',*,*,#2951,.T.);
#5635 = ORIENTED_EDGE('',*,*,#5636,.F.);
#5636 = EDGE_CURVE('',#5637,#2944,#5639,.T.);
#5637 = VERTEX_POINT('',#5638);
#5638 = CARTESIAN_POINT('',(88.225,-101.56,-2.));
#5639 = LINE('',#5640,#5641);
#5640 = CARTESIAN_POINT('',(88.225,-101.56,-2.));
#5641 = VECTOR('',#5642,1.);
#5642 = DIRECTION('',(0.,0.,1.));
#5643 = ORIENTED_EDGE('',*,*,#5644,.F.);
#5644 = EDGE_CURVE('',#5613,#5637,#5645,.T.);
#5645 = LINE('',#5646,#5647);
#5646 = CARTESIAN_POINT('',(88.225,-99.155,-2.));
#5647 = VECTOR('',#5648,1.);
#5648 = DIRECTION('',(0.,-1.,0.));
#5649 = PLANE('',#5650);
#5650 = AXIS2_PLACEMENT_3D('',#5651,#5652,#5653);
#5651 = CARTESIAN_POINT('',(88.225,-99.655,-2.));
#5652 = DIRECTION('',(1.,0.,0.));
#5653 = DIRECTION('',(0.,-1.,0.));
#5654 = ADVANCED_FACE('',(#5655),#5673,.F.);
#5655 = FACE_BOUND('',#5656,.F.);
#5656 = EDGE_LOOP('',(#5657,#5658,#5659,#5667));
#5657 = ORIENTED_EDGE('',*,*,#5636,.T.);
#5658 = ORIENTED_EDGE('',*,*,#2943,.T.);
#5659 = ORIENTED_EDGE('',*,*,#5660,.F.);
#5660 = EDGE_CURVE('',#5661,#2936,#5663,.T.);
#5661 = VERTEX_POINT('',#5662);
#5662 = CARTESIAN_POINT('',(59.65,-101.56,-2.));
#5663 = LINE('',#5664,#5665);
#5664 = CARTESIAN_POINT('',(59.65,-101.56,-2.));
#5665 = VECTOR('',#5666,1.);
#5666 = DIRECTION('',(0.,0.,1.));
#5667 = ORIENTED_EDGE('',*,*,#5668,.F.);
#5668 = EDGE_CURVE('',#5637,#5661,#5669,.T.);
#5669 = LINE('',#5670,#5671);
#5670 = CARTESIAN_POINT('',(87.725,-101.56,-2.));
#5671 = VECTOR('',#5672,1.);
#5672 = DIRECTION('',(-1.,0.,0.));
#5673 = PLANE('',#5674);
#5674 = AXIS2_PLACEMENT_3D('',#5675,#5676,#5677);
#5675 = CARTESIAN_POINT('',(88.225,-101.56,-2.));
#5676 = DIRECTION('',(0.,-1.,0.));
#5677 = DIRECTION('',(-1.,0.,0.));
#5678 = ADVANCED_FACE('',(#5679),#5697,.F.);
#5679 = FACE_BOUND('',#5680,.F.);
#5680 = EDGE_LOOP('',(#5681,#5682,#5683,#5691));
#5681 = ORIENTED_EDGE('',*,*,#5660,.T.);
#5682 = ORIENTED_EDGE('',*,*,#2935,.T.);
#5683 = ORIENTED_EDGE('',*,*,#5684,.F.);
#5684 = EDGE_CURVE('',#5685,#2928,#5687,.T.);
#5685 = VERTEX_POINT('',#5686);
#5686 = CARTESIAN_POINT('',(59.65,-102.5125,-2.));
#5687 = LINE('',#5688,#5689);
#5688 = CARTESIAN_POINT('',(59.65,-102.5125,-2.));
#5689 = VECTOR('',#5690,1.);
#5690 = DIRECTION('',(0.,0.,1.));
#5691 = ORIENTED_EDGE('',*,*,#5692,.F.);
#5692 = EDGE_CURVE('',#5661,#5685,#5693,.T.);
#5693 = LINE('',#5694,#5695);
#5694 = CARTESIAN_POINT('',(59.65,-101.06,-2.));
#5695 = VECTOR('',#5696,1.);
#5696 = DIRECTION('',(0.,-1.,0.));
#5697 = PLANE('',#5698);
#5698 = AXIS2_PLACEMENT_3D('',#5699,#5700,#5701);
#5699 = CARTESIAN_POINT('',(59.65,-101.56,-2.));
#5700 = DIRECTION('',(1.,0.,0.));
#5701 = DIRECTION('',(0.,-1.,0.));
#5702 = ADVANCED_FACE('',(#5703),#5721,.F.);
#5703 = FACE_BOUND('',#5704,.F.);
#5704 = EDGE_LOOP('',(#5705,#5706,#5707,#5715));
#5705 = ORIENTED_EDGE('',*,*,#5684,.T.);
#5706 = ORIENTED_EDGE('',*,*,#2927,.T.);
#5707 = ORIENTED_EDGE('',*,*,#5708,.F.);
#5708 = EDGE_CURVE('',#5709,#2920,#5711,.T.);
#5709 = VERTEX_POINT('',#5710);
#5710 = CARTESIAN_POINT('',(21.3125,-102.5125,-2.));
#5711 = LINE('',#5712,#5713);
#5712 = CARTESIAN_POINT('',(21.3125,-102.5125,-2.));
#5713 = VECTOR('',#5714,1.);
#5714 = DIRECTION('',(0.,0.,1.));
#5715 = ORIENTED_EDGE('',*,*,#5716,.F.);
#5716 = EDGE_CURVE('',#5685,#5709,#5717,.T.);
#5717 = LINE('',#5718,#5719);
#5718 = CARTESIAN_POINT('',(59.15,-102.5125,-2.));
#5719 = VECTOR('',#5720,1.);
#5720 = DIRECTION('',(-1.,0.,0.));
#5721 = PLANE('',#5722);
#5722 = AXIS2_PLACEMENT_3D('',#5723,#5724,#5725);
#5723 = CARTESIAN_POINT('',(59.65,-102.5125,-2.));
#5724 = DIRECTION('',(0.,-1.,0.));
#5725 = DIRECTION('',(-1.,0.,0.));
#5726 = ADVANCED_FACE('',(#5727),#5745,.F.);
#5727 = FACE_BOUND('',#5728,.F.);
#5728 = EDGE_LOOP('',(#5729,#5730,#5731,#5739));
#5729 = ORIENTED_EDGE('',*,*,#5708,.T.);
#5730 = ORIENTED_EDGE('',*,*,#2919,.T.);
#5731 = ORIENTED_EDGE('',*,*,#5732,.F.);
#5732 = EDGE_CURVE('',#5733,#2912,#5735,.T.);
#5733 = VERTEX_POINT('',#5734);
#5734 = CARTESIAN_POINT('',(21.3125,-83.4625,-2.));
#5735 = LINE('',#5736,#5737);
#5736 = CARTESIAN_POINT('',(21.3125,-83.4625,-2.));
#5737 = VECTOR('',#5738,1.);
#5738 = DIRECTION('',(0.,0.,1.));
#5739 = ORIENTED_EDGE('',*,*,#5740,.F.);
#5740 = EDGE_CURVE('',#5709,#5733,#5741,.T.);
#5741 = LINE('',#5742,#5743);
#5742 = CARTESIAN_POINT('',(21.3125,-102.0125,-2.));
#5743 = VECTOR('',#5744,1.);
#5744 = DIRECTION('',(0.,1.,0.));
#5745 = PLANE('',#5746);
#5746 = AXIS2_PLACEMENT_3D('',#5747,#5748,#5749);
#5747 = CARTESIAN_POINT('',(21.3125,-102.5125,-2.));
#5748 = DIRECTION('',(-1.,0.,0.));
#5749 = DIRECTION('',(0.,1.,0.));
#5750 = ADVANCED_FACE('',(#5751),#5769,.F.);
#5751 = FACE_BOUND('',#5752,.F.);
#5752 = EDGE_LOOP('',(#5753,#5754,#5755,#5763));
#5753 = ORIENTED_EDGE('',*,*,#5732,.T.);
#5754 = ORIENTED_EDGE('',*,*,#2911,.T.);
#5755 = ORIENTED_EDGE('',*,*,#5756,.F.);
#5756 = EDGE_CURVE('',#5757,#2904,#5759,.T.);
#5757 = VERTEX_POINT('',#5758);
#5758 = CARTESIAN_POINT('',(16.55,-83.4625,-2.));
#5759 = LINE('',#5760,#5761);
#5760 = CARTESIAN_POINT('',(16.55,-83.4625,-2.));
#5761 = VECTOR('',#5762,1.);
#5762 = DIRECTION('',(0.,0.,1.));
#5763 = ORIENTED_EDGE('',*,*,#5764,.F.);
#5764 = EDGE_CURVE('',#5733,#5757,#5765,.T.);
#5765 = LINE('',#5766,#5767);
#5766 = CARTESIAN_POINT('',(21.8125,-83.4625,-2.));
#5767 = VECTOR('',#5768,1.);
#5768 = DIRECTION('',(-1.,0.,0.));
#5769 = PLANE('',#5770);
#5770 = AXIS2_PLACEMENT_3D('',#5771,#5772,#5773);
#5771 = CARTESIAN_POINT('',(21.3125,-83.4625,-2.));
#5772 = DIRECTION('',(0.,-1.,0.));
#5773 = DIRECTION('',(-1.,0.,0.));
#5774 = ADVANCED_FACE('',(#5775),#5793,.F.);
#5775 = FACE_BOUND('',#5776,.F.);
#5776 = EDGE_LOOP('',(#5777,#5778,#5779,#5787));
#5777 = ORIENTED_EDGE('',*,*,#5756,.T.);
#5778 = ORIENTED_EDGE('',*,*,#2903,.T.);
#5779 = ORIENTED_EDGE('',*,*,#5780,.F.);
#5780 = EDGE_CURVE('',#5781,#2896,#5783,.T.);
#5781 = VERTEX_POINT('',#5782);
#5782 = CARTESIAN_POINT('',(16.55,-21.3125,-2.));
#5783 = LINE('',#5784,#5785);
#5784 = CARTESIAN_POINT('',(16.55,-21.3125,-2.));
#5785 = VECTOR('',#5786,1.);
#5786 = DIRECTION('',(0.,0.,1.));
#5787 = ORIENTED_EDGE('',*,*,#5788,.F.);
#5788 = EDGE_CURVE('',#5757,#5781,#5789,.T.);
#5789 = LINE('',#5790,#5791);
#5790 = CARTESIAN_POINT('',(16.55,-82.9625,-2.));
#5791 = VECTOR('',#5792,1.);
#5792 = DIRECTION('',(0.,1.,0.));
#5793 = PLANE('',#5794);
#5794 = AXIS2_PLACEMENT_3D('',#5795,#5796,#5797);
#5795 = CARTESIAN_POINT('',(16.55,-83.4625,-2.));
#5796 = DIRECTION('',(-1.,0.,0.));
#5797 = DIRECTION('',(0.,1.,0.));
#5798 = ADVANCED_FACE('',(#5799),#5817,.F.);
#5799 = FACE_BOUND('',#5800,.F.);
#5800 = EDGE_LOOP('',(#5801,#5802,#5803,#5811));
#5801 = ORIENTED_EDGE('',*,*,#5780,.T.);
#5802 = ORIENTED_EDGE('',*,*,#2895,.T.);
#5803 = ORIENTED_EDGE('',*,*,#5804,.F.);
#5804 = EDGE_CURVE('',#5805,#2888,#5807,.T.);
#5805 = VERTEX_POINT('',#5806);
#5806 = CARTESIAN_POINT('',(20.672360151949,-21.3125,-2.));
#5807 = LINE('',#5808,#5809);
#5808 = CARTESIAN_POINT('',(20.672360151949,-21.3125,-2.));
#5809 = VECTOR('',#5810,1.);
#5810 = DIRECTION('',(0.,0.,1.));
#5811 = ORIENTED_EDGE('',*,*,#5812,.F.);
#5812 = EDGE_CURVE('',#5781,#5805,#5813,.T.);
#5813 = LINE('',#5814,#5815);
#5814 = CARTESIAN_POINT('',(17.05,-21.3125,-2.));
#5815 = VECTOR('',#5816,1.);
#5816 = DIRECTION('',(1.,0.,0.));
#5817 = PLANE('',#5818);
#5818 = AXIS2_PLACEMENT_3D('',#5819,#5820,#5821);
#5819 = CARTESIAN_POINT('',(16.55,-21.3125,-2.));
#5820 = DIRECTION('',(0.,1.,0.));
#5821 = DIRECTION('',(1.,0.,0.));
#5822 = ADVANCED_FACE('',(#5823),#5841,.F.);
#5823 = FACE_BOUND('',#5824,.F.);
#5824 = EDGE_LOOP('',(#5825,#5826,#5827,#5835));
#5825 = ORIENTED_EDGE('',*,*,#5804,.T.);
#5826 = ORIENTED_EDGE('',*,*,#2887,.T.);
#5827 = ORIENTED_EDGE('',*,*,#5828,.F.);
#5828 = EDGE_CURVE('',#5829,#2880,#5831,.T.);
#5829 = VERTEX_POINT('',#5830);
#5830 = CARTESIAN_POINT('',(20.6875,-19.7625580558,-2.));
#5831 = LINE('',#5832,#5833);
#5832 = CARTESIAN_POINT('',(20.6875,-19.7625580558,-2.));
#5833 = VECTOR('',#5834,1.);
#5834 = DIRECTION('',(0.,0.,1.));
#5835 = ORIENTED_EDGE('',*,*,#5836,.F.);
#5836 = EDGE_CURVE('',#5805,#5829,#5837,.T.);
#5837 = LINE('',#5838,#5839);
#5838 = CARTESIAN_POINT('',(20.667523851797,-21.8076162281,-2.));
#5839 = VECTOR('',#5840,1.);
#5840 = DIRECTION('',(9.767543798842E-03,0.999952296406,0.));
#5841 = PLANE('',#5842);
#5842 = AXIS2_PLACEMENT_3D('',#5843,#5844,#5845);
#5843 = CARTESIAN_POINT('',(20.672360151949,-21.3125,-2.));
#5844 = DIRECTION('',(-0.999952296406,9.767543798842E-03,0.));
#5845 = DIRECTION('',(9.767543798842E-03,0.999952296406,0.));
#5846 = ADVANCED_FACE('',(#5847),#5865,.F.);
#5847 = FACE_BOUND('',#5848,.F.);
#5848 = EDGE_LOOP('',(#5849,#5850,#5851,#5859));
#5849 = ORIENTED_EDGE('',*,*,#5828,.T.);
#5850 = ORIENTED_EDGE('',*,*,#2879,.T.);
#5851 = ORIENTED_EDGE('',*,*,#5852,.F.);
#5852 = EDGE_CURVE('',#5853,#2872,#5855,.T.);
#5853 = VERTEX_POINT('',#5854);
#5854 = CARTESIAN_POINT('',(20.6875,-3.6675,-2.));
#5855 = LINE('',#5856,#5857);
#5856 = CARTESIAN_POINT('',(20.6875,-3.6675,-2.));
#5857 = VECTOR('',#5858,1.);
#5858 = DIRECTION('',(0.,0.,1.));
#5859 = ORIENTED_EDGE('',*,*,#5860,.F.);
#5860 = EDGE_CURVE('',#5829,#5853,#5861,.T.);
#5861 = LINE('',#5862,#5863);
#5862 = CARTESIAN_POINT('',(20.6875,-19.765,-2.));
#5863 = VECTOR('',#5864,1.);
#5864 = DIRECTION('',(0.,1.,0.));
#5865 = PLANE('',#5866);
#5866 = AXIS2_PLACEMENT_3D('',#5867,#5868,#5869);
#5867 = CARTESIAN_POINT('',(20.6875,-19.7625580558,-2.));
#5868 = DIRECTION('',(-1.,0.,0.));
#5869 = DIRECTION('',(0.,1.,0.));
#5870 = ADVANCED_FACE('',(#5871),#5889,.F.);
#5871 = FACE_BOUND('',#5872,.F.);
#5872 = EDGE_LOOP('',(#5873,#5874,#5875,#5883));
#5873 = ORIENTED_EDGE('',*,*,#5852,.T.);
#5874 = ORIENTED_EDGE('',*,*,#2871,.T.);
#5875 = ORIENTED_EDGE('',*,*,#5876,.F.);
#5876 = EDGE_CURVE('',#5877,#2864,#5879,.T.);
#5877 = VERTEX_POINT('',#5878);
#5878 = CARTESIAN_POINT('',(21.3125,-3.6675,-2.));
#5879 = LINE('',#5880,#5881);
#5880 = CARTESIAN_POINT('',(21.3125,-3.6675,-2.));
#5881 = VECTOR('',#5882,1.);
#5882 = DIRECTION('',(0.,0.,1.));
#5883 = ORIENTED_EDGE('',*,*,#5884,.F.);
#5884 = EDGE_CURVE('',#5853,#5877,#5885,.T.);
#5885 = LINE('',#5886,#5887);
#5886 = CARTESIAN_POINT('',(21.1875,-3.6675,-2.));
#5887 = VECTOR('',#5888,1.);
#5888 = DIRECTION('',(1.,0.,0.));
#5889 = PLANE('',#5890);
#5890 = AXIS2_PLACEMENT_3D('',#5891,#5892,#5893);
#5891 = CARTESIAN_POINT('',(20.6875,-3.6675,-2.));
#5892 = DIRECTION('',(0.,1.,0.));
#5893 = DIRECTION('',(1.,0.,0.));
#5894 = ADVANCED_FACE('',(#5895),#5913,.F.);
#5895 = FACE_BOUND('',#5896,.F.);
#5896 = EDGE_LOOP('',(#5897,#5898,#5899,#5907));
#5897 = ORIENTED_EDGE('',*,*,#5876,.T.);
#5898 = ORIENTED_EDGE('',*,*,#2863,.T.);
#5899 = ORIENTED_EDGE('',*,*,#5900,.F.);
#5900 = EDGE_CURVE('',#5901,#2856,#5903,.T.);
#5901 = VERTEX_POINT('',#5902);
#5902 = CARTESIAN_POINT('',(21.3125,-2.2625,-2.));
#5903 = LINE('',#5904,#5905);
#5904 = CARTESIAN_POINT('',(21.3125,-2.2625,-2.));
#5905 = VECTOR('',#5906,1.);
#5906 = DIRECTION('',(0.,0.,1.));
#5907 = ORIENTED_EDGE('',*,*,#5908,.F.);
#5908 = EDGE_CURVE('',#5877,#5901,#5909,.T.);
#5909 = LINE('',#5910,#5911);
#5910 = CARTESIAN_POINT('',(21.3125,-4.1675,-2.));
#5911 = VECTOR('',#5912,1.);
#5912 = DIRECTION('',(0.,1.,0.));
#5913 = PLANE('',#5914);
#5914 = AXIS2_PLACEMENT_3D('',#5915,#5916,#5917);
#5915 = CARTESIAN_POINT('',(21.3125,-3.6675,-2.));
#5916 = DIRECTION('',(-1.,0.,0.));
#5917 = DIRECTION('',(0.,1.,0.));
#5918 = ADVANCED_FACE('',(#5919),#5937,.F.);
#5919 = FACE_BOUND('',#5920,.F.);
#5920 = EDGE_LOOP('',(#5921,#5922,#5923,#5931));
#5921 = ORIENTED_EDGE('',*,*,#5900,.T.);
#5922 = ORIENTED_EDGE('',*,*,#2855,.T.);
#5923 = ORIENTED_EDGE('',*,*,#5924,.F.);
#5924 = EDGE_CURVE('',#5925,#2848,#5927,.T.);
#5925 = VERTEX_POINT('',#5926);
#5926 = CARTESIAN_POINT('',(40.3625,-2.2625,-2.));
#5927 = LINE('',#5928,#5929);
#5928 = CARTESIAN_POINT('',(40.3625,-2.2625,-2.));
#5929 = VECTOR('',#5930,1.);
#5930 = DIRECTION('',(0.,0.,1.));
#5931 = ORIENTED_EDGE('',*,*,#5932,.F.);
#5932 = EDGE_CURVE('',#5901,#5925,#5933,.T.);
#5933 = LINE('',#5934,#5935);
#5934 = CARTESIAN_POINT('',(21.8125,-2.2625,-2.));
#5935 = VECTOR('',#5936,1.);
#5936 = DIRECTION('',(1.,0.,0.));
#5937 = PLANE('',#5938);
#5938 = AXIS2_PLACEMENT_3D('',#5939,#5940,#5941);
#5939 = CARTESIAN_POINT('',(21.3125,-2.2625,-2.));
#5940 = DIRECTION('',(0.,1.,0.));
#5941 = DIRECTION('',(1.,0.,0.));
#5942 = ADVANCED_FACE('',(#5943),#5961,.F.);
#5943 = FACE_BOUND('',#5944,.F.);
#5944 = EDGE_LOOP('',(#5945,#5946,#5947,#5955));
#5945 = ORIENTED_EDGE('',*,*,#5924,.T.);
#5946 = ORIENTED_EDGE('',*,*,#2847,.T.);
#5947 = ORIENTED_EDGE('',*,*,#5948,.F.);
#5948 = EDGE_CURVE('',#5949,#2840,#5951,.T.);
#5949 = VERTEX_POINT('',#5950);
#5950 = CARTESIAN_POINT('',(40.3625,-1.31,-2.));
#5951 = LINE('',#5952,#5953);
#5952 = CARTESIAN_POINT('',(40.3625,-1.31,-2.));
#5953 = VECTOR('',#5954,1.);
#5954 = DIRECTION('',(0.,0.,1.));
#5955 = ORIENTED_EDGE('',*,*,#5956,.F.);
#5956 = EDGE_CURVE('',#5925,#5949,#5957,.T.);
#5957 = LINE('',#5958,#5959);
#5958 = CARTESIAN_POINT('',(40.3625,-2.7625,-2.));
#5959 = VECTOR('',#5960,1.);
#5960 = DIRECTION('',(0.,1.,0.));
#5961 = PLANE('',#5962);
#5962 = AXIS2_PLACEMENT_3D('',#5963,#5964,#5965);
#5963 = CARTESIAN_POINT('',(40.3625,-2.2625,-2.));
#5964 = DIRECTION('',(-1.,0.,0.));
#5965 = DIRECTION('',(0.,1.,0.));
#5966 = ADVANCED_FACE('',(#5967),#5985,.F.);
#5967 = FACE_BOUND('',#5968,.F.);
#5968 = EDGE_LOOP('',(#5969,#5970,#5971,#5979));
#5969 = ORIENTED_EDGE('',*,*,#5948,.T.);
#5970 = ORIENTED_EDGE('',*,*,#2839,.T.);
#5971 = ORIENTED_EDGE('',*,*,#5972,.F.);
#5972 = EDGE_CURVE('',#5973,#2832,#5975,.T.);
#5973 = VERTEX_POINT('',#5974);
#5974 = CARTESIAN_POINT('',(58.7875,-1.31,-2.));
#5975 = LINE('',#5976,#5977);
#5976 = CARTESIAN_POINT('',(58.7875,-1.31,-2.));
#5977 = VECTOR('',#5978,1.);
#5978 = DIRECTION('',(0.,0.,1.));
#5979 = ORIENTED_EDGE('',*,*,#5980,.F.);
#5980 = EDGE_CURVE('',#5949,#5973,#5981,.T.);
#5981 = LINE('',#5982,#5983);
#5982 = CARTESIAN_POINT('',(40.8625,-1.31,-2.));
#5983 = VECTOR('',#5984,1.);
#5984 = DIRECTION('',(1.,0.,0.));
#5985 = PLANE('',#5986);
#5986 = AXIS2_PLACEMENT_3D('',#5987,#5988,#5989);
#5987 = CARTESIAN_POINT('',(40.3625,-1.31,-2.));
#5988 = DIRECTION('',(0.,1.,0.));
#5989 = DIRECTION('',(1.,0.,0.));
#5990 = ADVANCED_FACE('',(#5991),#6009,.F.);
#5991 = FACE_BOUND('',#5992,.F.);
#5992 = EDGE_LOOP('',(#5993,#5994,#5995,#6003));
#5993 = ORIENTED_EDGE('',*,*,#5972,.T.);
#5994 = ORIENTED_EDGE('',*,*,#2831,.T.);
#5995 = ORIENTED_EDGE('',*,*,#5996,.F.);
#5996 = EDGE_CURVE('',#5997,#2824,#5999,.T.);
#5997 = VERTEX_POINT('',#5998);
#5998 = CARTESIAN_POINT('',(58.7875,-0.81,-2.));
#5999 = LINE('',#6000,#6001);
#6000 = CARTESIAN_POINT('',(58.7875,-0.81,-2.));
#6001 = VECTOR('',#6002,1.);
#6002 = DIRECTION('',(0.,0.,1.));
#6003 = ORIENTED_EDGE('',*,*,#6004,.F.);
#6004 = EDGE_CURVE('',#5973,#5997,#6005,.T.);
#6005 = LINE('',#6006,#6007);
#6006 = CARTESIAN_POINT('',(58.7875,-1.81,-2.));
#6007 = VECTOR('',#6008,1.);
#6008 = DIRECTION('',(0.,1.,0.));
#6009 = PLANE('',#6010);
#6010 = AXIS2_PLACEMENT_3D('',#6011,#6012,#6013);
#6011 = CARTESIAN_POINT('',(58.7875,-1.31,-2.));
#6012 = DIRECTION('',(-1.,0.,0.));
#6013 = DIRECTION('',(0.,1.,0.));
#6014 = ADVANCED_FACE('',(#6015),#6033,.F.);
#6015 = FACE_BOUND('',#6016,.F.);
#6016 = EDGE_LOOP('',(#6017,#6018,#6019,#6027));
#6017 = ORIENTED_EDGE('',*,*,#5996,.T.);
#6018 = ORIENTED_EDGE('',*,*,#2823,.T.);
#6019 = ORIENTED_EDGE('',*,*,#6020,.F.);
#6020 = EDGE_CURVE('',#6021,#2816,#6023,.T.);
#6021 = VERTEX_POINT('',#6022);
#6022 = CARTESIAN_POINT('',(59.4125,-0.81,-2.));
#6023 = LINE('',#6024,#6025);
#6024 = CARTESIAN_POINT('',(59.4125,-0.81,-2.));
#6025 = VECTOR('',#6026,1.);
#6026 = DIRECTION('',(0.,0.,1.));
#6027 = ORIENTED_EDGE('',*,*,#6028,.F.);
#6028 = EDGE_CURVE('',#5997,#6021,#6029,.T.);
#6029 = LINE('',#6030,#6031);
#6030 = CARTESIAN_POINT('',(59.2875,-0.81,-2.));
#6031 = VECTOR('',#6032,1.);
#6032 = DIRECTION('',(1.,0.,0.));
#6033 = PLANE('',#6034);
#6034 = AXIS2_PLACEMENT_3D('',#6035,#6036,#6037);
#6035 = CARTESIAN_POINT('',(58.7875,-0.81,-2.));
#6036 = DIRECTION('',(0.,1.,0.));
#6037 = DIRECTION('',(1.,0.,0.));
#6038 = ADVANCED_FACE('',(#6039),#6057,.F.);
#6039 = FACE_BOUND('',#6040,.F.);
#6040 = EDGE_LOOP('',(#6041,#6042,#6043,#6051));
#6041 = ORIENTED_EDGE('',*,*,#6020,.T.);
#6042 = ORIENTED_EDGE('',*,*,#2815,.T.);
#6043 = ORIENTED_EDGE('',*,*,#6044,.F.);
#6044 = EDGE_CURVE('',#6045,#2808,#6047,.T.);
#6045 = VERTEX_POINT('',#6046);
#6046 = CARTESIAN_POINT('',(59.4125,0.595,-2.));
#6047 = LINE('',#6048,#6049);
#6048 = CARTESIAN_POINT('',(59.4125,0.595,-2.));
#6049 = VECTOR('',#6050,1.);
#6050 = DIRECTION('',(0.,0.,1.));
#6051 = ORIENTED_EDGE('',*,*,#6052,.F.);
#6052 = EDGE_CURVE('',#6021,#6045,#6053,.T.);
#6053 = LINE('',#6054,#6055);
#6054 = CARTESIAN_POINT('',(59.4125,-1.31,-2.));
#6055 = VECTOR('',#6056,1.);
#6056 = DIRECTION('',(0.,1.,0.));
#6057 = PLANE('',#6058);
#6058 = AXIS2_PLACEMENT_3D('',#6059,#6060,#6061);
#6059 = CARTESIAN_POINT('',(59.4125,-0.81,-2.));
#6060 = DIRECTION('',(-1.,0.,0.));
#6061 = DIRECTION('',(0.,1.,0.));
#6062 = ADVANCED_FACE('',(#6063),#6081,.F.);
#6063 = FACE_BOUND('',#6064,.F.);
#6064 = EDGE_LOOP('',(#6065,#6066,#6067,#6075));
#6065 = ORIENTED_EDGE('',*,*,#6044,.T.);
#6066 = ORIENTED_EDGE('',*,*,#2807,.T.);
#6067 = ORIENTED_EDGE('',*,*,#6068,.F.);
#6068 = EDGE_CURVE('',#6069,#2800,#6071,.T.);
#6069 = VERTEX_POINT('',#6070);
#6070 = CARTESIAN_POINT('',(77.8375,0.595,-2.));
#6071 = LINE('',#6072,#6073);
#6072 = CARTESIAN_POINT('',(77.8375,0.595,-2.));
#6073 = VECTOR('',#6074,1.);
#6074 = DIRECTION('',(0.,0.,1.));
#6075 = ORIENTED_EDGE('',*,*,#6076,.F.);
#6076 = EDGE_CURVE('',#6045,#6069,#6077,.T.);
#6077 = LINE('',#6078,#6079);
#6078 = CARTESIAN_POINT('',(59.9125,0.595,-2.));
#6079 = VECTOR('',#6080,1.);
#6080 = DIRECTION('',(1.,0.,0.));
#6081 = PLANE('',#6082);
#6082 = AXIS2_PLACEMENT_3D('',#6083,#6084,#6085);
#6083 = CARTESIAN_POINT('',(59.4125,0.595,-2.));
#6084 = DIRECTION('',(0.,1.,0.));
#6085 = DIRECTION('',(1.,0.,0.));
#6086 = ADVANCED_FACE('',(#6087),#6105,.F.);
#6087 = FACE_BOUND('',#6088,.F.);
#6088 = EDGE_LOOP('',(#6089,#6090,#6091,#6099));
#6089 = ORIENTED_EDGE('',*,*,#6068,.T.);
#6090 = ORIENTED_EDGE('',*,*,#2799,.T.);
#6091 = ORIENTED_EDGE('',*,*,#6092,.F.);
#6092 = EDGE_CURVE('',#6093,#2792,#6095,.T.);
#6093 = VERTEX_POINT('',#6094);
#6094 = CARTESIAN_POINT('',(77.8375,1.095,-2.));
#6095 = LINE('',#6096,#6097);
#6096 = CARTESIAN_POINT('',(77.8375,1.095,-2.));
#6097 = VECTOR('',#6098,1.);
#6098 = DIRECTION('',(0.,0.,1.));
#6099 = ORIENTED_EDGE('',*,*,#6100,.F.);
#6100 = EDGE_CURVE('',#6069,#6093,#6101,.T.);
#6101 = LINE('',#6102,#6103);
#6102 = CARTESIAN_POINT('',(77.8375,9.5E-02,-2.));
#6103 = VECTOR('',#6104,1.);
#6104 = DIRECTION('',(0.,1.,0.));
#6105 = PLANE('',#6106);
#6106 = AXIS2_PLACEMENT_3D('',#6107,#6108,#6109);
#6107 = CARTESIAN_POINT('',(77.8375,0.595,-2.));
#6108 = DIRECTION('',(-1.,0.,0.));
#6109 = DIRECTION('',(0.,1.,0.));
#6110 = ADVANCED_FACE('',(#6111),#6129,.F.);
#6111 = FACE_BOUND('',#6112,.F.);
#6112 = EDGE_LOOP('',(#6113,#6114,#6115,#6123));
#6113 = ORIENTED_EDGE('',*,*,#6092,.T.);
#6114 = ORIENTED_EDGE('',*,*,#2791,.T.);
#6115 = ORIENTED_EDGE('',*,*,#6116,.F.);
#6116 = EDGE_CURVE('',#6117,#2784,#6119,.T.);
#6117 = VERTEX_POINT('',#6118);
#6118 = CARTESIAN_POINT('',(78.4625,1.095,-2.));
#6119 = LINE('',#6120,#6121);
#6120 = CARTESIAN_POINT('',(78.4625,1.095,-2.));
#6121 = VECTOR('',#6122,1.);
#6122 = DIRECTION('',(0.,0.,1.));
#6123 = ORIENTED_EDGE('',*,*,#6124,.F.);
#6124 = EDGE_CURVE('',#6093,#6117,#6125,.T.);
#6125 = LINE('',#6126,#6127);
#6126 = CARTESIAN_POINT('',(78.3375,1.095,-2.));
#6127 = VECTOR('',#6128,1.);
#6128 = DIRECTION('',(1.,0.,0.));
#6129 = PLANE('',#6130);
#6130 = AXIS2_PLACEMENT_3D('',#6131,#6132,#6133);
#6131 = CARTESIAN_POINT('',(77.8375,1.095,-2.));
#6132 = DIRECTION('',(0.,1.,0.));
#6133 = DIRECTION('',(1.,0.,0.));
#6134 = ADVANCED_FACE('',(#6135),#6153,.F.);
#6135 = FACE_BOUND('',#6136,.F.);
#6136 = EDGE_LOOP('',(#6137,#6138,#6139,#6147));
#6137 = ORIENTED_EDGE('',*,*,#6116,.T.);
#6138 = ORIENTED_EDGE('',*,*,#2783,.T.);
#6139 = ORIENTED_EDGE('',*,*,#6140,.F.);
#6140 = EDGE_CURVE('',#6141,#2776,#6143,.T.);
#6141 = VERTEX_POINT('',#6142);
#6142 = CARTESIAN_POINT('',(78.4625,2.5,-2.));
#6143 = LINE('',#6144,#6145);
#6144 = CARTESIAN_POINT('',(78.4625,2.5,-2.));
#6145 = VECTOR('',#6146,1.);
#6146 = DIRECTION('',(0.,0.,1.));
#6147 = ORIENTED_EDGE('',*,*,#6148,.F.);
#6148 = EDGE_CURVE('',#6117,#6141,#6149,.T.);
#6149 = LINE('',#6150,#6151);
#6150 = CARTESIAN_POINT('',(78.4625,0.595,-2.));
#6151 = VECTOR('',#6152,1.);
#6152 = DIRECTION('',(0.,1.,0.));
#6153 = PLANE('',#6154);
#6154 = AXIS2_PLACEMENT_3D('',#6155,#6156,#6157);
#6155 = CARTESIAN_POINT('',(78.4625,1.095,-2.));
#6156 = DIRECTION('',(-1.,0.,0.));
#6157 = DIRECTION('',(0.,1.,0.));
#6158 = ADVANCED_FACE('',(#6159),#6177,.F.);
#6159 = FACE_BOUND('',#6160,.F.);
#6160 = EDGE_LOOP('',(#6161,#6162,#6163,#6171));
#6161 = ORIENTED_EDGE('',*,*,#6140,.T.);
#6162 = ORIENTED_EDGE('',*,*,#2775,.T.);
#6163 = ORIENTED_EDGE('',*,*,#6164,.F.);
#6164 = EDGE_CURVE('',#6165,#2768,#6167,.T.);
#6165 = VERTEX_POINT('',#6166);
#6166 = CARTESIAN_POINT('',(102.5125,2.5,-2.));
#6167 = LINE('',#6168,#6169);
#6168 = CARTESIAN_POINT('',(102.5125,2.5,-2.));
#6169 = VECTOR('',#6170,1.);
#6170 = DIRECTION('',(0.,0.,1.));
#6171 = ORIENTED_EDGE('',*,*,#6172,.F.);
#6172 = EDGE_CURVE('',#6141,#6165,#6173,.T.);
#6173 = LINE('',#6174,#6175);
#6174 = CARTESIAN_POINT('',(78.9625,2.5,-2.));
#6175 = VECTOR('',#6176,1.);
#6176 = DIRECTION('',(1.,0.,0.));
#6177 = PLANE('',#6178);
#6178 = AXIS2_PLACEMENT_3D('',#6179,#6180,#6181);
#6179 = CARTESIAN_POINT('',(78.4625,2.5,-2.));
#6180 = DIRECTION('',(0.,1.,0.));
#6181 = DIRECTION('',(1.,0.,0.));
#6182 = ADVANCED_FACE('',(#6183),#6201,.F.);
#6183 = FACE_BOUND('',#6184,.F.);
#6184 = EDGE_LOOP('',(#6185,#6186,#6187,#6195));
#6185 = ORIENTED_EDGE('',*,*,#6164,.T.);
#6186 = ORIENTED_EDGE('',*,*,#2767,.T.);
#6187 = ORIENTED_EDGE('',*,*,#6188,.F.);
#6188 = EDGE_CURVE('',#6189,#2760,#6191,.T.);
#6189 = VERTEX_POINT('',#6190);
#6190 = CARTESIAN_POINT('',(102.5125,0.595,-2.));
#6191 = LINE('',#6192,#6193);
#6192 = CARTESIAN_POINT('',(102.5125,0.595,-2.));
#6193 = VECTOR('',#6194,1.);
#6194 = DIRECTION('',(0.,0.,1.));
#6195 = ORIENTED_EDGE('',*,*,#6196,.F.);
#6196 = EDGE_CURVE('',#6165,#6189,#6197,.T.);
#6197 = LINE('',#6198,#6199);
#6198 = CARTESIAN_POINT('',(102.5125,2.,-2.));
#6199 = VECTOR('',#6200,1.);
#6200 = DIRECTION('',(0.,-1.,0.));
#6201 = PLANE('',#6202);
#6202 = AXIS2_PLACEMENT_3D('',#6203,#6204,#6205);
#6203 = CARTESIAN_POINT('',(102.5125,2.5,-2.));
#6204 = DIRECTION('',(1.,0.,0.));
#6205 = DIRECTION('',(0.,-1.,0.));
#6206 = ADVANCED_FACE('',(#6207),#6225,.F.);
#6207 = FACE_BOUND('',#6208,.F.);
#6208 = EDGE_LOOP('',(#6209,#6210,#6211,#6219));
#6209 = ORIENTED_EDGE('',*,*,#6188,.T.);
#6210 = ORIENTED_EDGE('',*,*,#2759,.T.);
#6211 = ORIENTED_EDGE('',*,*,#6212,.F.);
#6212 = EDGE_CURVE('',#6213,#2752,#6215,.T.);
#6213 = VERTEX_POINT('',#6214);
#6214 = CARTESIAN_POINT('',(121.5625,0.595,-2.));
#6215 = LINE('',#6216,#6217);
#6216 = CARTESIAN_POINT('',(121.5625,0.595,-2.));
#6217 = VECTOR('',#6218,1.);
#6218 = DIRECTION('',(0.,0.,1.));
#6219 = ORIENTED_EDGE('',*,*,#6220,.F.);
#6220 = EDGE_CURVE('',#6189,#6213,#6221,.T.);
#6221 = LINE('',#6222,#6223);
#6222 = CARTESIAN_POINT('',(102.0125,0.595,-2.));
#6223 = VECTOR('',#6224,1.);
#6224 = DIRECTION('',(1.,0.,0.));
#6225 = PLANE('',#6226);
#6226 = AXIS2_PLACEMENT_3D('',#6227,#6228,#6229);
#6227 = CARTESIAN_POINT('',(102.5125,0.595,-2.));
#6228 = DIRECTION('',(0.,1.,0.));
#6229 = DIRECTION('',(1.,0.,0.));
#6230 = ADVANCED_FACE('',(#6231),#6249,.F.);
#6231 = FACE_BOUND('',#6232,.F.);
#6232 = EDGE_LOOP('',(#6233,#6234,#6235,#6243));
#6233 = ORIENTED_EDGE('',*,*,#6212,.T.);
#6234 = ORIENTED_EDGE('',*,*,#2751,.T.);
#6235 = ORIENTED_EDGE('',*,*,#6236,.F.);
#6236 = EDGE_CURVE('',#6237,#2744,#6239,.T.);
#6237 = VERTEX_POINT('',#6238);
#6238 = CARTESIAN_POINT('',(121.5625,-1.31,-2.));
#6239 = LINE('',#6240,#6241);
#6240 = CARTESIAN_POINT('',(121.5625,-1.31,-2.));
#6241 = VECTOR('',#6242,1.);
#6242 = DIRECTION('',(0.,0.,1.));
#6243 = ORIENTED_EDGE('',*,*,#6244,.F.);
#6244 = EDGE_CURVE('',#6213,#6237,#6245,.T.);
#6245 = LINE('',#6246,#6247);
#6246 = CARTESIAN_POINT('',(121.5625,9.5E-02,-2.));
#6247 = VECTOR('',#6248,1.);
#6248 = DIRECTION('',(0.,-1.,0.));
#6249 = PLANE('',#6250);
#6250 = AXIS2_PLACEMENT_3D('',#6251,#6252,#6253);
#6251 = CARTESIAN_POINT('',(121.5625,0.595,-2.));
#6252 = DIRECTION('',(1.,0.,0.));
#6253 = DIRECTION('',(0.,-1.,0.));
#6254 = ADVANCED_FACE('',(#6255),#6273,.F.);
#6255 = FACE_BOUND('',#6256,.F.);
#6256 = EDGE_LOOP('',(#6257,#6258,#6259,#6267));
#6257 = ORIENTED_EDGE('',*,*,#6236,.T.);
#6258 = ORIENTED_EDGE('',*,*,#2743,.T.);
#6259 = ORIENTED_EDGE('',*,*,#6260,.F.);
#6260 = EDGE_CURVE('',#6261,#2736,#6263,.T.);
#6261 = VERTEX_POINT('',#6262);
#6262 = CARTESIAN_POINT('',(136.8415,-1.31,-2.));
#6263 = LINE('',#6264,#6265);
#6264 = CARTESIAN_POINT('',(136.8415,-1.31,-2.));
#6265 = VECTOR('',#6266,1.);
#6266 = DIRECTION('',(0.,0.,1.));
#6267 = ORIENTED_EDGE('',*,*,#6268,.F.);
#6268 = EDGE_CURVE('',#6237,#6261,#6269,.T.);
#6269 = LINE('',#6270,#6271);
#6270 = CARTESIAN_POINT('',(121.0625,-1.31,-2.));
#6271 = VECTOR('',#6272,1.);
#6272 = DIRECTION('',(1.,0.,0.));
#6273 = PLANE('',#6274);
#6274 = AXIS2_PLACEMENT_3D('',#6275,#6276,#6277);
#6275 = CARTESIAN_POINT('',(121.5625,-1.31,-2.));
#6276 = DIRECTION('',(0.,1.,0.));
#6277 = DIRECTION('',(1.,0.,0.));
#6278 = ADVANCED_FACE('',(#6279),#6297,.F.);
#6279 = FACE_BOUND('',#6280,.F.);
#6280 = EDGE_LOOP('',(#6281,#6282,#6283,#6291));
#6281 = ORIENTED_EDGE('',*,*,#6260,.T.);
#6282 = ORIENTED_EDGE('',*,*,#2735,.T.);
#6283 = ORIENTED_EDGE('',*,*,#6284,.F.);
#6284 = EDGE_CURVE('',#6285,#2728,#6287,.T.);
#6285 = VERTEX_POINT('',#6286);
#6286 = CARTESIAN_POINT('',(136.8415,2.8925,-2.));
#6287 = LINE('',#6288,#6289);
#6288 = CARTESIAN_POINT('',(136.8415,2.8925,-2.));
#6289 = VECTOR('',#6290,1.);
#6290 = DIRECTION('',(0.,0.,1.));
#6291 = ORIENTED_EDGE('',*,*,#6292,.F.);
#6292 = EDGE_CURVE('',#6261,#6285,#6293,.T.);
#6293 = LINE('',#6294,#6295);
#6294 = CARTESIAN_POINT('',(136.8415,-1.81,-2.));
#6295 = VECTOR('',#6296,1.);
#6296 = DIRECTION('',(0.,1.,0.));
#6297 = PLANE('',#6298);
#6298 = AXIS2_PLACEMENT_3D('',#6299,#6300,#6301);
#6299 = CARTESIAN_POINT('',(136.8415,-1.31,-2.));
#6300 = DIRECTION('',(-1.,0.,0.));
#6301 = DIRECTION('',(0.,1.,0.));
#6302 = ADVANCED_FACE('',(#6303),#6314,.F.);
#6303 = FACE_BOUND('',#6304,.F.);
#6304 = EDGE_LOOP('',(#6305,#6306,#6307,#6308));
#6305 = ORIENTED_EDGE('',*,*,#6284,.T.);
#6306 = ORIENTED_EDGE('',*,*,#2727,.T.);
#6307 = ORIENTED_EDGE('',*,*,#3147,.F.);
#6308 = ORIENTED_EDGE('',*,*,#6309,.F.);
#6309 = EDGE_CURVE('',#6285,#3148,#6310,.T.);
#6310 = LINE('',#6311,#6312);
#6311 = CARTESIAN_POINT('',(137.3415,2.8925,-2.));
#6312 = VECTOR('',#6313,1.);
#6313 = DIRECTION('',(1.,0.,0.));
#6314 = PLANE('',#6315);
#6315 = AXIS2_PLACEMENT_3D('',#6316,#6317,#6318);
#6316 = CARTESIAN_POINT('',(136.8415,2.8925,-2.));
#6317 = DIRECTION('',(0.,1.,0.));
#6318 = DIRECTION('',(1.,0.,0.));
#6319 = ADVANCED_FACE('',(#6320,#6369,#6380,#6391),#6402,.F.);
#6320 = FACE_BOUND('',#6321,.F.);
#6321 = EDGE_LOOP('',(#6322,#6323,#6324,#6325,#6326,#6327,#6328,#6329,
    #6330,#6331,#6332,#6333,#6334,#6335,#6336,#6337,#6338,#6339,#6340,
    #6341,#6342,#6343,#6344,#6345,#6346,#6347,#6348,#6349,#6350,#6351,
    #6352,#6353,#6354,#6355,#6356,#6357,#6358,#6359,#6360,#6361,#6362,
    #6363,#6364,#6365,#6366,#6367,#6368));
#6322 = ORIENTED_EDGE('',*,*,#3164,.T.);
#6323 = ORIENTED_EDGE('',*,*,#5267,.T.);
#6324 = ORIENTED_EDGE('',*,*,#5284,.T.);
#6325 = ORIENTED_EDGE('',*,*,#3127,.T.);
#6326 = ORIENTED_EDGE('',*,*,#5308,.T.);
#6327 = ORIENTED_EDGE('',*,*,#5332,.T.);
#6328 = ORIENTED_EDGE('',*,*,#5356,.T.);
#6329 = ORIENTED_EDGE('',*,*,#5380,.T.);
#6330 = ORIENTED_EDGE('',*,*,#5404,.T.);
#6331 = ORIENTED_EDGE('',*,*,#5428,.T.);
#6332 = ORIENTED_EDGE('',*,*,#5452,.T.);
#6333 = ORIENTED_EDGE('',*,*,#5476,.T.);
#6334 = ORIENTED_EDGE('',*,*,#5500,.T.);
#6335 = ORIENTED_EDGE('',*,*,#5524,.T.);
#6336 = ORIENTED_EDGE('',*,*,#5548,.T.);
#6337 = ORIENTED_EDGE('',*,*,#5572,.T.);
#6338 = ORIENTED_EDGE('',*,*,#5596,.T.);
#6339 = ORIENTED_EDGE('',*,*,#5620,.T.);
#6340 = ORIENTED_EDGE('',*,*,#5644,.T.);
#6341 = ORIENTED_EDGE('',*,*,#5668,.T.);
#6342 = ORIENTED_EDGE('',*,*,#5692,.T.);
#6343 = ORIENTED_EDGE('',*,*,#5716,.T.);
#6344 = ORIENTED_EDGE('',*,*,#5740,.T.);
#6345 = ORIENTED_EDGE('',*,*,#5764,.T.);
#6346 = ORIENTED_EDGE('',*,*,#5788,.T.);
#6347 = ORIENTED_EDGE('',*,*,#5812,.T.);
#6348 = ORIENTED_EDGE('',*,*,#5836,.T.);
#6349 = ORIENTED_EDGE('',*,*,#5860,.T.);
#6350 = ORIENTED_EDGE('',*,*,#5884,.T.);
#6351 = ORIENTED_EDGE('',*,*,#5908,.T.);
#6352 = ORIENTED_EDGE('',*,*,#5932,.T.);
#6353 = ORIENTED_EDGE('',*,*,#5956,.T.);
#6354 = ORIENTED_EDGE('',*,*,#5980,.T.);
#6355 = ORIENTED_EDGE('',*,*,#6004,.T.);
#6356 = ORIENTED_EDGE('',*,*,#6028,.T.);
#6357 = ORIENTED_EDGE('',*,*,#6052,.T.);
#6358 = ORIENTED_EDGE('',*,*,#6076,.T.);
#6359 = ORIENTED_EDGE('',*,*,#6100,.T.);
#6360 = ORIENTED_EDGE('',*,*,#6124,.T.);
#6361 = ORIENTED_EDGE('',*,*,#6148,.T.);
#6362 = ORIENTED_EDGE('',*,*,#6172,.T.);
#6363 = ORIENTED_EDGE('',*,*,#6196,.T.);
#6364 = ORIENTED_EDGE('',*,*,#6220,.T.);
#6365 = ORIENTED_EDGE('',*,*,#6244,.T.);
#6366 = ORIENTED_EDGE('',*,*,#6268,.T.);
#6367 = ORIENTED_EDGE('',*,*,#6292,.T.);
#6368 = ORIENTED_EDGE('',*,*,#6309,.T.);
#6369 = FACE_BOUND('',#6370,.F.);
#6370 = EDGE_LOOP('',(#6371));
#6371 = ORIENTED_EDGE('',*,*,#6372,.T.);
#6372 = EDGE_CURVE('',#6373,#6373,#6375,.T.);
#6373 = VERTEX_POINT('',#6374);
#6374 = CARTESIAN_POINT('',(85.15,-96.0075,-2.));
#6375 = CIRCLE('',#6376,2.5);
#6376 = AXIS2_PLACEMENT_3D('',#6377,#6378,#6379);
#6377 = CARTESIAN_POINT('',(82.65,-96.0075,-2.));
#6378 = DIRECTION('',(0.,0.,1.));
#6379 = DIRECTION('',(1.,0.,0.));
#6380 = FACE_BOUND('',#6381,.F.);
#6381 = EDGE_LOOP('',(#6382));
#6382 = ORIENTED_EDGE('',*,*,#6383,.T.);
#6383 = EDGE_CURVE('',#6384,#6384,#6386,.T.);
#6384 = VERTEX_POINT('',#6385);
#6385 = CARTESIAN_POINT('',(150.75,-26.3075,-2.));
#6386 = CIRCLE('',#6387,2.5);
#6387 = AXIS2_PLACEMENT_3D('',#6388,#6389,#6390);
#6388 = CARTESIAN_POINT('',(148.25,-26.3075,-2.));
#6389 = DIRECTION('',(0.,0.,1.));
#6390 = DIRECTION('',(1.,0.,0.));
#6391 = FACE_BOUND('',#6392,.F.);
#6392 = EDGE_LOOP('',(#6393));
#6393 = ORIENTED_EDGE('',*,*,#6394,.T.);
#6394 = EDGE_CURVE('',#6395,#6395,#6397,.T.);
#6395 = VERTEX_POINT('',#6396);
#6396 = CARTESIAN_POINT('',(23.65,-38.6075,-2.));
#6397 = CIRCLE('',#6398,2.5);
#6398 = AXIS2_PLACEMENT_3D('',#6399,#6400,#6401);
#6399 = CARTESIAN_POINT('',(21.15,-38.6075,-2.));
#6400 = DIRECTION('',(0.,0.,1.));
#6401 = DIRECTION('',(1.,0.,0.));
#6402 = PLANE('',#6403);
#6403 = AXIS2_PLACEMENT_3D('',#6404,#6405,#6406);
#6404 = CARTESIAN_POINT('',(94.100235918067,-57.38696961959,-2.));
#6405 = DIRECTION('',(-0.,-0.,-1.));
#6406 = DIRECTION('',(-1.,0.,0.));
#6407 = ADVANCED_FACE('',(#6408),#6419,.T.);
#6408 = FACE_BOUND('',#6409,.T.);
#6409 = EDGE_LOOP('',(#6410,#6416,#6417,#6418));
#6410 = ORIENTED_EDGE('',*,*,#6411,.T.);
#6411 = EDGE_CURVE('',#3209,#4391,#6412,.T.);
#6412 = LINE('',#6413,#6414);
#6413 = CARTESIAN_POINT('',(123.5625,2.595,-2.));
#6414 = VECTOR('',#6415,1.);
#6415 = DIRECTION('',(0.,0.,1.));
#6416 = ORIENTED_EDGE('',*,*,#4399,.T.);
#6417 = ORIENTED_EDGE('',*,*,#3232,.F.);
#6418 = ORIENTED_EDGE('',*,*,#3218,.F.);
#6419 = PLANE('',#6420);
#6420 = AXIS2_PLACEMENT_3D('',#6421,#6422,#6423);
#6421 = CARTESIAN_POINT('',(123.5625,2.595,-2.));
#6422 = DIRECTION('',(1.,0.,0.));
#6423 = DIRECTION('',(0.,-1.,0.));
#6424 = ADVANCED_FACE('',(#6425),#6436,.T.);
#6425 = FACE_BOUND('',#6426,.T.);
#6426 = EDGE_LOOP('',(#6427,#6428,#6429,#6435));
#6427 = ORIENTED_EDGE('',*,*,#4271,.T.);
#6428 = ORIENTED_EDGE('',*,*,#4323,.T.);
#6429 = ORIENTED_EDGE('',*,*,#6430,.F.);
#6430 = EDGE_CURVE('',#3277,#4324,#6431,.T.);
#6431 = LINE('',#6432,#6433);
#6432 = CARTESIAN_POINT('',(152.95516823387,-80.7,-2.));
#6433 = VECTOR('',#6434,1.);
#6434 = DIRECTION('',(0.,0.,1.));
#6435 = ORIENTED_EDGE('',*,*,#3284,.F.);
#6436 = PLANE('',#6437);
#6437 = AXIS2_PLACEMENT_3D('',#6438,#6439,#6440);
#6438 = CARTESIAN_POINT('',(161.6625,-80.7,-2.));
#6439 = DIRECTION('',(0.,-1.,0.));
#6440 = DIRECTION('',(-1.,0.,0.));
#6441 = ADVANCED_FACE('',(#6442),#6453,.T.);
#6442 = FACE_BOUND('',#6443,.T.);
#6443 = EDGE_LOOP('',(#6444,#6445,#6446,#6452));
#6444 = ORIENTED_EDGE('',*,*,#6430,.T.);
#6445 = ORIENTED_EDGE('',*,*,#4366,.T.);
#6446 = ORIENTED_EDGE('',*,*,#6447,.F.);
#6447 = EDGE_CURVE('',#3301,#4367,#6448,.T.);
#6448 = LINE('',#6449,#6450);
#6449 = CARTESIAN_POINT('',(160.02570241977,-82.59454268975,-2.));
#6450 = VECTOR('',#6451,1.);
#6451 = DIRECTION('',(0.,0.,1.));
#6452 = ORIENTED_EDGE('',*,*,#3308,.F.);
#6453 = PLANE('',#6454);
#6454 = AXIS2_PLACEMENT_3D('',#6455,#6456,#6457);
#6455 = CARTESIAN_POINT('',(152.95516823387,-80.7,-2.));
#6456 = DIRECTION('',(0.258818887635,0.965925868482,0.));
#6457 = DIRECTION('',(0.965925868482,-0.258818887635,0.));
#6458 = ADVANCED_FACE('',(#6459),#6470,.T.);
#6459 = FACE_BOUND('',#6460,.T.);
#6460 = EDGE_LOOP('',(#6461,#6462,#6463,#6469));
#6461 = ORIENTED_EDGE('',*,*,#6447,.T.);
#6462 = ORIENTED_EDGE('',*,*,#4416,.T.);
#6463 = ORIENTED_EDGE('',*,*,#6464,.F.);
#6464 = EDGE_CURVE('',#3325,#4417,#6465,.T.);
#6465 = LINE('',#6466,#6467);
#6466 = CARTESIAN_POINT('',(158.46470024211,-88.42028081691,-2.));
#6467 = VECTOR('',#6468,1.);
#6468 = DIRECTION('',(0.,0.,1.));
#6469 = ORIENTED_EDGE('',*,*,#3332,.F.);
#6470 = PLANE('',#6471);
#6471 = AXIS2_PLACEMENT_3D('',#6472,#6473,#6474);
#6472 = CARTESIAN_POINT('',(160.02570241977,-82.59454268975,-2.));
#6473 = DIRECTION('',(0.965925811732,-0.258819099429,0.));
#6474 = DIRECTION('',(-0.258819099429,-0.965925811732,0.));
#6475 = ADVANCED_FACE('',(#6476),#6487,.T.);
#6476 = FACE_BOUND('',#6477,.T.);
#6477 = EDGE_LOOP('',(#6478,#6484,#6485,#6486));
#6478 = ORIENTED_EDGE('',*,*,#6479,.T.);
#6479 = EDGE_CURVE('',#3347,#4441,#6480,.T.);
#6480 = LINE('',#6481,#6482);
#6481 = CARTESIAN_POINT('',(104.5125,2.595,-2.));
#6482 = VECTOR('',#6483,1.);
#6483 = DIRECTION('',(0.,0.,1.));
#6484 = ORIENTED_EDGE('',*,*,#4449,.T.);
#6485 = ORIENTED_EDGE('',*,*,#6411,.F.);
#6486 = ORIENTED_EDGE('',*,*,#3356,.F.);
#6487 = PLANE('',#6488);
#6488 = AXIS2_PLACEMENT_3D('',#6489,#6490,#6491);
#6489 = CARTESIAN_POINT('',(104.5125,2.595,-2.));
#6490 = DIRECTION('',(0.,1.,0.));
#6491 = DIRECTION('',(1.,0.,0.));
#6492 = ADVANCED_FACE('',(#6493),#6504,.T.);
#6493 = FACE_BOUND('',#6494,.T.);
#6494 = EDGE_LOOP('',(#6495,#6496,#6497,#6503));
#6495 = ORIENTED_EDGE('',*,*,#6464,.T.);
#6496 = ORIENTED_EDGE('',*,*,#4466,.T.);
#6497 = ORIENTED_EDGE('',*,*,#6498,.F.);
#6498 = EDGE_CURVE('',#3373,#4467,#6499,.T.);
#6499 = LINE('',#6500,#6501);
#6500 = CARTESIAN_POINT('',(160.60421989829,-88.99357072478,-2.));
#6501 = VECTOR('',#6502,1.);
#6502 = DIRECTION('',(0.,0.,1.));
#6503 = ORIENTED_EDGE('',*,*,#3380,.F.);
#6504 = PLANE('',#6505);
#6505 = AXIS2_PLACEMENT_3D('',#6506,#6507,#6508);
#6506 = CARTESIAN_POINT('',(158.46470024211,-88.42028081691,-2.));
#6507 = DIRECTION('',(0.258822138501,0.96592499741,0.));
#6508 = DIRECTION('',(0.96592499741,-0.258822138501,0.));
#6509 = ADVANCED_FACE('',(#6510),#6521,.T.);
#6510 = FACE_BOUND('',#6511,.T.);
#6511 = EDGE_LOOP('',(#6512,#6518,#6519,#6520));
#6512 = ORIENTED_EDGE('',*,*,#6513,.T.);
#6513 = EDGE_CURVE('',#3395,#4491,#6514,.T.);
#6514 = LINE('',#6515,#6516);
#6515 = CARTESIAN_POINT('',(104.5125,4.5,-2.));
#6516 = VECTOR('',#6517,1.);
#6517 = DIRECTION('',(0.,0.,1.));
#6518 = ORIENTED_EDGE('',*,*,#4499,.T.);
#6519 = ORIENTED_EDGE('',*,*,#6479,.F.);
#6520 = ORIENTED_EDGE('',*,*,#3404,.F.);
#6521 = PLANE('',#6522);
#6522 = AXIS2_PLACEMENT_3D('',#6523,#6524,#6525);
#6523 = CARTESIAN_POINT('',(104.5125,4.5,-2.));
#6524 = DIRECTION('',(1.,0.,0.));
#6525 = DIRECTION('',(0.,-1.,0.));
#6526 = ADVANCED_FACE('',(#6527),#6538,.T.);
#6527 = FACE_BOUND('',#6528,.T.);
#6528 = EDGE_LOOP('',(#6529,#6530,#6531,#6537));
#6529 = ORIENTED_EDGE('',*,*,#6498,.T.);
#6530 = ORIENTED_EDGE('',*,*,#4516,.T.);
#6531 = ORIENTED_EDGE('',*,*,#6532,.F.);
#6532 = EDGE_CURVE('',#3421,#4517,#6533,.T.);
#6533 = LINE('',#6534,#6535);
#6534 = CARTESIAN_POINT('',(150.30322508879,-127.4374199677,-2.));
#6535 = VECTOR('',#6536,1.);
#6536 = DIRECTION('',(0.,0.,1.));
#6537 = ORIENTED_EDGE('',*,*,#3428,.F.);
#6538 = PLANE('',#6539);
#6539 = AXIS2_PLACEMENT_3D('',#6540,#6541,#6542);
#6540 = CARTESIAN_POINT('',(160.60421989829,-88.99357072478,-2.));
#6541 = DIRECTION('',(0.965925848582,-0.258818961903,0.));
#6542 = DIRECTION('',(-0.258818961903,-0.965925848582,0.));
#6543 = ADVANCED_FACE('',(#6544),#6555,.T.);
#6544 = FACE_BOUND('',#6545,.T.);
#6545 = EDGE_LOOP('',(#6546,#6552,#6553,#6554));
#6546 = ORIENTED_EDGE('',*,*,#6547,.T.);
#6547 = EDGE_CURVE('',#3443,#4541,#6548,.T.);
#6548 = LINE('',#6549,#6550);
#6549 = CARTESIAN_POINT('',(76.4625,4.5,-2.));
#6550 = VECTOR('',#6551,1.);
#6551 = DIRECTION('',(0.,0.,1.));
#6552 = ORIENTED_EDGE('',*,*,#4549,.T.);
#6553 = ORIENTED_EDGE('',*,*,#6513,.F.);
#6554 = ORIENTED_EDGE('',*,*,#3452,.F.);
#6555 = PLANE('',#6556);
#6556 = AXIS2_PLACEMENT_3D('',#6557,#6558,#6559);
#6557 = CARTESIAN_POINT('',(76.4625,4.5,-2.));
#6558 = DIRECTION('',(0.,1.,0.));
#6559 = DIRECTION('',(1.,0.,0.));
#6560 = ADVANCED_FACE('',(#6561),#6572,.T.);
#6561 = FACE_BOUND('',#6562,.T.);
#6562 = EDGE_LOOP('',(#6563,#6564,#6565,#6571));
#6563 = ORIENTED_EDGE('',*,*,#6532,.T.);
#6564 = ORIENTED_EDGE('',*,*,#4566,.T.);
#6565 = ORIENTED_EDGE('',*,*,#6566,.F.);
#6566 = EDGE_CURVE('',#3469,#4567,#6567,.T.);
#6567 = LINE('',#6568,#6569);
#6568 = CARTESIAN_POINT('',(148.16370295009,-126.8641293946,-2.));
#6569 = VECTOR('',#6570,1.);
#6570 = DIRECTION('',(0.,0.,1.));
#6571 = ORIENTED_EDGE('',*,*,#3476,.F.);
#6572 = PLANE('',#6573);
#6573 = AXIS2_PLACEMENT_3D('',#6574,#6575,#6576);
#6574 = CARTESIAN_POINT('',(150.30322508879,-127.4374199677,-2.));
#6575 = DIRECTION('',(-0.258822138501,-0.96592499741,0.));
#6576 = DIRECTION('',(-0.96592499741,0.258822138501,0.));
#6577 = ADVANCED_FACE('',(#6578),#6589,.T.);
#6578 = FACE_BOUND('',#6579,.T.);
#6579 = EDGE_LOOP('',(#6580,#6586,#6587,#6588));
#6580 = ORIENTED_EDGE('',*,*,#6581,.T.);
#6581 = EDGE_CURVE('',#3491,#4591,#6582,.T.);
#6582 = LINE('',#6583,#6584);
#6583 = CARTESIAN_POINT('',(76.4625,3.095,-2.));
#6584 = VECTOR('',#6585,1.);
#6585 = DIRECTION('',(0.,0.,1.));
#6586 = ORIENTED_EDGE('',*,*,#4599,.T.);
#6587 = ORIENTED_EDGE('',*,*,#6547,.F.);
#6588 = ORIENTED_EDGE('',*,*,#3500,.F.);
#6589 = PLANE('',#6590);
#6590 = AXIS2_PLACEMENT_3D('',#6591,#6592,#6593);
#6591 = CARTESIAN_POINT('',(76.4625,3.095,-2.));
#6592 = DIRECTION('',(-1.,0.,0.));
#6593 = DIRECTION('',(0.,1.,0.));
#6594 = ADVANCED_FACE('',(#6595),#6606,.T.);
#6595 = FACE_BOUND('',#6596,.T.);
#6596 = EDGE_LOOP('',(#6597,#6598,#6599,#6605));
#6597 = ORIENTED_EDGE('',*,*,#6566,.T.);
#6598 = ORIENTED_EDGE('',*,*,#4616,.T.);
#6599 = ORIENTED_EDGE('',*,*,#6600,.F.);
#6600 = EDGE_CURVE('',#3517,#4617,#6601,.T.);
#6601 = LINE('',#6602,#6603);
#6602 = CARTESIAN_POINT('',(146.60269499274,-132.6898717714,-2.));
#6603 = VECTOR('',#6604,1.);
#6604 = DIRECTION('',(0.,0.,1.));
#6605 = ORIENTED_EDGE('',*,*,#3524,.F.);
#6606 = PLANE('',#6607);
#6607 = AXIS2_PLACEMENT_3D('',#6608,#6609,#6610);
#6608 = CARTESIAN_POINT('',(148.16370295009,-126.8641293946,-2.));
#6609 = DIRECTION('',(0.965925619359,-0.258819817375,0.));
#6610 = DIRECTION('',(-0.258819817375,-0.965925619359,0.));
#6611 = ADVANCED_FACE('',(#6612),#6623,.T.);
#6612 = FACE_BOUND('',#6613,.T.);
#6613 = EDGE_LOOP('',(#6614,#6620,#6621,#6622));
#6614 = ORIENTED_EDGE('',*,*,#6615,.T.);
#6615 = EDGE_CURVE('',#3539,#4641,#6616,.T.);
#6616 = LINE('',#6617,#6618);
#6617 = CARTESIAN_POINT('',(75.8375,3.095,-2.));
#6618 = VECTOR('',#6619,1.);
#6619 = DIRECTION('',(0.,0.,1.));
#6620 = ORIENTED_EDGE('',*,*,#4649,.T.);
#6621 = ORIENTED_EDGE('',*,*,#6581,.F.);
#6622 = ORIENTED_EDGE('',*,*,#3548,.F.);
#6623 = PLANE('',#6624);
#6624 = AXIS2_PLACEMENT_3D('',#6625,#6626,#6627);
#6625 = CARTESIAN_POINT('',(75.8375,3.095,-2.));
#6626 = DIRECTION('',(0.,1.,0.));
#6627 = DIRECTION('',(1.,0.,0.));
#6628 = ADVANCED_FACE('',(#6629),#6640,.T.);
#6629 = FACE_BOUND('',#6630,.T.);
#6630 = EDGE_LOOP('',(#6631,#6632,#6633,#6639));
#6631 = ORIENTED_EDGE('',*,*,#6600,.T.);
#6632 = ORIENTED_EDGE('',*,*,#4666,.T.);
#6633 = ORIENTED_EDGE('',*,*,#6634,.F.);
#6634 = EDGE_CURVE('',#3565,#4667,#6635,.T.);
#6635 = LINE('',#6636,#6637);
#6636 = CARTESIAN_POINT('',(119.50847551682,-125.4299962172,-2.));
#6637 = VECTOR('',#6638,1.);
#6638 = DIRECTION('',(0.,0.,1.));
#6639 = ORIENTED_EDGE('',*,*,#3572,.F.);
#6640 = PLANE('',#6641);
#6641 = AXIS2_PLACEMENT_3D('',#6642,#6643,#6644);
#6642 = CARTESIAN_POINT('',(146.60269499274,-132.6898717714,-2.));
#6643 = DIRECTION('',(-0.258819089211,-0.96592581447,0.));
#6644 = DIRECTION('',(-0.96592581447,0.258819089211,0.));
#6645 = ADVANCED_FACE('',(#6646),#6657,.T.);
#6646 = FACE_BOUND('',#6647,.T.);
#6647 = EDGE_LOOP('',(#6648,#6654,#6655,#6656));
#6648 = ORIENTED_EDGE('',*,*,#6649,.T.);
#6649 = EDGE_CURVE('',#3587,#4691,#6650,.T.);
#6650 = LINE('',#6651,#6652);
#6651 = CARTESIAN_POINT('',(75.8375,2.595,-2.));
#6652 = VECTOR('',#6653,1.);
#6653 = DIRECTION('',(0.,0.,1.));
#6654 = ORIENTED_EDGE('',*,*,#4699,.T.);
#6655 = ORIENTED_EDGE('',*,*,#6615,.F.);
#6656 = ORIENTED_EDGE('',*,*,#3596,.F.);
#6657 = PLANE('',#6658);
#6658 = AXIS2_PLACEMENT_3D('',#6659,#6660,#6661);
#6659 = CARTESIAN_POINT('',(75.8375,2.595,-2.));
#6660 = DIRECTION('',(-1.,0.,0.));
#6661 = DIRECTION('',(0.,1.,0.));
#6662 = ADVANCED_FACE('',(#6663),#6674,.T.);
#6663 = FACE_BOUND('',#6664,.T.);
#6664 = EDGE_LOOP('',(#6665,#6666,#6667,#6673));
#6665 = ORIENTED_EDGE('',*,*,#6634,.T.);
#6666 = ORIENTED_EDGE('',*,*,#4716,.T.);
#6667 = ORIENTED_EDGE('',*,*,#6668,.F.);
#6668 = EDGE_CURVE('',#3613,#4717,#6669,.T.);
#6669 = LINE('',#6670,#6671);
#6670 = CARTESIAN_POINT('',(120.74110536865,-120.8297767702,-2.));
#6671 = VECTOR('',#6672,1.);
#6672 = DIRECTION('',(0.,0.,1.));
#6673 = ORIENTED_EDGE('',*,*,#3620,.F.);
#6674 = PLANE('',#6675);
#6675 = AXIS2_PLACEMENT_3D('',#6676,#6677,#6678);
#6676 = CARTESIAN_POINT('',(119.50847551682,-125.4299962172,-2.));
#6677 = DIRECTION('',(-0.965925576105,0.2588199788,0.));
#6678 = DIRECTION('',(0.2588199788,0.965925576105,0.));
#6679 = ADVANCED_FACE('',(#6680),#6691,.T.);
#6680 = FACE_BOUND('',#6681,.T.);
#6681 = EDGE_LOOP('',(#6682,#6688,#6689,#6690));
#6682 = ORIENTED_EDGE('',*,*,#6683,.T.);
#6683 = EDGE_CURVE('',#3635,#4741,#6684,.T.);
#6684 = LINE('',#6685,#6686);
#6685 = CARTESIAN_POINT('',(57.4125,2.595,-2.));
#6686 = VECTOR('',#6687,1.);
#6687 = DIRECTION('',(0.,0.,1.));
#6688 = ORIENTED_EDGE('',*,*,#4749,.T.);
#6689 = ORIENTED_EDGE('',*,*,#6649,.F.);
#6690 = ORIENTED_EDGE('',*,*,#3644,.F.);
#6691 = PLANE('',#6692);
#6692 = AXIS2_PLACEMENT_3D('',#6693,#6694,#6695);
#6693 = CARTESIAN_POINT('',(57.4125,2.595,-2.));
#6694 = DIRECTION('',(0.,1.,0.));
#6695 = DIRECTION('',(1.,0.,0.));
#6696 = ADVANCED_FACE('',(#6697),#6708,.T.);
#6697 = FACE_BOUND('',#6698,.T.);
#6698 = EDGE_LOOP('',(#6699,#6700,#6701,#6707));
#6699 = ORIENTED_EDGE('',*,*,#6668,.T.);
#6700 = ORIENTED_EDGE('',*,*,#4766,.T.);
#6701 = ORIENTED_EDGE('',*,*,#6702,.F.);
#6702 = EDGE_CURVE('',#3661,#4767,#6703,.T.);
#6703 = LINE('',#6704,#6705);
#6704 = CARTESIAN_POINT('',(102.34021826854,-115.8992775472,-2.));
#6705 = VECTOR('',#6706,1.);
#6706 = DIRECTION('',(0.,0.,1.));
#6707 = ORIENTED_EDGE('',*,*,#3668,.F.);
#6708 = PLANE('',#6709);
#6709 = AXIS2_PLACEMENT_3D('',#6710,#6711,#6712);
#6710 = CARTESIAN_POINT('',(120.74110536865,-120.8297767702,-2.));
#6711 = DIRECTION('',(-0.258818868025,-0.965925873737,0.));
#6712 = DIRECTION('',(-0.965925873737,0.258818868025,0.));
#6713 = ADVANCED_FACE('',(#6714),#6725,.T.);
#6714 = FACE_BOUND('',#6715,.T.);
#6715 = EDGE_LOOP('',(#6716,#6722,#6723,#6724));
#6716 = ORIENTED_EDGE('',*,*,#6717,.T.);
#6717 = EDGE_CURVE('',#3683,#4791,#6718,.T.);
#6718 = LINE('',#6719,#6720);
#6719 = CARTESIAN_POINT('',(57.4125,1.19,-2.));
#6720 = VECTOR('',#6721,1.);
#6721 = DIRECTION('',(0.,0.,1.));
#6722 = ORIENTED_EDGE('',*,*,#4799,.T.);
#6723 = ORIENTED_EDGE('',*,*,#6683,.F.);
#6724 = ORIENTED_EDGE('',*,*,#3692,.F.);
#6725 = PLANE('',#6726);
#6726 = AXIS2_PLACEMENT_3D('',#6727,#6728,#6729);
#6727 = CARTESIAN_POINT('',(57.4125,1.19,-2.));
#6728 = DIRECTION('',(-1.,0.,0.));
#6729 = DIRECTION('',(0.,1.,0.));
#6730 = ADVANCED_FACE('',(#6731),#6742,.T.);
#6731 = FACE_BOUND('',#6732,.T.);
#6732 = EDGE_LOOP('',(#6733,#6734,#6735,#6741));
#6733 = ORIENTED_EDGE('',*,*,#6702,.T.);
#6734 = ORIENTED_EDGE('',*,*,#4816,.T.);
#6735 = ORIENTED_EDGE('',*,*,#6736,.F.);
#6736 = EDGE_CURVE('',#3709,#4817,#6737,.T.);
#6737 = LINE('',#6738,#6739);
#6738 = CARTESIAN_POINT('',(106.15695735798,-101.655,-2.));
#6739 = VECTOR('',#6740,1.);
#6740 = DIRECTION('',(0.,0.,1.));
#6741 = ORIENTED_EDGE('',*,*,#3716,.F.);
#6742 = PLANE('',#6743);
#6743 = AXIS2_PLACEMENT_3D('',#6744,#6745,#6746);
#6744 = CARTESIAN_POINT('',(102.34021826854,-115.8992775472,-2.));
#6745 = DIRECTION('',(-0.965925886914,0.258818818846,0.));
#6746 = DIRECTION('',(0.258818818846,0.965925886914,0.));
#6747 = ADVANCED_FACE('',(#6748),#6759,.T.);
#6748 = FACE_BOUND('',#6749,.T.);
#6749 = EDGE_LOOP('',(#6750,#6756,#6757,#6758));
#6750 = ORIENTED_EDGE('',*,*,#6751,.T.);
#6751 = EDGE_CURVE('',#3731,#4841,#6752,.T.);
#6752 = LINE('',#6753,#6754);
#6753 = CARTESIAN_POINT('',(56.7875,1.19,-2.));
#6754 = VECTOR('',#6755,1.);
#6755 = DIRECTION('',(0.,0.,1.));
#6756 = ORIENTED_EDGE('',*,*,#4849,.T.);
#6757 = ORIENTED_EDGE('',*,*,#6717,.F.);
#6758 = ORIENTED_EDGE('',*,*,#3740,.F.);
#6759 = PLANE('',#6760);
#6760 = AXIS2_PLACEMENT_3D('',#6761,#6762,#6763);
#6761 = CARTESIAN_POINT('',(56.7875,1.19,-2.));
#6762 = DIRECTION('',(0.,1.,0.));
#6763 = DIRECTION('',(1.,0.,0.));
#6764 = ADVANCED_FACE('',(#6765),#6776,.T.);
#6765 = FACE_BOUND('',#6766,.T.);
#6766 = EDGE_LOOP('',(#6767,#6768,#6769,#6775));
#6767 = ORIENTED_EDGE('',*,*,#6736,.T.);
#6768 = ORIENTED_EDGE('',*,*,#4866,.T.);
#6769 = ORIENTED_EDGE('',*,*,#6770,.F.);
#6770 = EDGE_CURVE('',#3757,#4867,#6771,.T.);
#6771 = LINE('',#6772,#6773);
#6772 = CARTESIAN_POINT('',(90.225,-101.655,-2.));
#6773 = VECTOR('',#6774,1.);
#6774 = DIRECTION('',(0.,0.,1.));
#6775 = ORIENTED_EDGE('',*,*,#3764,.F.);
#6776 = PLANE('',#6777);
#6777 = AXIS2_PLACEMENT_3D('',#6778,#6779,#6780);
#6778 = CARTESIAN_POINT('',(106.15695735798,-101.655,-2.));
#6779 = DIRECTION('',(0.,-1.,0.));
#6780 = DIRECTION('',(-1.,0.,0.));
#6781 = ADVANCED_FACE('',(#6782),#6793,.T.);
#6782 = FACE_BOUND('',#6783,.T.);
#6783 = EDGE_LOOP('',(#6784,#6790,#6791,#6792));
#6784 = ORIENTED_EDGE('',*,*,#6785,.T.);
#6785 = EDGE_CURVE('',#3779,#4891,#6786,.T.);
#6786 = LINE('',#6787,#6788);
#6787 = CARTESIAN_POINT('',(56.7875,0.69,-2.));
#6788 = VECTOR('',#6789,1.);
#6789 = DIRECTION('',(0.,0.,1.));
#6790 = ORIENTED_EDGE('',*,*,#4899,.T.);
#6791 = ORIENTED_EDGE('',*,*,#6751,.F.);
#6792 = ORIENTED_EDGE('',*,*,#3788,.F.);
#6793 = PLANE('',#6794);
#6794 = AXIS2_PLACEMENT_3D('',#6795,#6796,#6797);
#6795 = CARTESIAN_POINT('',(56.7875,0.69,-2.));
#6796 = DIRECTION('',(-1.,0.,0.));
#6797 = DIRECTION('',(0.,1.,0.));
#6798 = ADVANCED_FACE('',(#6799),#6810,.T.);
#6799 = FACE_BOUND('',#6800,.T.);
#6800 = EDGE_LOOP('',(#6801,#6802,#6803,#6809));
#6801 = ORIENTED_EDGE('',*,*,#6770,.T.);
#6802 = ORIENTED_EDGE('',*,*,#4916,.T.);
#6803 = ORIENTED_EDGE('',*,*,#6804,.F.);
#6804 = EDGE_CURVE('',#3805,#4917,#6805,.T.);
#6805 = LINE('',#6806,#6807);
#6806 = CARTESIAN_POINT('',(90.225,-103.56,-2.));
#6807 = VECTOR('',#6808,1.);
#6808 = DIRECTION('',(0.,0.,1.));
#6809 = ORIENTED_EDGE('',*,*,#3812,.F.);
#6810 = PLANE('',#6811);
#6811 = AXIS2_PLACEMENT_3D('',#6812,#6813,#6814);
#6812 = CARTESIAN_POINT('',(90.225,-101.655,-2.));
#6813 = DIRECTION('',(1.,0.,0.));
#6814 = DIRECTION('',(0.,-1.,0.));
#6815 = ADVANCED_FACE('',(#6816),#6827,.T.);
#6816 = FACE_BOUND('',#6817,.T.);
#6817 = EDGE_LOOP('',(#6818,#6824,#6825,#6826));
#6818 = ORIENTED_EDGE('',*,*,#6819,.T.);
#6819 = EDGE_CURVE('',#3827,#4941,#6820,.T.);
#6820 = LINE('',#6821,#6822);
#6821 = CARTESIAN_POINT('',(38.3625,0.69,-2.));
#6822 = VECTOR('',#6823,1.);
#6823 = DIRECTION('',(0.,0.,1.));
#6824 = ORIENTED_EDGE('',*,*,#4949,.T.);
#6825 = ORIENTED_EDGE('',*,*,#6785,.F.);
#6826 = ORIENTED_EDGE('',*,*,#3836,.F.);
#6827 = PLANE('',#6828);
#6828 = AXIS2_PLACEMENT_3D('',#6829,#6830,#6831);
#6829 = CARTESIAN_POINT('',(38.3625,0.69,-2.));
#6830 = DIRECTION('',(0.,1.,0.));
#6831 = DIRECTION('',(1.,0.,0.));
#6832 = ADVANCED_FACE('',(#6833),#6844,.T.);
#6833 = FACE_BOUND('',#6834,.T.);
#6834 = EDGE_LOOP('',(#6835,#6836,#6837,#6843));
#6835 = ORIENTED_EDGE('',*,*,#6804,.T.);
#6836 = ORIENTED_EDGE('',*,*,#4966,.T.);
#6837 = ORIENTED_EDGE('',*,*,#6838,.F.);
#6838 = EDGE_CURVE('',#3853,#4967,#6839,.T.);
#6839 = LINE('',#6840,#6841);
#6840 = CARTESIAN_POINT('',(61.65,-103.56,-2.));
#6841 = VECTOR('',#6842,1.);
#6842 = DIRECTION('',(0.,0.,1.));
#6843 = ORIENTED_EDGE('',*,*,#3860,.F.);
#6844 = PLANE('',#6845);
#6845 = AXIS2_PLACEMENT_3D('',#6846,#6847,#6848);
#6846 = CARTESIAN_POINT('',(90.225,-103.56,-2.));
#6847 = DIRECTION('',(0.,-1.,0.));
#6848 = DIRECTION('',(-1.,0.,0.));
#6849 = ADVANCED_FACE('',(#6850),#6861,.T.);
#6850 = FACE_BOUND('',#6851,.T.);
#6851 = EDGE_LOOP('',(#6852,#6858,#6859,#6860));
#6852 = ORIENTED_EDGE('',*,*,#6853,.T.);
#6853 = EDGE_CURVE('',#3875,#4991,#6854,.T.);
#6854 = LINE('',#6855,#6856);
#6855 = CARTESIAN_POINT('',(38.3625,-0.2625,-2.));
#6856 = VECTOR('',#6857,1.);
#6857 = DIRECTION('',(0.,0.,1.));
#6858 = ORIENTED_EDGE('',*,*,#4999,.T.);
#6859 = ORIENTED_EDGE('',*,*,#6819,.F.);
#6860 = ORIENTED_EDGE('',*,*,#3884,.F.);
#6861 = PLANE('',#6862);
#6862 = AXIS2_PLACEMENT_3D('',#6863,#6864,#6865);
#6863 = CARTESIAN_POINT('',(38.3625,-0.2625,-2.));
#6864 = DIRECTION('',(-1.,0.,0.));
#6865 = DIRECTION('',(0.,1.,0.));
#6866 = ADVANCED_FACE('',(#6867),#6878,.T.);
#6867 = FACE_BOUND('',#6868,.T.);
#6868 = EDGE_LOOP('',(#6869,#6870,#6871,#6877));
#6869 = ORIENTED_EDGE('',*,*,#6838,.T.);
#6870 = ORIENTED_EDGE('',*,*,#5016,.T.);
#6871 = ORIENTED_EDGE('',*,*,#6872,.F.);
#6872 = EDGE_CURVE('',#3901,#5017,#6873,.T.);
#6873 = LINE('',#6874,#6875);
#6874 = CARTESIAN_POINT('',(61.65,-104.5125,-2.));
#6875 = VECTOR('',#6876,1.);
#6876 = DIRECTION('',(0.,0.,1.));
#6877 = ORIENTED_EDGE('',*,*,#3908,.F.);
#6878 = PLANE('',#6879);
#6879 = AXIS2_PLACEMENT_3D('',#6880,#6881,#6882);
#6880 = CARTESIAN_POINT('',(61.65,-103.56,-2.));
#6881 = DIRECTION('',(1.,0.,0.));
#6882 = DIRECTION('',(0.,-1.,0.));
#6883 = ADVANCED_FACE('',(#6884),#6895,.T.);
#6884 = FACE_BOUND('',#6885,.T.);
#6885 = EDGE_LOOP('',(#6886,#6892,#6893,#6894));
#6886 = ORIENTED_EDGE('',*,*,#6887,.T.);
#6887 = EDGE_CURVE('',#3923,#5041,#6888,.T.);
#6888 = LINE('',#6889,#6890);
#6889 = CARTESIAN_POINT('',(19.3125,-0.2625,-2.));
#6890 = VECTOR('',#6891,1.);
#6891 = DIRECTION('',(0.,0.,1.));
#6892 = ORIENTED_EDGE('',*,*,#5049,.T.);
#6893 = ORIENTED_EDGE('',*,*,#6853,.F.);
#6894 = ORIENTED_EDGE('',*,*,#3932,.F.);
#6895 = PLANE('',#6896);
#6896 = AXIS2_PLACEMENT_3D('',#6897,#6898,#6899);
#6897 = CARTESIAN_POINT('',(19.3125,-0.2625,-2.));
#6898 = DIRECTION('',(0.,1.,0.));
#6899 = DIRECTION('',(1.,0.,0.));
#6900 = ADVANCED_FACE('',(#6901),#6912,.T.);
#6901 = FACE_BOUND('',#6902,.T.);
#6902 = EDGE_LOOP('',(#6903,#6904,#6905,#6911));
#6903 = ORIENTED_EDGE('',*,*,#6872,.T.);
#6904 = ORIENTED_EDGE('',*,*,#5066,.T.);
#6905 = ORIENTED_EDGE('',*,*,#6906,.F.);
#6906 = EDGE_CURVE('',#3949,#5067,#6907,.T.);
#6907 = LINE('',#6908,#6909);
#6908 = CARTESIAN_POINT('',(19.3125,-104.5125,-2.));
#6909 = VECTOR('',#6910,1.);
#6910 = DIRECTION('',(0.,0.,1.));
#6911 = ORIENTED_EDGE('',*,*,#3956,.F.);
#6912 = PLANE('',#6913);
#6913 = AXIS2_PLACEMENT_3D('',#6914,#6915,#6916);
#6914 = CARTESIAN_POINT('',(61.65,-104.5125,-2.));
#6915 = DIRECTION('',(0.,-1.,0.));
#6916 = DIRECTION('',(-1.,0.,0.));
#6917 = ADVANCED_FACE('',(#6918),#6929,.T.);
#6918 = FACE_BOUND('',#6919,.T.);
#6919 = EDGE_LOOP('',(#6920,#6926,#6927,#6928));
#6920 = ORIENTED_EDGE('',*,*,#6921,.T.);
#6921 = EDGE_CURVE('',#3971,#5091,#6922,.T.);
#6922 = LINE('',#6923,#6924);
#6923 = CARTESIAN_POINT('',(19.3125,-1.6675,-2.));
#6924 = VECTOR('',#6925,1.);
#6925 = DIRECTION('',(0.,0.,1.));
#6926 = ORIENTED_EDGE('',*,*,#5099,.T.);
#6927 = ORIENTED_EDGE('',*,*,#6887,.F.);
#6928 = ORIENTED_EDGE('',*,*,#3980,.F.);
#6929 = PLANE('',#6930);
#6930 = AXIS2_PLACEMENT_3D('',#6931,#6932,#6933);
#6931 = CARTESIAN_POINT('',(19.3125,-1.6675,-2.));
#6932 = DIRECTION('',(-1.,0.,0.));
#6933 = DIRECTION('',(0.,1.,0.));
#6934 = ADVANCED_FACE('',(#6935),#6946,.T.);
#6935 = FACE_BOUND('',#6936,.T.);
#6936 = EDGE_LOOP('',(#6937,#6938,#6939,#6945));
#6937 = ORIENTED_EDGE('',*,*,#6906,.T.);
#6938 = ORIENTED_EDGE('',*,*,#5116,.T.);
#6939 = ORIENTED_EDGE('',*,*,#6940,.F.);
#6940 = EDGE_CURVE('',#3997,#5117,#6941,.T.);
#6941 = LINE('',#6942,#6943);
#6942 = CARTESIAN_POINT('',(19.3125,-85.4625,-2.));
#6943 = VECTOR('',#6944,1.);
#6944 = DIRECTION('',(0.,0.,1.));
#6945 = ORIENTED_EDGE('',*,*,#4004,.F.);
#6946 = PLANE('',#6947);
#6947 = AXIS2_PLACEMENT_3D('',#6948,#6949,#6950);
#6948 = CARTESIAN_POINT('',(19.3125,-104.5125,-2.));
#6949 = DIRECTION('',(-1.,0.,0.));
#6950 = DIRECTION('',(0.,1.,0.));
#6951 = ADVANCED_FACE('',(#6952),#6963,.T.);
#6952 = FACE_BOUND('',#6953,.T.);
#6953 = EDGE_LOOP('',(#6954,#6960,#6961,#6962));
#6954 = ORIENTED_EDGE('',*,*,#6955,.T.);
#6955 = EDGE_CURVE('',#4019,#5141,#6956,.T.);
#6956 = LINE('',#6957,#6958);
#6957 = CARTESIAN_POINT('',(18.6875,-1.6675,-2.));
#6958 = VECTOR('',#6959,1.);
#6959 = DIRECTION('',(0.,0.,1.));
#6960 = ORIENTED_EDGE('',*,*,#5149,.T.);
#6961 = ORIENTED_EDGE('',*,*,#6921,.F.);
#6962 = ORIENTED_EDGE('',*,*,#4028,.F.);
#6963 = PLANE('',#6964);
#6964 = AXIS2_PLACEMENT_3D('',#6965,#6966,#6967);
#6965 = CARTESIAN_POINT('',(18.6875,-1.6675,-2.));
#6966 = DIRECTION('',(0.,1.,0.));
#6967 = DIRECTION('',(1.,0.,0.));
#6968 = ADVANCED_FACE('',(#6969),#6980,.T.);
#6969 = FACE_BOUND('',#6970,.T.);
#6970 = EDGE_LOOP('',(#6971,#6972,#6973,#6979));
#6971 = ORIENTED_EDGE('',*,*,#6940,.T.);
#6972 = ORIENTED_EDGE('',*,*,#5166,.T.);
#6973 = ORIENTED_EDGE('',*,*,#6974,.F.);
#6974 = EDGE_CURVE('',#4045,#5167,#6975,.T.);
#6975 = LINE('',#6976,#6977);
#6976 = CARTESIAN_POINT('',(14.55,-85.4625,-2.));
#6977 = VECTOR('',#6978,1.);
#6978 = DIRECTION('',(0.,0.,1.));
#6979 = ORIENTED_EDGE('',*,*,#4052,.F.);
#6980 = PLANE('',#6981);
#6981 = AXIS2_PLACEMENT_3D('',#6982,#6983,#6984);
#6982 = CARTESIAN_POINT('',(19.3125,-85.4625,-2.));
#6983 = DIRECTION('',(0.,-1.,0.));
#6984 = DIRECTION('',(-1.,0.,0.));
#6985 = ADVANCED_FACE('',(#6986),#6997,.T.);
#6986 = FACE_BOUND('',#6987,.T.);
#6987 = EDGE_LOOP('',(#6988,#6994,#6995,#6996));
#6988 = ORIENTED_EDGE('',*,*,#6989,.T.);
#6989 = EDGE_CURVE('',#4067,#5191,#6990,.T.);
#6990 = LINE('',#6991,#6992);
#6991 = CARTESIAN_POINT('',(18.6875,-19.3125,-2.));
#6992 = VECTOR('',#6993,1.);
#6993 = DIRECTION('',(0.,0.,1.));
#6994 = ORIENTED_EDGE('',*,*,#5199,.T.);
#6995 = ORIENTED_EDGE('',*,*,#6955,.F.);
#6996 = ORIENTED_EDGE('',*,*,#4076,.F.);
#6997 = PLANE('',#6998);
#6998 = AXIS2_PLACEMENT_3D('',#6999,#7000,#7001);
#6999 = CARTESIAN_POINT('',(18.6875,-19.3125,-2.));
#7000 = DIRECTION('',(-1.,0.,0.));
#7001 = DIRECTION('',(0.,1.,0.));
#7002 = ADVANCED_FACE('',(#7003),#7014,.T.);
#7003 = FACE_BOUND('',#7004,.T.);
#7004 = EDGE_LOOP('',(#7005,#7006,#7007,#7013));
#7005 = ORIENTED_EDGE('',*,*,#6974,.T.);
#7006 = ORIENTED_EDGE('',*,*,#5216,.T.);
#7007 = ORIENTED_EDGE('',*,*,#7008,.F.);
#7008 = EDGE_CURVE('',#4093,#5217,#7009,.T.);
#7009 = LINE('',#7010,#7011);
#7010 = CARTESIAN_POINT('',(14.55,-19.3125,-2.));
#7011 = VECTOR('',#7012,1.);
#7012 = DIRECTION('',(0.,0.,1.));
#7013 = ORIENTED_EDGE('',*,*,#4100,.F.);
#7014 = PLANE('',#7015);
#7015 = AXIS2_PLACEMENT_3D('',#7016,#7017,#7018);
#7016 = CARTESIAN_POINT('',(14.55,-85.4625,-2.));
#7017 = DIRECTION('',(-1.,0.,0.));
#7018 = DIRECTION('',(0.,1.,0.));
#7019 = ADVANCED_FACE('',(#7020),#7026,.T.);
#7020 = FACE_BOUND('',#7021,.T.);
#7021 = EDGE_LOOP('',(#7022,#7023,#7024,#7025));
#7022 = ORIENTED_EDGE('',*,*,#7008,.T.);
#7023 = ORIENTED_EDGE('',*,*,#5241,.T.);
#7024 = ORIENTED_EDGE('',*,*,#6989,.F.);
#7025 = ORIENTED_EDGE('',*,*,#4117,.F.);
#7026 = PLANE('',#7027);
#7027 = AXIS2_PLACEMENT_3D('',#7028,#7029,#7030);
#7028 = CARTESIAN_POINT('',(14.55,-19.3125,-2.));
#7029 = DIRECTION('',(0.,1.,0.));
#7030 = DIRECTION('',(1.,0.,0.));
#7031 = ADVANCED_FACE('',(#7032),#7035,.F.);
#7032 = FACE_BOUND('',#7033,.F.);
#7033 = EDGE_LOOP('',(#7034));
#7034 = ORIENTED_EDGE('',*,*,#4142,.T.);
#7035 = PLANE('',#7036);
#7036 = AXIS2_PLACEMENT_3D('',#7037,#7038,#7039);
#7037 = CARTESIAN_POINT('',(150.,-95.,-13.));
#7038 = DIRECTION('',(0.,0.,1.));
#7039 = DIRECTION('',(1.,0.,-0.));
#7040 = ADVANCED_FACE('',(#7041),#7044,.F.);
#7041 = FACE_BOUND('',#7042,.F.);
#7042 = EDGE_LOOP('',(#7043));
#7043 = ORIENTED_EDGE('',*,*,#4177,.T.);
#7044 = PLANE('',#7045);
#7045 = AXIS2_PLACEMENT_3D('',#7046,#7047,#7048);
#7046 = CARTESIAN_POINT('',(27.,-97.,-9.));
#7047 = DIRECTION('',(0.,0.,1.));
#7048 = DIRECTION('',(1.,0.,-0.));
#7049 = ADVANCED_FACE('',(#7050),#7053,.F.);
#7050 = FACE_BOUND('',#7051,.F.);
#7051 = EDGE_LOOP('',(#7052));
#7052 = ORIENTED_EDGE('',*,*,#4212,.T.);
#7053 = PLANE('',#7054);
#7054 = AXIS2_PLACEMENT_3D('',#7055,#7056,#7057);
#7055 = CARTESIAN_POINT('',(150.,-3.,-11.));
#7056 = DIRECTION('',(0.,0.,1.));
#7057 = DIRECTION('',(1.,0.,-0.));
#7058 = ADVANCED_FACE('',(#7059),#7062,.F.);
#7059 = FACE_BOUND('',#7060,.F.);
#7060 = EDGE_LOOP('',(#7061));
#7061 = ORIENTED_EDGE('',*,*,#4247,.T.);
#7062 = PLANE('',#7063);
#7063 = AXIS2_PLACEMENT_3D('',#7064,#7065,#7066);
#7064 = CARTESIAN_POINT('',(25.,-15.,-7.));
#7065 = DIRECTION('',(0.,0.,1.));
#7066 = DIRECTION('',(1.,0.,-0.));
#7067 = ADVANCED_FACE('',(#7068),#7087,.T.);
#7068 = FACE_BOUND('',#7069,.T.);
#7069 = EDGE_LOOP('',(#7070,#7078,#7085,#7086));
#7070 = ORIENTED_EDGE('',*,*,#7071,.T.);
#7071 = EDGE_CURVE('',#6373,#7072,#7074,.T.);
#7072 = VERTEX_POINT('',#7073);
#7073 = CARTESIAN_POINT('',(85.15,-96.0075,0.));
#7074 = LINE('',#7075,#7076);
#7075 = CARTESIAN_POINT('',(85.15,-96.0075,-4.));
#7076 = VECTOR('',#7077,1.);
#7077 = DIRECTION('',(0.,0.,1.));
#7078 = ORIENTED_EDGE('',*,*,#7079,.F.);
#7079 = EDGE_CURVE('',#7072,#7072,#7080,.T.);
#7080 = CIRCLE('',#7081,2.5);
#7081 = AXIS2_PLACEMENT_3D('',#7082,#7083,#7084);
#7082 = CARTESIAN_POINT('',(82.65,-96.0075,0.));
#7083 = DIRECTION('',(0.,0.,1.));
#7084 = DIRECTION('',(1.,0.,0.));
#7085 = ORIENTED_EDGE('',*,*,#7071,.F.);
#7086 = ORIENTED_EDGE('',*,*,#6372,.T.);
#7087 = CYLINDRICAL_SURFACE('',#7088,2.5);
#7088 = AXIS2_PLACEMENT_3D('',#7089,#7090,#7091);
#7089 = CARTESIAN_POINT('',(82.65,-96.0075,-4.));
#7090 = DIRECTION('',(0.,0.,1.));
#7091 = DIRECTION('',(1.,0.,0.));
#7092 = ADVANCED_FACE('',(#7093),#7112,.T.);
#7093 = FACE_BOUND('',#7094,.T.);
#7094 = EDGE_LOOP('',(#7095,#7103,#7110,#7111));
#7095 = ORIENTED_EDGE('',*,*,#7096,.T.);
#7096 = EDGE_CURVE('',#6384,#7097,#7099,.T.);
#7097 = VERTEX_POINT('',#7098);
#7098 = CARTESIAN_POINT('',(150.75,-26.3075,0.));
#7099 = LINE('',#7100,#7101);
#7100 = CARTESIAN_POINT('',(150.75,-26.3075,-4.));
#7101 = VECTOR('',#7102,1.);
#7102 = DIRECTION('',(0.,0.,1.));
#7103 = ORIENTED_EDGE('',*,*,#7104,.F.);
#7104 = EDGE_CURVE('',#7097,#7097,#7105,.T.);
#7105 = CIRCLE('',#7106,2.5);
#7106 = AXIS2_PLACEMENT_3D('',#7107,#7108,#7109);
#7107 = CARTESIAN_POINT('',(148.25,-26.3075,0.));
#7108 = DIRECTION('',(0.,0.,1.));
#7109 = DIRECTION('',(1.,0.,0.));
#7110 = ORIENTED_EDGE('',*,*,#7096,.F.);
#7111 = ORIENTED_EDGE('',*,*,#6383,.T.);
#7112 = CYLINDRICAL_SURFACE('',#7113,2.5);
#7113 = AXIS2_PLACEMENT_3D('',#7114,#7115,#7116);
#7114 = CARTESIAN_POINT('',(148.25,-26.3075,-4.));
#7115 = DIRECTION('',(0.,0.,1.));
#7116 = DIRECTION('',(1.,0.,0.));
#7117 = ADVANCED_FACE('',(#7118),#7137,.T.);
#7118 = FACE_BOUND('',#7119,.T.);
#7119 = EDGE_LOOP('',(#7120,#7128,#7135,#7136));
#7120 = ORIENTED_EDGE('',*,*,#7121,.T.);
#7121 = EDGE_CURVE('',#6395,#7122,#7124,.T.);
#7122 = VERTEX_POINT('',#7123);
#7123 = CARTESIAN_POINT('',(23.65,-38.6075,0.));
#7124 = LINE('',#7125,#7126);
#7125 = CARTESIAN_POINT('',(23.65,-38.6075,-4.));
#7126 = VECTOR('',#7127,1.);
#7127 = DIRECTION('',(0.,0.,1.));
#7128 = ORIENTED_EDGE('',*,*,#7129,.F.);
#7129 = EDGE_CURVE('',#7122,#7122,#7130,.T.);
#7130 = CIRCLE('',#7131,2.5);
#7131 = AXIS2_PLACEMENT_3D('',#7132,#7133,#7134);
#7132 = CARTESIAN_POINT('',(21.15,-38.6075,0.));
#7133 = DIRECTION('',(0.,0.,1.));
#7134 = DIRECTION('',(1.,0.,0.));
#7135 = ORIENTED_EDGE('',*,*,#7121,.F.);
#7136 = ORIENTED_EDGE('',*,*,#6394,.T.);
#7137 = CYLINDRICAL_SURFACE('',#7138,2.5);
#7138 = AXIS2_PLACEMENT_3D('',#7139,#7140,#7141);
#7139 = CARTESIAN_POINT('',(21.15,-38.6075,-4.));
#7140 = DIRECTION('',(0.,0.,1.));
#7141 = DIRECTION('',(1.,0.,0.));
#7142 = ADVANCED_FACE('',(#7143,#7146),#7157,.T.);
#7143 = FACE_BOUND('',#7144,.T.);
#7144 = EDGE_LOOP('',(#7145));
#7145 = ORIENTED_EDGE('',*,*,#7079,.T.);
#7146 = FACE_BOUND('',#7147,.T.);
#7147 = EDGE_LOOP('',(#7148));
#7148 = ORIENTED_EDGE('',*,*,#7149,.F.);
#7149 = EDGE_CURVE('',#7150,#7150,#7152,.T.);
#7150 = VERTEX_POINT('',#7151);
#7151 = CARTESIAN_POINT('',(83.75,-96.0075,0.));
#7152 = CIRCLE('',#7153,1.1);
#7153 = AXIS2_PLACEMENT_3D('',#7154,#7155,#7156);
#7154 = CARTESIAN_POINT('',(82.65,-96.0075,0.));
#7155 = DIRECTION('',(0.,0.,1.));
#7156 = DIRECTION('',(1.,0.,0.));
#7157 = PLANE('',#7158);
#7158 = AXIS2_PLACEMENT_3D('',#7159,#7160,#7161);
#7159 = CARTESIAN_POINT('',(82.65,-96.0075,0.));
#7160 = DIRECTION('',(0.,0.,1.));
#7161 = DIRECTION('',(1.,0.,0.));
#7162 = ADVANCED_FACE('',(#7163,#7166),#7177,.T.);
#7163 = FACE_BOUND('',#7164,.T.);
#7164 = EDGE_LOOP('',(#7165));
#7165 = ORIENTED_EDGE('',*,*,#7104,.T.);
#7166 = FACE_BOUND('',#7167,.T.);
#7167 = EDGE_LOOP('',(#7168));
#7168 = ORIENTED_EDGE('',*,*,#7169,.F.);
#7169 = EDGE_CURVE('',#7170,#7170,#7172,.T.);
#7170 = VERTEX_POINT('',#7171);
#7171 = CARTESIAN_POINT('',(149.35,-26.3075,0.));
#7172 = CIRCLE('',#7173,1.1);
#7173 = AXIS2_PLACEMENT_3D('',#7174,#7175,#7176);
#7174 = CARTESIAN_POINT('',(148.25,-26.3075,0.));
#7175 = DIRECTION('',(0.,0.,1.));
#7176 = DIRECTION('',(1.,0.,0.));
#7177 = PLANE('',#7178);
#7178 = AXIS2_PLACEMENT_3D('',#7179,#7180,#7181);
#7179 = CARTESIAN_POINT('',(148.25,-26.3075,0.));
#7180 = DIRECTION('',(0.,0.,1.));
#7181 = DIRECTION('',(1.,0.,0.));
#7182 = ADVANCED_FACE('',(#7183,#7186),#7197,.T.);
#7183 = FACE_BOUND('',#7184,.T.);
#7184 = EDGE_LOOP('',(#7185));
#7185 = ORIENTED_EDGE('',*,*,#7129,.T.);
#7186 = FACE_BOUND('',#7187,.T.);
#7187 = EDGE_LOOP('',(#7188));
#7188 = ORIENTED_EDGE('',*,*,#7189,.F.);
#7189 = EDGE_CURVE('',#7190,#7190,#7192,.T.);
#7190 = VERTEX_POINT('',#7191);
#7191 = CARTESIAN_POINT('',(22.25,-38.6075,0.));
#7192 = CIRCLE('',#7193,1.1);
#7193 = AXIS2_PLACEMENT_3D('',#7194,#7195,#7196);
#7194 = CARTESIAN_POINT('',(21.15,-38.6075,0.));
#7195 = DIRECTION('',(0.,0.,1.));
#7196 = DIRECTION('',(1.,0.,0.));
#7197 = PLANE('',#7198);
#7198 = AXIS2_PLACEMENT_3D('',#7199,#7200,#7201);
#7199 = CARTESIAN_POINT('',(21.15,-38.6075,0.));
#7200 = DIRECTION('',(0.,0.,1.));
#7201 = DIRECTION('',(1.,0.,0.));
#7202 = ADVANCED_FACE('',(#7203),#7222,.F.);
#7203 = FACE_BOUND('',#7204,.F.);
#7204 = EDGE_LOOP('',(#7205,#7213,#7214,#7215));
#7205 = ORIENTED_EDGE('',*,*,#7206,.T.);
#7206 = EDGE_CURVE('',#7207,#7150,#7209,.T.);
#7207 = VERTEX_POINT('',#7208);
#7208 = CARTESIAN_POINT('',(83.75,-96.0075,-2.));
#7209 = LINE('',#7210,#7211);
#7210 = CARTESIAN_POINT('',(83.75,-96.0075,-4.5));
#7211 = VECTOR('',#7212,1.);
#7212 = DIRECTION('',(0.,0.,1.));
#7213 = ORIENTED_EDGE('',*,*,#7149,.F.);
#7214 = ORIENTED_EDGE('',*,*,#7206,.F.);
#7215 = ORIENTED_EDGE('',*,*,#7216,.T.);
#7216 = EDGE_CURVE('',#7207,#7207,#7217,.T.);
#7217 = CIRCLE('',#7218,1.1);
#7218 = AXIS2_PLACEMENT_3D('',#7219,#7220,#7221);
#7219 = CARTESIAN_POINT('',(82.65,-96.0075,-2.));
#7220 = DIRECTION('',(0.,0.,1.));
#7221 = DIRECTION('',(1.,0.,0.));
#7222 = CYLINDRICAL_SURFACE('',#7223,1.1);
#7223 = AXIS2_PLACEMENT_3D('',#7224,#7225,#7226);
#7224 = CARTESIAN_POINT('',(82.65,-96.0075,-4.5));
#7225 = DIRECTION('',(0.,0.,1.));
#7226 = DIRECTION('',(1.,0.,0.));
#7227 = ADVANCED_FACE('',(#7228),#7247,.F.);
#7228 = FACE_BOUND('',#7229,.F.);
#7229 = EDGE_LOOP('',(#7230,#7238,#7239,#7240));
#7230 = ORIENTED_EDGE('',*,*,#7231,.T.);
#7231 = EDGE_CURVE('',#7232,#7170,#7234,.T.);
#7232 = VERTEX_POINT('',#7233);
#7233 = CARTESIAN_POINT('',(149.35,-26.3075,-2.));
#7234 = LINE('',#7235,#7236);
#7235 = CARTESIAN_POINT('',(149.35,-26.3075,-4.5));
#7236 = VECTOR('',#7237,1.);
#7237 = DIRECTION('',(0.,0.,1.));
#7238 = ORIENTED_EDGE('',*,*,#7169,.F.);
#7239 = ORIENTED_EDGE('',*,*,#7231,.F.);
#7240 = ORIENTED_EDGE('',*,*,#7241,.T.);
#7241 = EDGE_CURVE('',#7232,#7232,#7242,.T.);
#7242 = CIRCLE('',#7243,1.1);
#7243 = AXIS2_PLACEMENT_3D('',#7244,#7245,#7246);
#7244 = CARTESIAN_POINT('',(148.25,-26.3075,-2.));
#7245 = DIRECTION('',(0.,0.,1.));
#7246 = DIRECTION('',(1.,0.,0.));
#7247 = CYLINDRICAL_SURFACE('',#7248,1.1);
#7248 = AXIS2_PLACEMENT_3D('',#7249,#7250,#7251);
#7249 = CARTESIAN_POINT('',(148.25,-26.3075,-4.5));
#7250 = DIRECTION('',(0.,0.,1.));
#7251 = DIRECTION('',(1.,0.,0.));
#7252 = ADVANCED_FACE('',(#7253),#7272,.F.);
#7253 = FACE_BOUND('',#7254,.F.);
#7254 = EDGE_LOOP('',(#7255,#7263,#7264,#7265));
#7255 = ORIENTED_EDGE('',*,*,#7256,.T.);
#7256 = EDGE_CURVE('',#7257,#7190,#7259,.T.);
#7257 = VERTEX_POINT('',#7258);
#7258 = CARTESIAN_POINT('',(22.25,-38.6075,-2.));
#7259 = LINE('',#7260,#7261);
#7260 = CARTESIAN_POINT('',(22.25,-38.6075,-4.5));
#7261 = VECTOR('',#7262,1.);
#7262 = DIRECTION('',(0.,0.,1.));
#7263 = ORIENTED_EDGE('',*,*,#7189,.F.);
#7264 = ORIENTED_EDGE('',*,*,#7256,.F.);
#7265 = ORIENTED_EDGE('',*,*,#7266,.T.);
#7266 = EDGE_CURVE('',#7257,#7257,#7267,.T.);
#7267 = CIRCLE('',#7268,1.1);
#7268 = AXIS2_PLACEMENT_3D('',#7269,#7270,#7271);
#7269 = CARTESIAN_POINT('',(21.15,-38.6075,-2.));
#7270 = DIRECTION('',(0.,0.,1.));
#7271 = DIRECTION('',(1.,0.,0.));
#7272 = CYLINDRICAL_SURFACE('',#7273,1.1);
#7273 = AXIS2_PLACEMENT_3D('',#7274,#7275,#7276);
#7274 = CARTESIAN_POINT('',(21.15,-38.6075,-4.5));
#7275 = DIRECTION('',(0.,0.,1.));
#7276 = DIRECTION('',(1.,0.,0.));
#7277 = ADVANCED_FACE('',(#7278),#7281,.F.);
#7278 = FACE_BOUND('',#7279,.F.);
#7279 = EDGE_LOOP('',(#7280));
#7280 = ORIENTED_EDGE('',*,*,#7216,.F.);
#7281 = PLANE('',#7282);
#7282 = AXIS2_PLACEMENT_3D('',#7283,#7284,#7285);
#7283 = CARTESIAN_POINT('',(94.100235918067,-57.38696961959,-2.));
#7284 = DIRECTION('',(-0.,-0.,-1.));
#7285 = DIRECTION('',(-1.,0.,0.));
#7286 = ADVANCED_FACE('',(#7287),#7290,.F.);
#7287 = FACE_BOUND('',#7288,.F.);
#7288 = EDGE_LOOP('',(#7289));
#7289 = ORIENTED_EDGE('',*,*,#7241,.F.);
#7290 = PLANE('',#7291);
#7291 = AXIS2_PLACEMENT_3D('',#7292,#7293,#7294);
#7292 = CARTESIAN_POINT('',(94.100235918067,-57.38696961959,-2.));
#7293 = DIRECTION('',(-0.,-0.,-1.));
#7294 = DIRECTION('',(-1.,0.,0.));
#7295 = ADVANCED_FACE('',(#7296),#7299,.F.);
#7296 = FACE_BOUND('',#7297,.F.);
#7297 = EDGE_LOOP('',(#7298));
#7298 = ORIENTED_EDGE('',*,*,#7266,.F.);
#7299 = PLANE('',#7300);
#7300 = AXIS2_PLACEMENT_3D('',#7301,#7302,#7303);
#7301 = CARTESIAN_POINT('',(94.100235918067,-57.38696961959,-2.));
#7302 = DIRECTION('',(-0.,-0.,-1.));
#7303 = DIRECTION('',(-1.,0.,0.));
#7304 = ( GEOMETRIC_REPRESENTATION_CONTEXT(3) 
GLOBAL_UNCERTAINTY_ASSIGNED_CONTEXT((#7308)) 
GLOBAL_UNIT_ASSIGNED_CONTEXT((#7305,#7306,#7307)) REPRESENTATION_CONTEXT
('Context #1','3D Context with UNIT and UNCERTAINTY') );
#7305 = ( LENGTH_UNIT() NAMED_UNIT(*) SI_UNIT(.MILLI.,.METRE.) );
#7306 = ( NAMED_UNIT(*) PLANE_ANGLE_UNIT() SI_UNIT($,.RADIAN.) );
#7307 = ( NAMED_UNIT(*) SI_UNIT($,.STERADIAN.) SOLID_ANGLE_UNIT() );
#7308 = UNCERTAINTY_MEASURE_WITH_UNIT(LENGTH_MEASURE(2.E-04),#7305,
  'distance_accuracy_value','confusion accuracy');
#7309 = PRODUCT_RELATED_PRODUCT_CATEGORY('part',$,(#7));
ENDSEC;
END-ISO-10303-21;
