ISO-10303-21;
HEADER;
FILE_DESCRIPTION(('FreeCAD Model'),'2;1');
FILE_NAME('Open CASCADE Shape Model','2026-09-23T21:23:51',('FreeCAD'),(
    'FreeCAD'),'Open CASCADE STEP processor 7.8','FreeCAD','Unknown');
FILE_SCHEMA(('AUTOMOTIVE_DESIGN { 1 0 10303 214 1 1 1 1 }'));
ENDSEC;
DATA;
#1 = APPLICATION_PROTOCOL_DEFINITION('international standard',
  'automotive_design',2000,#2);
#2 = APPLICATION_CONTEXT(
  'core data for automotive mechanical design processes');
#3 = SHAPE_DEFINITION_REPRESENTATION(#4,#10);
#4 = PRODUCT_DEFINITION_SHAPE('','',#5);
#5 = PRODUCT_DEFINITION('design','',#6,#9);
#6 = PRODUCT_DEFINITION_FORMATION('','',#7);
#7 = PRODUCT('Open CASCADE STEP translator 7.8 6',
  'Open CASCADE STEP translator 7.8 6','',(#8));
#8 = PRODUCT_CONTEXT('',#2,'mechanical');
#9 = PRODUCT_DEFINITION_CONTEXT('part definition',#2,'design');
#10 = ADVANCED_BREP_SHAPE_REPRESENTATION('',(#11,#15),#8547);
#11 = AXIS2_PLACEMENT_3D('',#12,#13,#14);
#12 = CARTESIAN_POINT('',(0.,0.,0.));
#13 = DIRECTION('',(0.,0.,1.));
#14 = DIRECTION('',(1.,0.,-0.));
#15 = MANIFOLD_SOLID_BREP('',#16);
#16 = CLOSED_SHELL('',(#17,#57,#88,#121,#152,#183,#214,#239,#263,#756,
    #774,#807,#831,#862,#893,#911,#935,#960,#978,#996,#1021,#1046,#1071,
    #1096,#1121,#1146,#1171,#1196,#1221,#1246,#1271,#1296,#1321,#1346,
    #1371,#1396,#1421,#1446,#1471,#1496,#1521,#1546,#1571,#1596,#1621,
    #1646,#1671,#1696,#1721,#1746,#1771,#1796,#1821,#1846,#1871,#1896,
    #1921,#1946,#1971,#1996,#2021,#2046,#2071,#2096,#2121,#2146,#2163,
    #2188,#2213,#2233,#2253,#2278,#2303,#2323,#3197,#3215,#3239,#3263,
    #3287,#3345,#3363,#3387,#3411,#3435,#3459,#3483,#3507,#3531,#3555,
    #3579,#3603,#3627,#3651,#3675,#3699,#3723,#3747,#3771,#3795,#3819,
    #3843,#3867,#3891,#3915,#3939,#3963,#3987,#4011,#4035,#4059,#4083,
    #4107,#4131,#4155,#4179,#4203,#4227,#4251,#4275,#4299,#4323,#4347,
    #4371,#4395,#4419,#4436,#4462,#4488,#4497,#4506,#4532,#4558,#4567,
    #4585,#4603,#4628,#4653,#4678,#4703,#4728,#4753,#4778,#4803,#4828,
    #4853,#4878,#4903,#4928,#4953,#4978,#5003,#5028,#5053,#5078,#5103,
    #5128,#5153,#5178,#5203,#5228,#5253,#5278,#5303,#5328,#5353,#5378,
    #5403,#5428,#5453,#5478,#5503,#5528,#5553,#5578,#5603,#5628,#5653,
    #5678,#5703,#5728,#5753,#5770,#5801,#5825,#5849,#5873,#5897,#5921,
    #5945,#5969,#5993,#6017,#6041,#6065,#6089,#6113,#6137,#6161,#6185,
    #6209,#6233,#6257,#6281,#6305,#6329,#6353,#6377,#6401,#6425,#6449,
    #6473,#6497,#6521,#6545,#6569,#6593,#6617,#6641,#6665,#6689,#6713,
    #6737,#6761,#6785,#6809,#6833,#6857,#6881,#6905,#6929,#6953,#6977,
    #7001,#7025,#7049,#7073,#7131,#7155,#7172,#7189,#7206,#7228,#7245,
    #7262,#7274,#7291,#7342,#7359,#7376,#7393,#7410,#7427,#7444,#7461,
    #7478,#7495,#7512,#7529,#7546,#7563,#7580,#7597,#7614,#7631,#7648,
    #7665,#7682,#7699,#7716,#7733,#7750,#7767,#7784,#7801,#7818,#7835,
    #7852,#7869,#7886,#7903,#7920,#7937,#7954,#7971,#7988,#8005,#8022,
    #8039,#8056,#8068,#8077,#8086,#8095,#8104,#8202,#8233,#8257,#8281,
    #8298,#8323,#8348,#8373,#8385,#8405,#8425,#8445,#8470,#8495,#8520,
    #8529,#8538));
#17 = ADVANCED_FACE('',(#18),#52,.F.);
#18 = FACE_BOUND('',#19,.F.);
#19 = EDGE_LOOP('',(#20,#30,#38,#46));
#20 = ORIENTED_EDGE('',*,*,#21,.T.);
#21 = EDGE_CURVE('',#22,#24,#26,.T.);
#22 = VERTEX_POINT('',#23);
#23 = CARTESIAN_POINT('',(192.816,-0.31,-2.));
#24 = VERTEX_POINT('',#25);
#25 = CARTESIAN_POINT('',(192.816,-0.31,-3.));
#26 = LINE('',#27,#28);
#27 = CARTESIAN_POINT('',(192.816,-0.31,-2.));
#28 = VECTOR('',#29,1.);
#29 = DIRECTION('',(0.,0.,-1.));
#30 = ORIENTED_EDGE('',*,*,#31,.T.);
#31 = EDGE_CURVE('',#24,#32,#34,.T.);
#32 = VERTEX_POINT('',#33);
#33 = CARTESIAN_POINT('',(205.425,-0.31,-3.));
#34 = LINE('',#35,#36);
#35 = CARTESIAN_POINT('',(192.816,-0.31,-3.));
#36 = VECTOR('',#37,1.);
#37 = DIRECTION('',(1.,0.,0.));
#38 = ORIENTED_EDGE('',*,*,#39,.F.);
#39 = EDGE_CURVE('',#40,#32,#42,.T.);
#40 = VERTEX_POINT('',#41);
#41 = CARTESIAN_POINT('',(205.425,-0.31,-2.));
#42 = LINE('',#43,#44);
#43 = CARTESIAN_POINT('',(205.425,-0.31,-2.));
#44 = VECTOR('',#45,1.);
#45 = DIRECTION('',(0.,0.,-1.));
#46 = ORIENTED_EDGE('',*,*,#47,.F.);
#47 = EDGE_CURVE('',#22,#40,#48,.T.);
#48 = LINE('',#49,#50);
#49 = CARTESIAN_POINT('',(190.316,-0.31,-2.));
#50 = VECTOR('',#51,1.);
#51 = DIRECTION('',(1.,0.,0.));
#52 = PLANE('',#53);
#53 = AXIS2_PLACEMENT_3D('',#54,#55,#56);
#54 = CARTESIAN_POINT('',(192.816,-0.31,-2.));
#55 = DIRECTION('',(0.,-1.,0.));
#56 = DIRECTION('',(1.,0.,0.));
#57 = ADVANCED_FACE('',(#58),#83,.F.);
#58 = FACE_BOUND('',#59,.F.);
#59 = EDGE_LOOP('',(#60,#70,#76,#77));
#60 = ORIENTED_EDGE('',*,*,#61,.T.);
#61 = EDGE_CURVE('',#62,#64,#66,.T.);
#62 = VERTEX_POINT('',#63);
#63 = CARTESIAN_POINT('',(192.816,3.8925,-2.));
#64 = VERTEX_POINT('',#65);
#65 = CARTESIAN_POINT('',(192.816,3.8925,-3.));
#66 = LINE('',#67,#68);
#67 = CARTESIAN_POINT('',(192.816,3.8925,-2.));
#68 = VECTOR('',#69,1.);
#69 = DIRECTION('',(0.,0.,-1.));
#70 = ORIENTED_EDGE('',*,*,#71,.T.);
#71 = EDGE_CURVE('',#64,#24,#72,.T.);
#72 = LINE('',#73,#74);
#73 = CARTESIAN_POINT('',(192.816,3.8925,-3.));
#74 = VECTOR('',#75,1.);
#75 = DIRECTION('',(0.,-1.,0.));
#76 = ORIENTED_EDGE('',*,*,#21,.F.);
#77 = ORIENTED_EDGE('',*,*,#78,.F.);
#78 = EDGE_CURVE('',#62,#22,#79,.T.);
#79 = LINE('',#80,#81);
#80 = CARTESIAN_POINT('',(192.816,1.3925,-2.));
#81 = VECTOR('',#82,1.);
#82 = DIRECTION('',(0.,-1.,0.));
#83 = PLANE('',#84);
#84 = AXIS2_PLACEMENT_3D('',#85,#86,#87);
#85 = CARTESIAN_POINT('',(192.816,3.8925,-2.));
#86 = DIRECTION('',(-1.,0.,0.));
#87 = DIRECTION('',(0.,-1.,0.));
#88 = ADVANCED_FACE('',(#89),#116,.T.);
#89 = FACE_BOUND('',#90,.F.);
#90 = EDGE_LOOP('',(#91,#100,#108,#115));
#91 = ORIENTED_EDGE('',*,*,#92,.T.);
#92 = EDGE_CURVE('',#24,#93,#95,.T.);
#93 = VERTEX_POINT('',#94);
#94 = CARTESIAN_POINT('',(191.816,-1.31,-4.));
#95 = ELLIPSE('',#96,1.414213562373,1.);
#96 = AXIS2_PLACEMENT_3D('',#97,#98,#99);
#97 = CARTESIAN_POINT('',(191.816,-1.31,-3.));
#98 = DIRECTION('',(-0.707106781187,0.707106781187,0.));
#99 = DIRECTION('',(0.707106781187,0.707106781187,0.));
#100 = ORIENTED_EDGE('',*,*,#101,.T.);
#101 = EDGE_CURVE('',#93,#102,#104,.T.);
#102 = VERTEX_POINT('',#103);
#103 = CARTESIAN_POINT('',(206.425,-1.31,-4.));
#104 = LINE('',#105,#106);
#105 = CARTESIAN_POINT('',(192.816,-1.31,-4.));
#106 = VECTOR('',#107,1.);
#107 = DIRECTION('',(1.,0.,0.));
#108 = ORIENTED_EDGE('',*,*,#109,.F.);
#109 = EDGE_CURVE('',#32,#102,#110,.T.);
#110 = ELLIPSE('',#111,1.414213562373,1.);
#111 = AXIS2_PLACEMENT_3D('',#112,#113,#114);
#112 = CARTESIAN_POINT('',(206.425,-1.31,-3.));
#113 = DIRECTION('',(-0.707106781187,-0.707106781187,0.));
#114 = DIRECTION('',(0.707106781187,-0.707106781187,0.));
#115 = ORIENTED_EDGE('',*,*,#31,.F.);
#116 = CYLINDRICAL_SURFACE('',#117,1.);
#117 = AXIS2_PLACEMENT_3D('',#118,#119,#120);
#118 = CARTESIAN_POINT('',(192.816,-1.31,-3.));
#119 = DIRECTION('',(1.,0.,0.));
#120 = DIRECTION('',(-0.,1.,0.));
#121 = ADVANCED_FACE('',(#122),#147,.T.);
#122 = FACE_BOUND('',#123,.T.);
#123 = EDGE_LOOP('',(#124,#132,#140,#146));
#124 = ORIENTED_EDGE('',*,*,#125,.T.);
#125 = EDGE_CURVE('',#22,#126,#128,.T.);
#126 = VERTEX_POINT('',#127);
#127 = CARTESIAN_POINT('',(192.816,-0.31,5.31));
#128 = LINE('',#129,#130);
#129 = CARTESIAN_POINT('',(192.816,-0.31,-2.));
#130 = VECTOR('',#131,1.);
#131 = DIRECTION('',(0.,0.,1.));
#132 = ORIENTED_EDGE('',*,*,#133,.T.);
#133 = EDGE_CURVE('',#126,#134,#136,.T.);
#134 = VERTEX_POINT('',#135);
#135 = CARTESIAN_POINT('',(205.425,-0.31,5.31));
#136 = LINE('',#137,#138);
#137 = CARTESIAN_POINT('',(192.816,-0.31,5.31));
#138 = VECTOR('',#139,1.);
#139 = DIRECTION('',(1.,0.,0.));
#140 = ORIENTED_EDGE('',*,*,#141,.F.);
#141 = EDGE_CURVE('',#40,#134,#142,.T.);
#142 = LINE('',#143,#144);
#143 = CARTESIAN_POINT('',(205.425,-0.31,-2.));
#144 = VECTOR('',#145,1.);
#145 = DIRECTION('',(0.,0.,1.));
#146 = ORIENTED_EDGE('',*,*,#47,.F.);
#147 = PLANE('',#148);
#148 = AXIS2_PLACEMENT_3D('',#149,#150,#151);
#149 = CARTESIAN_POINT('',(192.816,-0.31,-2.));
#150 = DIRECTION('',(0.,1.,0.));
#151 = DIRECTION('',(1.,0.,0.));
#152 = ADVANCED_FACE('',(#153),#178,.F.);
#153 = FACE_BOUND('',#154,.F.);
#154 = EDGE_LOOP('',(#155,#156,#164,#172));
#155 = ORIENTED_EDGE('',*,*,#39,.T.);
#156 = ORIENTED_EDGE('',*,*,#157,.T.);
#157 = EDGE_CURVE('',#32,#158,#160,.T.);
#158 = VERTEX_POINT('',#159);
#159 = CARTESIAN_POINT('',(205.425,0.19,-3.));
#160 = LINE('',#161,#162);
#161 = CARTESIAN_POINT('',(205.425,-0.31,-3.));
#162 = VECTOR('',#163,1.);
#163 = DIRECTION('',(0.,1.,0.));
#164 = ORIENTED_EDGE('',*,*,#165,.F.);
#165 = EDGE_CURVE('',#166,#158,#168,.T.);
#166 = VERTEX_POINT('',#167);
#167 = CARTESIAN_POINT('',(205.425,0.19,-2.));
#168 = LINE('',#169,#170);
#169 = CARTESIAN_POINT('',(205.425,0.19,-2.));
#170 = VECTOR('',#171,1.);
#171 = DIRECTION('',(0.,0.,-1.));
#172 = ORIENTED_EDGE('',*,*,#173,.F.);
#173 = EDGE_CURVE('',#40,#166,#174,.T.);
#174 = LINE('',#175,#176);
#175 = CARTESIAN_POINT('',(205.425,-2.81,-2.));
#176 = VECTOR('',#177,1.);
#177 = DIRECTION('',(0.,1.,0.));
#178 = PLANE('',#179);
#179 = AXIS2_PLACEMENT_3D('',#180,#181,#182);
#180 = CARTESIAN_POINT('',(205.425,-0.31,-2.));
#181 = DIRECTION('',(1.,0.,0.));
#182 = DIRECTION('',(0.,1.,0.));
#183 = ADVANCED_FACE('',(#184),#209,.F.);
#184 = FACE_BOUND('',#185,.F.);
#185 = EDGE_LOOP('',(#186,#196,#202,#203));
#186 = ORIENTED_EDGE('',*,*,#187,.T.);
#187 = EDGE_CURVE('',#188,#190,#192,.T.);
#188 = VERTEX_POINT('',#189);
#189 = CARTESIAN_POINT('',(167.274,3.8925,-2.));
#190 = VERTEX_POINT('',#191);
#191 = CARTESIAN_POINT('',(167.274,3.8925,-3.));
#192 = LINE('',#193,#194);
#193 = CARTESIAN_POINT('',(167.274,3.8925,-2.));
#194 = VECTOR('',#195,1.);
#195 = DIRECTION('',(0.,0.,-1.));
#196 = ORIENTED_EDGE('',*,*,#197,.T.);
#197 = EDGE_CURVE('',#190,#64,#198,.T.);
#198 = LINE('',#199,#200);
#199 = CARTESIAN_POINT('',(167.274,3.8925,-3.));
#200 = VECTOR('',#201,1.);
#201 = DIRECTION('',(1.,0.,0.));
#202 = ORIENTED_EDGE('',*,*,#61,.F.);
#203 = ORIENTED_EDGE('',*,*,#204,.F.);
#204 = EDGE_CURVE('',#188,#62,#205,.T.);
#205 = LINE('',#206,#207);
#206 = CARTESIAN_POINT('',(169.774,3.8925,-2.));
#207 = VECTOR('',#208,1.);
#208 = DIRECTION('',(1.,0.,0.));
#209 = PLANE('',#210);
#210 = AXIS2_PLACEMENT_3D('',#211,#212,#213);
#211 = CARTESIAN_POINT('',(167.274,3.8925,-2.));
#212 = DIRECTION('',(0.,-1.,0.));
#213 = DIRECTION('',(1.,0.,0.));
#214 = ADVANCED_FACE('',(#215),#234,.T.);
#215 = FACE_BOUND('',#216,.F.);
#216 = EDGE_LOOP('',(#217,#226,#232,#233));
#217 = ORIENTED_EDGE('',*,*,#218,.T.);
#218 = EDGE_CURVE('',#64,#219,#221,.T.);
#219 = VERTEX_POINT('',#220);
#220 = CARTESIAN_POINT('',(191.816,2.8925,-4.));
#221 = ELLIPSE('',#222,1.414213562373,1.);
#222 = AXIS2_PLACEMENT_3D('',#223,#224,#225);
#223 = CARTESIAN_POINT('',(191.816,2.8925,-3.));
#224 = DIRECTION('',(-0.707106781187,0.707106781187,0.));
#225 = DIRECTION('',(-0.707106781187,-0.707106781187,0.));
#226 = ORIENTED_EDGE('',*,*,#227,.T.);
#227 = EDGE_CURVE('',#219,#93,#228,.T.);
#228 = LINE('',#229,#230);
#229 = CARTESIAN_POINT('',(191.816,3.8925,-4.));
#230 = VECTOR('',#231,1.);
#231 = DIRECTION('',(0.,-1.,0.));
#232 = ORIENTED_EDGE('',*,*,#92,.F.);
#233 = ORIENTED_EDGE('',*,*,#71,.F.);
#234 = CYLINDRICAL_SURFACE('',#235,1.);
#235 = AXIS2_PLACEMENT_3D('',#236,#237,#238);
#236 = CARTESIAN_POINT('',(191.816,3.8925,-3.));
#237 = DIRECTION('',(0.,-1.,0.));
#238 = DIRECTION('',(1.,0.,-0.));
#239 = ADVANCED_FACE('',(#240),#258,.T.);
#240 = FACE_BOUND('',#241,.T.);
#241 = EDGE_LOOP('',(#242,#250,#256,#257));
#242 = ORIENTED_EDGE('',*,*,#243,.T.);
#243 = EDGE_CURVE('',#62,#244,#246,.T.);
#244 = VERTEX_POINT('',#245);
#245 = CARTESIAN_POINT('',(192.816,3.8925,5.31));
#246 = LINE('',#247,#248);
#247 = CARTESIAN_POINT('',(192.816,3.8925,-2.));
#248 = VECTOR('',#249,1.);
#249 = DIRECTION('',(0.,0.,1.));
#250 = ORIENTED_EDGE('',*,*,#251,.T.);
#251 = EDGE_CURVE('',#244,#126,#252,.T.);
#252 = LINE('',#253,#254);
#253 = CARTESIAN_POINT('',(192.816,3.8925,5.31));
#254 = VECTOR('',#255,1.);
#255 = DIRECTION('',(0.,-1.,0.));
#256 = ORIENTED_EDGE('',*,*,#125,.F.);
#257 = ORIENTED_EDGE('',*,*,#78,.F.);
#258 = PLANE('',#259);
#259 = AXIS2_PLACEMENT_3D('',#260,#261,#262);
#260 = CARTESIAN_POINT('',(192.816,3.8925,-2.));
#261 = DIRECTION('',(1.,0.,0.));
#262 = DIRECTION('',(0.,-1.,0.));
#263 = ADVANCED_FACE('',(#264,#674,#685,#696,#707,#718,#729,#740),#751,
  .T.);
#264 = FACE_BOUND('',#265,.T.);
#265 = EDGE_LOOP('',(#266,#267,#275,#283,#291,#299,#307,#315,#323,#331,
    #339,#347,#355,#363,#371,#379,#387,#395,#403,#411,#419,#427,#435,
    #443,#451,#459,#467,#475,#483,#491,#499,#507,#515,#523,#531,#539,
    #547,#555,#563,#571,#579,#587,#595,#603,#611,#619,#627,#635,#643,
    #651,#659,#667,#673));
#266 = ORIENTED_EDGE('',*,*,#101,.T.);
#267 = ORIENTED_EDGE('',*,*,#268,.T.);
#268 = EDGE_CURVE('',#102,#269,#271,.T.);
#269 = VERTEX_POINT('',#270);
#270 = CARTESIAN_POINT('',(206.425,-0.81,-4.));
#271 = LINE('',#272,#273);
#272 = CARTESIAN_POINT('',(206.425,-0.31,-4.));
#273 = VECTOR('',#274,1.);
#274 = DIRECTION('',(0.,1.,0.));
#275 = ORIENTED_EDGE('',*,*,#276,.T.);
#276 = EDGE_CURVE('',#269,#277,#279,.T.);
#277 = VERTEX_POINT('',#278);
#278 = CARTESIAN_POINT('',(207.05,-0.81,-4.));
#279 = LINE('',#280,#281);
#280 = CARTESIAN_POINT('',(205.425,-0.81,-4.));
#281 = VECTOR('',#282,1.);
#282 = DIRECTION('',(1.,0.,0.));
#283 = ORIENTED_EDGE('',*,*,#284,.T.);
#284 = EDGE_CURVE('',#277,#285,#287,.T.);
#285 = VERTEX_POINT('',#286);
#286 = CARTESIAN_POINT('',(207.05,0.595,-4.));
#287 = LINE('',#288,#289);
#288 = CARTESIAN_POINT('',(207.05,0.19,-4.));
#289 = VECTOR('',#290,1.);
#290 = DIRECTION('',(0.,1.,0.));
#291 = ORIENTED_EDGE('',*,*,#292,.T.);
#292 = EDGE_CURVE('',#285,#293,#295,.T.);
#293 = VERTEX_POINT('',#294);
#294 = CARTESIAN_POINT('',(225.475,0.595,-4.));
#295 = LINE('',#296,#297);
#296 = CARTESIAN_POINT('',(206.05,0.595,-4.));
#297 = VECTOR('',#298,1.);
#298 = DIRECTION('',(1.,0.,0.));
#299 = ORIENTED_EDGE('',*,*,#300,.T.);
#300 = EDGE_CURVE('',#293,#301,#303,.T.);
#301 = VERTEX_POINT('',#302);
#302 = CARTESIAN_POINT('',(225.475,1.095,-4.));
#303 = LINE('',#304,#305);
#304 = CARTESIAN_POINT('',(225.475,1.595,-4.));
#305 = VECTOR('',#306,1.);
#306 = DIRECTION('',(0.,1.,0.));
#307 = ORIENTED_EDGE('',*,*,#308,.T.);
#308 = EDGE_CURVE('',#301,#309,#311,.T.);
#309 = VERTEX_POINT('',#310);
#310 = CARTESIAN_POINT('',(226.1,1.095,-4.));
#311 = LINE('',#312,#313);
#312 = CARTESIAN_POINT('',(224.475,1.095,-4.));
#313 = VECTOR('',#314,1.);
#314 = DIRECTION('',(1.,0.,0.));
#315 = ORIENTED_EDGE('',*,*,#316,.T.);
#316 = EDGE_CURVE('',#309,#317,#319,.T.);
#317 = VERTEX_POINT('',#318);
#318 = CARTESIAN_POINT('',(226.1,2.5,-4.));
#319 = LINE('',#320,#321);
#320 = CARTESIAN_POINT('',(226.1,2.095,-4.));
#321 = VECTOR('',#322,1.);
#322 = DIRECTION('',(0.,1.,0.));
#323 = ORIENTED_EDGE('',*,*,#324,.T.);
#324 = EDGE_CURVE('',#317,#325,#327,.T.);
#325 = VERTEX_POINT('',#326);
#326 = CARTESIAN_POINT('',(250.15,2.5,-4.));
#327 = LINE('',#328,#329);
#328 = CARTESIAN_POINT('',(225.1,2.5,-4.));
#329 = VECTOR('',#330,1.);
#330 = DIRECTION('',(1.,0.,0.));
#331 = ORIENTED_EDGE('',*,*,#332,.T.);
#332 = EDGE_CURVE('',#325,#333,#335,.T.);
#333 = VERTEX_POINT('',#334);
#334 = CARTESIAN_POINT('',(250.15,0.595,-4.));
#335 = LINE('',#336,#337);
#336 = CARTESIAN_POINT('',(250.15,3.5,-4.));
#337 = VECTOR('',#338,1.);
#338 = DIRECTION('',(0.,-1.,0.));
#339 = ORIENTED_EDGE('',*,*,#340,.T.);
#340 = EDGE_CURVE('',#333,#341,#343,.T.);
#341 = VERTEX_POINT('',#342);
#342 = CARTESIAN_POINT('',(269.2,0.595,-4.));
#343 = LINE('',#344,#345);
#344 = CARTESIAN_POINT('',(251.15,0.595,-4.));
#345 = VECTOR('',#346,1.);
#346 = DIRECTION('',(1.,0.,0.));
#347 = ORIENTED_EDGE('',*,*,#348,.T.);
#348 = EDGE_CURVE('',#341,#349,#351,.T.);
#349 = VERTEX_POINT('',#350);
#350 = CARTESIAN_POINT('',(269.2,-1.31,-4.));
#351 = LINE('',#352,#353);
#352 = CARTESIAN_POINT('',(269.2,1.595,-4.));
#353 = VECTOR('',#354,1.);
#354 = DIRECTION('',(0.,-1.,0.));
#355 = ORIENTED_EDGE('',*,*,#356,.T.);
#356 = EDGE_CURVE('',#349,#357,#359,.T.);
#357 = VERTEX_POINT('',#358);
#358 = CARTESIAN_POINT('',(288.25,-1.31,-4.));
#359 = LINE('',#360,#361);
#360 = CARTESIAN_POINT('',(270.2,-1.31,-4.));
#361 = VECTOR('',#362,1.);
#362 = DIRECTION('',(1.,0.,0.));
#363 = ORIENTED_EDGE('',*,*,#364,.T.);
#364 = EDGE_CURVE('',#357,#365,#367,.T.);
#365 = VERTEX_POINT('',#366);
#366 = CARTESIAN_POINT('',(288.25,-2.2625,-4.));
#367 = LINE('',#368,#369);
#368 = CARTESIAN_POINT('',(288.25,-0.31,-4.));
#369 = VECTOR('',#370,1.);
#370 = DIRECTION('',(0.,-1.,0.));
#371 = ORIENTED_EDGE('',*,*,#372,.T.);
#372 = EDGE_CURVE('',#365,#373,#375,.T.);
#373 = VERTEX_POINT('',#374);
#374 = CARTESIAN_POINT('',(307.3,-2.2625,-4.));
#375 = LINE('',#376,#377);
#376 = CARTESIAN_POINT('',(289.25,-2.2625,-4.));
#377 = VECTOR('',#378,1.);
#378 = DIRECTION('',(1.,0.,0.));
#379 = ORIENTED_EDGE('',*,*,#380,.T.);
#380 = EDGE_CURVE('',#373,#381,#383,.T.);
#381 = VERTEX_POINT('',#382);
#382 = CARTESIAN_POINT('',(307.3,-21.3125,-4.));
#383 = LINE('',#384,#385);
#384 = CARTESIAN_POINT('',(307.3,-1.2625,-4.));
#385 = VECTOR('',#386,1.);
#386 = DIRECTION('',(0.,-1.,0.));
#387 = ORIENTED_EDGE('',*,*,#388,.T.);
#388 = EDGE_CURVE('',#381,#389,#391,.T.);
#389 = VERTEX_POINT('',#390);
#390 = CARTESIAN_POINT('',(312.0625,-21.3125,-4.));
#391 = LINE('',#392,#393);
#392 = CARTESIAN_POINT('',(308.3,-21.3125,-4.));
#393 = VECTOR('',#394,1.);
#394 = DIRECTION('',(1.,0.,0.));
#395 = ORIENTED_EDGE('',*,*,#396,.T.);
#396 = EDGE_CURVE('',#389,#397,#399,.T.);
#397 = VERTEX_POINT('',#398);
#398 = CARTESIAN_POINT('',(312.0625,-83.4625,-4.));
#399 = LINE('',#400,#401);
#400 = CARTESIAN_POINT('',(312.0625,-20.3125,-4.));
#401 = VECTOR('',#402,1.);
#402 = DIRECTION('',(0.,-1.,0.));
#403 = ORIENTED_EDGE('',*,*,#404,.T.);
#404 = EDGE_CURVE('',#397,#405,#407,.T.);
#405 = VERTEX_POINT('',#406);
#406 = CARTESIAN_POINT('',(283.25,-83.4625,-4.));
#407 = LINE('',#408,#409);
#408 = CARTESIAN_POINT('',(313.0625,-83.4625,-4.));
#409 = VECTOR('',#410,1.);
#410 = DIRECTION('',(-1.,0.,0.));
#411 = ORIENTED_EDGE('',*,*,#412,.T.);
#412 = EDGE_CURVE('',#405,#413,#415,.T.);
#413 = VERTEX_POINT('',#414);
#414 = CARTESIAN_POINT('',(283.25,-82.51,-4.));
#415 = LINE('',#416,#417);
#416 = CARTESIAN_POINT('',(283.25,-84.4625,-4.));
#417 = VECTOR('',#418,1.);
#418 = DIRECTION('',(0.,1.,0.));
#419 = ORIENTED_EDGE('',*,*,#420,.T.);
#420 = EDGE_CURVE('',#413,#421,#423,.T.);
#421 = VERTEX_POINT('',#422);
#422 = CARTESIAN_POINT('',(264.2,-82.51,-4.));
#423 = LINE('',#424,#425);
#424 = CARTESIAN_POINT('',(282.25,-82.51,-4.));
#425 = VECTOR('',#426,1.);
#426 = DIRECTION('',(-1.,0.,0.));
#427 = ORIENTED_EDGE('',*,*,#428,.T.);
#428 = EDGE_CURVE('',#421,#429,#431,.T.);
#429 = VERTEX_POINT('',#430);
#430 = CARTESIAN_POINT('',(264.2,-80.605,-4.));
#431 = LINE('',#432,#433);
#432 = CARTESIAN_POINT('',(264.2,-83.51,-4.));
#433 = VECTOR('',#434,1.);
#434 = DIRECTION('',(0.,1.,0.));
#435 = ORIENTED_EDGE('',*,*,#436,.T.);
#436 = EDGE_CURVE('',#429,#437,#439,.T.);
#437 = VERTEX_POINT('',#438);
#438 = CARTESIAN_POINT('',(245.15,-80.605,-4.));
#439 = LINE('',#440,#441);
#440 = CARTESIAN_POINT('',(263.2,-80.605,-4.));
#441 = VECTOR('',#442,1.);
#442 = DIRECTION('',(-1.,0.,0.));
#443 = ORIENTED_EDGE('',*,*,#444,.T.);
#444 = EDGE_CURVE('',#437,#445,#447,.T.);
#445 = VERTEX_POINT('',#446);
#446 = CARTESIAN_POINT('',(245.15,-78.7,-4.));
#447 = LINE('',#448,#449);
#448 = CARTESIAN_POINT('',(245.15,-81.605,-4.));
#449 = VECTOR('',#450,1.);
#450 = DIRECTION('',(0.,1.,0.));
#451 = ORIENTED_EDGE('',*,*,#452,.T.);
#452 = EDGE_CURVE('',#445,#453,#455,.T.);
#453 = VERTEX_POINT('',#454);
#454 = CARTESIAN_POINT('',(231.1,-78.7,-4.));
#455 = LINE('',#456,#457);
#456 = CARTESIAN_POINT('',(244.15,-78.7,-4.));
#457 = VECTOR('',#458,1.);
#458 = DIRECTION('',(-1.,0.,0.));
#459 = ORIENTED_EDGE('',*,*,#460,.T.);
#460 = EDGE_CURVE('',#453,#461,#463,.T.);
#461 = VERTEX_POINT('',#462);
#462 = CARTESIAN_POINT('',(231.1,-80.5,-4.));
#463 = LINE('',#464,#465);
#464 = CARTESIAN_POINT('',(231.1,-79.7,-4.));
#465 = VECTOR('',#466,1.);
#466 = DIRECTION('',(0.,-1.,0.));
#467 = ORIENTED_EDGE('',*,*,#468,.T.);
#468 = EDGE_CURVE('',#461,#469,#471,.T.);
#469 = VERTEX_POINT('',#470);
#470 = CARTESIAN_POINT('',(225.605,-80.5,-4.));
#471 = LINE('',#472,#473);
#472 = CARTESIAN_POINT('',(232.1,-80.5,-4.));
#473 = VECTOR('',#474,1.);
#474 = DIRECTION('',(-1.,0.,0.));
#475 = ORIENTED_EDGE('',*,*,#476,.T.);
#476 = EDGE_CURVE('',#469,#477,#479,.T.);
#477 = VERTEX_POINT('',#478);
#478 = CARTESIAN_POINT('',(225.605,-97.6625,-4.));
#479 = LINE('',#480,#481);
#480 = CARTESIAN_POINT('',(225.605,-81.5,-4.));
#481 = VECTOR('',#482,1.);
#482 = DIRECTION('',(0.,-1.,0.));
#483 = ORIENTED_EDGE('',*,*,#484,.T.);
#484 = EDGE_CURVE('',#477,#485,#487,.T.);
#485 = VERTEX_POINT('',#486);
#486 = CARTESIAN_POINT('',(221.5640286677,-97.6625,-4.));
#487 = LINE('',#488,#489);
#488 = CARTESIAN_POINT('',(226.605,-97.6625,-4.));
#489 = VECTOR('',#490,1.);
#490 = DIRECTION('',(-1.,0.,0.));
#491 = ORIENTED_EDGE('',*,*,#492,.T.);
#492 = EDGE_CURVE('',#485,#493,#495,.T.);
#493 = VERTEX_POINT('',#494);
#494 = CARTESIAN_POINT('',(226.38331880877,-115.6483140337,-4.));
#495 = LINE('',#496,#497);
#496 = CARTESIAN_POINT('',(221.90132869768,-98.9213193355,-4.));
#497 = VECTOR('',#498,1.);
#498 = DIRECTION('',(0.2588193355,-0.965925748477,0.));
#499 = ORIENTED_EDGE('',*,*,#500,.T.);
#500 = EDGE_CURVE('',#493,#501,#503,.T.);
#501 = VERTEX_POINT('',#502);
#502 = CARTESIAN_POINT('',(225.90034848386,-115.7777241208,-4.));
#503 = LINE('',#504,#505);
#504 = CARTESIAN_POINT('',(227.34924828864,-115.3894968525,-4.));
#505 = VECTOR('',#506,1.);
#506 = DIRECTION('',(-0.96592653701,-0.258816392642,0.));
#507 = ORIENTED_EDGE('',*,*,#508,.T.);
#508 = EDGE_CURVE('',#501,#509,#511,.T.);
#509 = VERTEX_POINT('',#510);
#510 = CARTESIAN_POINT('',(226.84503744027,-119.303350226,-4.));
#511 = LINE('',#512,#513);
#512 = CARTESIAN_POINT('',(226.15916833326,-116.7436526535,-4.));
#513 = VECTOR('',#514,1.);
#514 = DIRECTION('',(0.258819118897,-0.965925806516,0.));
#515 = ORIENTED_EDGE('',*,*,#516,.T.);
#516 = EDGE_CURVE('',#509,#517,#519,.T.);
#517 = VERTEX_POINT('',#518);
#518 = CARTESIAN_POINT('',(205.06340847654,-125.1397187638,-4.));
#519 = LINE('',#520,#521);
#520 = CARTESIAN_POINT('',(227.81096341133,-119.0445312021,-4.));
#521 = VECTOR('',#522,1.);
#522 = DIRECTION('',(-0.965925841288,-0.258818989126,0.));
#523 = ORIENTED_EDGE('',*,*,#524,.T.);
#524 = EDGE_CURVE('',#517,#525,#527,.T.);
#525 = VERTEX_POINT('',#526);
#526 = CARTESIAN_POINT('',(185.21364158996,-130.4584467613,-4.));
#527 = LINE('',#528,#529);
#528 = CARTESIAN_POINT('',(205.06340846641,-125.1397187665,-4.));
#529 = VECTOR('',#530,1.);
#530 = DIRECTION('',(-0.965925838573,-0.258818999259,0.));
#531 = ORIENTED_EDGE('',*,*,#532,.T.);
#532 = EDGE_CURVE('',#525,#533,#535,.T.);
#533 = VERTEX_POINT('',#534);
#534 = CARTESIAN_POINT('',(183.65263115869,-124.6327051518,-4.));
#535 = LINE('',#536,#537);
#536 = CARTESIAN_POINT('',(185.47246149156,-131.4243710369,-4.));
#537 = VECTOR('',#538,1.);
#538 = DIRECTION('',(-0.258820231884,0.965925508291,0.));
#539 = ORIENTED_EDGE('',*,*,#540,.T.);
#540 = EDGE_CURVE('',#533,#541,#543,.T.);
#541 = VERTEX_POINT('',#542);
#542 = CARTESIAN_POINT('',(181.51310957241,-125.2059855768,-4.));
#543 = LINE('',#544,#545);
#544 = CARTESIAN_POINT('',(182.68670733824,-124.8915224602,-4.));
#545 = VECTOR('',#546,1.);
#546 = DIRECTION('',(-0.965926126085,-0.258817926246,0.));
#547 = ORIENTED_EDGE('',*,*,#548,.T.);
#548 = EDGE_CURVE('',#541,#549,#551,.T.);
#549 = VERTEX_POINT('',#550);
#550 = CARTESIAN_POINT('',(172.24738159569,-90.62583650889,-4.));
#551 = LINE('',#552,#553);
#552 = CARTESIAN_POINT('',(181.77192841235,-126.1719101203,-4.));
#553 = VECTOR('',#554,1.);
#554 = DIRECTION('',(-0.258819174364,0.965925791654,0.));
#555 = ORIENTED_EDGE('',*,*,#556,.T.);
#556 = EDGE_CURVE('',#549,#557,#559,.T.);
#557 = VERTEX_POINT('',#558);
#558 = CARTESIAN_POINT('',(174.38691170809,-90.05255647877,-4.));
#559 = LINE('',#560,#561);
#560 = CARTESIAN_POINT('',(171.2814527904,-90.88465394332,-4.));
#561 = VECTOR('',#562,1.);
#562 = DIRECTION('',(0.965926428507,0.258816797584,0.));
#563 = ORIENTED_EDGE('',*,*,#564,.T.);
#564 = EDGE_CURVE('',#557,#565,#567,.T.);
#565 = VERTEX_POINT('',#566);
#566 = CARTESIAN_POINT('',(172.82591273307,-84.22683030406,-4.));
#567 = LINE('',#568,#569);
#568 = CARTESIAN_POINT('',(174.12809199188,-89.08662836519,-4.));
#569 = VECTOR('',#570,1.);
#570 = DIRECTION('',(-0.258819099429,0.965925811732,0.));
#571 = ORIENTED_EDGE('',*,*,#572,.T.);
#572 = EDGE_CURVE('',#565,#573,#575,.T.);
#573 = VERTEX_POINT('',#574);
#574 = CARTESIAN_POINT('',(188.,-80.16094077887,-4.));
#575 = LINE('',#576,#577);
#576 = CARTESIAN_POINT('',(171.85998723622,-84.48564958529,-4.));
#577 = VECTOR('',#578,1.);
#578 = DIRECTION('',(0.965925745189,0.258819347773,0.));
#579 = ORIENTED_EDGE('',*,*,#580,.T.);
#580 = EDGE_CURVE('',#573,#581,#583,.T.);
#581 = VERTEX_POINT('',#582);
#582 = CARTESIAN_POINT('',(188.,-77.7475,-4.));
#583 = LINE('',#584,#585);
#584 = CARTESIAN_POINT('',(188.,-79.39361403981,-4.));
#585 = VECTOR('',#586,1.);
#586 = DIRECTION('',(0.,1.,0.));
#587 = ORIENTED_EDGE('',*,*,#588,.T.);
#588 = EDGE_CURVE('',#581,#589,#591,.T.);
#589 = VERTEX_POINT('',#590);
#590 = CARTESIAN_POINT('',(168.95,-77.7475,-4.));
#591 = LINE('',#592,#593);
#592 = CARTESIAN_POINT('',(187.,-77.7475,-4.));
#593 = VECTOR('',#594,1.);
#594 = DIRECTION('',(-1.,0.,0.));
#595 = ORIENTED_EDGE('',*,*,#596,.T.);
#596 = EDGE_CURVE('',#589,#597,#599,.T.);
#597 = VERTEX_POINT('',#598);
#598 = CARTESIAN_POINT('',(168.95,-71.7225,-4.));
#599 = LINE('',#600,#601);
#600 = CARTESIAN_POINT('',(168.95,-78.7475,-4.));
#601 = VECTOR('',#602,1.);
#602 = DIRECTION('',(0.,1.,0.));
#603 = ORIENTED_EDGE('',*,*,#604,.T.);
#604 = EDGE_CURVE('',#597,#605,#607,.T.);
#605 = VERTEX_POINT('',#606);
#606 = CARTESIAN_POINT('',(168.325,-71.7225,-4.));
#607 = LINE('',#608,#609);
#608 = CARTESIAN_POINT('',(167.95,-71.7225,-4.));
#609 = VECTOR('',#610,1.);
#610 = DIRECTION('',(-1.,0.,0.));
#611 = ORIENTED_EDGE('',*,*,#612,.T.);
#612 = EDGE_CURVE('',#605,#613,#615,.T.);
#613 = VERTEX_POINT('',#614);
#614 = CARTESIAN_POINT('',(168.325,-54.36375,-4.));
#615 = LINE('',#616,#617);
#616 = CARTESIAN_POINT('',(168.325,-72.7225,-4.));
#617 = VECTOR('',#618,1.);
#618 = DIRECTION('',(0.,1.,0.));
#619 = ORIENTED_EDGE('',*,*,#620,.T.);
#620 = EDGE_CURVE('',#613,#621,#623,.T.);
#621 = VERTEX_POINT('',#622);
#622 = CARTESIAN_POINT('',(168.325,-37.005,-4.));
#623 = LINE('',#624,#625);
#624 = CARTESIAN_POINT('',(168.325,-54.36375,-4.));
#625 = VECTOR('',#626,1.);
#626 = DIRECTION('',(0.,1.,0.));
#627 = ORIENTED_EDGE('',*,*,#628,.T.);
#628 = EDGE_CURVE('',#621,#629,#631,.T.);
#629 = VERTEX_POINT('',#630);
#630 = CARTESIAN_POINT('',(168.70279444379,-37.005,-4.));
#631 = LINE('',#632,#633);
#632 = CARTESIAN_POINT('',(167.325,-37.005,-4.));
#633 = VECTOR('',#634,1.);
#634 = DIRECTION('',(1.,0.,0.));
#635 = ORIENTED_EDGE('',*,*,#636,.T.);
#636 = EDGE_CURVE('',#629,#637,#639,.T.);
#637 = VERTEX_POINT('',#638);
#638 = CARTESIAN_POINT('',(169.595,-35.70888123075,-4.));
#639 = LINE('',#640,#641);
#640 = CARTESIAN_POINT('',(169.00084795219,-36.57201374051,-4.));
#641 = VECTOR('',#642,1.);
#642 = DIRECTION('',(0.567013740519,0.823708333127,0.));
#643 = ORIENTED_EDGE('',*,*,#644,.T.);
#644 = EDGE_CURVE('',#637,#645,#647,.T.);
#645 = VERTEX_POINT('',#646);
#646 = CARTESIAN_POINT('',(169.595,-24.6575,-4.));
#647 = LINE('',#648,#649);
#648 = CARTESIAN_POINT('',(169.595,-35.39796871792,-4.));
#649 = VECTOR('',#650,1.);
#650 = DIRECTION('',(0.,1.,0.));
#651 = ORIENTED_EDGE('',*,*,#652,.T.);
#652 = EDGE_CURVE('',#645,#653,#655,.T.);
#653 = VERTEX_POINT('',#654);
#654 = CARTESIAN_POINT('',(168.274,-24.6575,-4.));
#655 = LINE('',#656,#657);
#656 = CARTESIAN_POINT('',(168.595,-24.6575,-4.));
#657 = VECTOR('',#658,1.);
#658 = DIRECTION('',(-1.,0.,0.));
#659 = ORIENTED_EDGE('',*,*,#660,.T.);
#660 = EDGE_CURVE('',#653,#661,#663,.T.);
#661 = VERTEX_POINT('',#662);
#662 = CARTESIAN_POINT('',(168.274,2.8925,-4.));
#663 = LINE('',#664,#665);
#664 = CARTESIAN_POINT('',(168.274,-25.6575,-4.));
#665 = VECTOR('',#666,1.);
#666 = DIRECTION('',(0.,1.,0.));
#667 = ORIENTED_EDGE('',*,*,#668,.T.);
#668 = EDGE_CURVE('',#661,#219,#669,.T.);
#669 = LINE('',#670,#671);
#670 = CARTESIAN_POINT('',(167.274,2.8925,-4.));
#671 = VECTOR('',#672,1.);
#672 = DIRECTION('',(1.,0.,0.));
#673 = ORIENTED_EDGE('',*,*,#227,.T.);
#674 = FACE_BOUND('',#675,.T.);
#675 = EDGE_LOOP('',(#676));
#676 = ORIENTED_EDGE('',*,*,#677,.T.);
#677 = EDGE_CURVE('',#678,#678,#680,.T.);
#678 = VERTEX_POINT('',#679);
#679 = CARTESIAN_POINT('',(224.5,-114.,-4.));
#680 = CIRCLE('',#681,4.5);
#681 = AXIS2_PLACEMENT_3D('',#682,#683,#684);
#682 = CARTESIAN_POINT('',(220.,-114.,-4.));
#683 = DIRECTION('',(0.,0.,1.));
#684 = DIRECTION('',(1.,0.,-0.));
#685 = FACE_BOUND('',#686,.T.);
#686 = EDGE_LOOP('',(#687));
#687 = ORIENTED_EDGE('',*,*,#688,.T.);
#688 = EDGE_CURVE('',#689,#689,#691,.T.);
#689 = VERTEX_POINT('',#690);
#690 = CARTESIAN_POINT('',(204.5,-101.,-4.));
#691 = CIRCLE('',#692,4.5);
#692 = AXIS2_PLACEMENT_3D('',#693,#694,#695);
#693 = CARTESIAN_POINT('',(200.,-101.,-4.));
#694 = DIRECTION('',(0.,0.,1.));
#695 = DIRECTION('',(1.,0.,-0.));
#696 = FACE_BOUND('',#697,.T.);
#697 = EDGE_LOOP('',(#698));
#698 = ORIENTED_EDGE('',*,*,#699,.T.);
#699 = EDGE_CURVE('',#700,#700,#702,.T.);
#700 = VERTEX_POINT('',#701);
#701 = CARTESIAN_POINT('',(233.6068,-72.4075,-4.));
#702 = CIRCLE('',#703,2.5);
#703 = AXIS2_PLACEMENT_3D('',#704,#705,#706);
#704 = CARTESIAN_POINT('',(231.1068,-72.4075,-4.));
#705 = DIRECTION('',(0.,0.,1.));
#706 = DIRECTION('',(1.,0.,0.));
#707 = FACE_BOUND('',#708,.T.);
#708 = EDGE_LOOP('',(#709));
#709 = ORIENTED_EDGE('',*,*,#710,.T.);
#710 = EDGE_CURVE('',#711,#711,#713,.T.);
#711 = VERTEX_POINT('',#712);
#712 = CARTESIAN_POINT('',(307.4068,-60.1075,-4.));
#713 = CIRCLE('',#714,2.5);
#714 = AXIS2_PLACEMENT_3D('',#715,#716,#717);
#715 = CARTESIAN_POINT('',(304.9068,-60.1075,-4.));
#716 = DIRECTION('',(0.,0.,1.));
#717 = DIRECTION('',(1.,0.,0.));
#718 = FACE_BOUND('',#719,.T.);
#719 = EDGE_LOOP('',(#720));
#720 = ORIENTED_EDGE('',*,*,#721,.T.);
#721 = EDGE_CURVE('',#722,#722,#724,.T.);
#722 = VERTEX_POINT('',#723);
#723 = CARTESIAN_POINT('',(264.5,-20.,-4.));
#724 = CIRCLE('',#725,4.5);
#725 = AXIS2_PLACEMENT_3D('',#726,#727,#728);
#726 = CARTESIAN_POINT('',(260.,-20.,-4.));
#727 = DIRECTION('',(0.,0.,1.));
#728 = DIRECTION('',(1.,0.,-0.));
#729 = FACE_BOUND('',#730,.T.);
#730 = EDGE_LOOP('',(#731));
#731 = ORIENTED_EDGE('',*,*,#732,.T.);
#732 = EDGE_CURVE('',#733,#733,#735,.T.);
#733 = VERTEX_POINT('',#734);
#734 = CARTESIAN_POINT('',(219.5,-20.,-4.));
#735 = CIRCLE('',#736,4.5);
#736 = AXIS2_PLACEMENT_3D('',#737,#738,#739);
#737 = CARTESIAN_POINT('',(215.,-20.,-4.));
#738 = DIRECTION('',(0.,0.,1.));
#739 = DIRECTION('',(1.,0.,-0.));
#740 = FACE_BOUND('',#741,.T.);
#741 = EDGE_LOOP('',(#742));
#742 = ORIENTED_EDGE('',*,*,#743,.T.);
#743 = EDGE_CURVE('',#744,#744,#746,.T.);
#744 = VERTEX_POINT('',#745);
#745 = CARTESIAN_POINT('',(184.4068,-35.5075,-4.));
#746 = CIRCLE('',#747,2.5);
#747 = AXIS2_PLACEMENT_3D('',#748,#749,#750);
#748 = CARTESIAN_POINT('',(181.9068,-35.5075,-4.));
#749 = DIRECTION('',(0.,0.,1.));
#750 = DIRECTION('',(1.,0.,0.));
#751 = PLANE('',#752);
#752 = AXIS2_PLACEMENT_3D('',#753,#754,#755);
#753 = CARTESIAN_POINT('',(230.86550198153,-55.26538164695,-4.));
#754 = DIRECTION('',(-0.,-0.,-1.));
#755 = DIRECTION('',(-1.,0.,0.));
#756 = ADVANCED_FACE('',(#757),#769,.T.);
#757 = FACE_BOUND('',#758,.F.);
#758 = EDGE_LOOP('',(#759,#760,#761,#768));
#759 = ORIENTED_EDGE('',*,*,#109,.T.);
#760 = ORIENTED_EDGE('',*,*,#268,.T.);
#761 = ORIENTED_EDGE('',*,*,#762,.F.);
#762 = EDGE_CURVE('',#158,#269,#763,.T.);
#763 = ELLIPSE('',#764,1.414213562373,1.);
#764 = AXIS2_PLACEMENT_3D('',#765,#766,#767);
#765 = CARTESIAN_POINT('',(206.425,-0.81,-3.));
#766 = DIRECTION('',(-0.707106781187,-0.707106781187,-0.));
#767 = DIRECTION('',(-0.707106781187,0.707106781187,0.));
#768 = ORIENTED_EDGE('',*,*,#157,.F.);
#769 = CYLINDRICAL_SURFACE('',#770,1.);
#770 = AXIS2_PLACEMENT_3D('',#771,#772,#773);
#771 = CARTESIAN_POINT('',(206.425,-0.31,-3.));
#772 = DIRECTION('',(0.,1.,0.));
#773 = DIRECTION('',(-1.,0.,0.));
#774 = ADVANCED_FACE('',(#775),#802,.T.);
#775 = FACE_BOUND('',#776,.F.);
#776 = EDGE_LOOP('',(#777,#786,#787,#796));
#777 = ORIENTED_EDGE('',*,*,#778,.T.);
#778 = EDGE_CURVE('',#779,#126,#781,.T.);
#779 = VERTEX_POINT('',#780);
#780 = CARTESIAN_POINT('',(191.616,-1.51,6.51));
#781 = ELLIPSE('',#782,1.697056274848,1.2);
#782 = AXIS2_PLACEMENT_3D('',#783,#784,#785);
#783 = CARTESIAN_POINT('',(191.616,-1.51,5.31));
#784 = DIRECTION('',(-0.707106781187,0.707106781187,0.));
#785 = DIRECTION('',(0.707106781187,0.707106781187,0.));
#786 = ORIENTED_EDGE('',*,*,#133,.T.);
#787 = ORIENTED_EDGE('',*,*,#788,.F.);
#788 = EDGE_CURVE('',#789,#134,#791,.T.);
#789 = VERTEX_POINT('',#790);
#790 = CARTESIAN_POINT('',(206.625,-1.51,6.51));
#791 = ELLIPSE('',#792,1.697056274848,1.2);
#792 = AXIS2_PLACEMENT_3D('',#793,#794,#795);
#793 = CARTESIAN_POINT('',(206.625,-1.51,5.31));
#794 = DIRECTION('',(-0.707106781187,-0.707106781187,0.));
#795 = DIRECTION('',(0.707106781187,-0.707106781187,0.));
#796 = ORIENTED_EDGE('',*,*,#797,.F.);
#797 = EDGE_CURVE('',#779,#789,#798,.T.);
#798 = LINE('',#799,#800);
#799 = CARTESIAN_POINT('',(192.816,-1.51,6.51));
#800 = VECTOR('',#801,1.);
#801 = DIRECTION('',(1.,0.,0.));
#802 = CYLINDRICAL_SURFACE('',#803,1.2);
#803 = AXIS2_PLACEMENT_3D('',#804,#805,#806);
#804 = CARTESIAN_POINT('',(192.816,-1.51,5.31));
#805 = DIRECTION('',(1.,0.,0.));
#806 = DIRECTION('',(0.,-0.,1.));
#807 = ADVANCED_FACE('',(#808),#826,.T.);
#808 = FACE_BOUND('',#809,.T.);
#809 = EDGE_LOOP('',(#810,#811,#819,#825));
#810 = ORIENTED_EDGE('',*,*,#141,.T.);
#811 = ORIENTED_EDGE('',*,*,#812,.T.);
#812 = EDGE_CURVE('',#134,#813,#815,.T.);
#813 = VERTEX_POINT('',#814);
#814 = CARTESIAN_POINT('',(205.425,0.19,5.31));
#815 = LINE('',#816,#817);
#816 = CARTESIAN_POINT('',(205.425,-0.31,5.31));
#817 = VECTOR('',#818,1.);
#818 = DIRECTION('',(0.,1.,0.));
#819 = ORIENTED_EDGE('',*,*,#820,.F.);
#820 = EDGE_CURVE('',#166,#813,#821,.T.);
#821 = LINE('',#822,#823);
#822 = CARTESIAN_POINT('',(205.425,0.19,-2.));
#823 = VECTOR('',#824,1.);
#824 = DIRECTION('',(0.,0.,1.));
#825 = ORIENTED_EDGE('',*,*,#173,.F.);
#826 = PLANE('',#827);
#827 = AXIS2_PLACEMENT_3D('',#828,#829,#830);
#828 = CARTESIAN_POINT('',(205.425,-0.31,-2.));
#829 = DIRECTION('',(-1.,0.,0.));
#830 = DIRECTION('',(0.,1.,0.));
#831 = ADVANCED_FACE('',(#832),#857,.F.);
#832 = FACE_BOUND('',#833,.F.);
#833 = EDGE_LOOP('',(#834,#835,#843,#851));
#834 = ORIENTED_EDGE('',*,*,#165,.T.);
#835 = ORIENTED_EDGE('',*,*,#836,.T.);
#836 = EDGE_CURVE('',#158,#837,#839,.T.);
#837 = VERTEX_POINT('',#838);
#838 = CARTESIAN_POINT('',(206.05,0.19,-3.));
#839 = LINE('',#840,#841);
#840 = CARTESIAN_POINT('',(205.425,0.19,-3.));
#841 = VECTOR('',#842,1.);
#842 = DIRECTION('',(1.,0.,0.));
#843 = ORIENTED_EDGE('',*,*,#844,.F.);
#844 = EDGE_CURVE('',#845,#837,#847,.T.);
#845 = VERTEX_POINT('',#846);
#846 = CARTESIAN_POINT('',(206.05,0.19,-2.));
#847 = LINE('',#848,#849);
#848 = CARTESIAN_POINT('',(206.05,0.19,-2.));
#849 = VECTOR('',#850,1.);
#850 = DIRECTION('',(0.,0.,-1.));
#851 = ORIENTED_EDGE('',*,*,#852,.F.);
#852 = EDGE_CURVE('',#166,#845,#853,.T.);
#853 = LINE('',#854,#855);
#854 = CARTESIAN_POINT('',(207.925,0.19,-2.));
#855 = VECTOR('',#856,1.);
#856 = DIRECTION('',(1.,0.,0.));
#857 = PLANE('',#858);
#858 = AXIS2_PLACEMENT_3D('',#859,#860,#861);
#859 = CARTESIAN_POINT('',(205.425,0.19,-2.));
#860 = DIRECTION('',(0.,-1.,0.));
#861 = DIRECTION('',(1.,0.,0.));
#862 = ADVANCED_FACE('',(#863),#888,.F.);
#863 = FACE_BOUND('',#864,.F.);
#864 = EDGE_LOOP('',(#865,#875,#881,#882));
#865 = ORIENTED_EDGE('',*,*,#866,.T.);
#866 = EDGE_CURVE('',#867,#869,#871,.T.);
#867 = VERTEX_POINT('',#868);
#868 = CARTESIAN_POINT('',(167.274,-25.6575,-2.));
#869 = VERTEX_POINT('',#870);
#870 = CARTESIAN_POINT('',(167.274,-25.6575,-3.));
#871 = LINE('',#872,#873);
#872 = CARTESIAN_POINT('',(167.274,-25.6575,-2.));
#873 = VECTOR('',#874,1.);
#874 = DIRECTION('',(0.,0.,-1.));
#875 = ORIENTED_EDGE('',*,*,#876,.T.);
#876 = EDGE_CURVE('',#869,#190,#877,.T.);
#877 = LINE('',#878,#879);
#878 = CARTESIAN_POINT('',(167.274,-25.6575,-3.));
#879 = VECTOR('',#880,1.);
#880 = DIRECTION('',(0.,1.,0.));
#881 = ORIENTED_EDGE('',*,*,#187,.F.);
#882 = ORIENTED_EDGE('',*,*,#883,.F.);
#883 = EDGE_CURVE('',#867,#188,#884,.T.);
#884 = LINE('',#885,#886);
#885 = CARTESIAN_POINT('',(167.274,-23.1575,-2.));
#886 = VECTOR('',#887,1.);
#887 = DIRECTION('',(0.,1.,0.));
#888 = PLANE('',#889);
#889 = AXIS2_PLACEMENT_3D('',#890,#891,#892);
#890 = CARTESIAN_POINT('',(167.274,-25.6575,-2.));
#891 = DIRECTION('',(1.,0.,0.));
#892 = DIRECTION('',(0.,1.,0.));
#893 = ADVANCED_FACE('',(#894),#906,.T.);
#894 = FACE_BOUND('',#895,.F.);
#895 = EDGE_LOOP('',(#896,#903,#904,#905));
#896 = ORIENTED_EDGE('',*,*,#897,.T.);
#897 = EDGE_CURVE('',#190,#661,#898,.T.);
#898 = ELLIPSE('',#899,1.414213562373,1.);
#899 = AXIS2_PLACEMENT_3D('',#900,#901,#902);
#900 = CARTESIAN_POINT('',(168.274,2.8925,-3.));
#901 = DIRECTION('',(-0.707106781187,-0.707106781187,0.));
#902 = DIRECTION('',(0.707106781187,-0.707106781187,0.));
#903 = ORIENTED_EDGE('',*,*,#668,.T.);
#904 = ORIENTED_EDGE('',*,*,#218,.F.);
#905 = ORIENTED_EDGE('',*,*,#197,.F.);
#906 = CYLINDRICAL_SURFACE('',#907,1.);
#907 = AXIS2_PLACEMENT_3D('',#908,#909,#910);
#908 = CARTESIAN_POINT('',(167.274,2.8925,-3.));
#909 = DIRECTION('',(1.,0.,0.));
#910 = DIRECTION('',(-0.,1.,0.));
#911 = ADVANCED_FACE('',(#912),#930,.T.);
#912 = FACE_BOUND('',#913,.T.);
#913 = EDGE_LOOP('',(#914,#922,#928,#929));
#914 = ORIENTED_EDGE('',*,*,#915,.T.);
#915 = EDGE_CURVE('',#188,#916,#918,.T.);
#916 = VERTEX_POINT('',#917);
#917 = CARTESIAN_POINT('',(167.274,3.8925,5.31));
#918 = LINE('',#919,#920);
#919 = CARTESIAN_POINT('',(167.274,3.8925,-2.));
#920 = VECTOR('',#921,1.);
#921 = DIRECTION('',(0.,0.,1.));
#922 = ORIENTED_EDGE('',*,*,#923,.T.);
#923 = EDGE_CURVE('',#916,#244,#924,.T.);
#924 = LINE('',#925,#926);
#925 = CARTESIAN_POINT('',(167.274,3.8925,5.31));
#926 = VECTOR('',#927,1.);
#927 = DIRECTION('',(1.,0.,0.));
#928 = ORIENTED_EDGE('',*,*,#243,.F.);
#929 = ORIENTED_EDGE('',*,*,#204,.F.);
#930 = PLANE('',#931);
#931 = AXIS2_PLACEMENT_3D('',#932,#933,#934);
#932 = CARTESIAN_POINT('',(167.274,3.8925,-2.));
#933 = DIRECTION('',(0.,1.,0.));
#934 = DIRECTION('',(1.,0.,0.));
#935 = ADVANCED_FACE('',(#936),#955,.T.);
#936 = FACE_BOUND('',#937,.F.);
#937 = EDGE_LOOP('',(#938,#947,#948,#949));
#938 = ORIENTED_EDGE('',*,*,#939,.T.);
#939 = EDGE_CURVE('',#940,#244,#942,.T.);
#940 = VERTEX_POINT('',#941);
#941 = CARTESIAN_POINT('',(191.616,2.6925,6.51));
#942 = ELLIPSE('',#943,1.697056274848,1.2);
#943 = AXIS2_PLACEMENT_3D('',#944,#945,#946);
#944 = CARTESIAN_POINT('',(191.616,2.6925,5.31));
#945 = DIRECTION('',(-0.707106781187,0.707106781187,0.));
#946 = DIRECTION('',(-0.707106781187,-0.707106781187,0.));
#947 = ORIENTED_EDGE('',*,*,#251,.T.);
#948 = ORIENTED_EDGE('',*,*,#778,.F.);
#949 = ORIENTED_EDGE('',*,*,#950,.F.);
#950 = EDGE_CURVE('',#940,#779,#951,.T.);
#951 = LINE('',#952,#953);
#952 = CARTESIAN_POINT('',(191.616,3.8925,6.51));
#953 = VECTOR('',#954,1.);
#954 = DIRECTION('',(0.,-1.,0.));
#955 = CYLINDRICAL_SURFACE('',#956,1.2);
#956 = AXIS2_PLACEMENT_3D('',#957,#958,#959);
#957 = CARTESIAN_POINT('',(191.616,3.8925,5.31));
#958 = DIRECTION('',(0.,-1.,0.));
#959 = DIRECTION('',(-0.,0.,1.));
#960 = ADVANCED_FACE('',(#961),#973,.T.);
#961 = FACE_BOUND('',#962,.F.);
#962 = EDGE_LOOP('',(#963,#964,#965,#972));
#963 = ORIENTED_EDGE('',*,*,#762,.T.);
#964 = ORIENTED_EDGE('',*,*,#276,.T.);
#965 = ORIENTED_EDGE('',*,*,#966,.F.);
#966 = EDGE_CURVE('',#837,#277,#967,.T.);
#967 = ELLIPSE('',#968,1.414213562373,1.);
#968 = AXIS2_PLACEMENT_3D('',#969,#970,#971);
#969 = CARTESIAN_POINT('',(207.05,-0.81,-3.));
#970 = DIRECTION('',(-0.707106781187,-0.707106781187,0.));
#971 = DIRECTION('',(0.707106781187,-0.707106781187,0.));
#972 = ORIENTED_EDGE('',*,*,#836,.F.);
#973 = CYLINDRICAL_SURFACE('',#974,1.);
#974 = AXIS2_PLACEMENT_3D('',#975,#976,#977);
#975 = CARTESIAN_POINT('',(205.425,-0.81,-3.));
#976 = DIRECTION('',(1.,0.,0.));
#977 = DIRECTION('',(-0.,1.,0.));
#978 = ADVANCED_FACE('',(#979),#991,.T.);
#979 = FACE_BOUND('',#980,.F.);
#980 = EDGE_LOOP('',(#981,#988,#989,#990));
#981 = ORIENTED_EDGE('',*,*,#982,.T.);
#982 = EDGE_CURVE('',#869,#653,#983,.T.);
#983 = ELLIPSE('',#984,1.414213562373,1.);
#984 = AXIS2_PLACEMENT_3D('',#985,#986,#987);
#985 = CARTESIAN_POINT('',(168.274,-24.6575,-3.));
#986 = DIRECTION('',(0.707106781187,-0.707106781187,-0.));
#987 = DIRECTION('',(0.707106781187,0.707106781187,0.));
#988 = ORIENTED_EDGE('',*,*,#660,.T.);
#989 = ORIENTED_EDGE('',*,*,#897,.F.);
#990 = ORIENTED_EDGE('',*,*,#876,.F.);
#991 = CYLINDRICAL_SURFACE('',#992,1.);
#992 = AXIS2_PLACEMENT_3D('',#993,#994,#995);
#993 = CARTESIAN_POINT('',(168.274,-25.6575,-3.));
#994 = DIRECTION('',(0.,1.,0.));
#995 = DIRECTION('',(-1.,0.,0.));
#996 = ADVANCED_FACE('',(#997),#1016,.T.);
#997 = FACE_BOUND('',#998,.F.);
#998 = EDGE_LOOP('',(#999,#1000,#1001,#1010));
#999 = ORIENTED_EDGE('',*,*,#966,.T.);
#1000 = ORIENTED_EDGE('',*,*,#284,.T.);
#1001 = ORIENTED_EDGE('',*,*,#1002,.F.);
#1002 = EDGE_CURVE('',#1003,#285,#1005,.T.);
#1003 = VERTEX_POINT('',#1004);
#1004 = CARTESIAN_POINT('',(206.05,1.595,-3.));
#1005 = ELLIPSE('',#1006,1.414213562373,1.);
#1006 = AXIS2_PLACEMENT_3D('',#1007,#1008,#1009);
#1007 = CARTESIAN_POINT('',(207.05,0.595,-3.));
#1008 = DIRECTION('',(-0.707106781187,-0.707106781187,-0.));
#1009 = DIRECTION('',(-0.707106781187,0.707106781187,0.));
#1010 = ORIENTED_EDGE('',*,*,#1011,.F.);
#1011 = EDGE_CURVE('',#837,#1003,#1012,.T.);
#1012 = LINE('',#1013,#1014);
#1013 = CARTESIAN_POINT('',(206.05,0.19,-3.));
#1014 = VECTOR('',#1015,1.);
#1015 = DIRECTION('',(0.,1.,0.));
#1016 = CYLINDRICAL_SURFACE('',#1017,1.);
#1017 = AXIS2_PLACEMENT_3D('',#1018,#1019,#1020);
#1018 = CARTESIAN_POINT('',(207.05,0.19,-3.));
#1019 = DIRECTION('',(0.,1.,0.));
#1020 = DIRECTION('',(-1.,0.,0.));
#1021 = ADVANCED_FACE('',(#1022),#1041,.T.);
#1022 = FACE_BOUND('',#1023,.F.);
#1023 = EDGE_LOOP('',(#1024,#1033,#1034,#1035));
#1024 = ORIENTED_EDGE('',*,*,#1025,.T.);
#1025 = EDGE_CURVE('',#1026,#645,#1028,.T.);
#1026 = VERTEX_POINT('',#1027);
#1027 = CARTESIAN_POINT('',(168.595,-25.6575,-3.));
#1028 = ELLIPSE('',#1029,1.414213562373,1.);
#1029 = AXIS2_PLACEMENT_3D('',#1030,#1031,#1032);
#1030 = CARTESIAN_POINT('',(169.595,-24.6575,-3.));
#1031 = DIRECTION('',(0.707106781187,-0.707106781187,-0.));
#1032 = DIRECTION('',(-0.707106781187,-0.707106781187,0.));
#1033 = ORIENTED_EDGE('',*,*,#652,.T.);
#1034 = ORIENTED_EDGE('',*,*,#982,.F.);
#1035 = ORIENTED_EDGE('',*,*,#1036,.F.);
#1036 = EDGE_CURVE('',#1026,#869,#1037,.T.);
#1037 = LINE('',#1038,#1039);
#1038 = CARTESIAN_POINT('',(168.595,-25.6575,-3.));
#1039 = VECTOR('',#1040,1.);
#1040 = DIRECTION('',(-1.,0.,0.));
#1041 = CYLINDRICAL_SURFACE('',#1042,1.);
#1042 = AXIS2_PLACEMENT_3D('',#1043,#1044,#1045);
#1043 = CARTESIAN_POINT('',(168.595,-24.6575,-3.));
#1044 = DIRECTION('',(-1.,0.,0.));
#1045 = DIRECTION('',(-0.,-1.,0.));
#1046 = ADVANCED_FACE('',(#1047),#1066,.T.);
#1047 = FACE_BOUND('',#1048,.F.);
#1048 = EDGE_LOOP('',(#1049,#1050,#1051,#1060));
#1049 = ORIENTED_EDGE('',*,*,#1002,.T.);
#1050 = ORIENTED_EDGE('',*,*,#292,.T.);
#1051 = ORIENTED_EDGE('',*,*,#1052,.F.);
#1052 = EDGE_CURVE('',#1053,#293,#1055,.T.);
#1053 = VERTEX_POINT('',#1054);
#1054 = CARTESIAN_POINT('',(224.475,1.595,-3.));
#1055 = ELLIPSE('',#1056,1.414213562373,1.);
#1056 = AXIS2_PLACEMENT_3D('',#1057,#1058,#1059);
#1057 = CARTESIAN_POINT('',(225.475,0.595,-3.));
#1058 = DIRECTION('',(-0.707106781187,-0.707106781187,0.));
#1059 = DIRECTION('',(0.707106781187,-0.707106781187,0.));
#1060 = ORIENTED_EDGE('',*,*,#1061,.F.);
#1061 = EDGE_CURVE('',#1003,#1053,#1062,.T.);
#1062 = LINE('',#1063,#1064);
#1063 = CARTESIAN_POINT('',(206.05,1.595,-3.));
#1064 = VECTOR('',#1065,1.);
#1065 = DIRECTION('',(1.,0.,0.));
#1066 = CYLINDRICAL_SURFACE('',#1067,1.);
#1067 = AXIS2_PLACEMENT_3D('',#1068,#1069,#1070);
#1068 = CARTESIAN_POINT('',(206.05,0.595,-3.));
#1069 = DIRECTION('',(1.,0.,0.));
#1070 = DIRECTION('',(-0.,1.,0.));
#1071 = ADVANCED_FACE('',(#1072),#1091,.T.);
#1072 = FACE_BOUND('',#1073,.F.);
#1073 = EDGE_LOOP('',(#1074,#1083,#1084,#1085));
#1074 = ORIENTED_EDGE('',*,*,#1075,.T.);
#1075 = EDGE_CURVE('',#1076,#637,#1078,.T.);
#1076 = VERTEX_POINT('',#1077);
#1077 = CARTESIAN_POINT('',(168.595,-35.39796871792,-3.));
#1078 = ELLIPSE('',#1079,1.047218501858,1.);
#1079 = AXIS2_PLACEMENT_3D('',#1080,#1081,#1082);
#1080 = CARTESIAN_POINT('',(169.595,-35.70888123075,-3.));
#1081 = DIRECTION('',(-0.29689363994,-0.954910554221,-0.));
#1082 = DIRECTION('',(-0.954910554221,0.29689363994,0.));
#1083 = ORIENTED_EDGE('',*,*,#644,.T.);
#1084 = ORIENTED_EDGE('',*,*,#1025,.F.);
#1085 = ORIENTED_EDGE('',*,*,#1086,.F.);
#1086 = EDGE_CURVE('',#1076,#1026,#1087,.T.);
#1087 = LINE('',#1088,#1089);
#1088 = CARTESIAN_POINT('',(168.595,-35.39796871792,-3.));
#1089 = VECTOR('',#1090,1.);
#1090 = DIRECTION('',(0.,1.,0.));
#1091 = CYLINDRICAL_SURFACE('',#1092,1.);
#1092 = AXIS2_PLACEMENT_3D('',#1093,#1094,#1095);
#1093 = CARTESIAN_POINT('',(169.595,-35.39796871792,-3.));
#1094 = DIRECTION('',(0.,1.,0.));
#1095 = DIRECTION('',(-1.,0.,0.));
#1096 = ADVANCED_FACE('',(#1097),#1116,.T.);
#1097 = FACE_BOUND('',#1098,.F.);
#1098 = EDGE_LOOP('',(#1099,#1100,#1101,#1110));
#1099 = ORIENTED_EDGE('',*,*,#1052,.T.);
#1100 = ORIENTED_EDGE('',*,*,#300,.T.);
#1101 = ORIENTED_EDGE('',*,*,#1102,.F.);
#1102 = EDGE_CURVE('',#1103,#301,#1105,.T.);
#1103 = VERTEX_POINT('',#1104);
#1104 = CARTESIAN_POINT('',(224.475,2.095,-3.));
#1105 = ELLIPSE('',#1106,1.414213562373,1.);
#1106 = AXIS2_PLACEMENT_3D('',#1107,#1108,#1109);
#1107 = CARTESIAN_POINT('',(225.475,1.095,-3.));
#1108 = DIRECTION('',(-0.707106781187,-0.707106781187,-0.));
#1109 = DIRECTION('',(-0.707106781187,0.707106781187,0.));
#1110 = ORIENTED_EDGE('',*,*,#1111,.F.);
#1111 = EDGE_CURVE('',#1053,#1103,#1112,.T.);
#1112 = LINE('',#1113,#1114);
#1113 = CARTESIAN_POINT('',(224.475,1.595,-3.));
#1114 = VECTOR('',#1115,1.);
#1115 = DIRECTION('',(0.,1.,0.));
#1116 = CYLINDRICAL_SURFACE('',#1117,1.);
#1117 = AXIS2_PLACEMENT_3D('',#1118,#1119,#1120);
#1118 = CARTESIAN_POINT('',(225.475,1.595,-3.));
#1119 = DIRECTION('',(0.,1.,0.));
#1120 = DIRECTION('',(-1.,0.,0.));
#1121 = ADVANCED_FACE('',(#1122),#1141,.T.);
#1122 = FACE_BOUND('',#1123,.F.);
#1123 = EDGE_LOOP('',(#1124,#1133,#1134,#1135));
#1124 = ORIENTED_EDGE('',*,*,#1125,.T.);
#1125 = EDGE_CURVE('',#1126,#629,#1128,.T.);
#1126 = VERTEX_POINT('',#1127);
#1127 = CARTESIAN_POINT('',(168.17713961906,-36.005,-3.));
#1128 = ELLIPSE('',#1129,1.129740233313,1.);
#1129 = AXIS2_PLACEMENT_3D('',#1130,#1131,#1132);
#1130 = CARTESIAN_POINT('',(168.70279444379,-37.005,-3.));
#1131 = DIRECTION('',(-0.885159234409,-0.465288222224,-0.));
#1132 = DIRECTION('',(-0.465288222224,0.885159234409,0.));
#1133 = ORIENTED_EDGE('',*,*,#636,.T.);
#1134 = ORIENTED_EDGE('',*,*,#1075,.F.);
#1135 = ORIENTED_EDGE('',*,*,#1136,.F.);
#1136 = EDGE_CURVE('',#1126,#1076,#1137,.T.);
#1137 = LINE('',#1138,#1139);
#1138 = CARTESIAN_POINT('',(168.17713961906,-36.005,-3.));
#1139 = VECTOR('',#1140,1.);
#1140 = DIRECTION('',(0.567013740519,0.823708333127,0.));
#1141 = CYLINDRICAL_SURFACE('',#1142,1.);
#1142 = AXIS2_PLACEMENT_3D('',#1143,#1144,#1145);
#1143 = CARTESIAN_POINT('',(169.00084795219,-36.57201374051,-3.));
#1144 = DIRECTION('',(0.567013740519,0.823708333127,0.));
#1145 = DIRECTION('',(-0.823708333127,0.567013740519,0.));
#1146 = ADVANCED_FACE('',(#1147),#1166,.T.);
#1147 = FACE_BOUND('',#1148,.F.);
#1148 = EDGE_LOOP('',(#1149,#1150,#1151,#1160));
#1149 = ORIENTED_EDGE('',*,*,#1102,.T.);
#1150 = ORIENTED_EDGE('',*,*,#308,.T.);
#1151 = ORIENTED_EDGE('',*,*,#1152,.F.);
#1152 = EDGE_CURVE('',#1153,#309,#1155,.T.);
#1153 = VERTEX_POINT('',#1154);
#1154 = CARTESIAN_POINT('',(225.1,2.095,-3.));
#1155 = ELLIPSE('',#1156,1.414213562373,1.);
#1156 = AXIS2_PLACEMENT_3D('',#1157,#1158,#1159);
#1157 = CARTESIAN_POINT('',(226.1,1.095,-3.));
#1158 = DIRECTION('',(-0.707106781187,-0.707106781187,0.));
#1159 = DIRECTION('',(0.707106781187,-0.707106781187,0.));
#1160 = ORIENTED_EDGE('',*,*,#1161,.F.);
#1161 = EDGE_CURVE('',#1103,#1153,#1162,.T.);
#1162 = LINE('',#1163,#1164);
#1163 = CARTESIAN_POINT('',(224.475,2.095,-3.));
#1164 = VECTOR('',#1165,1.);
#1165 = DIRECTION('',(1.,0.,0.));
#1166 = CYLINDRICAL_SURFACE('',#1167,1.);
#1167 = AXIS2_PLACEMENT_3D('',#1168,#1169,#1170);
#1168 = CARTESIAN_POINT('',(224.475,1.095,-3.));
#1169 = DIRECTION('',(1.,0.,0.));
#1170 = DIRECTION('',(-0.,1.,0.));
#1171 = ADVANCED_FACE('',(#1172),#1191,.T.);
#1172 = FACE_BOUND('',#1173,.F.);
#1173 = EDGE_LOOP('',(#1174,#1183,#1184,#1185));
#1174 = ORIENTED_EDGE('',*,*,#1175,.T.);
#1175 = EDGE_CURVE('',#1176,#621,#1178,.T.);
#1176 = VERTEX_POINT('',#1177);
#1177 = CARTESIAN_POINT('',(167.325,-36.005,-3.));
#1178 = ELLIPSE('',#1179,1.414213562373,1.);
#1179 = AXIS2_PLACEMENT_3D('',#1180,#1181,#1182);
#1180 = CARTESIAN_POINT('',(168.325,-37.005,-3.));
#1181 = DIRECTION('',(-0.707106781187,-0.707106781187,0.));
#1182 = DIRECTION('',(0.707106781187,-0.707106781187,0.));
#1183 = ORIENTED_EDGE('',*,*,#628,.T.);
#1184 = ORIENTED_EDGE('',*,*,#1125,.F.);
#1185 = ORIENTED_EDGE('',*,*,#1186,.F.);
#1186 = EDGE_CURVE('',#1176,#1126,#1187,.T.);
#1187 = LINE('',#1188,#1189);
#1188 = CARTESIAN_POINT('',(167.325,-36.005,-3.));
#1189 = VECTOR('',#1190,1.);
#1190 = DIRECTION('',(1.,0.,0.));
#1191 = CYLINDRICAL_SURFACE('',#1192,1.);
#1192 = AXIS2_PLACEMENT_3D('',#1193,#1194,#1195);
#1193 = CARTESIAN_POINT('',(167.325,-37.005,-3.));
#1194 = DIRECTION('',(1.,0.,0.));
#1195 = DIRECTION('',(-0.,1.,0.));
#1196 = ADVANCED_FACE('',(#1197),#1216,.T.);
#1197 = FACE_BOUND('',#1198,.F.);
#1198 = EDGE_LOOP('',(#1199,#1200,#1201,#1210));
#1199 = ORIENTED_EDGE('',*,*,#1152,.T.);
#1200 = ORIENTED_EDGE('',*,*,#316,.T.);
#1201 = ORIENTED_EDGE('',*,*,#1202,.F.);
#1202 = EDGE_CURVE('',#1203,#317,#1205,.T.);
#1203 = VERTEX_POINT('',#1204);
#1204 = CARTESIAN_POINT('',(225.1,3.5,-3.));
#1205 = ELLIPSE('',#1206,1.414213562373,1.);
#1206 = AXIS2_PLACEMENT_3D('',#1207,#1208,#1209);
#1207 = CARTESIAN_POINT('',(226.1,2.5,-3.));
#1208 = DIRECTION('',(-0.707106781187,-0.707106781187,-0.));
#1209 = DIRECTION('',(-0.707106781187,0.707106781187,0.));
#1210 = ORIENTED_EDGE('',*,*,#1211,.F.);
#1211 = EDGE_CURVE('',#1153,#1203,#1212,.T.);
#1212 = LINE('',#1213,#1214);
#1213 = CARTESIAN_POINT('',(225.1,2.095,-3.));
#1214 = VECTOR('',#1215,1.);
#1215 = DIRECTION('',(0.,1.,0.));
#1216 = CYLINDRICAL_SURFACE('',#1217,1.);
#1217 = AXIS2_PLACEMENT_3D('',#1218,#1219,#1220);
#1218 = CARTESIAN_POINT('',(226.1,2.095,-3.));
#1219 = DIRECTION('',(0.,1.,0.));
#1220 = DIRECTION('',(-1.,0.,0.));
#1221 = ADVANCED_FACE('',(#1222),#1241,.T.);
#1222 = FACE_BOUND('',#1223,.F.);
#1223 = EDGE_LOOP('',(#1224,#1233,#1234,#1235));
#1224 = ORIENTED_EDGE('',*,*,#1225,.T.);
#1225 = EDGE_CURVE('',#1226,#613,#1228,.T.);
#1226 = VERTEX_POINT('',#1227);
#1227 = CARTESIAN_POINT('',(167.325,-54.36375,-3.));
#1228 = CIRCLE('',#1229,1.);
#1229 = AXIS2_PLACEMENT_3D('',#1230,#1231,#1232);
#1230 = CARTESIAN_POINT('',(168.325,-54.36375,-3.));
#1231 = DIRECTION('',(-0.,-1.,-0.));
#1232 = DIRECTION('',(-1.,0.,0.));
#1233 = ORIENTED_EDGE('',*,*,#620,.T.);
#1234 = ORIENTED_EDGE('',*,*,#1175,.F.);
#1235 = ORIENTED_EDGE('',*,*,#1236,.F.);
#1236 = EDGE_CURVE('',#1226,#1176,#1237,.T.);
#1237 = LINE('',#1238,#1239);
#1238 = CARTESIAN_POINT('',(167.325,-54.36375,-3.));
#1239 = VECTOR('',#1240,1.);
#1240 = DIRECTION('',(0.,1.,0.));
#1241 = CYLINDRICAL_SURFACE('',#1242,1.);
#1242 = AXIS2_PLACEMENT_3D('',#1243,#1244,#1245);
#1243 = CARTESIAN_POINT('',(168.325,-54.36375,-3.));
#1244 = DIRECTION('',(0.,1.,0.));
#1245 = DIRECTION('',(-1.,0.,0.));
#1246 = ADVANCED_FACE('',(#1247),#1266,.T.);
#1247 = FACE_BOUND('',#1248,.F.);
#1248 = EDGE_LOOP('',(#1249,#1250,#1251,#1260));
#1249 = ORIENTED_EDGE('',*,*,#1202,.T.);
#1250 = ORIENTED_EDGE('',*,*,#324,.T.);
#1251 = ORIENTED_EDGE('',*,*,#1252,.F.);
#1252 = EDGE_CURVE('',#1253,#325,#1255,.T.);
#1253 = VERTEX_POINT('',#1254);
#1254 = CARTESIAN_POINT('',(251.15,3.5,-3.));
#1255 = ELLIPSE('',#1256,1.414213562373,1.);
#1256 = AXIS2_PLACEMENT_3D('',#1257,#1258,#1259);
#1257 = CARTESIAN_POINT('',(250.15,2.5,-3.));
#1258 = DIRECTION('',(-0.707106781187,0.707106781187,0.));
#1259 = DIRECTION('',(0.707106781187,0.707106781187,0.));
#1260 = ORIENTED_EDGE('',*,*,#1261,.F.);
#1261 = EDGE_CURVE('',#1203,#1253,#1262,.T.);
#1262 = LINE('',#1263,#1264);
#1263 = CARTESIAN_POINT('',(225.1,3.5,-3.));
#1264 = VECTOR('',#1265,1.);
#1265 = DIRECTION('',(1.,0.,0.));
#1266 = CYLINDRICAL_SURFACE('',#1267,1.);
#1267 = AXIS2_PLACEMENT_3D('',#1268,#1269,#1270);
#1268 = CARTESIAN_POINT('',(225.1,2.5,-3.));
#1269 = DIRECTION('',(1.,0.,0.));
#1270 = DIRECTION('',(-0.,1.,0.));
#1271 = ADVANCED_FACE('',(#1272),#1291,.T.);
#1272 = FACE_BOUND('',#1273,.F.);
#1273 = EDGE_LOOP('',(#1274,#1283,#1284,#1285));
#1274 = ORIENTED_EDGE('',*,*,#1275,.T.);
#1275 = EDGE_CURVE('',#1276,#605,#1278,.T.);
#1276 = VERTEX_POINT('',#1277);
#1277 = CARTESIAN_POINT('',(167.325,-72.7225,-3.));
#1278 = ELLIPSE('',#1279,1.414213562373,1.);
#1279 = AXIS2_PLACEMENT_3D('',#1280,#1281,#1282);
#1280 = CARTESIAN_POINT('',(168.325,-71.7225,-3.));
#1281 = DIRECTION('',(0.707106781187,-0.707106781187,-0.));
#1282 = DIRECTION('',(0.707106781187,0.707106781187,0.));
#1283 = ORIENTED_EDGE('',*,*,#612,.T.);
#1284 = ORIENTED_EDGE('',*,*,#1225,.F.);
#1285 = ORIENTED_EDGE('',*,*,#1286,.F.);
#1286 = EDGE_CURVE('',#1276,#1226,#1287,.T.);
#1287 = LINE('',#1288,#1289);
#1288 = CARTESIAN_POINT('',(167.325,-72.7225,-3.));
#1289 = VECTOR('',#1290,1.);
#1290 = DIRECTION('',(0.,1.,0.));
#1291 = CYLINDRICAL_SURFACE('',#1292,1.);
#1292 = AXIS2_PLACEMENT_3D('',#1293,#1294,#1295);
#1293 = CARTESIAN_POINT('',(168.325,-72.7225,-3.));
#1294 = DIRECTION('',(0.,1.,0.));
#1295 = DIRECTION('',(-1.,0.,0.));
#1296 = ADVANCED_FACE('',(#1297),#1316,.T.);
#1297 = FACE_BOUND('',#1298,.F.);
#1298 = EDGE_LOOP('',(#1299,#1300,#1301,#1310));
#1299 = ORIENTED_EDGE('',*,*,#1252,.T.);
#1300 = ORIENTED_EDGE('',*,*,#332,.T.);
#1301 = ORIENTED_EDGE('',*,*,#1302,.F.);
#1302 = EDGE_CURVE('',#1303,#333,#1305,.T.);
#1303 = VERTEX_POINT('',#1304);
#1304 = CARTESIAN_POINT('',(251.15,1.595,-3.));
#1305 = ELLIPSE('',#1306,1.414213562373,1.);
#1306 = AXIS2_PLACEMENT_3D('',#1307,#1308,#1309);
#1307 = CARTESIAN_POINT('',(250.15,0.595,-3.));
#1308 = DIRECTION('',(-0.707106781187,0.707106781187,0.));
#1309 = DIRECTION('',(-0.707106781187,-0.707106781187,0.));
#1310 = ORIENTED_EDGE('',*,*,#1311,.F.);
#1311 = EDGE_CURVE('',#1253,#1303,#1312,.T.);
#1312 = LINE('',#1313,#1314);
#1313 = CARTESIAN_POINT('',(251.15,3.5,-3.));
#1314 = VECTOR('',#1315,1.);
#1315 = DIRECTION('',(0.,-1.,0.));
#1316 = CYLINDRICAL_SURFACE('',#1317,1.);
#1317 = AXIS2_PLACEMENT_3D('',#1318,#1319,#1320);
#1318 = CARTESIAN_POINT('',(250.15,3.5,-3.));
#1319 = DIRECTION('',(0.,-1.,0.));
#1320 = DIRECTION('',(1.,0.,-0.));
#1321 = ADVANCED_FACE('',(#1322),#1341,.T.);
#1322 = FACE_BOUND('',#1323,.F.);
#1323 = EDGE_LOOP('',(#1324,#1333,#1334,#1335));
#1324 = ORIENTED_EDGE('',*,*,#1325,.T.);
#1325 = EDGE_CURVE('',#1326,#597,#1328,.T.);
#1326 = VERTEX_POINT('',#1327);
#1327 = CARTESIAN_POINT('',(167.95,-72.7225,-3.));
#1328 = ELLIPSE('',#1329,1.414213562373,1.);
#1329 = AXIS2_PLACEMENT_3D('',#1330,#1331,#1332);
#1330 = CARTESIAN_POINT('',(168.95,-71.7225,-3.));
#1331 = DIRECTION('',(0.707106781187,-0.707106781187,-0.));
#1332 = DIRECTION('',(-0.707106781187,-0.707106781187,0.));
#1333 = ORIENTED_EDGE('',*,*,#604,.T.);
#1334 = ORIENTED_EDGE('',*,*,#1275,.F.);
#1335 = ORIENTED_EDGE('',*,*,#1336,.F.);
#1336 = EDGE_CURVE('',#1326,#1276,#1337,.T.);
#1337 = LINE('',#1338,#1339);
#1338 = CARTESIAN_POINT('',(167.95,-72.7225,-3.));
#1339 = VECTOR('',#1340,1.);
#1340 = DIRECTION('',(-1.,0.,0.));
#1341 = CYLINDRICAL_SURFACE('',#1342,1.);
#1342 = AXIS2_PLACEMENT_3D('',#1343,#1344,#1345);
#1343 = CARTESIAN_POINT('',(167.95,-71.7225,-3.));
#1344 = DIRECTION('',(-1.,0.,0.));
#1345 = DIRECTION('',(-0.,-1.,0.));
#1346 = ADVANCED_FACE('',(#1347),#1366,.T.);
#1347 = FACE_BOUND('',#1348,.F.);
#1348 = EDGE_LOOP('',(#1349,#1350,#1351,#1360));
#1349 = ORIENTED_EDGE('',*,*,#1302,.T.);
#1350 = ORIENTED_EDGE('',*,*,#340,.T.);
#1351 = ORIENTED_EDGE('',*,*,#1352,.F.);
#1352 = EDGE_CURVE('',#1353,#341,#1355,.T.);
#1353 = VERTEX_POINT('',#1354);
#1354 = CARTESIAN_POINT('',(270.2,1.595,-3.));
#1355 = ELLIPSE('',#1356,1.414213562373,1.);
#1356 = AXIS2_PLACEMENT_3D('',#1357,#1358,#1359);
#1357 = CARTESIAN_POINT('',(269.2,0.595,-3.));
#1358 = DIRECTION('',(-0.707106781187,0.707106781187,0.));
#1359 = DIRECTION('',(0.707106781187,0.707106781187,0.));
#1360 = ORIENTED_EDGE('',*,*,#1361,.F.);
#1361 = EDGE_CURVE('',#1303,#1353,#1362,.T.);
#1362 = LINE('',#1363,#1364);
#1363 = CARTESIAN_POINT('',(251.15,1.595,-3.));
#1364 = VECTOR('',#1365,1.);
#1365 = DIRECTION('',(1.,0.,0.));
#1366 = CYLINDRICAL_SURFACE('',#1367,1.);
#1367 = AXIS2_PLACEMENT_3D('',#1368,#1369,#1370);
#1368 = CARTESIAN_POINT('',(251.15,0.595,-3.));
#1369 = DIRECTION('',(1.,0.,0.));
#1370 = DIRECTION('',(-0.,1.,0.));
#1371 = ADVANCED_FACE('',(#1372),#1391,.T.);
#1372 = FACE_BOUND('',#1373,.F.);
#1373 = EDGE_LOOP('',(#1374,#1383,#1384,#1385));
#1374 = ORIENTED_EDGE('',*,*,#1375,.T.);
#1375 = EDGE_CURVE('',#1376,#589,#1378,.T.);
#1376 = VERTEX_POINT('',#1377);
#1377 = CARTESIAN_POINT('',(167.95,-78.7475,-3.));
#1378 = ELLIPSE('',#1379,1.414213562373,1.);
#1379 = AXIS2_PLACEMENT_3D('',#1380,#1381,#1382);
#1380 = CARTESIAN_POINT('',(168.95,-77.7475,-3.));
#1381 = DIRECTION('',(0.707106781187,-0.707106781187,-0.));
#1382 = DIRECTION('',(0.707106781187,0.707106781187,0.));
#1383 = ORIENTED_EDGE('',*,*,#596,.T.);
#1384 = ORIENTED_EDGE('',*,*,#1325,.F.);
#1385 = ORIENTED_EDGE('',*,*,#1386,.F.);
#1386 = EDGE_CURVE('',#1376,#1326,#1387,.T.);
#1387 = LINE('',#1388,#1389);
#1388 = CARTESIAN_POINT('',(167.95,-78.7475,-3.));
#1389 = VECTOR('',#1390,1.);
#1390 = DIRECTION('',(0.,1.,0.));
#1391 = CYLINDRICAL_SURFACE('',#1392,1.);
#1392 = AXIS2_PLACEMENT_3D('',#1393,#1394,#1395);
#1393 = CARTESIAN_POINT('',(168.95,-78.7475,-3.));
#1394 = DIRECTION('',(0.,1.,0.));
#1395 = DIRECTION('',(-1.,0.,0.));
#1396 = ADVANCED_FACE('',(#1397),#1416,.T.);
#1397 = FACE_BOUND('',#1398,.F.);
#1398 = EDGE_LOOP('',(#1399,#1400,#1401,#1410));
#1399 = ORIENTED_EDGE('',*,*,#1352,.T.);
#1400 = ORIENTED_EDGE('',*,*,#348,.T.);
#1401 = ORIENTED_EDGE('',*,*,#1402,.F.);
#1402 = EDGE_CURVE('',#1403,#349,#1405,.T.);
#1403 = VERTEX_POINT('',#1404);
#1404 = CARTESIAN_POINT('',(270.2,-0.31,-3.));
#1405 = ELLIPSE('',#1406,1.414213562373,1.);
#1406 = AXIS2_PLACEMENT_3D('',#1407,#1408,#1409);
#1407 = CARTESIAN_POINT('',(269.2,-1.31,-3.));
#1408 = DIRECTION('',(-0.707106781187,0.707106781187,0.));
#1409 = DIRECTION('',(-0.707106781187,-0.707106781187,0.));
#1410 = ORIENTED_EDGE('',*,*,#1411,.F.);
#1411 = EDGE_CURVE('',#1353,#1403,#1412,.T.);
#1412 = LINE('',#1413,#1414);
#1413 = CARTESIAN_POINT('',(270.2,1.595,-3.));
#1414 = VECTOR('',#1415,1.);
#1415 = DIRECTION('',(0.,-1.,0.));
#1416 = CYLINDRICAL_SURFACE('',#1417,1.);
#1417 = AXIS2_PLACEMENT_3D('',#1418,#1419,#1420);
#1418 = CARTESIAN_POINT('',(269.2,1.595,-3.));
#1419 = DIRECTION('',(0.,-1.,0.));
#1420 = DIRECTION('',(1.,0.,-0.));
#1421 = ADVANCED_FACE('',(#1422),#1441,.T.);
#1422 = FACE_BOUND('',#1423,.F.);
#1423 = EDGE_LOOP('',(#1424,#1433,#1434,#1435));
#1424 = ORIENTED_EDGE('',*,*,#1425,.T.);
#1425 = EDGE_CURVE('',#1426,#581,#1428,.T.);
#1426 = VERTEX_POINT('',#1427);
#1427 = CARTESIAN_POINT('',(187.,-78.7475,-3.));
#1428 = ELLIPSE('',#1429,1.414213562373,1.);
#1429 = AXIS2_PLACEMENT_3D('',#1430,#1431,#1432);
#1430 = CARTESIAN_POINT('',(188.,-77.7475,-3.));
#1431 = DIRECTION('',(0.707106781187,-0.707106781187,-0.));
#1432 = DIRECTION('',(-0.707106781187,-0.707106781187,0.));
#1433 = ORIENTED_EDGE('',*,*,#588,.T.);
#1434 = ORIENTED_EDGE('',*,*,#1375,.F.);
#1435 = ORIENTED_EDGE('',*,*,#1436,.F.);
#1436 = EDGE_CURVE('',#1426,#1376,#1437,.T.);
#1437 = LINE('',#1438,#1439);
#1438 = CARTESIAN_POINT('',(187.,-78.7475,-3.));
#1439 = VECTOR('',#1440,1.);
#1440 = DIRECTION('',(-1.,0.,0.));
#1441 = CYLINDRICAL_SURFACE('',#1442,1.);
#1442 = AXIS2_PLACEMENT_3D('',#1443,#1444,#1445);
#1443 = CARTESIAN_POINT('',(187.,-77.7475,-3.));
#1444 = DIRECTION('',(-1.,0.,0.));
#1445 = DIRECTION('',(-0.,-1.,0.));
#1446 = ADVANCED_FACE('',(#1447),#1466,.T.);
#1447 = FACE_BOUND('',#1448,.F.);
#1448 = EDGE_LOOP('',(#1449,#1450,#1451,#1460));
#1449 = ORIENTED_EDGE('',*,*,#1402,.T.);
#1450 = ORIENTED_EDGE('',*,*,#356,.T.);
#1451 = ORIENTED_EDGE('',*,*,#1452,.F.);
#1452 = EDGE_CURVE('',#1453,#357,#1455,.T.);
#1453 = VERTEX_POINT('',#1454);
#1454 = CARTESIAN_POINT('',(289.25,-0.31,-3.));
#1455 = ELLIPSE('',#1456,1.414213562373,1.);
#1456 = AXIS2_PLACEMENT_3D('',#1457,#1458,#1459);
#1457 = CARTESIAN_POINT('',(288.25,-1.31,-3.));
#1458 = DIRECTION('',(-0.707106781187,0.707106781187,0.));
#1459 = DIRECTION('',(0.707106781187,0.707106781187,0.));
#1460 = ORIENTED_EDGE('',*,*,#1461,.F.);
#1461 = EDGE_CURVE('',#1403,#1453,#1462,.T.);
#1462 = LINE('',#1463,#1464);
#1463 = CARTESIAN_POINT('',(270.2,-0.31,-3.));
#1464 = VECTOR('',#1465,1.);
#1465 = DIRECTION('',(1.,0.,0.));
#1466 = CYLINDRICAL_SURFACE('',#1467,1.);
#1467 = AXIS2_PLACEMENT_3D('',#1468,#1469,#1470);
#1468 = CARTESIAN_POINT('',(270.2,-1.31,-3.));
#1469 = DIRECTION('',(1.,0.,0.));
#1470 = DIRECTION('',(-0.,1.,0.));
#1471 = ADVANCED_FACE('',(#1472),#1491,.T.);
#1472 = FACE_BOUND('',#1473,.F.);
#1473 = EDGE_LOOP('',(#1474,#1483,#1484,#1485));
#1474 = ORIENTED_EDGE('',*,*,#1475,.T.);
#1475 = EDGE_CURVE('',#1476,#573,#1478,.T.);
#1476 = VERTEX_POINT('',#1477);
#1477 = CARTESIAN_POINT('',(187.,-79.39361403981,-3.));
#1478 = ELLIPSE('',#1479,1.260472262476,1.);
#1479 = AXIS2_PLACEMENT_3D('',#1480,#1481,#1482);
#1480 = CARTESIAN_POINT('',(188.,-80.16094077887,-3.));
#1481 = DIRECTION('',(-0.608761304711,-0.793353435668,-0.));
#1482 = DIRECTION('',(-0.793353435668,0.608761304711,0.));
#1483 = ORIENTED_EDGE('',*,*,#580,.T.);
#1484 = ORIENTED_EDGE('',*,*,#1425,.F.);
#1485 = ORIENTED_EDGE('',*,*,#1486,.F.);
#1486 = EDGE_CURVE('',#1476,#1426,#1487,.T.);
#1487 = LINE('',#1488,#1489);
#1488 = CARTESIAN_POINT('',(187.,-79.39361403981,-3.));
#1489 = VECTOR('',#1490,1.);
#1490 = DIRECTION('',(0.,1.,0.));
#1491 = CYLINDRICAL_SURFACE('',#1492,1.);
#1492 = AXIS2_PLACEMENT_3D('',#1493,#1494,#1495);
#1493 = CARTESIAN_POINT('',(188.,-79.39361403981,-3.));
#1494 = DIRECTION('',(0.,1.,0.));
#1495 = DIRECTION('',(-1.,0.,0.));
#1496 = ADVANCED_FACE('',(#1497),#1516,.T.);
#1497 = FACE_BOUND('',#1498,.F.);
#1498 = EDGE_LOOP('',(#1499,#1500,#1501,#1510));
#1499 = ORIENTED_EDGE('',*,*,#1452,.T.);
#1500 = ORIENTED_EDGE('',*,*,#364,.T.);
#1501 = ORIENTED_EDGE('',*,*,#1502,.F.);
#1502 = EDGE_CURVE('',#1503,#365,#1505,.T.);
#1503 = VERTEX_POINT('',#1504);
#1504 = CARTESIAN_POINT('',(289.25,-1.2625,-3.));
#1505 = ELLIPSE('',#1506,1.414213562373,1.);
#1506 = AXIS2_PLACEMENT_3D('',#1507,#1508,#1509);
#1507 = CARTESIAN_POINT('',(288.25,-2.2625,-3.));
#1508 = DIRECTION('',(-0.707106781187,0.707106781187,0.));
#1509 = DIRECTION('',(-0.707106781187,-0.707106781187,0.));
#1510 = ORIENTED_EDGE('',*,*,#1511,.F.);
#1511 = EDGE_CURVE('',#1453,#1503,#1512,.T.);
#1512 = LINE('',#1513,#1514);
#1513 = CARTESIAN_POINT('',(289.25,-0.31,-3.));
#1514 = VECTOR('',#1515,1.);
#1515 = DIRECTION('',(0.,-1.,0.));
#1516 = CYLINDRICAL_SURFACE('',#1517,1.);
#1517 = AXIS2_PLACEMENT_3D('',#1518,#1519,#1520);
#1518 = CARTESIAN_POINT('',(288.25,-0.31,-3.));
#1519 = DIRECTION('',(0.,-1.,0.));
#1520 = DIRECTION('',(1.,0.,-0.));
#1521 = ADVANCED_FACE('',(#1522),#1541,.T.);
#1522 = FACE_BOUND('',#1523,.F.);
#1523 = EDGE_LOOP('',(#1524,#1533,#1534,#1535));
#1524 = ORIENTED_EDGE('',*,*,#1525,.T.);
#1525 = EDGE_CURVE('',#1526,#565,#1528,.T.);
#1526 = VERTEX_POINT('',#1527);
#1527 = CARTESIAN_POINT('',(171.60116788845,-83.5197238401,-3.));
#1528 = ELLIPSE('',#1529,1.414213380573,1.);
#1529 = AXIS2_PLACEMENT_3D('',#1530,#1531,#1532);
#1530 = CARTESIAN_POINT('',(172.82591273307,-84.22683030406,-3.));
#1531 = DIRECTION('',(-0.499999839963,-0.866025496182,0.));
#1532 = DIRECTION('',(0.866025496182,-0.499999839963,0.));
#1533 = ORIENTED_EDGE('',*,*,#572,.T.);
#1534 = ORIENTED_EDGE('',*,*,#1475,.F.);
#1535 = ORIENTED_EDGE('',*,*,#1536,.F.);
#1536 = EDGE_CURVE('',#1526,#1476,#1537,.T.);
#1537 = LINE('',#1538,#1539);
#1538 = CARTESIAN_POINT('',(171.60116788845,-83.5197238401,-3.));
#1539 = VECTOR('',#1540,1.);
#1540 = DIRECTION('',(0.965925745189,0.258819347773,0.));
#1541 = CYLINDRICAL_SURFACE('',#1542,1.);
#1542 = AXIS2_PLACEMENT_3D('',#1543,#1544,#1545);
#1543 = CARTESIAN_POINT('',(171.85998723622,-84.48564958529,-3.));
#1544 = DIRECTION('',(0.965925745189,0.258819347773,0.));
#1545 = DIRECTION('',(-0.258819347773,0.965925745189,0.));
#1546 = ADVANCED_FACE('',(#1547),#1566,.T.);
#1547 = FACE_BOUND('',#1548,.F.);
#1548 = EDGE_LOOP('',(#1549,#1550,#1551,#1560));
#1549 = ORIENTED_EDGE('',*,*,#1502,.T.);
#1550 = ORIENTED_EDGE('',*,*,#372,.T.);
#1551 = ORIENTED_EDGE('',*,*,#1552,.F.);
#1552 = EDGE_CURVE('',#1553,#373,#1555,.T.);
#1553 = VERTEX_POINT('',#1554);
#1554 = CARTESIAN_POINT('',(308.3,-1.2625,-3.));
#1555 = ELLIPSE('',#1556,1.414213562373,1.);
#1556 = AXIS2_PLACEMENT_3D('',#1557,#1558,#1559);
#1557 = CARTESIAN_POINT('',(307.3,-2.2625,-3.));
#1558 = DIRECTION('',(-0.707106781187,0.707106781187,0.));
#1559 = DIRECTION('',(0.707106781187,0.707106781187,0.));
#1560 = ORIENTED_EDGE('',*,*,#1561,.F.);
#1561 = EDGE_CURVE('',#1503,#1553,#1562,.T.);
#1562 = LINE('',#1563,#1564);
#1563 = CARTESIAN_POINT('',(289.25,-1.2625,-3.));
#1564 = VECTOR('',#1565,1.);
#1565 = DIRECTION('',(1.,0.,0.));
#1566 = CYLINDRICAL_SURFACE('',#1567,1.);
#1567 = AXIS2_PLACEMENT_3D('',#1568,#1569,#1570);
#1568 = CARTESIAN_POINT('',(289.25,-2.2625,-3.));
#1569 = DIRECTION('',(1.,0.,0.));
#1570 = DIRECTION('',(-0.,1.,0.));
#1571 = ADVANCED_FACE('',(#1572),#1591,.T.);
#1572 = FACE_BOUND('',#1573,.F.);
#1573 = EDGE_LOOP('',(#1574,#1583,#1584,#1585));
#1574 = ORIENTED_EDGE('',*,*,#1575,.T.);
#1575 = EDGE_CURVE('',#1576,#557,#1578,.T.);
#1576 = VERTEX_POINT('',#1577);
#1577 = CARTESIAN_POINT('',(173.16216618015,-89.34544746462,-3.));
#1578 = ELLIPSE('',#1579,1.414215247443,1.);
#1579 = AXIS2_PLACEMENT_3D('',#1580,#1581,#1582);
#1580 = CARTESIAN_POINT('',(174.38691170809,-90.05255647877,-3.));
#1581 = DIRECTION('',(-0.50000098318,-0.866024836144,-0.));
#1582 = DIRECTION('',(-0.866024836144,0.50000098318,0.));
#1583 = ORIENTED_EDGE('',*,*,#564,.T.);
#1584 = ORIENTED_EDGE('',*,*,#1525,.F.);
#1585 = ORIENTED_EDGE('',*,*,#1586,.F.);
#1586 = EDGE_CURVE('',#1576,#1526,#1587,.T.);
#1587 = LINE('',#1588,#1589);
#1588 = CARTESIAN_POINT('',(173.16216618015,-89.34544746462,-3.));
#1589 = VECTOR('',#1590,1.);
#1590 = DIRECTION('',(-0.258819099429,0.965925811732,0.));
#1591 = CYLINDRICAL_SURFACE('',#1592,1.);
#1592 = AXIS2_PLACEMENT_3D('',#1593,#1594,#1595);
#1593 = CARTESIAN_POINT('',(174.12809199188,-89.08662836519,-3.));
#1594 = DIRECTION('',(-0.258819099429,0.965925811732,0.));
#1595 = DIRECTION('',(-0.965925811732,-0.258819099429,0.));
#1596 = ADVANCED_FACE('',(#1597),#1616,.T.);
#1597 = FACE_BOUND('',#1598,.F.);
#1598 = EDGE_LOOP('',(#1599,#1600,#1601,#1610));
#1599 = ORIENTED_EDGE('',*,*,#1552,.T.);
#1600 = ORIENTED_EDGE('',*,*,#380,.T.);
#1601 = ORIENTED_EDGE('',*,*,#1602,.F.);
#1602 = EDGE_CURVE('',#1603,#381,#1605,.T.);
#1603 = VERTEX_POINT('',#1604);
#1604 = CARTESIAN_POINT('',(308.3,-20.3125,-3.));
#1605 = ELLIPSE('',#1606,1.414213562373,1.);
#1606 = AXIS2_PLACEMENT_3D('',#1607,#1608,#1609);
#1607 = CARTESIAN_POINT('',(307.3,-21.3125,-3.));
#1608 = DIRECTION('',(-0.707106781187,0.707106781187,0.));
#1609 = DIRECTION('',(-0.707106781187,-0.707106781187,0.));
#1610 = ORIENTED_EDGE('',*,*,#1611,.F.);
#1611 = EDGE_CURVE('',#1553,#1603,#1612,.T.);
#1612 = LINE('',#1613,#1614);
#1613 = CARTESIAN_POINT('',(308.3,-1.2625,-3.));
#1614 = VECTOR('',#1615,1.);
#1615 = DIRECTION('',(0.,-1.,0.));
#1616 = CYLINDRICAL_SURFACE('',#1617,1.);
#1617 = AXIS2_PLACEMENT_3D('',#1618,#1619,#1620);
#1618 = CARTESIAN_POINT('',(307.3,-1.2625,-3.));
#1619 = DIRECTION('',(0.,-1.,0.));
#1620 = DIRECTION('',(1.,0.,-0.));
#1621 = ADVANCED_FACE('',(#1622),#1641,.T.);
#1622 = FACE_BOUND('',#1623,.F.);
#1623 = EDGE_LOOP('',(#1624,#1633,#1634,#1635));
#1624 = ORIENTED_EDGE('',*,*,#1625,.T.);
#1625 = EDGE_CURVE('',#1626,#549,#1628,.T.);
#1626 = VERTEX_POINT('',#1627);
#1627 = CARTESIAN_POINT('',(171.02263599282,-89.91872751481,-3.));
#1628 = ELLIPSE('',#1629,1.4142153023,1.);
#1629 = AXIS2_PLACEMENT_3D('',#1630,#1631,#1632);
#1630 = CARTESIAN_POINT('',(172.24738159569,-90.62583650889,-3.));
#1631 = DIRECTION('',(-0.500000949588,-0.866024855539,0.));
#1632 = DIRECTION('',(0.866024855539,-0.500000949588,0.));
#1633 = ORIENTED_EDGE('',*,*,#556,.T.);
#1634 = ORIENTED_EDGE('',*,*,#1575,.F.);
#1635 = ORIENTED_EDGE('',*,*,#1636,.F.);
#1636 = EDGE_CURVE('',#1626,#1576,#1637,.T.);
#1637 = LINE('',#1638,#1639);
#1638 = CARTESIAN_POINT('',(171.02263599282,-89.91872751481,-3.));
#1639 = VECTOR('',#1640,1.);
#1640 = DIRECTION('',(0.965926428507,0.258816797584,0.));
#1641 = CYLINDRICAL_SURFACE('',#1642,1.);
#1642 = AXIS2_PLACEMENT_3D('',#1643,#1644,#1645);
#1643 = CARTESIAN_POINT('',(171.2814527904,-90.88465394332,-3.));
#1644 = DIRECTION('',(0.965926428507,0.258816797584,0.));
#1645 = DIRECTION('',(-0.258816797584,0.965926428507,0.));
#1646 = ADVANCED_FACE('',(#1647),#1666,.T.);
#1647 = FACE_BOUND('',#1648,.F.);
#1648 = EDGE_LOOP('',(#1649,#1650,#1651,#1660));
#1649 = ORIENTED_EDGE('',*,*,#1602,.T.);
#1650 = ORIENTED_EDGE('',*,*,#388,.T.);
#1651 = ORIENTED_EDGE('',*,*,#1652,.F.);
#1652 = EDGE_CURVE('',#1653,#389,#1655,.T.);
#1653 = VERTEX_POINT('',#1654);
#1654 = CARTESIAN_POINT('',(313.0625,-20.3125,-3.));
#1655 = ELLIPSE('',#1656,1.414213562373,1.);
#1656 = AXIS2_PLACEMENT_3D('',#1657,#1658,#1659);
#1657 = CARTESIAN_POINT('',(312.0625,-21.3125,-3.));
#1658 = DIRECTION('',(-0.707106781187,0.707106781187,0.));
#1659 = DIRECTION('',(0.707106781187,0.707106781187,0.));
#1660 = ORIENTED_EDGE('',*,*,#1661,.F.);
#1661 = EDGE_CURVE('',#1603,#1653,#1662,.T.);
#1662 = LINE('',#1663,#1664);
#1663 = CARTESIAN_POINT('',(308.3,-20.3125,-3.));
#1664 = VECTOR('',#1665,1.);
#1665 = DIRECTION('',(1.,0.,0.));
#1666 = CYLINDRICAL_SURFACE('',#1667,1.);
#1667 = AXIS2_PLACEMENT_3D('',#1668,#1669,#1670);
#1668 = CARTESIAN_POINT('',(308.3,-21.3125,-3.));
#1669 = DIRECTION('',(1.,0.,0.));
#1670 = DIRECTION('',(-0.,1.,0.));
#1671 = ADVANCED_FACE('',(#1672),#1691,.T.);
#1672 = FACE_BOUND('',#1673,.F.);
#1673 = EDGE_LOOP('',(#1674,#1683,#1684,#1685));
#1674 = ORIENTED_EDGE('',*,*,#1675,.T.);
#1675 = EDGE_CURVE('',#1676,#541,#1678,.T.);
#1676 = VERTEX_POINT('',#1677);
#1677 = CARTESIAN_POINT('',(180.80600262069,-126.4307292947,-3.));
#1678 = ELLIPSE('',#1679,1.414212648688,1.);
#1679 = AXIS2_PLACEMENT_3D('',#1680,#1681,#1682);
#1680 = CARTESIAN_POINT('',(181.51310957241,-125.2059855768,-3.));
#1681 = DIRECTION('',(0.866025147658,-0.500000443623,-0.));
#1682 = DIRECTION('',(0.500000443623,0.866025147658,0.));
#1683 = ORIENTED_EDGE('',*,*,#548,.T.);
#1684 = ORIENTED_EDGE('',*,*,#1625,.F.);
#1685 = ORIENTED_EDGE('',*,*,#1686,.F.);
#1686 = EDGE_CURVE('',#1676,#1626,#1687,.T.);
#1687 = LINE('',#1688,#1689);
#1688 = CARTESIAN_POINT('',(180.80600262069,-126.4307292947,-3.));
#1689 = VECTOR('',#1690,1.);
#1690 = DIRECTION('',(-0.258819174364,0.965925791654,0.));
#1691 = CYLINDRICAL_SURFACE('',#1692,1.);
#1692 = AXIS2_PLACEMENT_3D('',#1693,#1694,#1695);
#1693 = CARTESIAN_POINT('',(181.77192841235,-126.1719101203,-3.));
#1694 = DIRECTION('',(-0.258819174364,0.965925791654,0.));
#1695 = DIRECTION('',(-0.965925791654,-0.258819174364,0.));
#1696 = ADVANCED_FACE('',(#1697),#1716,.T.);
#1697 = FACE_BOUND('',#1698,.F.);
#1698 = EDGE_LOOP('',(#1699,#1700,#1701,#1710));
#1699 = ORIENTED_EDGE('',*,*,#1652,.T.);
#1700 = ORIENTED_EDGE('',*,*,#396,.T.);
#1701 = ORIENTED_EDGE('',*,*,#1702,.F.);
#1702 = EDGE_CURVE('',#1703,#397,#1705,.T.);
#1703 = VERTEX_POINT('',#1704);
#1704 = CARTESIAN_POINT('',(313.0625,-84.4625,-3.));
#1705 = ELLIPSE('',#1706,1.414213562373,1.);
#1706 = AXIS2_PLACEMENT_3D('',#1707,#1708,#1709);
#1707 = CARTESIAN_POINT('',(312.0625,-83.4625,-3.));
#1708 = DIRECTION('',(0.707106781187,0.707106781187,0.));
#1709 = DIRECTION('',(0.707106781187,-0.707106781187,0.));
#1710 = ORIENTED_EDGE('',*,*,#1711,.F.);
#1711 = EDGE_CURVE('',#1653,#1703,#1712,.T.);
#1712 = LINE('',#1713,#1714);
#1713 = CARTESIAN_POINT('',(313.0625,-20.3125,-3.));
#1714 = VECTOR('',#1715,1.);
#1715 = DIRECTION('',(0.,-1.,0.));
#1716 = CYLINDRICAL_SURFACE('',#1717,1.);
#1717 = AXIS2_PLACEMENT_3D('',#1718,#1719,#1720);
#1718 = CARTESIAN_POINT('',(312.0625,-20.3125,-3.));
#1719 = DIRECTION('',(0.,-1.,0.));
#1720 = DIRECTION('',(1.,0.,-0.));
#1721 = ADVANCED_FACE('',(#1722),#1741,.T.);
#1722 = FACE_BOUND('',#1723,.F.);
#1723 = EDGE_LOOP('',(#1724,#1733,#1734,#1735));
#1724 = ORIENTED_EDGE('',*,*,#1725,.T.);
#1725 = EDGE_CURVE('',#1726,#533,#1728,.T.);
#1726 = VERTEX_POINT('',#1727);
#1727 = CARTESIAN_POINT('',(182.94552526449,-125.8574485863,-3.));
#1728 = ELLIPSE('',#1729,1.414211874532,1.);
#1729 = AXIS2_PLACEMENT_3D('',#1730,#1731,#1732);
#1730 = CARTESIAN_POINT('',(183.65263115869,-124.6327051518,-3.));
#1731 = DIRECTION('',(0.866025421365,-0.49999996955,-0.));
#1732 = DIRECTION('',(-0.49999996955,-0.866025421365,0.));
#1733 = ORIENTED_EDGE('',*,*,#540,.T.);
#1734 = ORIENTED_EDGE('',*,*,#1675,.F.);
#1735 = ORIENTED_EDGE('',*,*,#1736,.F.);
#1736 = EDGE_CURVE('',#1726,#1676,#1737,.T.);
#1737 = LINE('',#1738,#1739);
#1738 = CARTESIAN_POINT('',(182.94552526449,-125.8574485863,-3.));
#1739 = VECTOR('',#1740,1.);
#1740 = DIRECTION('',(-0.965926126085,-0.258817926246,0.));
#1741 = CYLINDRICAL_SURFACE('',#1742,1.);
#1742 = AXIS2_PLACEMENT_3D('',#1743,#1744,#1745);
#1743 = CARTESIAN_POINT('',(182.68670733824,-124.8915224602,-3.));
#1744 = DIRECTION('',(-0.965926126085,-0.258817926246,0.));
#1745 = DIRECTION('',(0.258817926246,-0.965926126085,-0.));
#1746 = ADVANCED_FACE('',(#1747),#1766,.T.);
#1747 = FACE_BOUND('',#1748,.F.);
#1748 = EDGE_LOOP('',(#1749,#1750,#1751,#1760));
#1749 = ORIENTED_EDGE('',*,*,#1702,.T.);
#1750 = ORIENTED_EDGE('',*,*,#404,.T.);
#1751 = ORIENTED_EDGE('',*,*,#1752,.F.);
#1752 = EDGE_CURVE('',#1753,#405,#1755,.T.);
#1753 = VERTEX_POINT('',#1754);
#1754 = CARTESIAN_POINT('',(282.25,-84.4625,-3.));
#1755 = ELLIPSE('',#1756,1.414213562373,1.);
#1756 = AXIS2_PLACEMENT_3D('',#1757,#1758,#1759);
#1757 = CARTESIAN_POINT('',(283.25,-83.4625,-3.));
#1758 = DIRECTION('',(0.707106781187,-0.707106781187,-0.));
#1759 = DIRECTION('',(-0.707106781187,-0.707106781187,0.));
#1760 = ORIENTED_EDGE('',*,*,#1761,.F.);
#1761 = EDGE_CURVE('',#1703,#1753,#1762,.T.);
#1762 = LINE('',#1763,#1764);
#1763 = CARTESIAN_POINT('',(313.0625,-84.4625,-3.));
#1764 = VECTOR('',#1765,1.);
#1765 = DIRECTION('',(-1.,0.,0.));
#1766 = CYLINDRICAL_SURFACE('',#1767,1.);
#1767 = AXIS2_PLACEMENT_3D('',#1768,#1769,#1770);
#1768 = CARTESIAN_POINT('',(313.0625,-83.4625,-3.));
#1769 = DIRECTION('',(-1.,0.,0.));
#1770 = DIRECTION('',(-0.,-1.,0.));
#1771 = ADVANCED_FACE('',(#1772),#1791,.T.);
#1772 = FACE_BOUND('',#1773,.F.);
#1773 = EDGE_LOOP('',(#1774,#1783,#1784,#1785));
#1774 = ORIENTED_EDGE('',*,*,#1775,.T.);
#1775 = EDGE_CURVE('',#1776,#525,#1778,.T.);
#1776 = VERTEX_POINT('',#1777);
#1777 = CARTESIAN_POINT('',(184.50653598327,-131.6831912688,-3.));
#1778 = ELLIPSE('',#1779,1.41421266003,1.);
#1779 = AXIS2_PLACEMENT_3D('',#1780,#1781,#1782);
#1780 = CARTESIAN_POINT('',(185.21364158996,-130.4584467613,-3.));
#1781 = DIRECTION('',(0.866025699081,-0.499999488531,-0.));
#1782 = DIRECTION('',(0.499999488531,0.866025699081,0.));
#1783 = ORIENTED_EDGE('',*,*,#532,.T.);
#1784 = ORIENTED_EDGE('',*,*,#1725,.F.);
#1785 = ORIENTED_EDGE('',*,*,#1786,.F.);
#1786 = EDGE_CURVE('',#1776,#1726,#1787,.T.);
#1787 = LINE('',#1788,#1789);
#1788 = CARTESIAN_POINT('',(184.50653598327,-131.6831912688,-3.));
#1789 = VECTOR('',#1790,1.);
#1790 = DIRECTION('',(-0.258820231884,0.965925508291,0.));
#1791 = CYLINDRICAL_SURFACE('',#1792,1.);
#1792 = AXIS2_PLACEMENT_3D('',#1793,#1794,#1795);
#1793 = CARTESIAN_POINT('',(185.47246149156,-131.4243710369,-3.));
#1794 = DIRECTION('',(-0.258820231884,0.965925508291,0.));
#1795 = DIRECTION('',(-0.965925508291,-0.258820231884,0.));
#1796 = ADVANCED_FACE('',(#1797),#1816,.T.);
#1797 = FACE_BOUND('',#1798,.F.);
#1798 = EDGE_LOOP('',(#1799,#1800,#1801,#1810));
#1799 = ORIENTED_EDGE('',*,*,#1752,.T.);
#1800 = ORIENTED_EDGE('',*,*,#412,.T.);
#1801 = ORIENTED_EDGE('',*,*,#1802,.F.);
#1802 = EDGE_CURVE('',#1803,#413,#1805,.T.);
#1803 = VERTEX_POINT('',#1804);
#1804 = CARTESIAN_POINT('',(282.25,-83.51,-3.));
#1805 = ELLIPSE('',#1806,1.414213562373,1.);
#1806 = AXIS2_PLACEMENT_3D('',#1807,#1808,#1809);
#1807 = CARTESIAN_POINT('',(283.25,-82.51,-3.));
#1808 = DIRECTION('',(0.707106781187,-0.707106781187,-0.));
#1809 = DIRECTION('',(0.707106781187,0.707106781187,0.));
#1810 = ORIENTED_EDGE('',*,*,#1811,.F.);
#1811 = EDGE_CURVE('',#1753,#1803,#1812,.T.);
#1812 = LINE('',#1813,#1814);
#1813 = CARTESIAN_POINT('',(282.25,-84.4625,-3.));
#1814 = VECTOR('',#1815,1.);
#1815 = DIRECTION('',(0.,1.,0.));
#1816 = CYLINDRICAL_SURFACE('',#1817,1.);
#1817 = AXIS2_PLACEMENT_3D('',#1818,#1819,#1820);
#1818 = CARTESIAN_POINT('',(283.25,-84.4625,-3.));
#1819 = DIRECTION('',(0.,1.,0.));
#1820 = DIRECTION('',(-1.,0.,0.));
#1821 = ADVANCED_FACE('',(#1822),#1841,.T.);
#1822 = FACE_BOUND('',#1823,.F.);
#1823 = EDGE_LOOP('',(#1824,#1833,#1834,#1835));
#1824 = ORIENTED_EDGE('',*,*,#1825,.T.);
#1825 = EDGE_CURVE('',#1826,#517,#1828,.T.);
#1826 = VERTEX_POINT('',#1827);
#1827 = CARTESIAN_POINT('',(205.32222746567,-126.1056446051,-3.));
#1828 = CIRCLE('',#1829,1.);
#1829 = AXIS2_PLACEMENT_3D('',#1830,#1831,#1832);
#1830 = CARTESIAN_POINT('',(205.06340847654,-125.1397187638,-3.));
#1831 = DIRECTION('',(0.965925841288,0.258818989126,0.));
#1832 = DIRECTION('',(0.258818989126,-0.965925841288,0.));
#1833 = ORIENTED_EDGE('',*,*,#524,.T.);
#1834 = ORIENTED_EDGE('',*,*,#1775,.F.);
#1835 = ORIENTED_EDGE('',*,*,#1836,.F.);
#1836 = EDGE_CURVE('',#1826,#1776,#1837,.T.);
#1837 = LINE('',#1838,#1839);
#1838 = CARTESIAN_POINT('',(205.32222746566,-126.1056446051,-3.));
#1839 = VECTOR('',#1840,1.);
#1840 = DIRECTION('',(-0.965925838573,-0.258818999259,0.));
#1841 = CYLINDRICAL_SURFACE('',#1842,1.);
#1842 = AXIS2_PLACEMENT_3D('',#1843,#1844,#1845);
#1843 = CARTESIAN_POINT('',(205.06340846641,-125.1397187665,-3.));
#1844 = DIRECTION('',(-0.965925838573,-0.258818999259,0.));
#1845 = DIRECTION('',(0.258818999259,-0.965925838573,-0.));
#1846 = ADVANCED_FACE('',(#1847),#1866,.T.);
#1847 = FACE_BOUND('',#1848,.F.);
#1848 = EDGE_LOOP('',(#1849,#1850,#1851,#1860));
#1849 = ORIENTED_EDGE('',*,*,#1802,.T.);
#1850 = ORIENTED_EDGE('',*,*,#420,.T.);
#1851 = ORIENTED_EDGE('',*,*,#1852,.F.);
#1852 = EDGE_CURVE('',#1853,#421,#1855,.T.);
#1853 = VERTEX_POINT('',#1854);
#1854 = CARTESIAN_POINT('',(263.2,-83.51,-3.));
#1855 = ELLIPSE('',#1856,1.414213562373,1.);
#1856 = AXIS2_PLACEMENT_3D('',#1857,#1858,#1859);
#1857 = CARTESIAN_POINT('',(264.2,-82.51,-3.));
#1858 = DIRECTION('',(0.707106781187,-0.707106781187,-0.));
#1859 = DIRECTION('',(-0.707106781187,-0.707106781187,0.));
#1860 = ORIENTED_EDGE('',*,*,#1861,.F.);
#1861 = EDGE_CURVE('',#1803,#1853,#1862,.T.);
#1862 = LINE('',#1863,#1864);
#1863 = CARTESIAN_POINT('',(282.25,-83.51,-3.));
#1864 = VECTOR('',#1865,1.);
#1865 = DIRECTION('',(-1.,0.,0.));
#1866 = CYLINDRICAL_SURFACE('',#1867,1.);
#1867 = AXIS2_PLACEMENT_3D('',#1868,#1869,#1870);
#1868 = CARTESIAN_POINT('',(282.25,-82.51,-3.));
#1869 = DIRECTION('',(-1.,0.,0.));
#1870 = DIRECTION('',(-0.,-1.,0.));
#1871 = ADVANCED_FACE('',(#1872),#1891,.T.);
#1872 = FACE_BOUND('',#1873,.F.);
#1873 = EDGE_LOOP('',(#1874,#1883,#1884,#1885));
#1874 = ORIENTED_EDGE('',*,*,#1875,.T.);
#1875 = EDGE_CURVE('',#1876,#509,#1878,.T.);
#1876 = VERTEX_POINT('',#1877);
#1877 = CARTESIAN_POINT('',(228.06978240046,-120.0104570434,-3.));
#1878 = ELLIPSE('',#1879,1.414213657372,1.);
#1879 = AXIS2_PLACEMENT_3D('',#1880,#1881,#1882);
#1880 = CARTESIAN_POINT('',(226.84503744027,-119.303350226,-3.));
#1881 = DIRECTION('',(0.499999992012,0.866025408396,-0.));
#1882 = DIRECTION('',(-0.866025408396,0.499999992012,0.));
#1883 = ORIENTED_EDGE('',*,*,#516,.T.);
#1884 = ORIENTED_EDGE('',*,*,#1825,.F.);
#1885 = ORIENTED_EDGE('',*,*,#1886,.F.);
#1886 = EDGE_CURVE('',#1876,#1826,#1887,.T.);
#1887 = LINE('',#1888,#1889);
#1888 = CARTESIAN_POINT('',(228.06978240046,-120.0104570434,-3.));
#1889 = VECTOR('',#1890,1.);
#1890 = DIRECTION('',(-0.965925841288,-0.258818989126,0.));
#1891 = CYLINDRICAL_SURFACE('',#1892,1.);
#1892 = AXIS2_PLACEMENT_3D('',#1893,#1894,#1895);
#1893 = CARTESIAN_POINT('',(227.81096341133,-119.0445312021,-3.));
#1894 = DIRECTION('',(-0.965925841288,-0.258818989126,0.));
#1895 = DIRECTION('',(0.258818989126,-0.965925841288,-0.));
#1896 = ADVANCED_FACE('',(#1897),#1916,.T.);
#1897 = FACE_BOUND('',#1898,.F.);
#1898 = EDGE_LOOP('',(#1899,#1900,#1901,#1910));
#1899 = ORIENTED_EDGE('',*,*,#1852,.T.);
#1900 = ORIENTED_EDGE('',*,*,#428,.T.);
#1901 = ORIENTED_EDGE('',*,*,#1902,.F.);
#1902 = EDGE_CURVE('',#1903,#429,#1905,.T.);
#1903 = VERTEX_POINT('',#1904);
#1904 = CARTESIAN_POINT('',(263.2,-81.605,-3.));
#1905 = ELLIPSE('',#1906,1.414213562373,1.);
#1906 = AXIS2_PLACEMENT_3D('',#1907,#1908,#1909);
#1907 = CARTESIAN_POINT('',(264.2,-80.605,-3.));
#1908 = DIRECTION('',(0.707106781187,-0.707106781187,-0.));
#1909 = DIRECTION('',(0.707106781187,0.707106781187,0.));
#1910 = ORIENTED_EDGE('',*,*,#1911,.F.);
#1911 = EDGE_CURVE('',#1853,#1903,#1912,.T.);
#1912 = LINE('',#1913,#1914);
#1913 = CARTESIAN_POINT('',(263.2,-83.51,-3.));
#1914 = VECTOR('',#1915,1.);
#1915 = DIRECTION('',(0.,1.,0.));
#1916 = CYLINDRICAL_SURFACE('',#1917,1.);
#1917 = AXIS2_PLACEMENT_3D('',#1918,#1919,#1920);
#1918 = CARTESIAN_POINT('',(264.2,-83.51,-3.));
#1919 = DIRECTION('',(0.,1.,0.));
#1920 = DIRECTION('',(-1.,0.,0.));
#1921 = ADVANCED_FACE('',(#1922),#1941,.T.);
#1922 = FACE_BOUND('',#1923,.F.);
#1923 = EDGE_LOOP('',(#1924,#1933,#1934,#1935));
#1924 = ORIENTED_EDGE('',*,*,#1925,.T.);
#1925 = EDGE_CURVE('',#1926,#501,#1928,.T.);
#1926 = VERTEX_POINT('',#1927);
#1927 = CARTESIAN_POINT('',(227.12509413977,-116.4848335346,-3.));
#1928 = ELLIPSE('',#1929,1.414215558134,1.);
#1929 = AXIS2_PLACEMENT_3D('',#1930,#1931,#1932);
#1930 = CARTESIAN_POINT('',(225.90034848386,-115.7777241208,-3.));
#1931 = DIRECTION('',(0.500001155984,0.866024736376,0.));
#1932 = DIRECTION('',(0.866024736376,-0.500001155984,0.));
#1933 = ORIENTED_EDGE('',*,*,#508,.T.);
#1934 = ORIENTED_EDGE('',*,*,#1875,.F.);
#1935 = ORIENTED_EDGE('',*,*,#1936,.F.);
#1936 = EDGE_CURVE('',#1926,#1876,#1937,.T.);
#1937 = LINE('',#1938,#1939);
#1938 = CARTESIAN_POINT('',(227.12509413977,-116.4848335346,-3.));
#1939 = VECTOR('',#1940,1.);
#1940 = DIRECTION('',(0.258819118897,-0.965925806516,0.));
#1941 = CYLINDRICAL_SURFACE('',#1942,1.);
#1942 = AXIS2_PLACEMENT_3D('',#1943,#1944,#1945);
#1943 = CARTESIAN_POINT('',(226.15916833326,-116.7436526535,-3.));
#1944 = DIRECTION('',(0.258819118897,-0.965925806516,0.));
#1945 = DIRECTION('',(0.965925806516,0.258819118897,0.));
#1946 = ADVANCED_FACE('',(#1947),#1966,.T.);
#1947 = FACE_BOUND('',#1948,.F.);
#1948 = EDGE_LOOP('',(#1949,#1950,#1951,#1960));
#1949 = ORIENTED_EDGE('',*,*,#1902,.T.);
#1950 = ORIENTED_EDGE('',*,*,#436,.T.);
#1951 = ORIENTED_EDGE('',*,*,#1952,.F.);
#1952 = EDGE_CURVE('',#1953,#437,#1955,.T.);
#1953 = VERTEX_POINT('',#1954);
#1954 = CARTESIAN_POINT('',(244.15,-81.605,-3.));
#1955 = ELLIPSE('',#1956,1.414213562373,1.);
#1956 = AXIS2_PLACEMENT_3D('',#1957,#1958,#1959);
#1957 = CARTESIAN_POINT('',(245.15,-80.605,-3.));
#1958 = DIRECTION('',(0.707106781187,-0.707106781187,-0.));
#1959 = DIRECTION('',(-0.707106781187,-0.707106781187,0.));
#1960 = ORIENTED_EDGE('',*,*,#1961,.F.);
#1961 = EDGE_CURVE('',#1903,#1953,#1962,.T.);
#1962 = LINE('',#1963,#1964);
#1963 = CARTESIAN_POINT('',(263.2,-81.605,-3.));
#1964 = VECTOR('',#1965,1.);
#1965 = DIRECTION('',(-1.,0.,0.));
#1966 = CYLINDRICAL_SURFACE('',#1967,1.);
#1967 = AXIS2_PLACEMENT_3D('',#1968,#1969,#1970);
#1968 = CARTESIAN_POINT('',(263.2,-80.605,-3.));
#1969 = DIRECTION('',(-1.,0.,0.));
#1970 = DIRECTION('',(-0.,-1.,0.));
#1971 = ADVANCED_FACE('',(#1972),#1991,.T.);
#1972 = FACE_BOUND('',#1973,.F.);
#1973 = EDGE_LOOP('',(#1974,#1983,#1984,#1985));
#1974 = ORIENTED_EDGE('',*,*,#1975,.T.);
#1975 = EDGE_CURVE('',#1976,#493,#1978,.T.);
#1976 = VERTEX_POINT('',#1977);
#1977 = CARTESIAN_POINT('',(227.60806468128,-116.3554233895,-3.));
#1978 = ELLIPSE('',#1979,1.414215716699,1.);
#1979 = AXIS2_PLACEMENT_3D('',#1980,#1981,#1982);
#1980 = CARTESIAN_POINT('',(226.38331880877,-115.6483140337,-3.));
#1981 = DIRECTION('',(0.500001058883,0.866024792437,-0.));
#1982 = DIRECTION('',(-0.866024792437,0.500001058883,0.));
#1983 = ORIENTED_EDGE('',*,*,#500,.T.);
#1984 = ORIENTED_EDGE('',*,*,#1925,.F.);
#1985 = ORIENTED_EDGE('',*,*,#1986,.F.);
#1986 = EDGE_CURVE('',#1976,#1926,#1987,.T.);
#1987 = LINE('',#1988,#1989);
#1988 = CARTESIAN_POINT('',(227.60806468128,-116.3554233895,-3.));
#1989 = VECTOR('',#1990,1.);
#1990 = DIRECTION('',(-0.96592653701,-0.258816392642,0.));
#1991 = CYLINDRICAL_SURFACE('',#1992,1.);
#1992 = AXIS2_PLACEMENT_3D('',#1993,#1994,#1995);
#1993 = CARTESIAN_POINT('',(227.34924828864,-115.3894968525,-3.));
#1994 = DIRECTION('',(-0.96592653701,-0.258816392642,0.));
#1995 = DIRECTION('',(0.258816392642,-0.96592653701,-0.));
#1996 = ADVANCED_FACE('',(#1997),#2016,.T.);
#1997 = FACE_BOUND('',#1998,.F.);
#1998 = EDGE_LOOP('',(#1999,#2000,#2001,#2010));
#1999 = ORIENTED_EDGE('',*,*,#1952,.T.);
#2000 = ORIENTED_EDGE('',*,*,#444,.T.);
#2001 = ORIENTED_EDGE('',*,*,#2002,.F.);
#2002 = EDGE_CURVE('',#2003,#445,#2005,.T.);
#2003 = VERTEX_POINT('',#2004);
#2004 = CARTESIAN_POINT('',(244.15,-79.7,-3.));
#2005 = ELLIPSE('',#2006,1.414213562373,1.);
#2006 = AXIS2_PLACEMENT_3D('',#2007,#2008,#2009);
#2007 = CARTESIAN_POINT('',(245.15,-78.7,-3.));
#2008 = DIRECTION('',(0.707106781187,-0.707106781187,-0.));
#2009 = DIRECTION('',(0.707106781187,0.707106781187,0.));
#2010 = ORIENTED_EDGE('',*,*,#2011,.F.);
#2011 = EDGE_CURVE('',#1953,#2003,#2012,.T.);
#2012 = LINE('',#2013,#2014);
#2013 = CARTESIAN_POINT('',(244.15,-81.605,-3.));
#2014 = VECTOR('',#2015,1.);
#2015 = DIRECTION('',(0.,1.,0.));
#2016 = CYLINDRICAL_SURFACE('',#2017,1.);
#2017 = AXIS2_PLACEMENT_3D('',#2018,#2019,#2020);
#2018 = CARTESIAN_POINT('',(245.15,-81.605,-3.));
#2019 = DIRECTION('',(0.,1.,0.));
#2020 = DIRECTION('',(-1.,0.,0.));
#2021 = ADVANCED_FACE('',(#2022),#2041,.T.);
#2022 = FACE_BOUND('',#2023,.F.);
#2023 = EDGE_LOOP('',(#2024,#2033,#2034,#2035));
#2024 = ORIENTED_EDGE('',*,*,#2025,.T.);
#2025 = EDGE_CURVE('',#2026,#485,#2028,.T.);
#2026 = VERTEX_POINT('',#2027);
#2027 = CARTESIAN_POINT('',(222.86725444616,-98.6625,-3.));
#2028 = ELLIPSE('',#2029,1.642679953509,1.);
#2029 = AXIS2_PLACEMENT_3D('',#2030,#2031,#2032);
#2030 = CARTESIAN_POINT('',(221.5640286677,-97.6625,-3.));
#2031 = DIRECTION('',(0.608761309751,0.793353431801,0.));
#2032 = DIRECTION('',(0.793353431801,-0.608761309751,0.));
#2033 = ORIENTED_EDGE('',*,*,#492,.T.);
#2034 = ORIENTED_EDGE('',*,*,#1975,.F.);
#2035 = ORIENTED_EDGE('',*,*,#2036,.F.);
#2036 = EDGE_CURVE('',#2026,#1976,#2037,.T.);
#2037 = LINE('',#2038,#2039);
#2038 = CARTESIAN_POINT('',(222.86725444616,-98.6625,-3.));
#2039 = VECTOR('',#2040,1.);
#2040 = DIRECTION('',(0.2588193355,-0.965925748477,0.));
#2041 = CYLINDRICAL_SURFACE('',#2042,1.);
#2042 = AXIS2_PLACEMENT_3D('',#2043,#2044,#2045);
#2043 = CARTESIAN_POINT('',(221.90132869768,-98.9213193355,-3.));
#2044 = DIRECTION('',(0.2588193355,-0.965925748477,0.));
#2045 = DIRECTION('',(0.965925748477,0.2588193355,0.));
#2046 = ADVANCED_FACE('',(#2047),#2066,.T.);
#2047 = FACE_BOUND('',#2048,.F.);
#2048 = EDGE_LOOP('',(#2049,#2050,#2051,#2060));
#2049 = ORIENTED_EDGE('',*,*,#2002,.T.);
#2050 = ORIENTED_EDGE('',*,*,#452,.T.);
#2051 = ORIENTED_EDGE('',*,*,#2052,.F.);
#2052 = EDGE_CURVE('',#2053,#453,#2055,.T.);
#2053 = VERTEX_POINT('',#2054);
#2054 = CARTESIAN_POINT('',(232.1,-79.7,-3.));
#2055 = ELLIPSE('',#2056,1.414213562373,1.);
#2056 = AXIS2_PLACEMENT_3D('',#2057,#2058,#2059);
#2057 = CARTESIAN_POINT('',(231.1,-78.7,-3.));
#2058 = DIRECTION('',(0.707106781187,0.707106781187,-0.));
#2059 = DIRECTION('',(-0.707106781187,0.707106781187,0.));
#2060 = ORIENTED_EDGE('',*,*,#2061,.F.);
#2061 = EDGE_CURVE('',#2003,#2053,#2062,.T.);
#2062 = LINE('',#2063,#2064);
#2063 = CARTESIAN_POINT('',(244.15,-79.7,-3.));
#2064 = VECTOR('',#2065,1.);
#2065 = DIRECTION('',(-1.,0.,0.));
#2066 = CYLINDRICAL_SURFACE('',#2067,1.);
#2067 = AXIS2_PLACEMENT_3D('',#2068,#2069,#2070);
#2068 = CARTESIAN_POINT('',(244.15,-78.7,-3.));
#2069 = DIRECTION('',(-1.,0.,0.));
#2070 = DIRECTION('',(-0.,-1.,0.));
#2071 = ADVANCED_FACE('',(#2072),#2091,.T.);
#2072 = FACE_BOUND('',#2073,.F.);
#2073 = EDGE_LOOP('',(#2074,#2083,#2084,#2085));
#2074 = ORIENTED_EDGE('',*,*,#2075,.T.);
#2075 = EDGE_CURVE('',#2076,#477,#2078,.T.);
#2076 = VERTEX_POINT('',#2077);
#2077 = CARTESIAN_POINT('',(226.605,-98.6625,-3.));
#2078 = ELLIPSE('',#2079,1.414213562373,1.);
#2079 = AXIS2_PLACEMENT_3D('',#2080,#2081,#2082);
#2080 = CARTESIAN_POINT('',(225.605,-97.6625,-3.));
#2081 = DIRECTION('',(0.707106781187,0.707106781187,-0.));
#2082 = DIRECTION('',(-0.707106781187,0.707106781187,0.));
#2083 = ORIENTED_EDGE('',*,*,#484,.T.);
#2084 = ORIENTED_EDGE('',*,*,#2025,.F.);
#2085 = ORIENTED_EDGE('',*,*,#2086,.F.);
#2086 = EDGE_CURVE('',#2076,#2026,#2087,.T.);
#2087 = LINE('',#2088,#2089);
#2088 = CARTESIAN_POINT('',(226.605,-98.6625,-3.));
#2089 = VECTOR('',#2090,1.);
#2090 = DIRECTION('',(-1.,0.,0.));
#2091 = CYLINDRICAL_SURFACE('',#2092,1.);
#2092 = AXIS2_PLACEMENT_3D('',#2093,#2094,#2095);
#2093 = CARTESIAN_POINT('',(226.605,-97.6625,-3.));
#2094 = DIRECTION('',(-1.,0.,0.));
#2095 = DIRECTION('',(-0.,-1.,0.));
#2096 = ADVANCED_FACE('',(#2097),#2116,.T.);
#2097 = FACE_BOUND('',#2098,.F.);
#2098 = EDGE_LOOP('',(#2099,#2100,#2101,#2110));
#2099 = ORIENTED_EDGE('',*,*,#2052,.T.);
#2100 = ORIENTED_EDGE('',*,*,#460,.T.);
#2101 = ORIENTED_EDGE('',*,*,#2102,.F.);
#2102 = EDGE_CURVE('',#2103,#461,#2105,.T.);
#2103 = VERTEX_POINT('',#2104);
#2104 = CARTESIAN_POINT('',(232.1,-81.5,-3.));
#2105 = ELLIPSE('',#2106,1.414213562373,1.);
#2106 = AXIS2_PLACEMENT_3D('',#2107,#2108,#2109);
#2107 = CARTESIAN_POINT('',(231.1,-80.5,-3.));
#2108 = DIRECTION('',(0.707106781187,0.707106781187,0.));
#2109 = DIRECTION('',(0.707106781187,-0.707106781187,0.));
#2110 = ORIENTED_EDGE('',*,*,#2111,.F.);
#2111 = EDGE_CURVE('',#2053,#2103,#2112,.T.);
#2112 = LINE('',#2113,#2114);
#2113 = CARTESIAN_POINT('',(232.1,-79.7,-3.));
#2114 = VECTOR('',#2115,1.);
#2115 = DIRECTION('',(0.,-1.,0.));
#2116 = CYLINDRICAL_SURFACE('',#2117,1.);
#2117 = AXIS2_PLACEMENT_3D('',#2118,#2119,#2120);
#2118 = CARTESIAN_POINT('',(231.1,-79.7,-3.));
#2119 = DIRECTION('',(0.,-1.,0.));
#2120 = DIRECTION('',(1.,0.,-0.));
#2121 = ADVANCED_FACE('',(#2122),#2141,.T.);
#2122 = FACE_BOUND('',#2123,.F.);
#2123 = EDGE_LOOP('',(#2124,#2133,#2134,#2135));
#2124 = ORIENTED_EDGE('',*,*,#2125,.T.);
#2125 = EDGE_CURVE('',#2126,#469,#2128,.T.);
#2126 = VERTEX_POINT('',#2127);
#2127 = CARTESIAN_POINT('',(226.605,-81.5,-3.));
#2128 = ELLIPSE('',#2129,1.414213562373,1.);
#2129 = AXIS2_PLACEMENT_3D('',#2130,#2131,#2132);
#2130 = CARTESIAN_POINT('',(225.605,-80.5,-3.));
#2131 = DIRECTION('',(0.707106781187,0.707106781187,0.));
#2132 = DIRECTION('',(0.707106781187,-0.707106781187,0.));
#2133 = ORIENTED_EDGE('',*,*,#476,.T.);
#2134 = ORIENTED_EDGE('',*,*,#2075,.F.);
#2135 = ORIENTED_EDGE('',*,*,#2136,.F.);
#2136 = EDGE_CURVE('',#2126,#2076,#2137,.T.);
#2137 = LINE('',#2138,#2139);
#2138 = CARTESIAN_POINT('',(226.605,-81.5,-3.));
#2139 = VECTOR('',#2140,1.);
#2140 = DIRECTION('',(0.,-1.,0.));
#2141 = CYLINDRICAL_SURFACE('',#2142,1.);
#2142 = AXIS2_PLACEMENT_3D('',#2143,#2144,#2145);
#2143 = CARTESIAN_POINT('',(225.605,-81.5,-3.));
#2144 = DIRECTION('',(0.,-1.,0.));
#2145 = DIRECTION('',(1.,0.,-0.));
#2146 = ADVANCED_FACE('',(#2147),#2158,.T.);
#2147 = FACE_BOUND('',#2148,.F.);
#2148 = EDGE_LOOP('',(#2149,#2150,#2151,#2152));
#2149 = ORIENTED_EDGE('',*,*,#2102,.T.);
#2150 = ORIENTED_EDGE('',*,*,#468,.T.);
#2151 = ORIENTED_EDGE('',*,*,#2125,.F.);
#2152 = ORIENTED_EDGE('',*,*,#2153,.F.);
#2153 = EDGE_CURVE('',#2103,#2126,#2154,.T.);
#2154 = LINE('',#2155,#2156);
#2155 = CARTESIAN_POINT('',(232.1,-81.5,-3.));
#2156 = VECTOR('',#2157,1.);
#2157 = DIRECTION('',(-1.,0.,0.));
#2158 = CYLINDRICAL_SURFACE('',#2159,1.);
#2159 = AXIS2_PLACEMENT_3D('',#2160,#2161,#2162);
#2160 = CARTESIAN_POINT('',(232.1,-80.5,-3.));
#2161 = DIRECTION('',(-1.,0.,0.));
#2162 = DIRECTION('',(-0.,-1.,0.));
#2163 = ADVANCED_FACE('',(#2164),#2183,.T.);
#2164 = FACE_BOUND('',#2165,.T.);
#2165 = EDGE_LOOP('',(#2166,#2174,#2175,#2176));
#2166 = ORIENTED_EDGE('',*,*,#2167,.T.);
#2167 = EDGE_CURVE('',#2168,#678,#2170,.T.);
#2168 = VERTEX_POINT('',#2169);
#2169 = CARTESIAN_POINT('',(224.5,-114.,-7.5));
#2170 = LINE('',#2171,#2172);
#2171 = CARTESIAN_POINT('',(224.5,-114.,-9.));
#2172 = VECTOR('',#2173,1.);
#2173 = DIRECTION('',(0.,0.,1.));
#2174 = ORIENTED_EDGE('',*,*,#677,.F.);
#2175 = ORIENTED_EDGE('',*,*,#2167,.F.);
#2176 = ORIENTED_EDGE('',*,*,#2177,.T.);
#2177 = EDGE_CURVE('',#2168,#2168,#2178,.T.);
#2178 = CIRCLE('',#2179,4.5);
#2179 = AXIS2_PLACEMENT_3D('',#2180,#2181,#2182);
#2180 = CARTESIAN_POINT('',(220.,-114.,-7.5));
#2181 = DIRECTION('',(0.,0.,1.));
#2182 = DIRECTION('',(1.,0.,-0.));
#2183 = CYLINDRICAL_SURFACE('',#2184,4.5);
#2184 = AXIS2_PLACEMENT_3D('',#2185,#2186,#2187);
#2185 = CARTESIAN_POINT('',(220.,-114.,-9.));
#2186 = DIRECTION('',(0.,0.,1.));
#2187 = DIRECTION('',(1.,0.,-0.));
#2188 = ADVANCED_FACE('',(#2189),#2208,.T.);
#2189 = FACE_BOUND('',#2190,.T.);
#2190 = EDGE_LOOP('',(#2191,#2199,#2200,#2201));
#2191 = ORIENTED_EDGE('',*,*,#2192,.T.);
#2192 = EDGE_CURVE('',#2193,#689,#2195,.T.);
#2193 = VERTEX_POINT('',#2194);
#2194 = CARTESIAN_POINT('',(204.5,-101.,-11.5));
#2195 = LINE('',#2196,#2197);
#2196 = CARTESIAN_POINT('',(204.5,-101.,-13.));
#2197 = VECTOR('',#2198,1.);
#2198 = DIRECTION('',(0.,0.,1.));
#2199 = ORIENTED_EDGE('',*,*,#688,.F.);
#2200 = ORIENTED_EDGE('',*,*,#2192,.F.);
#2201 = ORIENTED_EDGE('',*,*,#2202,.T.);
#2202 = EDGE_CURVE('',#2193,#2193,#2203,.T.);
#2203 = CIRCLE('',#2204,4.5);
#2204 = AXIS2_PLACEMENT_3D('',#2205,#2206,#2207);
#2205 = CARTESIAN_POINT('',(200.,-101.,-11.5));
#2206 = DIRECTION('',(0.,0.,1.));
#2207 = DIRECTION('',(1.,0.,-0.));
#2208 = CYLINDRICAL_SURFACE('',#2209,4.5);
#2209 = AXIS2_PLACEMENT_3D('',#2210,#2211,#2212);
#2210 = CARTESIAN_POINT('',(200.,-101.,-13.));
#2211 = DIRECTION('',(0.,0.,1.));
#2212 = DIRECTION('',(1.,0.,-0.));
#2213 = ADVANCED_FACE('',(#2214,#2217),#2228,.T.);
#2214 = FACE_BOUND('',#2215,.T.);
#2215 = EDGE_LOOP('',(#2216));
#2216 = ORIENTED_EDGE('',*,*,#699,.F.);
#2217 = FACE_BOUND('',#2218,.T.);
#2218 = EDGE_LOOP('',(#2219));
#2219 = ORIENTED_EDGE('',*,*,#2220,.T.);
#2220 = EDGE_CURVE('',#2221,#2221,#2223,.T.);
#2221 = VERTEX_POINT('',#2222);
#2222 = CARTESIAN_POINT('',(232.2068,-72.4075,-4.));
#2223 = CIRCLE('',#2224,1.1);
#2224 = AXIS2_PLACEMENT_3D('',#2225,#2226,#2227);
#2225 = CARTESIAN_POINT('',(231.1068,-72.4075,-4.));
#2226 = DIRECTION('',(0.,0.,1.));
#2227 = DIRECTION('',(1.,0.,0.));
#2228 = PLANE('',#2229);
#2229 = AXIS2_PLACEMENT_3D('',#2230,#2231,#2232);
#2230 = CARTESIAN_POINT('',(230.86550198153,-55.26538164695,-4.));
#2231 = DIRECTION('',(-0.,-0.,-1.));
#2232 = DIRECTION('',(-1.,0.,0.));
#2233 = ADVANCED_FACE('',(#2234,#2237),#2248,.T.);
#2234 = FACE_BOUND('',#2235,.T.);
#2235 = EDGE_LOOP('',(#2236));
#2236 = ORIENTED_EDGE('',*,*,#710,.F.);
#2237 = FACE_BOUND('',#2238,.T.);
#2238 = EDGE_LOOP('',(#2239));
#2239 = ORIENTED_EDGE('',*,*,#2240,.T.);
#2240 = EDGE_CURVE('',#2241,#2241,#2243,.T.);
#2241 = VERTEX_POINT('',#2242);
#2242 = CARTESIAN_POINT('',(306.0068,-60.1075,-4.));
#2243 = CIRCLE('',#2244,1.1);
#2244 = AXIS2_PLACEMENT_3D('',#2245,#2246,#2247);
#2245 = CARTESIAN_POINT('',(304.9068,-60.1075,-4.));
#2246 = DIRECTION('',(0.,0.,1.));
#2247 = DIRECTION('',(1.,0.,0.));
#2248 = PLANE('',#2249);
#2249 = AXIS2_PLACEMENT_3D('',#2250,#2251,#2252);
#2250 = CARTESIAN_POINT('',(230.86550198153,-55.26538164695,-4.));
#2251 = DIRECTION('',(-0.,-0.,-1.));
#2252 = DIRECTION('',(-1.,0.,0.));
#2253 = ADVANCED_FACE('',(#2254),#2273,.T.);
#2254 = FACE_BOUND('',#2255,.T.);
#2255 = EDGE_LOOP('',(#2256,#2264,#2265,#2266));
#2256 = ORIENTED_EDGE('',*,*,#2257,.T.);
#2257 = EDGE_CURVE('',#2258,#722,#2260,.T.);
#2258 = VERTEX_POINT('',#2259);
#2259 = CARTESIAN_POINT('',(264.5,-20.,-9.5));
#2260 = LINE('',#2261,#2262);
#2261 = CARTESIAN_POINT('',(264.5,-20.,-11.));
#2262 = VECTOR('',#2263,1.);
#2263 = DIRECTION('',(0.,0.,1.));
#2264 = ORIENTED_EDGE('',*,*,#721,.F.);
#2265 = ORIENTED_EDGE('',*,*,#2257,.F.);
#2266 = ORIENTED_EDGE('',*,*,#2267,.T.);
#2267 = EDGE_CURVE('',#2258,#2258,#2268,.T.);
#2268 = CIRCLE('',#2269,4.5);
#2269 = AXIS2_PLACEMENT_3D('',#2270,#2271,#2272);
#2270 = CARTESIAN_POINT('',(260.,-20.,-9.5));
#2271 = DIRECTION('',(0.,0.,1.));
#2272 = DIRECTION('',(1.,0.,-0.));
#2273 = CYLINDRICAL_SURFACE('',#2274,4.5);
#2274 = AXIS2_PLACEMENT_3D('',#2275,#2276,#2277);
#2275 = CARTESIAN_POINT('',(260.,-20.,-11.));
#2276 = DIRECTION('',(0.,0.,1.));
#2277 = DIRECTION('',(1.,0.,-0.));
#2278 = ADVANCED_FACE('',(#2279),#2298,.T.);
#2279 = FACE_BOUND('',#2280,.T.);
#2280 = EDGE_LOOP('',(#2281,#2289,#2290,#2291));
#2281 = ORIENTED_EDGE('',*,*,#2282,.T.);
#2282 = EDGE_CURVE('',#2283,#733,#2285,.T.);
#2283 = VERTEX_POINT('',#2284);
#2284 = CARTESIAN_POINT('',(219.5,-20.,-5.5));
#2285 = LINE('',#2286,#2287);
#2286 = CARTESIAN_POINT('',(219.5,-20.,-7.));
#2287 = VECTOR('',#2288,1.);
#2288 = DIRECTION('',(0.,0.,1.));
#2289 = ORIENTED_EDGE('',*,*,#732,.F.);
#2290 = ORIENTED_EDGE('',*,*,#2282,.F.);
#2291 = ORIENTED_EDGE('',*,*,#2292,.T.);
#2292 = EDGE_CURVE('',#2283,#2283,#2293,.T.);
#2293 = CIRCLE('',#2294,4.5);
#2294 = AXIS2_PLACEMENT_3D('',#2295,#2296,#2297);
#2295 = CARTESIAN_POINT('',(215.,-20.,-5.5));
#2296 = DIRECTION('',(0.,0.,1.));
#2297 = DIRECTION('',(1.,0.,-0.));
#2298 = CYLINDRICAL_SURFACE('',#2299,4.5);
#2299 = AXIS2_PLACEMENT_3D('',#2300,#2301,#2302);
#2300 = CARTESIAN_POINT('',(215.,-20.,-7.));
#2301 = DIRECTION('',(0.,0.,1.));
#2302 = DIRECTION('',(1.,0.,-0.));
#2303 = ADVANCED_FACE('',(#2304,#2307),#2318,.T.);
#2304 = FACE_BOUND('',#2305,.T.);
#2305 = EDGE_LOOP('',(#2306));
#2306 = ORIENTED_EDGE('',*,*,#743,.F.);
#2307 = FACE_BOUND('',#2308,.T.);
#2308 = EDGE_LOOP('',(#2309));
#2309 = ORIENTED_EDGE('',*,*,#2310,.T.);
#2310 = EDGE_CURVE('',#2311,#2311,#2313,.T.);
#2311 = VERTEX_POINT('',#2312);
#2312 = CARTESIAN_POINT('',(183.0068,-35.5075,-4.));
#2313 = CIRCLE('',#2314,1.1);
#2314 = AXIS2_PLACEMENT_3D('',#2315,#2316,#2317);
#2315 = CARTESIAN_POINT('',(181.9068,-35.5075,-4.));
#2316 = DIRECTION('',(0.,0.,1.));
#2317 = DIRECTION('',(1.,0.,0.));
#2318 = PLANE('',#2319);
#2319 = AXIS2_PLACEMENT_3D('',#2320,#2321,#2322);
#2320 = CARTESIAN_POINT('',(230.86550198153,-55.26538164695,-4.));
#2321 = DIRECTION('',(-0.,-0.,-1.));
#2322 = DIRECTION('',(-1.,0.,0.));
#2323 = ADVANCED_FACE('',(#2324,#2734),#3192,.F.);
#2324 = FACE_BOUND('',#2325,.F.);
#2325 = EDGE_LOOP('',(#2326,#2327,#2335,#2343,#2351,#2359,#2367,#2375,
    #2383,#2391,#2399,#2407,#2415,#2423,#2431,#2439,#2447,#2455,#2463,
    #2471,#2479,#2487,#2495,#2503,#2511,#2519,#2527,#2535,#2543,#2551,
    #2559,#2567,#2575,#2583,#2591,#2599,#2607,#2615,#2623,#2631,#2639,
    #2647,#2655,#2663,#2671,#2679,#2687,#2695,#2703,#2711,#2719,#2727,
    #2733));
#2326 = ORIENTED_EDGE('',*,*,#797,.T.);
#2327 = ORIENTED_EDGE('',*,*,#2328,.T.);
#2328 = EDGE_CURVE('',#789,#2329,#2331,.T.);
#2329 = VERTEX_POINT('',#2330);
#2330 = CARTESIAN_POINT('',(206.625,-1.01,6.51));
#2331 = LINE('',#2332,#2333);
#2332 = CARTESIAN_POINT('',(206.625,-0.31,6.51));
#2333 = VECTOR('',#2334,1.);
#2334 = DIRECTION('',(0.,1.,0.));
#2335 = ORIENTED_EDGE('',*,*,#2336,.T.);
#2336 = EDGE_CURVE('',#2329,#2337,#2339,.T.);
#2337 = VERTEX_POINT('',#2338);
#2338 = CARTESIAN_POINT('',(207.25,-1.01,6.51));
#2339 = LINE('',#2340,#2341);
#2340 = CARTESIAN_POINT('',(205.425,-1.01,6.51));
#2341 = VECTOR('',#2342,1.);
#2342 = DIRECTION('',(1.,0.,0.));
#2343 = ORIENTED_EDGE('',*,*,#2344,.T.);
#2344 = EDGE_CURVE('',#2337,#2345,#2347,.T.);
#2345 = VERTEX_POINT('',#2346);
#2346 = CARTESIAN_POINT('',(207.25,0.395,6.51));
#2347 = LINE('',#2348,#2349);
#2348 = CARTESIAN_POINT('',(207.25,0.19,6.51));
#2349 = VECTOR('',#2350,1.);
#2350 = DIRECTION('',(0.,1.,0.));
#2351 = ORIENTED_EDGE('',*,*,#2352,.T.);
#2352 = EDGE_CURVE('',#2345,#2353,#2355,.T.);
#2353 = VERTEX_POINT('',#2354);
#2354 = CARTESIAN_POINT('',(225.675,0.395,6.51));
#2355 = LINE('',#2356,#2357);
#2356 = CARTESIAN_POINT('',(206.05,0.395,6.51));
#2357 = VECTOR('',#2358,1.);
#2358 = DIRECTION('',(1.,0.,0.));
#2359 = ORIENTED_EDGE('',*,*,#2360,.T.);
#2360 = EDGE_CURVE('',#2353,#2361,#2363,.T.);
#2361 = VERTEX_POINT('',#2362);
#2362 = CARTESIAN_POINT('',(225.675,0.895,6.51));
#2363 = LINE('',#2364,#2365);
#2364 = CARTESIAN_POINT('',(225.675,1.595,6.51));
#2365 = VECTOR('',#2366,1.);
#2366 = DIRECTION('',(0.,1.,0.));
#2367 = ORIENTED_EDGE('',*,*,#2368,.T.);
#2368 = EDGE_CURVE('',#2361,#2369,#2371,.T.);
#2369 = VERTEX_POINT('',#2370);
#2370 = CARTESIAN_POINT('',(226.3,0.895,6.51));
#2371 = LINE('',#2372,#2373);
#2372 = CARTESIAN_POINT('',(224.475,0.895,6.51));
#2373 = VECTOR('',#2374,1.);
#2374 = DIRECTION('',(1.,0.,0.));
#2375 = ORIENTED_EDGE('',*,*,#2376,.T.);
#2376 = EDGE_CURVE('',#2369,#2377,#2379,.T.);
#2377 = VERTEX_POINT('',#2378);
#2378 = CARTESIAN_POINT('',(226.3,2.3,6.51));
#2379 = LINE('',#2380,#2381);
#2380 = CARTESIAN_POINT('',(226.3,2.095,6.51));
#2381 = VECTOR('',#2382,1.);
#2382 = DIRECTION('',(0.,1.,0.));
#2383 = ORIENTED_EDGE('',*,*,#2384,.T.);
#2384 = EDGE_CURVE('',#2377,#2385,#2387,.T.);
#2385 = VERTEX_POINT('',#2386);
#2386 = CARTESIAN_POINT('',(249.95,2.3,6.51));
#2387 = LINE('',#2388,#2389);
#2388 = CARTESIAN_POINT('',(225.1,2.3,6.51));
#2389 = VECTOR('',#2390,1.);
#2390 = DIRECTION('',(1.,0.,0.));
#2391 = ORIENTED_EDGE('',*,*,#2392,.T.);
#2392 = EDGE_CURVE('',#2385,#2393,#2395,.T.);
#2393 = VERTEX_POINT('',#2394);
#2394 = CARTESIAN_POINT('',(249.95,0.395,6.51));
#2395 = LINE('',#2396,#2397);
#2396 = CARTESIAN_POINT('',(249.95,3.5,6.51));
#2397 = VECTOR('',#2398,1.);
#2398 = DIRECTION('',(0.,-1.,0.));
#2399 = ORIENTED_EDGE('',*,*,#2400,.T.);
#2400 = EDGE_CURVE('',#2393,#2401,#2403,.T.);
#2401 = VERTEX_POINT('',#2402);
#2402 = CARTESIAN_POINT('',(269.,0.395,6.51));
#2403 = LINE('',#2404,#2405);
#2404 = CARTESIAN_POINT('',(251.15,0.395,6.51));
#2405 = VECTOR('',#2406,1.);
#2406 = DIRECTION('',(1.,0.,0.));
#2407 = ORIENTED_EDGE('',*,*,#2408,.T.);
#2408 = EDGE_CURVE('',#2401,#2409,#2411,.T.);
#2409 = VERTEX_POINT('',#2410);
#2410 = CARTESIAN_POINT('',(269.,-1.51,6.51));
#2411 = LINE('',#2412,#2413);
#2412 = CARTESIAN_POINT('',(269.,1.595,6.51));
#2413 = VECTOR('',#2414,1.);
#2414 = DIRECTION('',(0.,-1.,0.));
#2415 = ORIENTED_EDGE('',*,*,#2416,.T.);
#2416 = EDGE_CURVE('',#2409,#2417,#2419,.T.);
#2417 = VERTEX_POINT('',#2418);
#2418 = CARTESIAN_POINT('',(288.05,-1.51,6.51));
#2419 = LINE('',#2420,#2421);
#2420 = CARTESIAN_POINT('',(270.2,-1.51,6.51));
#2421 = VECTOR('',#2422,1.);
#2422 = DIRECTION('',(1.,0.,0.));
#2423 = ORIENTED_EDGE('',*,*,#2424,.T.);
#2424 = EDGE_CURVE('',#2417,#2425,#2427,.T.);
#2425 = VERTEX_POINT('',#2426);
#2426 = CARTESIAN_POINT('',(288.05,-2.4625,6.51));
#2427 = LINE('',#2428,#2429);
#2428 = CARTESIAN_POINT('',(288.05,-0.31,6.51));
#2429 = VECTOR('',#2430,1.);
#2430 = DIRECTION('',(0.,-1.,0.));
#2431 = ORIENTED_EDGE('',*,*,#2432,.T.);
#2432 = EDGE_CURVE('',#2425,#2433,#2435,.T.);
#2433 = VERTEX_POINT('',#2434);
#2434 = CARTESIAN_POINT('',(307.1,-2.4625,6.51));
#2435 = LINE('',#2436,#2437);
#2436 = CARTESIAN_POINT('',(289.25,-2.4625,6.51));
#2437 = VECTOR('',#2438,1.);
#2438 = DIRECTION('',(1.,0.,0.));
#2439 = ORIENTED_EDGE('',*,*,#2440,.T.);
#2440 = EDGE_CURVE('',#2433,#2441,#2443,.T.);
#2441 = VERTEX_POINT('',#2442);
#2442 = CARTESIAN_POINT('',(307.1,-21.5125,6.51));
#2443 = LINE('',#2444,#2445);
#2444 = CARTESIAN_POINT('',(307.1,-1.2625,6.51));
#2445 = VECTOR('',#2446,1.);
#2446 = DIRECTION('',(0.,-1.,0.));
#2447 = ORIENTED_EDGE('',*,*,#2448,.T.);
#2448 = EDGE_CURVE('',#2441,#2449,#2451,.T.);
#2449 = VERTEX_POINT('',#2450);
#2450 = CARTESIAN_POINT('',(311.8625,-21.5125,6.51));
#2451 = LINE('',#2452,#2453);
#2452 = CARTESIAN_POINT('',(308.3,-21.5125,6.51));
#2453 = VECTOR('',#2454,1.);
#2454 = DIRECTION('',(1.,0.,0.));
#2455 = ORIENTED_EDGE('',*,*,#2456,.T.);
#2456 = EDGE_CURVE('',#2449,#2457,#2459,.T.);
#2457 = VERTEX_POINT('',#2458);
#2458 = CARTESIAN_POINT('',(311.8625,-83.2625,6.51));
#2459 = LINE('',#2460,#2461);
#2460 = CARTESIAN_POINT('',(311.8625,-20.3125,6.51));
#2461 = VECTOR('',#2462,1.);
#2462 = DIRECTION('',(0.,-1.,0.));
#2463 = ORIENTED_EDGE('',*,*,#2464,.T.);
#2464 = EDGE_CURVE('',#2457,#2465,#2467,.T.);
#2465 = VERTEX_POINT('',#2466);
#2466 = CARTESIAN_POINT('',(283.45,-83.2625,6.51));
#2467 = LINE('',#2468,#2469);
#2468 = CARTESIAN_POINT('',(313.0625,-83.2625,6.51));
#2469 = VECTOR('',#2470,1.);
#2470 = DIRECTION('',(-1.,0.,0.));
#2471 = ORIENTED_EDGE('',*,*,#2472,.T.);
#2472 = EDGE_CURVE('',#2465,#2473,#2475,.T.);
#2473 = VERTEX_POINT('',#2474);
#2474 = CARTESIAN_POINT('',(283.45,-82.31,6.51));
#2475 = LINE('',#2476,#2477);
#2476 = CARTESIAN_POINT('',(283.45,-84.4625,6.51));
#2477 = VECTOR('',#2478,1.);
#2478 = DIRECTION('',(0.,1.,0.));
#2479 = ORIENTED_EDGE('',*,*,#2480,.T.);
#2480 = EDGE_CURVE('',#2473,#2481,#2483,.T.);
#2481 = VERTEX_POINT('',#2482);
#2482 = CARTESIAN_POINT('',(264.4,-82.31,6.51));
#2483 = LINE('',#2484,#2485);
#2484 = CARTESIAN_POINT('',(282.25,-82.31,6.51));
#2485 = VECTOR('',#2486,1.);
#2486 = DIRECTION('',(-1.,0.,0.));
#2487 = ORIENTED_EDGE('',*,*,#2488,.T.);
#2488 = EDGE_CURVE('',#2481,#2489,#2491,.T.);
#2489 = VERTEX_POINT('',#2490);
#2490 = CARTESIAN_POINT('',(264.4,-80.405,6.51));
#2491 = LINE('',#2492,#2493);
#2492 = CARTESIAN_POINT('',(264.4,-83.51,6.51));
#2493 = VECTOR('',#2494,1.);
#2494 = DIRECTION('',(0.,1.,0.));
#2495 = ORIENTED_EDGE('',*,*,#2496,.T.);
#2496 = EDGE_CURVE('',#2489,#2497,#2499,.T.);
#2497 = VERTEX_POINT('',#2498);
#2498 = CARTESIAN_POINT('',(245.35,-80.405,6.51));
#2499 = LINE('',#2500,#2501);
#2500 = CARTESIAN_POINT('',(263.2,-80.405,6.51));
#2501 = VECTOR('',#2502,1.);
#2502 = DIRECTION('',(-1.,0.,0.));
#2503 = ORIENTED_EDGE('',*,*,#2504,.T.);
#2504 = EDGE_CURVE('',#2497,#2505,#2507,.T.);
#2505 = VERTEX_POINT('',#2506);
#2506 = CARTESIAN_POINT('',(245.35,-78.5,6.51));
#2507 = LINE('',#2508,#2509);
#2508 = CARTESIAN_POINT('',(245.35,-81.605,6.51));
#2509 = VECTOR('',#2510,1.);
#2510 = DIRECTION('',(0.,1.,0.));
#2511 = ORIENTED_EDGE('',*,*,#2512,.T.);
#2512 = EDGE_CURVE('',#2505,#2513,#2515,.T.);
#2513 = VERTEX_POINT('',#2514);
#2514 = CARTESIAN_POINT('',(230.9,-78.5,6.51));
#2515 = LINE('',#2516,#2517);
#2516 = CARTESIAN_POINT('',(244.15,-78.5,6.51));
#2517 = VECTOR('',#2518,1.);
#2518 = DIRECTION('',(-1.,0.,0.));
#2519 = ORIENTED_EDGE('',*,*,#2520,.T.);
#2520 = EDGE_CURVE('',#2513,#2521,#2523,.T.);
#2521 = VERTEX_POINT('',#2522);
#2522 = CARTESIAN_POINT('',(230.9,-80.3,6.51));
#2523 = LINE('',#2524,#2525);
#2524 = CARTESIAN_POINT('',(230.9,-79.7,6.51));
#2525 = VECTOR('',#2526,1.);
#2526 = DIRECTION('',(0.,-1.,0.));
#2527 = ORIENTED_EDGE('',*,*,#2528,.T.);
#2528 = EDGE_CURVE('',#2521,#2529,#2531,.T.);
#2529 = VERTEX_POINT('',#2530);
#2530 = CARTESIAN_POINT('',(225.405,-80.3,6.51));
#2531 = LINE('',#2532,#2533);
#2532 = CARTESIAN_POINT('',(232.1,-80.3,6.51));
#2533 = VECTOR('',#2534,1.);
#2534 = DIRECTION('',(-1.,0.,0.));
#2535 = ORIENTED_EDGE('',*,*,#2536,.T.);
#2536 = EDGE_CURVE('',#2529,#2537,#2539,.T.);
#2537 = VERTEX_POINT('',#2538);
#2538 = CARTESIAN_POINT('',(225.405,-97.4625,6.51));
#2539 = LINE('',#2540,#2541);
#2540 = CARTESIAN_POINT('',(225.405,-81.5,6.51));
#2541 = VECTOR('',#2542,1.);
#2542 = DIRECTION('',(0.,-1.,0.));
#2543 = ORIENTED_EDGE('',*,*,#2544,.T.);
#2544 = EDGE_CURVE('',#2537,#2545,#2547,.T.);
#2545 = VERTEX_POINT('',#2546);
#2546 = CARTESIAN_POINT('',(221.303383512,-97.4625,6.51));
#2547 = LINE('',#2548,#2549);
#2548 = CARTESIAN_POINT('',(226.605,-97.4625,6.51));
#2549 = VECTOR('',#2550,1.);
#2550 = DIRECTION('',(-1.,0.,0.));
#2551 = ORIENTED_EDGE('',*,*,#2552,.T.);
#2552 = EDGE_CURVE('',#2545,#2553,#2555,.T.);
#2553 = VERTEX_POINT('',#2554);
#2554 = CARTESIAN_POINT('',(226.13836963427,-115.5068921625,6.51));
#2555 = LINE('',#2556,#2557);
#2556 = CARTESIAN_POINT('',(221.70814354799,-98.9730832026,6.51));
#2557 = VECTOR('',#2558,1.);
#2558 = DIRECTION('',(0.2588193355,-0.965925748477,0.));
#2559 = ORIENTED_EDGE('',*,*,#2560,.T.);
#2560 = EDGE_CURVE('',#2553,#2561,#2563,.T.);
#2561 = VERTEX_POINT('',#2562);
#2562 = CARTESIAN_POINT('',(225.65539935268,-115.636302238,6.51));
#2563 = LINE('',#2564,#2565);
#2564 = CARTESIAN_POINT('',(227.29748501011,-115.1963115451,6.51));
#2565 = VECTOR('',#2566,1.);
#2566 = DIRECTION('',(-0.96592653701,-0.258816392642,0.));
#2567 = ORIENTED_EDGE('',*,*,#2568,.T.);
#2568 = EDGE_CURVE('',#2561,#2569,#2571,.T.);
#2569 = VERTEX_POINT('',#2570);
#2570 = CARTESIAN_POINT('',(226.60008844824,-119.1619288626,6.51));
#2571 = LINE('',#2572,#2573);
#2572 = CARTESIAN_POINT('',(225.96598317196,-116.7954164773,6.51));
#2573 = VECTOR('',#2574,1.);
#2574 = DIRECTION('',(0.258819118897,-0.965925806516,0.));
#2575 = ORIENTED_EDGE('',*,*,#2576,.T.);
#2576 = EDGE_CURVE('',#2569,#2577,#2579,.T.);
#2577 = VERTEX_POINT('',#2578);
#2578 = CARTESIAN_POINT('',(205.01164467872,-124.9465335955,6.51));
#2579 = LINE('',#2580,#2581);
#2580 = CARTESIAN_POINT('',(227.75919961351,-118.8513460339,6.51));
#2581 = VECTOR('',#2582,1.);
#2582 = DIRECTION('',(-0.965925841288,-0.258818989126,0.));
#2583 = ORIENTED_EDGE('',*,*,#2584,.T.);
#2584 = EDGE_CURVE('',#2577,#2585,#2587,.T.);
#2585 = VERTEX_POINT('',#2586);
#2586 = CARTESIAN_POINT('',(185.3550627113,-130.2134978598,6.51));
#2587 = LINE('',#2588,#2589);
#2588 = CARTESIAN_POINT('',(205.01164466655,-124.9465335988,6.51));
#2589 = VECTOR('',#2590,1.);
#2590 = DIRECTION('',(-0.965925838573,-0.258818999259,0.));
#2591 = ORIENTED_EDGE('',*,*,#2592,.T.);
#2592 = EDGE_CURVE('',#2585,#2593,#2595,.T.);
#2593 = VERTEX_POINT('',#2594);
#2594 = CARTESIAN_POINT('',(183.79405233753,-124.3877564649,6.51));
#2595 = LINE('',#2596,#2597);
#2596 = CARTESIAN_POINT('',(185.66564659322,-131.3726069906,6.51));
#2597 = VECTOR('',#2598,1.);
#2598 = DIRECTION('',(-0.258820231884,0.965925508291,0.));
#2599 = ORIENTED_EDGE('',*,*,#2600,.T.);
#2600 = EDGE_CURVE('',#2593,#2601,#2603,.T.);
#2601 = VERTEX_POINT('',#2602);
#2602 = CARTESIAN_POINT('',(181.65453096276,-124.9610368332,6.51));
#2603 = LINE('',#2604,#2605);
#2604 = CARTESIAN_POINT('',(182.63494375299,-124.698337235,6.51));
#2605 = VECTOR('',#2606,1.);
#2606 = DIRECTION('',(-0.965926126085,-0.258817926246,0.));
#2607 = ORIENTED_EDGE('',*,*,#2608,.T.);
#2608 = EDGE_CURVE('',#2601,#2609,#2611,.T.);
#2609 = VERTEX_POINT('',#2610);
#2610 = CARTESIAN_POINT('',(172.49233071627,-90.7672583077,6.51));
#2611 = LINE('',#2612,#2613);
#2612 = CARTESIAN_POINT('',(181.96511357068,-126.1201462855,6.51));
#2613 = VECTOR('',#2614,1.);
#2614 = DIRECTION('',(-0.258819174364,0.965925791654,0.));
#2615 = ORIENTED_EDGE('',*,*,#2616,.T.);
#2616 = EDGE_CURVE('',#2609,#2617,#2619,.T.);
#2617 = VERTEX_POINT('',#2618);
#2618 = CARTESIAN_POINT('',(174.63186081367,-90.1939782816,6.51));
#2619 = LINE('',#2620,#2621);
#2620 = CARTESIAN_POINT('',(171.33321614992,-91.07783922902,6.51));
#2621 = VECTOR('',#2622,1.);
#2622 = DIRECTION('',(0.965926428507,0.258816797584,0.));
#2623 = ORIENTED_EDGE('',*,*,#2624,.T.);
#2624 = EDGE_CURVE('',#2617,#2625,#2627,.T.);
#2625 = VERTEX_POINT('',#2626);
#2626 = CARTESIAN_POINT('',(173.07086170199,-84.36825159685,6.51));
#2627 = LINE('',#2628,#2629);
#2628 = CARTESIAN_POINT('',(174.32127715423,-89.0348645453,6.51));
#2629 = VECTOR('',#2630,1.);
#2630 = DIRECTION('',(-0.258819099429,0.965925811732,0.));
#2631 = ORIENTED_EDGE('',*,*,#2632,.T.);
#2632 = EDGE_CURVE('',#2625,#2633,#2635,.T.);
#2633 = VERTEX_POINT('',#2634);
#2634 = CARTESIAN_POINT('',(188.2,-80.31440612668,6.51));
#2635 = LINE('',#2636,#2637);
#2636 = CARTESIAN_POINT('',(171.91175110578,-84.67883473432,6.51));
#2637 = VECTOR('',#2638,1.);
#2638 = DIRECTION('',(0.965925745189,0.258819347773,0.));
#2639 = ORIENTED_EDGE('',*,*,#2640,.T.);
#2640 = EDGE_CURVE('',#2633,#2641,#2643,.T.);
#2641 = VERTEX_POINT('',#2642);
#2642 = CARTESIAN_POINT('',(188.2,-77.5475,6.51));
#2643 = LINE('',#2644,#2645);
#2644 = CARTESIAN_POINT('',(188.2,-79.39361403981,6.51));
#2645 = VECTOR('',#2646,1.);
#2646 = DIRECTION('',(0.,1.,0.));
#2647 = ORIENTED_EDGE('',*,*,#2648,.T.);
#2648 = EDGE_CURVE('',#2641,#2649,#2651,.T.);
#2649 = VERTEX_POINT('',#2650);
#2650 = CARTESIAN_POINT('',(169.15,-77.5475,6.51));
#2651 = LINE('',#2652,#2653);
#2652 = CARTESIAN_POINT('',(187.,-77.5475,6.51));
#2653 = VECTOR('',#2654,1.);
#2654 = DIRECTION('',(-1.,0.,0.));
#2655 = ORIENTED_EDGE('',*,*,#2656,.T.);
#2656 = EDGE_CURVE('',#2649,#2657,#2659,.T.);
#2657 = VERTEX_POINT('',#2658);
#2658 = CARTESIAN_POINT('',(169.15,-71.5225,6.51));
#2659 = LINE('',#2660,#2661);
#2660 = CARTESIAN_POINT('',(169.15,-78.7475,6.51));
#2661 = VECTOR('',#2662,1.);
#2662 = DIRECTION('',(0.,1.,0.));
#2663 = ORIENTED_EDGE('',*,*,#2664,.T.);
#2664 = EDGE_CURVE('',#2657,#2665,#2667,.T.);
#2665 = VERTEX_POINT('',#2666);
#2666 = CARTESIAN_POINT('',(168.525,-71.5225,6.51));
#2667 = LINE('',#2668,#2669);
#2668 = CARTESIAN_POINT('',(167.95,-71.5225,6.51));
#2669 = VECTOR('',#2670,1.);
#2670 = DIRECTION('',(-1.,0.,0.));
#2671 = ORIENTED_EDGE('',*,*,#2672,.T.);
#2672 = EDGE_CURVE('',#2665,#2673,#2675,.T.);
#2673 = VERTEX_POINT('',#2674);
#2674 = CARTESIAN_POINT('',(168.525,-54.36375,6.51));
#2675 = LINE('',#2676,#2677);
#2676 = CARTESIAN_POINT('',(168.525,-72.7225,6.51));
#2677 = VECTOR('',#2678,1.);
#2678 = DIRECTION('',(0.,1.,0.));
#2679 = ORIENTED_EDGE('',*,*,#2680,.T.);
#2680 = EDGE_CURVE('',#2673,#2681,#2683,.T.);
#2681 = VERTEX_POINT('',#2682);
#2682 = CARTESIAN_POINT('',(168.525,-37.205,6.51));
#2683 = LINE('',#2684,#2685);
#2684 = CARTESIAN_POINT('',(168.525,-54.36375,6.51));
#2685 = VECTOR('',#2686,1.);
#2686 = DIRECTION('',(0.,1.,0.));
#2687 = ORIENTED_EDGE('',*,*,#2688,.T.);
#2688 = EDGE_CURVE('',#2681,#2689,#2691,.T.);
#2689 = VERTEX_POINT('',#2690);
#2690 = CARTESIAN_POINT('',(168.80792540874,-37.205,6.51));
#2691 = LINE('',#2692,#2693);
#2692 = CARTESIAN_POINT('',(167.325,-37.205,6.51));
#2693 = VECTOR('',#2694,1.);
#2694 = DIRECTION('',(1.,0.,0.));
#2695 = ORIENTED_EDGE('',*,*,#2696,.T.);
#2696 = EDGE_CURVE('',#2689,#2697,#2699,.T.);
#2697 = VERTEX_POINT('',#2698);
#2698 = CARTESIAN_POINT('',(169.795,-35.77106373332,6.51));
#2699 = LINE('',#2700,#2701);
#2700 = CARTESIAN_POINT('',(169.16558961881,-36.68541648862,6.51));
#2701 = VECTOR('',#2702,1.);
#2702 = DIRECTION('',(0.567013740519,0.823708333127,0.));
#2703 = ORIENTED_EDGE('',*,*,#2704,.T.);
#2704 = EDGE_CURVE('',#2697,#2705,#2707,.T.);
#2705 = VERTEX_POINT('',#2706);
#2706 = CARTESIAN_POINT('',(169.795,-24.4575,6.51));
#2707 = LINE('',#2708,#2709);
#2708 = CARTESIAN_POINT('',(169.795,-35.39796871792,6.51));
#2709 = VECTOR('',#2710,1.);
#2710 = DIRECTION('',(0.,1.,0.));
#2711 = ORIENTED_EDGE('',*,*,#2712,.T.);
#2712 = EDGE_CURVE('',#2705,#2713,#2715,.T.);
#2713 = VERTEX_POINT('',#2714);
#2714 = CARTESIAN_POINT('',(168.474,-24.4575,6.51));
#2715 = LINE('',#2716,#2717);
#2716 = CARTESIAN_POINT('',(168.595,-24.4575,6.51));
#2717 = VECTOR('',#2718,1.);
#2718 = DIRECTION('',(-1.,0.,0.));
#2719 = ORIENTED_EDGE('',*,*,#2720,.T.);
#2720 = EDGE_CURVE('',#2713,#2721,#2723,.T.);
#2721 = VERTEX_POINT('',#2722);
#2722 = CARTESIAN_POINT('',(168.474,2.6925,6.51));
#2723 = LINE('',#2724,#2725);
#2724 = CARTESIAN_POINT('',(168.474,-25.6575,6.51));
#2725 = VECTOR('',#2726,1.);
#2726 = DIRECTION('',(0.,1.,0.));
#2727 = ORIENTED_EDGE('',*,*,#2728,.T.);
#2728 = EDGE_CURVE('',#2721,#940,#2729,.T.);
#2729 = LINE('',#2730,#2731);
#2730 = CARTESIAN_POINT('',(167.274,2.6925,6.51));
#2731 = VECTOR('',#2732,1.);
#2732 = DIRECTION('',(1.,0.,0.));
#2733 = ORIENTED_EDGE('',*,*,#950,.T.);
#2734 = FACE_BOUND('',#2735,.F.);
#2735 = EDGE_LOOP('',(#2736,#2746,#2754,#2762,#2770,#2778,#2786,#2794,
    #2802,#2810,#2818,#2826,#2834,#2842,#2850,#2858,#2866,#2874,#2882,
    #2890,#2898,#2906,#2914,#2922,#2930,#2938,#2946,#2954,#2962,#2970,
    #2978,#2986,#2994,#3002,#3010,#3018,#3026,#3034,#3042,#3050,#3058,
    #3066,#3074,#3082,#3090,#3098,#3106,#3114,#3122,#3130,#3138,#3146,
    #3154,#3162,#3170,#3178,#3186));
#2736 = ORIENTED_EDGE('',*,*,#2737,.F.);
#2737 = EDGE_CURVE('',#2738,#2740,#2742,.T.);
#2738 = VERTEX_POINT('',#2739);
#2739 = CARTESIAN_POINT('',(190.816,-2.31,6.51));
#2740 = VERTEX_POINT('',#2741);
#2741 = CARTESIAN_POINT('',(207.425,-2.31,6.51));
#2742 = LINE('',#2743,#2744);
#2743 = CARTESIAN_POINT('',(190.316,-2.31,6.51));
#2744 = VECTOR('',#2745,1.);
#2745 = DIRECTION('',(1.,0.,0.));
#2746 = ORIENTED_EDGE('',*,*,#2747,.F.);
#2747 = EDGE_CURVE('',#2748,#2738,#2750,.T.);
#2748 = VERTEX_POINT('',#2749);
#2749 = CARTESIAN_POINT('',(190.816,1.8925,6.51));
#2750 = LINE('',#2751,#2752);
#2751 = CARTESIAN_POINT('',(190.816,1.3925,6.51));
#2752 = VECTOR('',#2753,1.);
#2753 = DIRECTION('',(0.,-1.,0.));
#2754 = ORIENTED_EDGE('',*,*,#2755,.F.);
#2755 = EDGE_CURVE('',#2756,#2748,#2758,.T.);
#2756 = VERTEX_POINT('',#2757);
#2757 = CARTESIAN_POINT('',(169.274,1.8925,6.51));
#2758 = LINE('',#2759,#2760);
#2759 = CARTESIAN_POINT('',(169.774,1.8925,6.51));
#2760 = VECTOR('',#2761,1.);
#2761 = DIRECTION('',(1.,0.,0.));
#2762 = ORIENTED_EDGE('',*,*,#2763,.F.);
#2763 = EDGE_CURVE('',#2764,#2756,#2766,.T.);
#2764 = VERTEX_POINT('',#2765);
#2765 = CARTESIAN_POINT('',(169.274,-23.6575,6.51));
#2766 = LINE('',#2767,#2768);
#2767 = CARTESIAN_POINT('',(169.274,-23.1575,6.51));
#2768 = VECTOR('',#2769,1.);
#2769 = DIRECTION('',(0.,1.,0.));
#2770 = ORIENTED_EDGE('',*,*,#2771,.F.);
#2771 = EDGE_CURVE('',#2772,#2764,#2774,.T.);
#2772 = VERTEX_POINT('',#2773);
#2773 = CARTESIAN_POINT('',(170.595,-23.6575,6.51));
#2774 = LINE('',#2775,#2776);
#2775 = CARTESIAN_POINT('',(171.095,-23.6575,6.51));
#2776 = VECTOR('',#2777,1.);
#2777 = DIRECTION('',(-1.,0.,0.));
#2778 = ORIENTED_EDGE('',*,*,#2779,.F.);
#2779 = EDGE_CURVE('',#2780,#2772,#2782,.T.);
#2780 = VERTEX_POINT('',#2781);
#2781 = CARTESIAN_POINT('',(170.595,-36.01979374358,6.51));
#2782 = LINE('',#2783,#2784);
#2783 = CARTESIAN_POINT('',(170.595,-36.17525,6.51));
#2784 = VECTOR('',#2785,1.);
#2785 = DIRECTION('',(0.,1.,0.));
#2786 = ORIENTED_EDGE('',*,*,#2787,.F.);
#2787 = EDGE_CURVE('',#2788,#2780,#2790,.T.);
#2788 = VERTEX_POINT('',#2789);
#2789 = CARTESIAN_POINT('',(169.95,-36.95679374358,6.51));
#2790 = LINE('',#2791,#2792);
#2791 = CARTESIAN_POINT('',(170.03814583343,-36.82874312974,6.51));
#2792 = VECTOR('',#2793,1.);
#2793 = DIRECTION('',(0.567013740519,0.823708333127,0.));
#2794 = ORIENTED_EDGE('',*,*,#2795,.F.);
#2795 = EDGE_CURVE('',#2796,#2788,#2798,.T.);
#2796 = VERTEX_POINT('',#2797);
#2797 = CARTESIAN_POINT('',(169.95,-38.005,6.51));
#2798 = LINE('',#2799,#2800);
#2799 = CARTESIAN_POINT('',(169.95,-38.505,6.51));
#2800 = VECTOR('',#2801,1.);
#2801 = DIRECTION('',(0.,1.,0.));
#2802 = ORIENTED_EDGE('',*,*,#2803,.F.);
#2803 = EDGE_CURVE('',#2804,#2796,#2806,.T.);
#2804 = VERTEX_POINT('',#2805);
#2805 = CARTESIAN_POINT('',(169.325,-38.005,6.51));
#2806 = LINE('',#2807,#2808);
#2807 = CARTESIAN_POINT('',(169.825,-38.005,6.51));
#2808 = VECTOR('',#2809,1.);
#2809 = DIRECTION('',(1.,0.,0.));
#2810 = ORIENTED_EDGE('',*,*,#2811,.F.);
#2811 = EDGE_CURVE('',#2812,#2804,#2814,.T.);
#2812 = VERTEX_POINT('',#2813);
#2813 = CARTESIAN_POINT('',(169.325,-52.625,6.51));
#2814 = LINE('',#2815,#2816);
#2815 = CARTESIAN_POINT('',(169.325,-52.125,6.51));
#2816 = VECTOR('',#2817,1.);
#2817 = DIRECTION('',(0.,1.,0.));
#2818 = ORIENTED_EDGE('',*,*,#2819,.F.);
#2819 = EDGE_CURVE('',#2820,#2812,#2822,.T.);
#2820 = VERTEX_POINT('',#2821);
#2821 = CARTESIAN_POINT('',(169.95,-52.625,6.51));
#2822 = LINE('',#2823,#2824);
#2823 = CARTESIAN_POINT('',(170.45,-52.625,6.51));
#2824 = VECTOR('',#2825,1.);
#2825 = DIRECTION('',(-1.,0.,0.));
#2826 = ORIENTED_EDGE('',*,*,#2827,.F.);
#2827 = EDGE_CURVE('',#2828,#2820,#2830,.T.);
#2828 = VERTEX_POINT('',#2829);
#2829 = CARTESIAN_POINT('',(169.95,-56.1025,6.51));
#2830 = LINE('',#2831,#2832);
#2831 = CARTESIAN_POINT('',(169.95,-56.6025,6.51));
#2832 = VECTOR('',#2833,1.);
#2833 = DIRECTION('',(0.,1.,0.));
#2834 = ORIENTED_EDGE('',*,*,#2835,.F.);
#2835 = EDGE_CURVE('',#2836,#2828,#2838,.T.);
#2836 = VERTEX_POINT('',#2837);
#2837 = CARTESIAN_POINT('',(169.325,-56.1025,6.51));
#2838 = LINE('',#2839,#2840);
#2839 = CARTESIAN_POINT('',(169.825,-56.1025,6.51));
#2840 = VECTOR('',#2841,1.);
#2841 = DIRECTION('',(1.,0.,0.));
#2842 = ORIENTED_EDGE('',*,*,#2843,.F.);
#2843 = EDGE_CURVE('',#2844,#2836,#2846,.T.);
#2844 = VERTEX_POINT('',#2845);
#2845 = CARTESIAN_POINT('',(169.325,-70.7225,6.51));
#2846 = LINE('',#2847,#2848);
#2847 = CARTESIAN_POINT('',(169.325,-70.2225,6.51));
#2848 = VECTOR('',#2849,1.);
#2849 = DIRECTION('',(0.,1.,0.));
#2850 = ORIENTED_EDGE('',*,*,#2851,.F.);
#2851 = EDGE_CURVE('',#2852,#2844,#2854,.T.);
#2852 = VERTEX_POINT('',#2853);
#2853 = CARTESIAN_POINT('',(169.95,-70.7225,6.51));
#2854 = LINE('',#2855,#2856);
#2855 = CARTESIAN_POINT('',(170.45,-70.7225,6.51));
#2856 = VECTOR('',#2857,1.);
#2857 = DIRECTION('',(-1.,0.,0.));
#2858 = ORIENTED_EDGE('',*,*,#2859,.F.);
#2859 = EDGE_CURVE('',#2860,#2852,#2862,.T.);
#2860 = VERTEX_POINT('',#2861);
#2861 = CARTESIAN_POINT('',(169.95,-76.7475,6.51));
#2862 = LINE('',#2863,#2864);
#2863 = CARTESIAN_POINT('',(169.95,-76.2475,6.51));
#2864 = VECTOR('',#2865,1.);
#2865 = DIRECTION('',(0.,1.,0.));
#2866 = ORIENTED_EDGE('',*,*,#2867,.F.);
#2867 = EDGE_CURVE('',#2868,#2860,#2870,.T.);
#2868 = VERTEX_POINT('',#2869);
#2869 = CARTESIAN_POINT('',(189.,-76.7475,6.51));
#2870 = LINE('',#2871,#2872);
#2871 = CARTESIAN_POINT('',(189.5,-76.7475,6.51));
#2872 = VECTOR('',#2873,1.);
#2873 = DIRECTION('',(-1.,0.,0.));
#2874 = ORIENTED_EDGE('',*,*,#2875,.F.);
#2875 = EDGE_CURVE('',#2876,#2868,#2878,.T.);
#2876 = VERTEX_POINT('',#2877);
#2877 = CARTESIAN_POINT('',(188.99999999999,-80.92826751792,6.51));
#2878 = LINE('',#2879,#2880);
#2879 = CARTESIAN_POINT('',(189.,-81.01,6.51));
#2880 = VECTOR('',#2881,1.);
#2881 = DIRECTION('',(0.,1.,0.));
#2882 = ORIENTED_EDGE('',*,*,#2883,.F.);
#2883 = EDGE_CURVE('',#2884,#2876,#2886,.T.);
#2884 = VERTEX_POINT('',#2885);
#2885 = CARTESIAN_POINT('',(174.05065757768,-84.93393676802,6.51));
#2886 = LINE('',#2887,#2888);
#2887 = CARTESIAN_POINT('',(174.53362032611,-84.8045271274,6.51));
#2888 = VECTOR('',#2889,1.);
#2889 = DIRECTION('',(0.965925745189,0.258819347773,0.));
#2890 = ORIENTED_EDGE('',*,*,#2891,.F.);
#2891 = EDGE_CURVE('',#2892,#2884,#2894,.T.);
#2892 = VERTEX_POINT('',#2893);
#2893 = CARTESIAN_POINT('',(175.61165723603,-90.75966549292,6.51));
#2894 = LINE('',#2895,#2896);
#2895 = CARTESIAN_POINT('',(175.74106709413,-91.24262954971,6.51));
#2896 = VECTOR('',#2897,1.);
#2897 = DIRECTION('',(-0.258819099429,0.965925811732,0.));
#2898 = ORIENTED_EDGE('',*,*,#2899,.F.);
#2899 = EDGE_CURVE('',#2900,#2892,#2902,.T.);
#2900 = VERTEX_POINT('',#2901);
#2901 = CARTESIAN_POINT('',(173.47212719857,-91.33294550296,6.51));
#2902 = LINE('',#2903,#2904);
#2903 = CARTESIAN_POINT('',(173.9550916012,-91.20353678574,6.51));
#2904 = VECTOR('',#2905,1.);
#2905 = DIRECTION('',(0.965926428507,0.258816797584,0.));
#2906 = ORIENTED_EDGE('',*,*,#2907,.F.);
#2907 = EDGE_CURVE('',#2908,#2900,#2910,.T.);
#2908 = VERTEX_POINT('',#2909);
#2909 = CARTESIAN_POINT('',(182.22021652413,-123.9812418589,6.51));
#2910 = LINE('',#2911,#2912);
#2911 = CARTESIAN_POINT('',(182.09080710417,-123.4982795871,6.51));
#2912 = VECTOR('',#2913,1.);
#2913 = DIRECTION('',(-0.258819174364,0.965925791654,0.));
#2914 = ORIENTED_EDGE('',*,*,#2915,.F.);
#2915 = EDGE_CURVE('',#2916,#2908,#2918,.T.);
#2916 = VERTEX_POINT('',#2917);
#2917 = CARTESIAN_POINT('',(184.3597370529,-123.4079617172,6.51));
#2918 = LINE('',#2919,#2920);
#2919 = CARTESIAN_POINT('',(184.84269896312,-123.278553063,6.51));
#2920 = VECTOR('',#2921,1.);
#2921 = DIRECTION('',(-0.965926126085,-0.258817926246,0.));
#2922 = ORIENTED_EDGE('',*,*,#2923,.F.);
#2923 = EDGE_CURVE('',#2924,#2916,#2926,.T.);
#2924 = VERTEX_POINT('',#2925);
#2925 = CARTESIAN_POINT('',(185.92074719665,-129.2337022537,6.51));
#2926 = LINE('',#2927,#2928);
#2927 = CARTESIAN_POINT('',(185.79133724585,-128.7507401159,6.51));
#2928 = VECTOR('',#2929,1.);
#2929 = DIRECTION('',(-0.258820231884,0.965925508291,0.));
#2930 = ORIENTED_EDGE('',*,*,#2931,.F.);
#2931 = EDGE_CURVE('',#2932,#2924,#2934,.T.);
#2932 = VERTEX_POINT('',#2933);
#2933 = CARTESIAN_POINT('',(204.80458949313,-124.173792921,6.51));
#2934 = LINE('',#2935,#2936);
#2935 = CARTESIAN_POINT('',(204.80458949962,-124.1737929192,6.51));
#2936 = VECTOR('',#2937,1.);
#2937 = DIRECTION('',(-0.965925838573,-0.258818999259,0.));
#2938 = ORIENTED_EDGE('',*,*,#2939,.F.);
#2939 = EDGE_CURVE('',#2940,#2932,#2942,.T.);
#2940 = VERTEX_POINT('',#2941);
#2941 = CARTESIAN_POINT('',(225.62029248009,-118.5962434086,6.51));
#2942 = LINE('',#2943,#2944);
#2943 = CARTESIAN_POINT('',(225.13732949456,-118.7256529206,6.51));
#2944 = VECTOR('',#2945,1.);
#2945 = DIRECTION('',(-0.965925841288,-0.258818989126,0.));
#2946 = ORIENTED_EDGE('',*,*,#2947,.F.);
#2947 = EDGE_CURVE('',#2948,#2940,#2950,.T.);
#2948 = VERTEX_POINT('',#2949);
#2949 = CARTESIAN_POINT('',(224.67560282795,-115.0706147069,6.51));
#2950 = LINE('',#2951,#2952);
#2951 = CARTESIAN_POINT('',(224.54619290325,-114.5876504405,6.51));
#2952 = VECTOR('',#2953,1.);
#2953 = DIRECTION('',(0.258819118897,-0.965925806516,0.));
#2954 = ORIENTED_EDGE('',*,*,#2955,.F.);
#2955 = EDGE_CURVE('',#2956,#2948,#2958,.T.);
#2956 = VERTEX_POINT('',#2957);
#2957 = CARTESIAN_POINT('',(225.15857293625,-114.9412046779,6.51));
#2958 = LINE('',#2959,#2960);
#2959 = CARTESIAN_POINT('',(224.67560819632,-115.0706132685,6.51));
#2960 = VECTOR('',#2961,1.);
#2961 = DIRECTION('',(-0.96592653701,-0.258816392642,0.));
#2962 = ORIENTED_EDGE('',*,*,#2963,.F.);
#2963 = EDGE_CURVE('',#2964,#2956,#2966,.T.);
#2964 = VERTEX_POINT('',#2965);
#2965 = CARTESIAN_POINT('',(220.26080288923,-96.6625,6.51));
#2966 = LINE('',#2967,#2968);
#2967 = CARTESIAN_POINT('',(220.09215287423,-96.03309033225,6.51));
#2968 = VECTOR('',#2969,1.);
#2969 = DIRECTION('',(0.2588193355,-0.965925748477,0.));
#2970 = ORIENTED_EDGE('',*,*,#2971,.F.);
#2971 = EDGE_CURVE('',#2972,#2964,#2974,.T.);
#2972 = VERTEX_POINT('',#2973);
#2973 = CARTESIAN_POINT('',(224.605,-96.6625,6.51));
#2974 = LINE('',#2975,#2976);
#2975 = CARTESIAN_POINT('',(224.105,-96.6625,6.51));
#2976 = VECTOR('',#2977,1.);
#2977 = DIRECTION('',(-1.,0.,0.));
#2978 = ORIENTED_EDGE('',*,*,#2979,.F.);
#2979 = EDGE_CURVE('',#2980,#2972,#2982,.T.);
#2980 = VERTEX_POINT('',#2981);
#2981 = CARTESIAN_POINT('',(224.605,-79.5,6.51));
#2982 = LINE('',#2983,#2984);
#2983 = CARTESIAN_POINT('',(224.605,-79.,6.51));
#2984 = VECTOR('',#2985,1.);
#2985 = DIRECTION('',(0.,-1.,0.));
#2986 = ORIENTED_EDGE('',*,*,#2987,.F.);
#2987 = EDGE_CURVE('',#2988,#2980,#2990,.T.);
#2988 = VERTEX_POINT('',#2989);
#2989 = CARTESIAN_POINT('',(230.1,-79.5,6.51));
#2990 = LINE('',#2991,#2992);
#2991 = CARTESIAN_POINT('',(229.6,-79.5,6.51));
#2992 = VECTOR('',#2993,1.);
#2993 = DIRECTION('',(-1.,0.,0.));
#2994 = ORIENTED_EDGE('',*,*,#2995,.F.);
#2995 = EDGE_CURVE('',#2996,#2988,#2998,.T.);
#2996 = VERTEX_POINT('',#2997);
#2997 = CARTESIAN_POINT('',(230.1,-77.7,6.51));
#2998 = LINE('',#2999,#3000);
#2999 = CARTESIAN_POINT('',(230.1,-77.2,6.51));
#3000 = VECTOR('',#3001,1.);
#3001 = DIRECTION('',(0.,-1.,0.));
#3002 = ORIENTED_EDGE('',*,*,#3003,.F.);
#3003 = EDGE_CURVE('',#3004,#2996,#3006,.T.);
#3004 = VERTEX_POINT('',#3005);
#3005 = CARTESIAN_POINT('',(246.15,-77.7,6.51));
#3006 = LINE('',#3007,#3008);
#3007 = CARTESIAN_POINT('',(246.65,-77.7,6.51));
#3008 = VECTOR('',#3009,1.);
#3009 = DIRECTION('',(-1.,0.,0.));
#3010 = ORIENTED_EDGE('',*,*,#3011,.F.);
#3011 = EDGE_CURVE('',#3012,#3004,#3014,.T.);
#3012 = VERTEX_POINT('',#3013);
#3013 = CARTESIAN_POINT('',(246.15,-79.605,6.51));
#3014 = LINE('',#3015,#3016);
#3015 = CARTESIAN_POINT('',(246.15,-79.105,6.51));
#3016 = VECTOR('',#3017,1.);
#3017 = DIRECTION('',(0.,1.,0.));
#3018 = ORIENTED_EDGE('',*,*,#3019,.F.);
#3019 = EDGE_CURVE('',#3020,#3012,#3022,.T.);
#3020 = VERTEX_POINT('',#3021);
#3021 = CARTESIAN_POINT('',(265.2,-79.605,6.51));
#3022 = LINE('',#3023,#3024);
#3023 = CARTESIAN_POINT('',(265.7,-79.605,6.51));
#3024 = VECTOR('',#3025,1.);
#3025 = DIRECTION('',(-1.,0.,0.));
#3026 = ORIENTED_EDGE('',*,*,#3027,.F.);
#3027 = EDGE_CURVE('',#3028,#3020,#3030,.T.);
#3028 = VERTEX_POINT('',#3029);
#3029 = CARTESIAN_POINT('',(265.2,-81.51,6.51));
#3030 = LINE('',#3031,#3032);
#3031 = CARTESIAN_POINT('',(265.2,-81.01,6.51));
#3032 = VECTOR('',#3033,1.);
#3033 = DIRECTION('',(0.,1.,0.));
#3034 = ORIENTED_EDGE('',*,*,#3035,.F.);
#3035 = EDGE_CURVE('',#3036,#3028,#3038,.T.);
#3036 = VERTEX_POINT('',#3037);
#3037 = CARTESIAN_POINT('',(284.25,-81.51,6.51));
#3038 = LINE('',#3039,#3040);
#3039 = CARTESIAN_POINT('',(284.75,-81.51,6.51));
#3040 = VECTOR('',#3041,1.);
#3041 = DIRECTION('',(-1.,0.,0.));
#3042 = ORIENTED_EDGE('',*,*,#3043,.F.);
#3043 = EDGE_CURVE('',#3044,#3036,#3046,.T.);
#3044 = VERTEX_POINT('',#3045);
#3045 = CARTESIAN_POINT('',(284.25,-82.4625,6.51));
#3046 = LINE('',#3047,#3048);
#3047 = CARTESIAN_POINT('',(284.25,-81.9625,6.51));
#3048 = VECTOR('',#3049,1.);
#3049 = DIRECTION('',(0.,1.,0.));
#3050 = ORIENTED_EDGE('',*,*,#3051,.F.);
#3051 = EDGE_CURVE('',#3052,#3044,#3054,.T.);
#3052 = VERTEX_POINT('',#3053);
#3053 = CARTESIAN_POINT('',(311.0625,-82.4625,6.51));
#3054 = LINE('',#3055,#3056);
#3055 = CARTESIAN_POINT('',(310.5625,-82.4625,6.51));
#3056 = VECTOR('',#3057,1.);
#3057 = DIRECTION('',(-1.,0.,0.));
#3058 = ORIENTED_EDGE('',*,*,#3059,.F.);
#3059 = EDGE_CURVE('',#3060,#3052,#3062,.T.);
#3060 = VERTEX_POINT('',#3061);
#3061 = CARTESIAN_POINT('',(311.0625,-22.3125,6.51));
#3062 = LINE('',#3063,#3064);
#3063 = CARTESIAN_POINT('',(311.0625,-22.8125,6.51));
#3064 = VECTOR('',#3065,1.);
#3065 = DIRECTION('',(0.,-1.,0.));
#3066 = ORIENTED_EDGE('',*,*,#3067,.F.);
#3067 = EDGE_CURVE('',#3068,#3060,#3070,.T.);
#3068 = VERTEX_POINT('',#3069);
#3069 = CARTESIAN_POINT('',(306.3,-22.3125,6.51));
#3070 = LINE('',#3071,#3072);
#3071 = CARTESIAN_POINT('',(305.8,-22.3125,6.51));
#3072 = VECTOR('',#3073,1.);
#3073 = DIRECTION('',(1.,0.,0.));
#3074 = ORIENTED_EDGE('',*,*,#3075,.F.);
#3075 = EDGE_CURVE('',#3076,#3068,#3078,.T.);
#3076 = VERTEX_POINT('',#3077);
#3077 = CARTESIAN_POINT('',(306.3,-3.2625,6.51));
#3078 = LINE('',#3079,#3080);
#3079 = CARTESIAN_POINT('',(306.3,-3.7625,6.51));
#3080 = VECTOR('',#3081,1.);
#3081 = DIRECTION('',(0.,-1.,0.));
#3082 = ORIENTED_EDGE('',*,*,#3083,.F.);
#3083 = EDGE_CURVE('',#3084,#3076,#3086,.T.);
#3084 = VERTEX_POINT('',#3085);
#3085 = CARTESIAN_POINT('',(287.25,-3.2625,6.51));
#3086 = LINE('',#3087,#3088);
#3087 = CARTESIAN_POINT('',(286.75,-3.2625,6.51));
#3088 = VECTOR('',#3089,1.);
#3089 = DIRECTION('',(1.,0.,0.));
#3090 = ORIENTED_EDGE('',*,*,#3091,.F.);
#3091 = EDGE_CURVE('',#3092,#3084,#3094,.T.);
#3092 = VERTEX_POINT('',#3093);
#3093 = CARTESIAN_POINT('',(287.25,-2.31,6.51));
#3094 = LINE('',#3095,#3096);
#3095 = CARTESIAN_POINT('',(287.25,-2.81,6.51));
#3096 = VECTOR('',#3097,1.);
#3097 = DIRECTION('',(0.,-1.,0.));
#3098 = ORIENTED_EDGE('',*,*,#3099,.F.);
#3099 = EDGE_CURVE('',#3100,#3092,#3102,.T.);
#3100 = VERTEX_POINT('',#3101);
#3101 = CARTESIAN_POINT('',(268.2,-2.31,6.51));
#3102 = LINE('',#3103,#3104);
#3103 = CARTESIAN_POINT('',(267.7,-2.31,6.51));
#3104 = VECTOR('',#3105,1.);
#3105 = DIRECTION('',(1.,0.,0.));
#3106 = ORIENTED_EDGE('',*,*,#3107,.F.);
#3107 = EDGE_CURVE('',#3108,#3100,#3110,.T.);
#3108 = VERTEX_POINT('',#3109);
#3109 = CARTESIAN_POINT('',(268.2,-0.405,6.51));
#3110 = LINE('',#3111,#3112);
#3111 = CARTESIAN_POINT('',(268.2,-0.905,6.51));
#3112 = VECTOR('',#3113,1.);
#3113 = DIRECTION('',(0.,-1.,0.));
#3114 = ORIENTED_EDGE('',*,*,#3115,.F.);
#3115 = EDGE_CURVE('',#3116,#3108,#3118,.T.);
#3116 = VERTEX_POINT('',#3117);
#3117 = CARTESIAN_POINT('',(249.15,-0.405,6.51));
#3118 = LINE('',#3119,#3120);
#3119 = CARTESIAN_POINT('',(248.65,-0.405,6.51));
#3120 = VECTOR('',#3121,1.);
#3121 = DIRECTION('',(1.,0.,0.));
#3122 = ORIENTED_EDGE('',*,*,#3123,.F.);
#3123 = EDGE_CURVE('',#3124,#3116,#3126,.T.);
#3124 = VERTEX_POINT('',#3125);
#3125 = CARTESIAN_POINT('',(249.15,1.5,6.51));
#3126 = LINE('',#3127,#3128);
#3127 = CARTESIAN_POINT('',(249.15,1.,6.51));
#3128 = VECTOR('',#3129,1.);
#3129 = DIRECTION('',(0.,-1.,0.));
#3130 = ORIENTED_EDGE('',*,*,#3131,.F.);
#3131 = EDGE_CURVE('',#3132,#3124,#3134,.T.);
#3132 = VERTEX_POINT('',#3133);
#3133 = CARTESIAN_POINT('',(227.1,1.5,6.51));
#3134 = LINE('',#3135,#3136);
#3135 = CARTESIAN_POINT('',(227.6,1.5,6.51));
#3136 = VECTOR('',#3137,1.);
#3137 = DIRECTION('',(1.,0.,0.));
#3138 = ORIENTED_EDGE('',*,*,#3139,.F.);
#3139 = EDGE_CURVE('',#3140,#3132,#3142,.T.);
#3140 = VERTEX_POINT('',#3141);
#3141 = CARTESIAN_POINT('',(227.1,9.5E-02,6.51));
#3142 = LINE('',#3143,#3144);
#3143 = CARTESIAN_POINT('',(227.1,-0.405,6.51));
#3144 = VECTOR('',#3145,1.);
#3145 = DIRECTION('',(0.,1.,0.));
#3146 = ORIENTED_EDGE('',*,*,#3147,.F.);
#3147 = EDGE_CURVE('',#3148,#3140,#3150,.T.);
#3148 = VERTEX_POINT('',#3149);
#3149 = CARTESIAN_POINT('',(226.475,9.5E-02,6.51));
#3150 = LINE('',#3151,#3152);
#3151 = CARTESIAN_POINT('',(226.975,9.5E-02,6.51));
#3152 = VECTOR('',#3153,1.);
#3153 = DIRECTION('',(1.,0.,0.));
#3154 = ORIENTED_EDGE('',*,*,#3155,.F.);
#3155 = EDGE_CURVE('',#3156,#3148,#3158,.T.);
#3156 = VERTEX_POINT('',#3157);
#3157 = CARTESIAN_POINT('',(226.475,-0.405,6.51));
#3158 = LINE('',#3159,#3160);
#3159 = CARTESIAN_POINT('',(226.475,-0.905,6.51));
#3160 = VECTOR('',#3161,1.);
#3161 = DIRECTION('',(0.,1.,0.));
#3162 = ORIENTED_EDGE('',*,*,#3163,.F.);
#3163 = EDGE_CURVE('',#3164,#3156,#3166,.T.);
#3164 = VERTEX_POINT('',#3165);
#3165 = CARTESIAN_POINT('',(208.05,-0.405,6.51));
#3166 = LINE('',#3167,#3168);
#3167 = CARTESIAN_POINT('',(208.55,-0.405,6.51));
#3168 = VECTOR('',#3169,1.);
#3169 = DIRECTION('',(1.,0.,0.));
#3170 = ORIENTED_EDGE('',*,*,#3171,.F.);
#3171 = EDGE_CURVE('',#3172,#3164,#3174,.T.);
#3172 = VERTEX_POINT('',#3173);
#3173 = CARTESIAN_POINT('',(208.05,-1.81,6.51));
#3174 = LINE('',#3175,#3176);
#3175 = CARTESIAN_POINT('',(208.05,-2.31,6.51));
#3176 = VECTOR('',#3177,1.);
#3177 = DIRECTION('',(0.,1.,0.));
#3178 = ORIENTED_EDGE('',*,*,#3179,.F.);
#3179 = EDGE_CURVE('',#3180,#3172,#3182,.T.);
#3180 = VERTEX_POINT('',#3181);
#3181 = CARTESIAN_POINT('',(207.425,-1.81,6.51));
#3182 = LINE('',#3183,#3184);
#3183 = CARTESIAN_POINT('',(207.925,-1.81,6.51));
#3184 = VECTOR('',#3185,1.);
#3185 = DIRECTION('',(1.,0.,0.));
#3186 = ORIENTED_EDGE('',*,*,#3187,.F.);
#3187 = EDGE_CURVE('',#2740,#3180,#3188,.T.);
#3188 = LINE('',#3189,#3190);
#3189 = CARTESIAN_POINT('',(207.425,-2.81,6.51));
#3190 = VECTOR('',#3191,1.);
#3191 = DIRECTION('',(0.,1.,0.));
#3192 = PLANE('',#3193);
#3193 = AXIS2_PLACEMENT_3D('',#3194,#3195,#3196);
#3194 = CARTESIAN_POINT('',(230.86550198153,-55.26538164695,6.51));
#3195 = DIRECTION('',(-0.,-0.,-1.));
#3196 = DIRECTION('',(-1.,0.,0.));
#3197 = ADVANCED_FACE('',(#3198),#3210,.T.);
#3198 = FACE_BOUND('',#3199,.F.);
#3199 = EDGE_LOOP('',(#3200,#3201,#3202,#3209));
#3200 = ORIENTED_EDGE('',*,*,#788,.T.);
#3201 = ORIENTED_EDGE('',*,*,#812,.T.);
#3202 = ORIENTED_EDGE('',*,*,#3203,.F.);
#3203 = EDGE_CURVE('',#2329,#813,#3204,.T.);
#3204 = ELLIPSE('',#3205,1.697056274848,1.2);
#3205 = AXIS2_PLACEMENT_3D('',#3206,#3207,#3208);
#3206 = CARTESIAN_POINT('',(206.625,-1.01,5.31));
#3207 = DIRECTION('',(-0.707106781187,-0.707106781187,-0.));
#3208 = DIRECTION('',(-0.707106781187,0.707106781187,0.));
#3209 = ORIENTED_EDGE('',*,*,#2328,.F.);
#3210 = CYLINDRICAL_SURFACE('',#3211,1.2);
#3211 = AXIS2_PLACEMENT_3D('',#3212,#3213,#3214);
#3212 = CARTESIAN_POINT('',(206.625,-0.31,5.31));
#3213 = DIRECTION('',(0.,1.,0.));
#3214 = DIRECTION('',(0.,-0.,1.));
#3215 = ADVANCED_FACE('',(#3216),#3234,.T.);
#3216 = FACE_BOUND('',#3217,.T.);
#3217 = EDGE_LOOP('',(#3218,#3219,#3227,#3233));
#3218 = ORIENTED_EDGE('',*,*,#820,.T.);
#3219 = ORIENTED_EDGE('',*,*,#3220,.T.);
#3220 = EDGE_CURVE('',#813,#3221,#3223,.T.);
#3221 = VERTEX_POINT('',#3222);
#3222 = CARTESIAN_POINT('',(206.05,0.19,5.31));
#3223 = LINE('',#3224,#3225);
#3224 = CARTESIAN_POINT('',(205.425,0.19,5.31));
#3225 = VECTOR('',#3226,1.);
#3226 = DIRECTION('',(1.,0.,0.));
#3227 = ORIENTED_EDGE('',*,*,#3228,.F.);
#3228 = EDGE_CURVE('',#845,#3221,#3229,.T.);
#3229 = LINE('',#3230,#3231);
#3230 = CARTESIAN_POINT('',(206.05,0.19,-2.));
#3231 = VECTOR('',#3232,1.);
#3232 = DIRECTION('',(0.,0.,1.));
#3233 = ORIENTED_EDGE('',*,*,#852,.F.);
#3234 = PLANE('',#3235);
#3235 = AXIS2_PLACEMENT_3D('',#3236,#3237,#3238);
#3236 = CARTESIAN_POINT('',(205.425,0.19,-2.));
#3237 = DIRECTION('',(0.,1.,0.));
#3238 = DIRECTION('',(1.,0.,0.));
#3239 = ADVANCED_FACE('',(#3240),#3258,.F.);
#3240 = FACE_BOUND('',#3241,.F.);
#3241 = EDGE_LOOP('',(#3242,#3243,#3244,#3252));
#3242 = ORIENTED_EDGE('',*,*,#844,.T.);
#3243 = ORIENTED_EDGE('',*,*,#1011,.T.);
#3244 = ORIENTED_EDGE('',*,*,#3245,.F.);
#3245 = EDGE_CURVE('',#3246,#1003,#3248,.T.);
#3246 = VERTEX_POINT('',#3247);
#3247 = CARTESIAN_POINT('',(206.05,1.595,-2.));
#3248 = LINE('',#3249,#3250);
#3249 = CARTESIAN_POINT('',(206.05,1.595,-2.));
#3250 = VECTOR('',#3251,1.);
#3251 = DIRECTION('',(0.,0.,-1.));
#3252 = ORIENTED_EDGE('',*,*,#3253,.F.);
#3253 = EDGE_CURVE('',#845,#3246,#3254,.T.);
#3254 = LINE('',#3255,#3256);
#3255 = CARTESIAN_POINT('',(206.05,-2.31,-2.));
#3256 = VECTOR('',#3257,1.);
#3257 = DIRECTION('',(0.,1.,0.));
#3258 = PLANE('',#3259);
#3259 = AXIS2_PLACEMENT_3D('',#3260,#3261,#3262);
#3260 = CARTESIAN_POINT('',(206.05,0.19,-2.));
#3261 = DIRECTION('',(1.,0.,0.));
#3262 = DIRECTION('',(0.,1.,0.));
#3263 = ADVANCED_FACE('',(#3264),#3282,.F.);
#3264 = FACE_BOUND('',#3265,.F.);
#3265 = EDGE_LOOP('',(#3266,#3274,#3275,#3276));
#3266 = ORIENTED_EDGE('',*,*,#3267,.T.);
#3267 = EDGE_CURVE('',#3268,#1026,#3270,.T.);
#3268 = VERTEX_POINT('',#3269);
#3269 = CARTESIAN_POINT('',(168.595,-25.6575,-2.));
#3270 = LINE('',#3271,#3272);
#3271 = CARTESIAN_POINT('',(168.595,-25.6575,-2.));
#3272 = VECTOR('',#3273,1.);
#3273 = DIRECTION('',(0.,0.,-1.));
#3274 = ORIENTED_EDGE('',*,*,#1036,.T.);
#3275 = ORIENTED_EDGE('',*,*,#866,.F.);
#3276 = ORIENTED_EDGE('',*,*,#3277,.F.);
#3277 = EDGE_CURVE('',#3268,#867,#3278,.T.);
#3278 = LINE('',#3279,#3280);
#3279 = CARTESIAN_POINT('',(171.095,-25.6575,-2.));
#3280 = VECTOR('',#3281,1.);
#3281 = DIRECTION('',(-1.,0.,0.));
#3282 = PLANE('',#3283);
#3283 = AXIS2_PLACEMENT_3D('',#3284,#3285,#3286);
#3284 = CARTESIAN_POINT('',(168.595,-25.6575,-2.));
#3285 = DIRECTION('',(0.,1.,0.));
#3286 = DIRECTION('',(-1.,0.,0.));
#3287 = ADVANCED_FACE('',(#3288,#3306),#3340,.T.);
#3288 = FACE_BOUND('',#3289,.T.);
#3289 = EDGE_LOOP('',(#3290,#3298,#3304,#3305));
#3290 = ORIENTED_EDGE('',*,*,#3291,.T.);
#3291 = EDGE_CURVE('',#867,#3292,#3294,.T.);
#3292 = VERTEX_POINT('',#3293);
#3293 = CARTESIAN_POINT('',(167.274,-25.6575,5.31));
#3294 = LINE('',#3295,#3296);
#3295 = CARTESIAN_POINT('',(167.274,-25.6575,-2.));
#3296 = VECTOR('',#3297,1.);
#3297 = DIRECTION('',(0.,0.,1.));
#3298 = ORIENTED_EDGE('',*,*,#3299,.T.);
#3299 = EDGE_CURVE('',#3292,#916,#3300,.T.);
#3300 = LINE('',#3301,#3302);
#3301 = CARTESIAN_POINT('',(167.274,-25.6575,5.31));
#3302 = VECTOR('',#3303,1.);
#3303 = DIRECTION('',(0.,1.,0.));
#3304 = ORIENTED_EDGE('',*,*,#915,.F.);
#3305 = ORIENTED_EDGE('',*,*,#883,.F.);
#3306 = FACE_BOUND('',#3307,.T.);
#3307 = EDGE_LOOP('',(#3308,#3318,#3326,#3334));
#3308 = ORIENTED_EDGE('',*,*,#3309,.F.);
#3309 = EDGE_CURVE('',#3310,#3312,#3314,.T.);
#3310 = VERTEX_POINT('',#3311);
#3311 = CARTESIAN_POINT('',(167.274,-16.6075,5.3));
#3312 = VERTEX_POINT('',#3313);
#3313 = CARTESIAN_POINT('',(167.274,-6.6075,5.3));
#3314 = LINE('',#3315,#3316);
#3315 = CARTESIAN_POINT('',(167.274,-21.1325,5.3));
#3316 = VECTOR('',#3317,1.);
#3317 = DIRECTION('',(0.,1.,0.));
#3318 = ORIENTED_EDGE('',*,*,#3319,.T.);
#3319 = EDGE_CURVE('',#3310,#3320,#3322,.T.);
#3320 = VERTEX_POINT('',#3321);
#3321 = CARTESIAN_POINT('',(167.274,-16.6075,0.3));
#3322 = LINE('',#3323,#3324);
#3323 = CARTESIAN_POINT('',(167.274,-16.6075,-0.85));
#3324 = VECTOR('',#3325,1.);
#3325 = DIRECTION('',(0.,0.,-1.));
#3326 = ORIENTED_EDGE('',*,*,#3327,.T.);
#3327 = EDGE_CURVE('',#3320,#3328,#3330,.T.);
#3328 = VERTEX_POINT('',#3329);
#3329 = CARTESIAN_POINT('',(167.274,-6.6075,0.3));
#3330 = LINE('',#3331,#3332);
#3331 = CARTESIAN_POINT('',(167.274,-21.1325,0.3));
#3332 = VECTOR('',#3333,1.);
#3333 = DIRECTION('',(0.,1.,0.));
#3334 = ORIENTED_EDGE('',*,*,#3335,.F.);
#3335 = EDGE_CURVE('',#3312,#3328,#3336,.T.);
#3336 = LINE('',#3337,#3338);
#3337 = CARTESIAN_POINT('',(167.274,-6.6075,-0.85));
#3338 = VECTOR('',#3339,1.);
#3339 = DIRECTION('',(0.,0.,-1.));
#3340 = PLANE('',#3341);
#3341 = AXIS2_PLACEMENT_3D('',#3342,#3343,#3344);
#3342 = CARTESIAN_POINT('',(167.274,-25.6575,-2.));
#3343 = DIRECTION('',(-1.,0.,0.));
#3344 = DIRECTION('',(0.,1.,0.));
#3345 = ADVANCED_FACE('',(#3346),#3358,.T.);
#3346 = FACE_BOUND('',#3347,.F.);
#3347 = EDGE_LOOP('',(#3348,#3355,#3356,#3357));
#3348 = ORIENTED_EDGE('',*,*,#3349,.T.);
#3349 = EDGE_CURVE('',#2721,#916,#3350,.T.);
#3350 = ELLIPSE('',#3351,1.697056274848,1.2);
#3351 = AXIS2_PLACEMENT_3D('',#3352,#3353,#3354);
#3352 = CARTESIAN_POINT('',(168.474,2.6925,5.31));
#3353 = DIRECTION('',(-0.707106781187,-0.707106781187,0.));
#3354 = DIRECTION('',(0.707106781187,-0.707106781187,0.));
#3355 = ORIENTED_EDGE('',*,*,#923,.T.);
#3356 = ORIENTED_EDGE('',*,*,#939,.F.);
#3357 = ORIENTED_EDGE('',*,*,#2728,.F.);
#3358 = CYLINDRICAL_SURFACE('',#3359,1.2);
#3359 = AXIS2_PLACEMENT_3D('',#3360,#3361,#3362);
#3360 = CARTESIAN_POINT('',(167.274,2.6925,5.31));
#3361 = DIRECTION('',(1.,0.,0.));
#3362 = DIRECTION('',(0.,-0.,1.));
#3363 = ADVANCED_FACE('',(#3364),#3382,.F.);
#3364 = FACE_BOUND('',#3365,.F.);
#3365 = EDGE_LOOP('',(#3366,#3367,#3368,#3376));
#3366 = ORIENTED_EDGE('',*,*,#3245,.T.);
#3367 = ORIENTED_EDGE('',*,*,#1061,.T.);
#3368 = ORIENTED_EDGE('',*,*,#3369,.F.);
#3369 = EDGE_CURVE('',#3370,#1053,#3372,.T.);
#3370 = VERTEX_POINT('',#3371);
#3371 = CARTESIAN_POINT('',(224.475,1.595,-2.));
#3372 = LINE('',#3373,#3374);
#3373 = CARTESIAN_POINT('',(224.475,1.595,-2.));
#3374 = VECTOR('',#3375,1.);
#3375 = DIRECTION('',(0.,0.,-1.));
#3376 = ORIENTED_EDGE('',*,*,#3377,.F.);
#3377 = EDGE_CURVE('',#3246,#3370,#3378,.T.);
#3378 = LINE('',#3379,#3380);
#3379 = CARTESIAN_POINT('',(208.55,1.595,-2.));
#3380 = VECTOR('',#3381,1.);
#3381 = DIRECTION('',(1.,0.,0.));
#3382 = PLANE('',#3383);
#3383 = AXIS2_PLACEMENT_3D('',#3384,#3385,#3386);
#3384 = CARTESIAN_POINT('',(206.05,1.595,-2.));
#3385 = DIRECTION('',(0.,-1.,0.));
#3386 = DIRECTION('',(1.,0.,0.));
#3387 = ADVANCED_FACE('',(#3388),#3406,.F.);
#3388 = FACE_BOUND('',#3389,.F.);
#3389 = EDGE_LOOP('',(#3390,#3398,#3399,#3400));
#3390 = ORIENTED_EDGE('',*,*,#3391,.T.);
#3391 = EDGE_CURVE('',#3392,#1076,#3394,.T.);
#3392 = VERTEX_POINT('',#3393);
#3393 = CARTESIAN_POINT('',(168.59499999999,-35.39796871792,-2.));
#3394 = LINE('',#3395,#3396);
#3395 = CARTESIAN_POINT('',(168.59499999999,-35.39796871792,-2.));
#3396 = VECTOR('',#3397,1.);
#3397 = DIRECTION('',(0.,0.,-1.));
#3398 = ORIENTED_EDGE('',*,*,#1086,.T.);
#3399 = ORIENTED_EDGE('',*,*,#3267,.F.);
#3400 = ORIENTED_EDGE('',*,*,#3401,.F.);
#3401 = EDGE_CURVE('',#3392,#3268,#3402,.T.);
#3402 = LINE('',#3403,#3404);
#3403 = CARTESIAN_POINT('',(168.595,-36.17525,-2.));
#3404 = VECTOR('',#3405,1.);
#3405 = DIRECTION('',(0.,1.,0.));
#3406 = PLANE('',#3407);
#3407 = AXIS2_PLACEMENT_3D('',#3408,#3409,#3410);
#3408 = CARTESIAN_POINT('',(168.595,-35.39796871792,-2.));
#3409 = DIRECTION('',(1.,0.,0.));
#3410 = DIRECTION('',(0.,1.,0.));
#3411 = ADVANCED_FACE('',(#3412),#3430,.F.);
#3412 = FACE_BOUND('',#3413,.F.);
#3413 = EDGE_LOOP('',(#3414,#3415,#3416,#3424));
#3414 = ORIENTED_EDGE('',*,*,#3369,.T.);
#3415 = ORIENTED_EDGE('',*,*,#1111,.T.);
#3416 = ORIENTED_EDGE('',*,*,#3417,.F.);
#3417 = EDGE_CURVE('',#3418,#1103,#3420,.T.);
#3418 = VERTEX_POINT('',#3419);
#3419 = CARTESIAN_POINT('',(224.475,2.095,-2.));
#3420 = LINE('',#3421,#3422);
#3421 = CARTESIAN_POINT('',(224.475,2.095,-2.));
#3422 = VECTOR('',#3423,1.);
#3423 = DIRECTION('',(0.,0.,-1.));
#3424 = ORIENTED_EDGE('',*,*,#3425,.F.);
#3425 = EDGE_CURVE('',#3370,#3418,#3426,.T.);
#3426 = LINE('',#3427,#3428);
#3427 = CARTESIAN_POINT('',(224.475,-0.905,-2.));
#3428 = VECTOR('',#3429,1.);
#3429 = DIRECTION('',(0.,1.,0.));
#3430 = PLANE('',#3431);
#3431 = AXIS2_PLACEMENT_3D('',#3432,#3433,#3434);
#3432 = CARTESIAN_POINT('',(224.475,1.595,-2.));
#3433 = DIRECTION('',(1.,0.,0.));
#3434 = DIRECTION('',(0.,1.,0.));
#3435 = ADVANCED_FACE('',(#3436),#3454,.F.);
#3436 = FACE_BOUND('',#3437,.F.);
#3437 = EDGE_LOOP('',(#3438,#3446,#3447,#3448));
#3438 = ORIENTED_EDGE('',*,*,#3439,.T.);
#3439 = EDGE_CURVE('',#3440,#1126,#3442,.T.);
#3440 = VERTEX_POINT('',#3441);
#3441 = CARTESIAN_POINT('',(168.17713961906,-36.005,-2.));
#3442 = LINE('',#3443,#3444);
#3443 = CARTESIAN_POINT('',(168.17713961906,-36.005,-2.));
#3444 = VECTOR('',#3445,1.);
#3445 = DIRECTION('',(0.,0.,-1.));
#3446 = ORIENTED_EDGE('',*,*,#1136,.T.);
#3447 = ORIENTED_EDGE('',*,*,#3391,.F.);
#3448 = ORIENTED_EDGE('',*,*,#3449,.F.);
#3449 = EDGE_CURVE('',#3440,#3392,#3450,.T.);
#3450 = LINE('',#3451,#3452);
#3451 = CARTESIAN_POINT('',(168.39072916718,-35.6947156487,-2.));
#3452 = VECTOR('',#3453,1.);
#3453 = DIRECTION('',(0.567013740519,0.823708333127,0.));
#3454 = PLANE('',#3455);
#3455 = AXIS2_PLACEMENT_3D('',#3456,#3457,#3458);
#3456 = CARTESIAN_POINT('',(168.17713961906,-36.005,-2.));
#3457 = DIRECTION('',(0.823708333127,-0.567013740519,0.));
#3458 = DIRECTION('',(0.567013740519,0.823708333127,0.));
#3459 = ADVANCED_FACE('',(#3460),#3478,.F.);
#3460 = FACE_BOUND('',#3461,.F.);
#3461 = EDGE_LOOP('',(#3462,#3463,#3464,#3472));
#3462 = ORIENTED_EDGE('',*,*,#3417,.T.);
#3463 = ORIENTED_EDGE('',*,*,#1161,.T.);
#3464 = ORIENTED_EDGE('',*,*,#3465,.F.);
#3465 = EDGE_CURVE('',#3466,#1153,#3468,.T.);
#3466 = VERTEX_POINT('',#3467);
#3467 = CARTESIAN_POINT('',(225.1,2.095,-2.));
#3468 = LINE('',#3469,#3470);
#3469 = CARTESIAN_POINT('',(225.1,2.095,-2.));
#3470 = VECTOR('',#3471,1.);
#3471 = DIRECTION('',(0.,0.,-1.));
#3472 = ORIENTED_EDGE('',*,*,#3473,.F.);
#3473 = EDGE_CURVE('',#3418,#3466,#3474,.T.);
#3474 = LINE('',#3475,#3476);
#3475 = CARTESIAN_POINT('',(226.975,2.095,-2.));
#3476 = VECTOR('',#3477,1.);
#3477 = DIRECTION('',(1.,0.,0.));
#3478 = PLANE('',#3479);
#3479 = AXIS2_PLACEMENT_3D('',#3480,#3481,#3482);
#3480 = CARTESIAN_POINT('',(224.475,2.095,-2.));
#3481 = DIRECTION('',(0.,-1.,0.));
#3482 = DIRECTION('',(1.,0.,0.));
#3483 = ADVANCED_FACE('',(#3484),#3502,.F.);
#3484 = FACE_BOUND('',#3485,.F.);
#3485 = EDGE_LOOP('',(#3486,#3494,#3495,#3496));
#3486 = ORIENTED_EDGE('',*,*,#3487,.T.);
#3487 = EDGE_CURVE('',#3488,#1176,#3490,.T.);
#3488 = VERTEX_POINT('',#3489);
#3489 = CARTESIAN_POINT('',(167.325,-36.005,-2.));
#3490 = LINE('',#3491,#3492);
#3491 = CARTESIAN_POINT('',(167.325,-36.005,-2.));
#3492 = VECTOR('',#3493,1.);
#3493 = DIRECTION('',(0.,0.,-1.));
#3494 = ORIENTED_EDGE('',*,*,#1186,.T.);
#3495 = ORIENTED_EDGE('',*,*,#3439,.F.);
#3496 = ORIENTED_EDGE('',*,*,#3497,.F.);
#3497 = EDGE_CURVE('',#3488,#3440,#3498,.T.);
#3498 = LINE('',#3499,#3500);
#3499 = CARTESIAN_POINT('',(169.825,-36.005,-2.));
#3500 = VECTOR('',#3501,1.);
#3501 = DIRECTION('',(1.,0.,0.));
#3502 = PLANE('',#3503);
#3503 = AXIS2_PLACEMENT_3D('',#3504,#3505,#3506);
#3504 = CARTESIAN_POINT('',(167.325,-36.005,-2.));
#3505 = DIRECTION('',(0.,-1.,0.));
#3506 = DIRECTION('',(1.,0.,0.));
#3507 = ADVANCED_FACE('',(#3508),#3526,.F.);
#3508 = FACE_BOUND('',#3509,.F.);
#3509 = EDGE_LOOP('',(#3510,#3511,#3512,#3520));
#3510 = ORIENTED_EDGE('',*,*,#3465,.T.);
#3511 = ORIENTED_EDGE('',*,*,#1211,.T.);
#3512 = ORIENTED_EDGE('',*,*,#3513,.F.);
#3513 = EDGE_CURVE('',#3514,#1203,#3516,.T.);
#3514 = VERTEX_POINT('',#3515);
#3515 = CARTESIAN_POINT('',(225.1,3.5,-2.));
#3516 = LINE('',#3517,#3518);
#3517 = CARTESIAN_POINT('',(225.1,3.5,-2.));
#3518 = VECTOR('',#3519,1.);
#3519 = DIRECTION('',(0.,0.,-1.));
#3520 = ORIENTED_EDGE('',*,*,#3521,.F.);
#3521 = EDGE_CURVE('',#3466,#3514,#3522,.T.);
#3522 = LINE('',#3523,#3524);
#3523 = CARTESIAN_POINT('',(225.1,-0.405,-2.));
#3524 = VECTOR('',#3525,1.);
#3525 = DIRECTION('',(0.,1.,0.));
#3526 = PLANE('',#3527);
#3527 = AXIS2_PLACEMENT_3D('',#3528,#3529,#3530);
#3528 = CARTESIAN_POINT('',(225.1,2.095,-2.));
#3529 = DIRECTION('',(1.,0.,0.));
#3530 = DIRECTION('',(0.,1.,0.));
#3531 = ADVANCED_FACE('',(#3532),#3550,.F.);
#3532 = FACE_BOUND('',#3533,.F.);
#3533 = EDGE_LOOP('',(#3534,#3542,#3543,#3544));
#3534 = ORIENTED_EDGE('',*,*,#3535,.T.);
#3535 = EDGE_CURVE('',#3536,#1226,#3538,.T.);
#3536 = VERTEX_POINT('',#3537);
#3537 = CARTESIAN_POINT('',(167.325,-54.36375,-2.));
#3538 = LINE('',#3539,#3540);
#3539 = CARTESIAN_POINT('',(167.325,-54.36375,-2.));
#3540 = VECTOR('',#3541,1.);
#3541 = DIRECTION('',(0.,0.,-1.));
#3542 = ORIENTED_EDGE('',*,*,#1236,.T.);
#3543 = ORIENTED_EDGE('',*,*,#3487,.F.);
#3544 = ORIENTED_EDGE('',*,*,#3545,.F.);
#3545 = EDGE_CURVE('',#3536,#3488,#3546,.T.);
#3546 = LINE('',#3547,#3548);
#3547 = CARTESIAN_POINT('',(167.325,-52.125,-2.));
#3548 = VECTOR('',#3549,1.);
#3549 = DIRECTION('',(0.,1.,0.));
#3550 = PLANE('',#3551);
#3551 = AXIS2_PLACEMENT_3D('',#3552,#3553,#3554);
#3552 = CARTESIAN_POINT('',(167.325,-54.36375,-2.));
#3553 = DIRECTION('',(1.,0.,0.));
#3554 = DIRECTION('',(0.,1.,0.));
#3555 = ADVANCED_FACE('',(#3556),#3574,.F.);
#3556 = FACE_BOUND('',#3557,.F.);
#3557 = EDGE_LOOP('',(#3558,#3559,#3560,#3568));
#3558 = ORIENTED_EDGE('',*,*,#3513,.T.);
#3559 = ORIENTED_EDGE('',*,*,#1261,.T.);
#3560 = ORIENTED_EDGE('',*,*,#3561,.F.);
#3561 = EDGE_CURVE('',#3562,#1253,#3564,.T.);
#3562 = VERTEX_POINT('',#3563);
#3563 = CARTESIAN_POINT('',(251.15,3.5,-2.));
#3564 = LINE('',#3565,#3566);
#3565 = CARTESIAN_POINT('',(251.15,3.5,-2.));
#3566 = VECTOR('',#3567,1.);
#3567 = DIRECTION('',(0.,0.,-1.));
#3568 = ORIENTED_EDGE('',*,*,#3569,.F.);
#3569 = EDGE_CURVE('',#3514,#3562,#3570,.T.);
#3570 = LINE('',#3571,#3572);
#3571 = CARTESIAN_POINT('',(227.6,3.5,-2.));
#3572 = VECTOR('',#3573,1.);
#3573 = DIRECTION('',(1.,0.,0.));
#3574 = PLANE('',#3575);
#3575 = AXIS2_PLACEMENT_3D('',#3576,#3577,#3578);
#3576 = CARTESIAN_POINT('',(225.1,3.5,-2.));
#3577 = DIRECTION('',(0.,-1.,0.));
#3578 = DIRECTION('',(1.,0.,0.));
#3579 = ADVANCED_FACE('',(#3580),#3598,.F.);
#3580 = FACE_BOUND('',#3581,.F.);
#3581 = EDGE_LOOP('',(#3582,#3590,#3591,#3592));
#3582 = ORIENTED_EDGE('',*,*,#3583,.T.);
#3583 = EDGE_CURVE('',#3584,#1276,#3586,.T.);
#3584 = VERTEX_POINT('',#3585);
#3585 = CARTESIAN_POINT('',(167.325,-72.7225,-2.));
#3586 = LINE('',#3587,#3588);
#3587 = CARTESIAN_POINT('',(167.325,-72.7225,-2.));
#3588 = VECTOR('',#3589,1.);
#3589 = DIRECTION('',(0.,0.,-1.));
#3590 = ORIENTED_EDGE('',*,*,#1286,.T.);
#3591 = ORIENTED_EDGE('',*,*,#3535,.F.);
#3592 = ORIENTED_EDGE('',*,*,#3593,.F.);
#3593 = EDGE_CURVE('',#3584,#3536,#3594,.T.);
#3594 = LINE('',#3595,#3596);
#3595 = CARTESIAN_POINT('',(167.325,-70.2225,-2.));
#3596 = VECTOR('',#3597,1.);
#3597 = DIRECTION('',(0.,1.,0.));
#3598 = PLANE('',#3599);
#3599 = AXIS2_PLACEMENT_3D('',#3600,#3601,#3602);
#3600 = CARTESIAN_POINT('',(167.325,-72.7225,-2.));
#3601 = DIRECTION('',(1.,0.,0.));
#3602 = DIRECTION('',(0.,1.,0.));
#3603 = ADVANCED_FACE('',(#3604),#3622,.F.);
#3604 = FACE_BOUND('',#3605,.F.);
#3605 = EDGE_LOOP('',(#3606,#3607,#3608,#3616));
#3606 = ORIENTED_EDGE('',*,*,#3561,.T.);
#3607 = ORIENTED_EDGE('',*,*,#1311,.T.);
#3608 = ORIENTED_EDGE('',*,*,#3609,.F.);
#3609 = EDGE_CURVE('',#3610,#1303,#3612,.T.);
#3610 = VERTEX_POINT('',#3611);
#3611 = CARTESIAN_POINT('',(251.15,1.595,-2.));
#3612 = LINE('',#3613,#3614);
#3613 = CARTESIAN_POINT('',(251.15,1.595,-2.));
#3614 = VECTOR('',#3615,1.);
#3615 = DIRECTION('',(0.,0.,-1.));
#3616 = ORIENTED_EDGE('',*,*,#3617,.F.);
#3617 = EDGE_CURVE('',#3562,#3610,#3618,.T.);
#3618 = LINE('',#3619,#3620);
#3619 = CARTESIAN_POINT('',(251.15,1.,-2.));
#3620 = VECTOR('',#3621,1.);
#3621 = DIRECTION('',(0.,-1.,0.));
#3622 = PLANE('',#3623);
#3623 = AXIS2_PLACEMENT_3D('',#3624,#3625,#3626);
#3624 = CARTESIAN_POINT('',(251.15,3.5,-2.));
#3625 = DIRECTION('',(-1.,0.,0.));
#3626 = DIRECTION('',(0.,-1.,0.));
#3627 = ADVANCED_FACE('',(#3628),#3646,.F.);
#3628 = FACE_BOUND('',#3629,.F.);
#3629 = EDGE_LOOP('',(#3630,#3638,#3639,#3640));
#3630 = ORIENTED_EDGE('',*,*,#3631,.T.);
#3631 = EDGE_CURVE('',#3632,#1326,#3634,.T.);
#3632 = VERTEX_POINT('',#3633);
#3633 = CARTESIAN_POINT('',(167.95,-72.7225,-2.));
#3634 = LINE('',#3635,#3636);
#3635 = CARTESIAN_POINT('',(167.95,-72.7225,-2.));
#3636 = VECTOR('',#3637,1.);
#3637 = DIRECTION('',(0.,0.,-1.));
#3638 = ORIENTED_EDGE('',*,*,#1336,.T.);
#3639 = ORIENTED_EDGE('',*,*,#3583,.F.);
#3640 = ORIENTED_EDGE('',*,*,#3641,.F.);
#3641 = EDGE_CURVE('',#3632,#3584,#3642,.T.);
#3642 = LINE('',#3643,#3644);
#3643 = CARTESIAN_POINT('',(170.45,-72.7225,-2.));
#3644 = VECTOR('',#3645,1.);
#3645 = DIRECTION('',(-1.,0.,0.));
#3646 = PLANE('',#3647);
#3647 = AXIS2_PLACEMENT_3D('',#3648,#3649,#3650);
#3648 = CARTESIAN_POINT('',(167.95,-72.7225,-2.));
#3649 = DIRECTION('',(0.,1.,0.));
#3650 = DIRECTION('',(-1.,0.,0.));
#3651 = ADVANCED_FACE('',(#3652),#3670,.F.);
#3652 = FACE_BOUND('',#3653,.F.);
#3653 = EDGE_LOOP('',(#3654,#3655,#3656,#3664));
#3654 = ORIENTED_EDGE('',*,*,#3609,.T.);
#3655 = ORIENTED_EDGE('',*,*,#1361,.T.);
#3656 = ORIENTED_EDGE('',*,*,#3657,.F.);
#3657 = EDGE_CURVE('',#3658,#1353,#3660,.T.);
#3658 = VERTEX_POINT('',#3659);
#3659 = CARTESIAN_POINT('',(270.2,1.595,-2.));
#3660 = LINE('',#3661,#3662);
#3661 = CARTESIAN_POINT('',(270.2,1.595,-2.));
#3662 = VECTOR('',#3663,1.);
#3663 = DIRECTION('',(0.,0.,-1.));
#3664 = ORIENTED_EDGE('',*,*,#3665,.F.);
#3665 = EDGE_CURVE('',#3610,#3658,#3666,.T.);
#3666 = LINE('',#3667,#3668);
#3667 = CARTESIAN_POINT('',(248.65,1.595,-2.));
#3668 = VECTOR('',#3669,1.);
#3669 = DIRECTION('',(1.,0.,0.));
#3670 = PLANE('',#3671);
#3671 = AXIS2_PLACEMENT_3D('',#3672,#3673,#3674);
#3672 = CARTESIAN_POINT('',(251.15,1.595,-2.));
#3673 = DIRECTION('',(0.,-1.,0.));
#3674 = DIRECTION('',(1.,0.,0.));
#3675 = ADVANCED_FACE('',(#3676),#3694,.F.);
#3676 = FACE_BOUND('',#3677,.F.);
#3677 = EDGE_LOOP('',(#3678,#3686,#3687,#3688));
#3678 = ORIENTED_EDGE('',*,*,#3679,.T.);
#3679 = EDGE_CURVE('',#3680,#1376,#3682,.T.);
#3680 = VERTEX_POINT('',#3681);
#3681 = CARTESIAN_POINT('',(167.95,-78.7475,-2.));
#3682 = LINE('',#3683,#3684);
#3683 = CARTESIAN_POINT('',(167.95,-78.7475,-2.));
#3684 = VECTOR('',#3685,1.);
#3685 = DIRECTION('',(0.,0.,-1.));
#3686 = ORIENTED_EDGE('',*,*,#1386,.T.);
#3687 = ORIENTED_EDGE('',*,*,#3631,.F.);
#3688 = ORIENTED_EDGE('',*,*,#3689,.F.);
#3689 = EDGE_CURVE('',#3680,#3632,#3690,.T.);
#3690 = LINE('',#3691,#3692);
#3691 = CARTESIAN_POINT('',(167.95,-76.2475,-2.));
#3692 = VECTOR('',#3693,1.);
#3693 = DIRECTION('',(0.,1.,0.));
#3694 = PLANE('',#3695);
#3695 = AXIS2_PLACEMENT_3D('',#3696,#3697,#3698);
#3696 = CARTESIAN_POINT('',(167.95,-78.7475,-2.));
#3697 = DIRECTION('',(1.,0.,0.));
#3698 = DIRECTION('',(0.,1.,0.));
#3699 = ADVANCED_FACE('',(#3700),#3718,.F.);
#3700 = FACE_BOUND('',#3701,.F.);
#3701 = EDGE_LOOP('',(#3702,#3703,#3704,#3712));
#3702 = ORIENTED_EDGE('',*,*,#3657,.T.);
#3703 = ORIENTED_EDGE('',*,*,#1411,.T.);
#3704 = ORIENTED_EDGE('',*,*,#3705,.F.);
#3705 = EDGE_CURVE('',#3706,#1403,#3708,.T.);
#3706 = VERTEX_POINT('',#3707);
#3707 = CARTESIAN_POINT('',(270.2,-0.31,-2.));
#3708 = LINE('',#3709,#3710);
#3709 = CARTESIAN_POINT('',(270.2,-0.31,-2.));
#3710 = VECTOR('',#3711,1.);
#3711 = DIRECTION('',(0.,0.,-1.));
#3712 = ORIENTED_EDGE('',*,*,#3713,.F.);
#3713 = EDGE_CURVE('',#3658,#3706,#3714,.T.);
#3714 = LINE('',#3715,#3716);
#3715 = CARTESIAN_POINT('',(270.2,-0.905,-2.));
#3716 = VECTOR('',#3717,1.);
#3717 = DIRECTION('',(0.,-1.,0.));
#3718 = PLANE('',#3719);
#3719 = AXIS2_PLACEMENT_3D('',#3720,#3721,#3722);
#3720 = CARTESIAN_POINT('',(270.2,1.595,-2.));
#3721 = DIRECTION('',(-1.,0.,0.));
#3722 = DIRECTION('',(0.,-1.,0.));
#3723 = ADVANCED_FACE('',(#3724),#3742,.F.);
#3724 = FACE_BOUND('',#3725,.F.);
#3725 = EDGE_LOOP('',(#3726,#3734,#3735,#3736));
#3726 = ORIENTED_EDGE('',*,*,#3727,.T.);
#3727 = EDGE_CURVE('',#3728,#1426,#3730,.T.);
#3728 = VERTEX_POINT('',#3729);
#3729 = CARTESIAN_POINT('',(187.,-78.7475,-2.));
#3730 = LINE('',#3731,#3732);
#3731 = CARTESIAN_POINT('',(187.,-78.7475,-2.));
#3732 = VECTOR('',#3733,1.);
#3733 = DIRECTION('',(0.,0.,-1.));
#3734 = ORIENTED_EDGE('',*,*,#1436,.T.);
#3735 = ORIENTED_EDGE('',*,*,#3679,.F.);
#3736 = ORIENTED_EDGE('',*,*,#3737,.F.);
#3737 = EDGE_CURVE('',#3728,#3680,#3738,.T.);
#3738 = LINE('',#3739,#3740);
#3739 = CARTESIAN_POINT('',(189.5,-78.7475,-2.));
#3740 = VECTOR('',#3741,1.);
#3741 = DIRECTION('',(-1.,0.,0.));
#3742 = PLANE('',#3743);
#3743 = AXIS2_PLACEMENT_3D('',#3744,#3745,#3746);
#3744 = CARTESIAN_POINT('',(187.,-78.7475,-2.));
#3745 = DIRECTION('',(0.,1.,0.));
#3746 = DIRECTION('',(-1.,0.,0.));
#3747 = ADVANCED_FACE('',(#3748),#3766,.F.);
#3748 = FACE_BOUND('',#3749,.F.);
#3749 = EDGE_LOOP('',(#3750,#3751,#3752,#3760));
#3750 = ORIENTED_EDGE('',*,*,#3705,.T.);
#3751 = ORIENTED_EDGE('',*,*,#1461,.T.);
#3752 = ORIENTED_EDGE('',*,*,#3753,.F.);
#3753 = EDGE_CURVE('',#3754,#1453,#3756,.T.);
#3754 = VERTEX_POINT('',#3755);
#3755 = CARTESIAN_POINT('',(289.25,-0.31,-2.));
#3756 = LINE('',#3757,#3758);
#3757 = CARTESIAN_POINT('',(289.25,-0.31,-2.));
#3758 = VECTOR('',#3759,1.);
#3759 = DIRECTION('',(0.,0.,-1.));
#3760 = ORIENTED_EDGE('',*,*,#3761,.F.);
#3761 = EDGE_CURVE('',#3706,#3754,#3762,.T.);
#3762 = LINE('',#3763,#3764);
#3763 = CARTESIAN_POINT('',(267.7,-0.31,-2.));
#3764 = VECTOR('',#3765,1.);
#3765 = DIRECTION('',(1.,0.,0.));
#3766 = PLANE('',#3767);
#3767 = AXIS2_PLACEMENT_3D('',#3768,#3769,#3770);
#3768 = CARTESIAN_POINT('',(270.2,-0.31,-2.));
#3769 = DIRECTION('',(0.,-1.,0.));
#3770 = DIRECTION('',(1.,0.,0.));
#3771 = ADVANCED_FACE('',(#3772),#3790,.F.);
#3772 = FACE_BOUND('',#3773,.F.);
#3773 = EDGE_LOOP('',(#3774,#3782,#3783,#3784));
#3774 = ORIENTED_EDGE('',*,*,#3775,.T.);
#3775 = EDGE_CURVE('',#3776,#1476,#3778,.T.);
#3776 = VERTEX_POINT('',#3777);
#3777 = CARTESIAN_POINT('',(186.99999999999,-79.39361403981,-2.));
#3778 = LINE('',#3779,#3780);
#3779 = CARTESIAN_POINT('',(186.99999999999,-79.39361403981,-2.));
#3780 = VECTOR('',#3781,1.);
#3781 = DIRECTION('',(0.,0.,-1.));
#3782 = ORIENTED_EDGE('',*,*,#1486,.T.);
#3783 = ORIENTED_EDGE('',*,*,#3727,.F.);
#3784 = ORIENTED_EDGE('',*,*,#3785,.F.);
#3785 = EDGE_CURVE('',#3776,#3728,#3786,.T.);
#3786 = LINE('',#3787,#3788);
#3787 = CARTESIAN_POINT('',(187.,-81.01,-2.));
#3788 = VECTOR('',#3789,1.);
#3789 = DIRECTION('',(0.,1.,0.));
#3790 = PLANE('',#3791);
#3791 = AXIS2_PLACEMENT_3D('',#3792,#3793,#3794);
#3792 = CARTESIAN_POINT('',(187.,-79.39361403981,-2.));
#3793 = DIRECTION('',(1.,0.,0.));
#3794 = DIRECTION('',(0.,1.,0.));
#3795 = ADVANCED_FACE('',(#3796),#3814,.F.);
#3796 = FACE_BOUND('',#3797,.F.);
#3797 = EDGE_LOOP('',(#3798,#3799,#3800,#3808));
#3798 = ORIENTED_EDGE('',*,*,#3753,.T.);
#3799 = ORIENTED_EDGE('',*,*,#1511,.T.);
#3800 = ORIENTED_EDGE('',*,*,#3801,.F.);
#3801 = EDGE_CURVE('',#3802,#1503,#3804,.T.);
#3802 = VERTEX_POINT('',#3803);
#3803 = CARTESIAN_POINT('',(289.25,-1.2625,-2.));
#3804 = LINE('',#3805,#3806);
#3805 = CARTESIAN_POINT('',(289.25,-1.2625,-2.));
#3806 = VECTOR('',#3807,1.);
#3807 = DIRECTION('',(0.,0.,-1.));
#3808 = ORIENTED_EDGE('',*,*,#3809,.F.);
#3809 = EDGE_CURVE('',#3754,#3802,#3810,.T.);
#3810 = LINE('',#3811,#3812);
#3811 = CARTESIAN_POINT('',(289.25,-2.81,-2.));
#3812 = VECTOR('',#3813,1.);
#3813 = DIRECTION('',(0.,-1.,0.));
#3814 = PLANE('',#3815);
#3815 = AXIS2_PLACEMENT_3D('',#3816,#3817,#3818);
#3816 = CARTESIAN_POINT('',(289.25,-0.31,-2.));
#3817 = DIRECTION('',(-1.,0.,0.));
#3818 = DIRECTION('',(0.,-1.,0.));
#3819 = ADVANCED_FACE('',(#3820),#3838,.F.);
#3820 = FACE_BOUND('',#3821,.F.);
#3821 = EDGE_LOOP('',(#3822,#3830,#3831,#3832));
#3822 = ORIENTED_EDGE('',*,*,#3823,.T.);
#3823 = EDGE_CURVE('',#3824,#1526,#3826,.T.);
#3824 = VERTEX_POINT('',#3825);
#3825 = CARTESIAN_POINT('',(171.60116788845,-83.5197238401,-2.));
#3826 = LINE('',#3827,#3828);
#3827 = CARTESIAN_POINT('',(171.60116788845,-83.5197238401,-2.));
#3828 = VECTOR('',#3829,1.);
#3829 = DIRECTION('',(0.,0.,-1.));
#3830 = ORIENTED_EDGE('',*,*,#1536,.T.);
#3831 = ORIENTED_EDGE('',*,*,#3775,.F.);
#3832 = ORIENTED_EDGE('',*,*,#3833,.F.);
#3833 = EDGE_CURVE('',#3824,#3776,#3834,.T.);
#3834 = LINE('',#3835,#3836);
#3835 = CARTESIAN_POINT('',(174.01598163056,-82.87267563702,-2.));
#3836 = VECTOR('',#3837,1.);
#3837 = DIRECTION('',(0.965925745189,0.258819347773,0.));
#3838 = PLANE('',#3839);
#3839 = AXIS2_PLACEMENT_3D('',#3840,#3841,#3842);
#3840 = CARTESIAN_POINT('',(171.60116788845,-83.5197238401,-2.));
#3841 = DIRECTION('',(0.258819347773,-0.965925745189,0.));
#3842 = DIRECTION('',(0.965925745189,0.258819347773,0.));
#3843 = ADVANCED_FACE('',(#3844),#3862,.F.);
#3844 = FACE_BOUND('',#3845,.F.);
#3845 = EDGE_LOOP('',(#3846,#3847,#3848,#3856));
#3846 = ORIENTED_EDGE('',*,*,#3801,.T.);
#3847 = ORIENTED_EDGE('',*,*,#1561,.T.);
#3848 = ORIENTED_EDGE('',*,*,#3849,.F.);
#3849 = EDGE_CURVE('',#3850,#1553,#3852,.T.);
#3850 = VERTEX_POINT('',#3851);
#3851 = CARTESIAN_POINT('',(308.3,-1.2625,-2.));
#3852 = LINE('',#3853,#3854);
#3853 = CARTESIAN_POINT('',(308.3,-1.2625,-2.));
#3854 = VECTOR('',#3855,1.);
#3855 = DIRECTION('',(0.,0.,-1.));
#3856 = ORIENTED_EDGE('',*,*,#3857,.F.);
#3857 = EDGE_CURVE('',#3802,#3850,#3858,.T.);
#3858 = LINE('',#3859,#3860);
#3859 = CARTESIAN_POINT('',(286.75,-1.2625,-2.));
#3860 = VECTOR('',#3861,1.);
#3861 = DIRECTION('',(1.,0.,0.));
#3862 = PLANE('',#3863);
#3863 = AXIS2_PLACEMENT_3D('',#3864,#3865,#3866);
#3864 = CARTESIAN_POINT('',(289.25,-1.2625,-2.));
#3865 = DIRECTION('',(0.,-1.,0.));
#3866 = DIRECTION('',(1.,0.,0.));
#3867 = ADVANCED_FACE('',(#3868),#3886,.F.);
#3868 = FACE_BOUND('',#3869,.F.);
#3869 = EDGE_LOOP('',(#3870,#3878,#3879,#3880));
#3870 = ORIENTED_EDGE('',*,*,#3871,.T.);
#3871 = EDGE_CURVE('',#3872,#1576,#3874,.T.);
#3872 = VERTEX_POINT('',#3873);
#3873 = CARTESIAN_POINT('',(173.16216618015,-89.34544746462,-2.));
#3874 = LINE('',#3875,#3876);
#3875 = CARTESIAN_POINT('',(173.16216618015,-89.34544746462,-2.));
#3876 = VECTOR('',#3877,1.);
#3877 = DIRECTION('',(0.,0.,-1.));
#3878 = ORIENTED_EDGE('',*,*,#1586,.T.);
#3879 = ORIENTED_EDGE('',*,*,#3823,.F.);
#3880 = ORIENTED_EDGE('',*,*,#3881,.F.);
#3881 = EDGE_CURVE('',#3872,#3824,#3882,.T.);
#3882 = LINE('',#3883,#3884);
#3883 = CARTESIAN_POINT('',(173.80921547066,-91.76026774857,-2.));
#3884 = VECTOR('',#3885,1.);
#3885 = DIRECTION('',(-0.258819099429,0.965925811732,0.));
#3886 = PLANE('',#3887);
#3887 = AXIS2_PLACEMENT_3D('',#3888,#3889,#3890);
#3888 = CARTESIAN_POINT('',(173.16216618015,-89.34544746462,-2.));
#3889 = DIRECTION('',(0.965925811732,0.258819099429,0.));
#3890 = DIRECTION('',(-0.258819099429,0.965925811732,0.));
#3891 = ADVANCED_FACE('',(#3892),#3910,.F.);
#3892 = FACE_BOUND('',#3893,.F.);
#3893 = EDGE_LOOP('',(#3894,#3895,#3896,#3904));
#3894 = ORIENTED_EDGE('',*,*,#3849,.T.);
#3895 = ORIENTED_EDGE('',*,*,#1611,.T.);
#3896 = ORIENTED_EDGE('',*,*,#3897,.F.);
#3897 = EDGE_CURVE('',#3898,#1603,#3900,.T.);
#3898 = VERTEX_POINT('',#3899);
#3899 = CARTESIAN_POINT('',(308.3,-20.3125,-2.));
#3900 = LINE('',#3901,#3902);
#3901 = CARTESIAN_POINT('',(308.3,-20.3125,-2.));
#3902 = VECTOR('',#3903,1.);
#3903 = DIRECTION('',(0.,0.,-1.));
#3904 = ORIENTED_EDGE('',*,*,#3905,.F.);
#3905 = EDGE_CURVE('',#3850,#3898,#3906,.T.);
#3906 = LINE('',#3907,#3908);
#3907 = CARTESIAN_POINT('',(308.3,-3.7625,-2.));
#3908 = VECTOR('',#3909,1.);
#3909 = DIRECTION('',(0.,-1.,0.));
#3910 = PLANE('',#3911);
#3911 = AXIS2_PLACEMENT_3D('',#3912,#3913,#3914);
#3912 = CARTESIAN_POINT('',(308.3,-1.2625,-2.));
#3913 = DIRECTION('',(-1.,0.,0.));
#3914 = DIRECTION('',(0.,-1.,0.));
#3915 = ADVANCED_FACE('',(#3916),#3934,.F.);
#3916 = FACE_BOUND('',#3917,.F.);
#3917 = EDGE_LOOP('',(#3918,#3926,#3927,#3928));
#3918 = ORIENTED_EDGE('',*,*,#3919,.T.);
#3919 = EDGE_CURVE('',#3920,#1626,#3922,.T.);
#3920 = VERTEX_POINT('',#3921);
#3921 = CARTESIAN_POINT('',(171.02263599282,-89.91872751481,-2.));
#3922 = LINE('',#3923,#3924);
#3923 = CARTESIAN_POINT('',(171.02263599282,-89.91872751481,-2.));
#3924 = VECTOR('',#3925,1.);
#3925 = DIRECTION('',(0.,0.,-1.));
#3926 = ORIENTED_EDGE('',*,*,#1636,.T.);
#3927 = ORIENTED_EDGE('',*,*,#3871,.F.);
#3928 = ORIENTED_EDGE('',*,*,#3929,.F.);
#3929 = EDGE_CURVE('',#3920,#3872,#3930,.T.);
#3930 = LINE('',#3931,#3932);
#3931 = CARTESIAN_POINT('',(173.43745800604,-89.27168392873,-2.));
#3932 = VECTOR('',#3933,1.);
#3933 = DIRECTION('',(0.965926428507,0.258816797584,0.));
#3934 = PLANE('',#3935);
#3935 = AXIS2_PLACEMENT_3D('',#3936,#3937,#3938);
#3936 = CARTESIAN_POINT('',(171.02263599282,-89.91872751481,-2.));
#3937 = DIRECTION('',(0.258816797584,-0.965926428507,0.));
#3938 = DIRECTION('',(0.965926428507,0.258816797584,0.));
#3939 = ADVANCED_FACE('',(#3940),#3958,.F.);
#3940 = FACE_BOUND('',#3941,.F.);
#3941 = EDGE_LOOP('',(#3942,#3943,#3944,#3952));
#3942 = ORIENTED_EDGE('',*,*,#3897,.T.);
#3943 = ORIENTED_EDGE('',*,*,#1661,.T.);
#3944 = ORIENTED_EDGE('',*,*,#3945,.F.);
#3945 = EDGE_CURVE('',#3946,#1653,#3948,.T.);
#3946 = VERTEX_POINT('',#3947);
#3947 = CARTESIAN_POINT('',(313.0625,-20.3125,-2.));
#3948 = LINE('',#3949,#3950);
#3949 = CARTESIAN_POINT('',(313.0625,-20.3125,-2.));
#3950 = VECTOR('',#3951,1.);
#3951 = DIRECTION('',(0.,0.,-1.));
#3952 = ORIENTED_EDGE('',*,*,#3953,.F.);
#3953 = EDGE_CURVE('',#3898,#3946,#3954,.T.);
#3954 = LINE('',#3955,#3956);
#3955 = CARTESIAN_POINT('',(305.8,-20.3125,-2.));
#3956 = VECTOR('',#3957,1.);
#3957 = DIRECTION('',(1.,0.,0.));
#3958 = PLANE('',#3959);
#3959 = AXIS2_PLACEMENT_3D('',#3960,#3961,#3962);
#3960 = CARTESIAN_POINT('',(308.3,-20.3125,-2.));
#3961 = DIRECTION('',(0.,-1.,0.));
#3962 = DIRECTION('',(1.,0.,0.));
#3963 = ADVANCED_FACE('',(#3964),#3982,.F.);
#3964 = FACE_BOUND('',#3965,.F.);
#3965 = EDGE_LOOP('',(#3966,#3974,#3975,#3976));
#3966 = ORIENTED_EDGE('',*,*,#3967,.T.);
#3967 = EDGE_CURVE('',#3968,#1676,#3970,.T.);
#3968 = VERTEX_POINT('',#3969);
#3969 = CARTESIAN_POINT('',(180.80600262069,-126.4307292947,-2.));
#3970 = LINE('',#3971,#3972);
#3971 = CARTESIAN_POINT('',(180.80600262069,-126.4307292947,-2.));
#3972 = VECTOR('',#3973,1.);
#3973 = DIRECTION('',(0.,0.,-1.));
#3974 = ORIENTED_EDGE('',*,*,#1686,.T.);
#3975 = ORIENTED_EDGE('',*,*,#3919,.F.);
#3976 = ORIENTED_EDGE('',*,*,#3977,.F.);
#3977 = EDGE_CURVE('',#3968,#3920,#3978,.T.);
#3978 = LINE('',#3979,#3980);
#3979 = CARTESIAN_POINT('',(180.15895552086,-124.0159179359,-2.));
#3980 = VECTOR('',#3981,1.);
#3981 = DIRECTION('',(-0.258819174364,0.965925791654,0.));
#3982 = PLANE('',#3983);
#3983 = AXIS2_PLACEMENT_3D('',#3984,#3985,#3986);
#3984 = CARTESIAN_POINT('',(180.80600262069,-126.4307292947,-2.));
#3985 = DIRECTION('',(0.965925791654,0.258819174364,0.));
#3986 = DIRECTION('',(-0.258819174364,0.965925791654,0.));
#3987 = ADVANCED_FACE('',(#3988),#4006,.F.);
#3988 = FACE_BOUND('',#3989,.F.);
#3989 = EDGE_LOOP('',(#3990,#3991,#3992,#4000));
#3990 = ORIENTED_EDGE('',*,*,#3945,.T.);
#3991 = ORIENTED_EDGE('',*,*,#1711,.T.);
#3992 = ORIENTED_EDGE('',*,*,#3993,.F.);
#3993 = EDGE_CURVE('',#3994,#1703,#3996,.T.);
#3994 = VERTEX_POINT('',#3995);
#3995 = CARTESIAN_POINT('',(313.0625,-84.4625,-2.));
#3996 = LINE('',#3997,#3998);
#3997 = CARTESIAN_POINT('',(313.0625,-84.4625,-2.));
#3998 = VECTOR('',#3999,1.);
#3999 = DIRECTION('',(0.,0.,-1.));
#4000 = ORIENTED_EDGE('',*,*,#4001,.F.);
#4001 = EDGE_CURVE('',#3946,#3994,#4002,.T.);
#4002 = LINE('',#4003,#4004);
#4003 = CARTESIAN_POINT('',(313.0625,-22.8125,-2.));
#4004 = VECTOR('',#4005,1.);
#4005 = DIRECTION('',(0.,-1.,0.));
#4006 = PLANE('',#4007);
#4007 = AXIS2_PLACEMENT_3D('',#4008,#4009,#4010);
#4008 = CARTESIAN_POINT('',(313.0625,-20.3125,-2.));
#4009 = DIRECTION('',(-1.,0.,0.));
#4010 = DIRECTION('',(0.,-1.,0.));
#4011 = ADVANCED_FACE('',(#4012),#4030,.F.);
#4012 = FACE_BOUND('',#4013,.F.);
#4013 = EDGE_LOOP('',(#4014,#4022,#4023,#4024));
#4014 = ORIENTED_EDGE('',*,*,#4015,.T.);
#4015 = EDGE_CURVE('',#4016,#1726,#4018,.T.);
#4016 = VERTEX_POINT('',#4017);
#4017 = CARTESIAN_POINT('',(182.94552526449,-125.8574485863,-2.));
#4018 = LINE('',#4019,#4020);
#4019 = CARTESIAN_POINT('',(182.94552526449,-125.8574485863,-2.));
#4020 = VECTOR('',#4021,1.);
#4021 = DIRECTION('',(0.,0.,-1.));
#4022 = ORIENTED_EDGE('',*,*,#1736,.T.);
#4023 = ORIENTED_EDGE('',*,*,#3967,.F.);
#4024 = ORIENTED_EDGE('',*,*,#4025,.F.);
#4025 = EDGE_CURVE('',#4016,#3968,#4026,.T.);
#4026 = LINE('',#4027,#4028);
#4027 = CARTESIAN_POINT('',(185.36033481561,-125.2104053152,-2.));
#4028 = VECTOR('',#4029,1.);
#4029 = DIRECTION('',(-0.965926126085,-0.258817926246,0.));
#4030 = PLANE('',#4031);
#4031 = AXIS2_PLACEMENT_3D('',#4032,#4033,#4034);
#4032 = CARTESIAN_POINT('',(182.94552526449,-125.8574485863,-2.));
#4033 = DIRECTION('',(-0.258817926246,0.965926126085,0.));
#4034 = DIRECTION('',(-0.965926126085,-0.258817926246,0.));
#4035 = ADVANCED_FACE('',(#4036),#4054,.F.);
#4036 = FACE_BOUND('',#4037,.F.);
#4037 = EDGE_LOOP('',(#4038,#4039,#4040,#4048));
#4038 = ORIENTED_EDGE('',*,*,#3993,.T.);
#4039 = ORIENTED_EDGE('',*,*,#1761,.T.);
#4040 = ORIENTED_EDGE('',*,*,#4041,.F.);
#4041 = EDGE_CURVE('',#4042,#1753,#4044,.T.);
#4042 = VERTEX_POINT('',#4043);
#4043 = CARTESIAN_POINT('',(282.25,-84.4625,-2.));
#4044 = LINE('',#4045,#4046);
#4045 = CARTESIAN_POINT('',(282.25,-84.4625,-2.));
#4046 = VECTOR('',#4047,1.);
#4047 = DIRECTION('',(0.,0.,-1.));
#4048 = ORIENTED_EDGE('',*,*,#4049,.F.);
#4049 = EDGE_CURVE('',#3994,#4042,#4050,.T.);
#4050 = LINE('',#4051,#4052);
#4051 = CARTESIAN_POINT('',(310.5625,-84.4625,-2.));
#4052 = VECTOR('',#4053,1.);
#4053 = DIRECTION('',(-1.,0.,0.));
#4054 = PLANE('',#4055);
#4055 = AXIS2_PLACEMENT_3D('',#4056,#4057,#4058);
#4056 = CARTESIAN_POINT('',(313.0625,-84.4625,-2.));
#4057 = DIRECTION('',(0.,1.,0.));
#4058 = DIRECTION('',(-1.,0.,0.));
#4059 = ADVANCED_FACE('',(#4060),#4078,.F.);
#4060 = FACE_BOUND('',#4061,.F.);
#4061 = EDGE_LOOP('',(#4062,#4070,#4071,#4072));
#4062 = ORIENTED_EDGE('',*,*,#4063,.T.);
#4063 = EDGE_CURVE('',#4064,#1776,#4066,.T.);
#4064 = VERTEX_POINT('',#4065);
#4065 = CARTESIAN_POINT('',(184.50653598327,-131.6831912688,-2.));
#4066 = LINE('',#4067,#4068);
#4067 = CARTESIAN_POINT('',(184.50653598327,-131.6831912688,-2.));
#4068 = VECTOR('',#4069,1.);
#4069 = DIRECTION('',(0.,0.,-1.));
#4070 = ORIENTED_EDGE('',*,*,#1786,.T.);
#4071 = ORIENTED_EDGE('',*,*,#4015,.F.);
#4072 = ORIENTED_EDGE('',*,*,#4073,.F.);
#4073 = EDGE_CURVE('',#4064,#4016,#4074,.T.);
#4074 = LINE('',#4075,#4076);
#4075 = CARTESIAN_POINT('',(183.85948622927,-129.2683805797,-2.));
#4076 = VECTOR('',#4077,1.);
#4077 = DIRECTION('',(-0.258820231884,0.965925508291,0.));
#4078 = PLANE('',#4079);
#4079 = AXIS2_PLACEMENT_3D('',#4080,#4081,#4082);
#4080 = CARTESIAN_POINT('',(184.50653598327,-131.6831912688,-2.));
#4081 = DIRECTION('',(0.965925508291,0.258820231884,0.));
#4082 = DIRECTION('',(-0.258820231884,0.965925508291,0.));
#4083 = ADVANCED_FACE('',(#4084),#4102,.F.);
#4084 = FACE_BOUND('',#4085,.F.);
#4085 = EDGE_LOOP('',(#4086,#4087,#4088,#4096));
#4086 = ORIENTED_EDGE('',*,*,#4041,.T.);
#4087 = ORIENTED_EDGE('',*,*,#1811,.T.);
#4088 = ORIENTED_EDGE('',*,*,#4089,.F.);
#4089 = EDGE_CURVE('',#4090,#1803,#4092,.T.);
#4090 = VERTEX_POINT('',#4091);
#4091 = CARTESIAN_POINT('',(282.25,-83.51,-2.));
#4092 = LINE('',#4093,#4094);
#4093 = CARTESIAN_POINT('',(282.25,-83.51,-2.));
#4094 = VECTOR('',#4095,1.);
#4095 = DIRECTION('',(0.,0.,-1.));
#4096 = ORIENTED_EDGE('',*,*,#4097,.F.);
#4097 = EDGE_CURVE('',#4042,#4090,#4098,.T.);
#4098 = LINE('',#4099,#4100);
#4099 = CARTESIAN_POINT('',(282.25,-81.9625,-2.));
#4100 = VECTOR('',#4101,1.);
#4101 = DIRECTION('',(0.,1.,0.));
#4102 = PLANE('',#4103);
#4103 = AXIS2_PLACEMENT_3D('',#4104,#4105,#4106);
#4104 = CARTESIAN_POINT('',(282.25,-84.4625,-2.));
#4105 = DIRECTION('',(1.,0.,0.));
#4106 = DIRECTION('',(0.,1.,0.));
#4107 = ADVANCED_FACE('',(#4108),#4126,.F.);
#4108 = FACE_BOUND('',#4109,.F.);
#4109 = EDGE_LOOP('',(#4110,#4118,#4119,#4120));
#4110 = ORIENTED_EDGE('',*,*,#4111,.T.);
#4111 = EDGE_CURVE('',#4112,#1826,#4114,.T.);
#4112 = VERTEX_POINT('',#4113);
#4113 = CARTESIAN_POINT('',(205.32222746567,-126.1056446051,-2.));
#4114 = LINE('',#4115,#4116);
#4115 = CARTESIAN_POINT('',(205.32222746567,-126.1056446051,-2.));
#4116 = VECTOR('',#4117,1.);
#4117 = DIRECTION('',(0.,0.,-1.));
#4118 = ORIENTED_EDGE('',*,*,#1836,.T.);
#4119 = ORIENTED_EDGE('',*,*,#4063,.F.);
#4120 = ORIENTED_EDGE('',*,*,#4121,.F.);
#4121 = EDGE_CURVE('',#4112,#4064,#4122,.T.);
#4122 = LINE('',#4123,#4124);
#4123 = CARTESIAN_POINT('',(205.32222749814,-126.1056445964,-2.));
#4124 = VECTOR('',#4125,1.);
#4125 = DIRECTION('',(-0.965925838573,-0.258818999259,0.));
#4126 = PLANE('',#4127);
#4127 = AXIS2_PLACEMENT_3D('',#4128,#4129,#4130);
#4128 = CARTESIAN_POINT('',(205.32222746566,-126.1056446051,-2.));
#4129 = DIRECTION('',(-0.258818999259,0.965925838573,0.));
#4130 = DIRECTION('',(-0.965925838573,-0.258818999259,0.));
#4131 = ADVANCED_FACE('',(#4132),#4150,.F.);
#4132 = FACE_BOUND('',#4133,.F.);
#4133 = EDGE_LOOP('',(#4134,#4135,#4136,#4144));
#4134 = ORIENTED_EDGE('',*,*,#4089,.T.);
#4135 = ORIENTED_EDGE('',*,*,#1861,.T.);
#4136 = ORIENTED_EDGE('',*,*,#4137,.F.);
#4137 = EDGE_CURVE('',#4138,#1853,#4140,.T.);
#4138 = VERTEX_POINT('',#4139);
#4139 = CARTESIAN_POINT('',(263.2,-83.51,-2.));
#4140 = LINE('',#4141,#4142);
#4141 = CARTESIAN_POINT('',(263.2,-83.51,-2.));
#4142 = VECTOR('',#4143,1.);
#4143 = DIRECTION('',(0.,0.,-1.));
#4144 = ORIENTED_EDGE('',*,*,#4145,.F.);
#4145 = EDGE_CURVE('',#4090,#4138,#4146,.T.);
#4146 = LINE('',#4147,#4148);
#4147 = CARTESIAN_POINT('',(284.75,-83.51,-2.));
#4148 = VECTOR('',#4149,1.);
#4149 = DIRECTION('',(-1.,0.,0.));
#4150 = PLANE('',#4151);
#4151 = AXIS2_PLACEMENT_3D('',#4152,#4153,#4154);
#4152 = CARTESIAN_POINT('',(282.25,-83.51,-2.));
#4153 = DIRECTION('',(0.,1.,0.));
#4154 = DIRECTION('',(-1.,0.,0.));
#4155 = ADVANCED_FACE('',(#4156),#4174,.F.);
#4156 = FACE_BOUND('',#4157,.F.);
#4157 = EDGE_LOOP('',(#4158,#4166,#4167,#4168));
#4158 = ORIENTED_EDGE('',*,*,#4159,.T.);
#4159 = EDGE_CURVE('',#4160,#1876,#4162,.T.);
#4160 = VERTEX_POINT('',#4161);
#4161 = CARTESIAN_POINT('',(228.06978240046,-120.0104570434,-2.));
#4162 = LINE('',#4163,#4164);
#4163 = CARTESIAN_POINT('',(228.06978240046,-120.0104570434,-2.));
#4164 = VECTOR('',#4165,1.);
#4165 = DIRECTION('',(0.,0.,-1.));
#4166 = ORIENTED_EDGE('',*,*,#1886,.T.);
#4167 = ORIENTED_EDGE('',*,*,#4111,.F.);
#4168 = ORIENTED_EDGE('',*,*,#4169,.F.);
#4169 = EDGE_CURVE('',#4160,#4112,#4170,.T.);
#4170 = LINE('',#4171,#4172);
#4171 = CARTESIAN_POINT('',(225.65496747281,-120.6575046032,-2.));
#4172 = VECTOR('',#4173,1.);
#4173 = DIRECTION('',(-0.965925841288,-0.258818989126,0.));
#4174 = PLANE('',#4175);
#4175 = AXIS2_PLACEMENT_3D('',#4176,#4177,#4178);
#4176 = CARTESIAN_POINT('',(228.06978240046,-120.0104570434,-2.));
#4177 = DIRECTION('',(-0.258818989126,0.965925841288,0.));
#4178 = DIRECTION('',(-0.965925841288,-0.258818989126,0.));
#4179 = ADVANCED_FACE('',(#4180),#4198,.F.);
#4180 = FACE_BOUND('',#4181,.F.);
#4181 = EDGE_LOOP('',(#4182,#4183,#4184,#4192));
#4182 = ORIENTED_EDGE('',*,*,#4137,.T.);
#4183 = ORIENTED_EDGE('',*,*,#1911,.T.);
#4184 = ORIENTED_EDGE('',*,*,#4185,.F.);
#4185 = EDGE_CURVE('',#4186,#1903,#4188,.T.);
#4186 = VERTEX_POINT('',#4187);
#4187 = CARTESIAN_POINT('',(263.2,-81.605,-2.));
#4188 = LINE('',#4189,#4190);
#4189 = CARTESIAN_POINT('',(263.2,-81.605,-2.));
#4190 = VECTOR('',#4191,1.);
#4191 = DIRECTION('',(0.,0.,-1.));
#4192 = ORIENTED_EDGE('',*,*,#4193,.F.);
#4193 = EDGE_CURVE('',#4138,#4186,#4194,.T.);
#4194 = LINE('',#4195,#4196);
#4195 = CARTESIAN_POINT('',(263.2,-81.01,-2.));
#4196 = VECTOR('',#4197,1.);
#4197 = DIRECTION('',(0.,1.,0.));
#4198 = PLANE('',#4199);
#4199 = AXIS2_PLACEMENT_3D('',#4200,#4201,#4202);
#4200 = CARTESIAN_POINT('',(263.2,-83.51,-2.));
#4201 = DIRECTION('',(1.,0.,0.));
#4202 = DIRECTION('',(0.,1.,0.));
#4203 = ADVANCED_FACE('',(#4204),#4222,.F.);
#4204 = FACE_BOUND('',#4205,.F.);
#4205 = EDGE_LOOP('',(#4206,#4214,#4215,#4216));
#4206 = ORIENTED_EDGE('',*,*,#4207,.T.);
#4207 = EDGE_CURVE('',#4208,#1926,#4210,.T.);
#4208 = VERTEX_POINT('',#4209);
#4209 = CARTESIAN_POINT('',(227.12509413977,-116.4848335346,-2.));
#4210 = LINE('',#4211,#4212);
#4211 = CARTESIAN_POINT('',(227.12509413977,-116.4848335346,-2.));
#4212 = VECTOR('',#4213,1.);
#4213 = DIRECTION('',(0.,0.,-1.));
#4214 = ORIENTED_EDGE('',*,*,#1936,.T.);
#4215 = ORIENTED_EDGE('',*,*,#4159,.F.);
#4216 = ORIENTED_EDGE('',*,*,#4217,.F.);
#4217 = EDGE_CURVE('',#4208,#4160,#4218,.T.);
#4218 = LINE('',#4219,#4220);
#4219 = CARTESIAN_POINT('',(226.47804451629,-114.0700122027,-2.));
#4220 = VECTOR('',#4221,1.);
#4221 = DIRECTION('',(0.258819118897,-0.965925806516,0.));
#4222 = PLANE('',#4223);
#4223 = AXIS2_PLACEMENT_3D('',#4224,#4225,#4226);
#4224 = CARTESIAN_POINT('',(227.12509413977,-116.4848335346,-2.));
#4225 = DIRECTION('',(-0.965925806516,-0.258819118897,-0.));
#4226 = DIRECTION('',(0.258819118897,-0.965925806516,0.));
#4227 = ADVANCED_FACE('',(#4228),#4246,.F.);
#4228 = FACE_BOUND('',#4229,.F.);
#4229 = EDGE_LOOP('',(#4230,#4231,#4232,#4240));
#4230 = ORIENTED_EDGE('',*,*,#4185,.T.);
#4231 = ORIENTED_EDGE('',*,*,#1961,.T.);
#4232 = ORIENTED_EDGE('',*,*,#4233,.F.);
#4233 = EDGE_CURVE('',#4234,#1953,#4236,.T.);
#4234 = VERTEX_POINT('',#4235);
#4235 = CARTESIAN_POINT('',(244.15,-81.605,-2.));
#4236 = LINE('',#4237,#4238);
#4237 = CARTESIAN_POINT('',(244.15,-81.605,-2.));
#4238 = VECTOR('',#4239,1.);
#4239 = DIRECTION('',(0.,0.,-1.));
#4240 = ORIENTED_EDGE('',*,*,#4241,.F.);
#4241 = EDGE_CURVE('',#4186,#4234,#4242,.T.);
#4242 = LINE('',#4243,#4244);
#4243 = CARTESIAN_POINT('',(265.7,-81.605,-2.));
#4244 = VECTOR('',#4245,1.);
#4245 = DIRECTION('',(-1.,0.,0.));
#4246 = PLANE('',#4247);
#4247 = AXIS2_PLACEMENT_3D('',#4248,#4249,#4250);
#4248 = CARTESIAN_POINT('',(263.2,-81.605,-2.));
#4249 = DIRECTION('',(0.,1.,0.));
#4250 = DIRECTION('',(-1.,0.,0.));
#4251 = ADVANCED_FACE('',(#4252),#4270,.F.);
#4252 = FACE_BOUND('',#4253,.F.);
#4253 = EDGE_LOOP('',(#4254,#4262,#4263,#4264));
#4254 = ORIENTED_EDGE('',*,*,#4255,.T.);
#4255 = EDGE_CURVE('',#4256,#1976,#4258,.T.);
#4256 = VERTEX_POINT('',#4257);
#4257 = CARTESIAN_POINT('',(227.60806468128,-116.3554233895,-2.));
#4258 = LINE('',#4259,#4260);
#4259 = CARTESIAN_POINT('',(227.60806468128,-116.3554233895,-2.));
#4260 = VECTOR('',#4261,1.);
#4261 = DIRECTION('',(0.,0.,-1.));
#4262 = ORIENTED_EDGE('',*,*,#1986,.T.);
#4263 = ORIENTED_EDGE('',*,*,#4207,.F.);
#4264 = ORIENTED_EDGE('',*,*,#4265,.F.);
#4265 = EDGE_CURVE('',#4256,#4208,#4266,.T.);
#4266 = LINE('',#4267,#4268);
#4267 = CARTESIAN_POINT('',(225.1932409816,-117.0024663425,-2.));
#4268 = VECTOR('',#4269,1.);
#4269 = DIRECTION('',(-0.96592653701,-0.258816392642,0.));
#4270 = PLANE('',#4271);
#4271 = AXIS2_PLACEMENT_3D('',#4272,#4273,#4274);
#4272 = CARTESIAN_POINT('',(227.60806468128,-116.3554233895,-2.));
#4273 = DIRECTION('',(-0.258816392642,0.96592653701,0.));
#4274 = DIRECTION('',(-0.96592653701,-0.258816392642,0.));
#4275 = ADVANCED_FACE('',(#4276),#4294,.F.);
#4276 = FACE_BOUND('',#4277,.F.);
#4277 = EDGE_LOOP('',(#4278,#4279,#4280,#4288));
#4278 = ORIENTED_EDGE('',*,*,#4233,.T.);
#4279 = ORIENTED_EDGE('',*,*,#2011,.T.);
#4280 = ORIENTED_EDGE('',*,*,#4281,.F.);
#4281 = EDGE_CURVE('',#4282,#2003,#4284,.T.);
#4282 = VERTEX_POINT('',#4283);
#4283 = CARTESIAN_POINT('',(244.15,-79.7,-2.));
#4284 = LINE('',#4285,#4286);
#4285 = CARTESIAN_POINT('',(244.15,-79.7,-2.));
#4286 = VECTOR('',#4287,1.);
#4287 = DIRECTION('',(0.,0.,-1.));
#4288 = ORIENTED_EDGE('',*,*,#4289,.F.);
#4289 = EDGE_CURVE('',#4234,#4282,#4290,.T.);
#4290 = LINE('',#4291,#4292);
#4291 = CARTESIAN_POINT('',(244.15,-79.105,-2.));
#4292 = VECTOR('',#4293,1.);
#4293 = DIRECTION('',(0.,1.,0.));
#4294 = PLANE('',#4295);
#4295 = AXIS2_PLACEMENT_3D('',#4296,#4297,#4298);
#4296 = CARTESIAN_POINT('',(244.15,-81.605,-2.));
#4297 = DIRECTION('',(1.,0.,0.));
#4298 = DIRECTION('',(0.,1.,0.));
#4299 = ADVANCED_FACE('',(#4300),#4318,.F.);
#4300 = FACE_BOUND('',#4301,.F.);
#4301 = EDGE_LOOP('',(#4302,#4310,#4311,#4312));
#4302 = ORIENTED_EDGE('',*,*,#4303,.T.);
#4303 = EDGE_CURVE('',#4304,#2026,#4306,.T.);
#4304 = VERTEX_POINT('',#4305);
#4305 = CARTESIAN_POINT('',(222.86725444616,-98.6625,-2.));
#4306 = LINE('',#4307,#4308);
#4307 = CARTESIAN_POINT('',(222.86725444616,-98.6625,-2.));
#4308 = VECTOR('',#4309,1.);
#4309 = DIRECTION('',(0.,0.,-1.));
#4310 = ORIENTED_EDGE('',*,*,#2036,.T.);
#4311 = ORIENTED_EDGE('',*,*,#4255,.F.);
#4312 = ORIENTED_EDGE('',*,*,#4313,.F.);
#4313 = EDGE_CURVE('',#4304,#4256,#4314,.T.);
#4314 = LINE('',#4315,#4316);
#4315 = CARTESIAN_POINT('',(222.02400437119,-95.51545166125,-2.));
#4316 = VECTOR('',#4317,1.);
#4317 = DIRECTION('',(0.2588193355,-0.965925748477,0.));
#4318 = PLANE('',#4319);
#4319 = AXIS2_PLACEMENT_3D('',#4320,#4321,#4322);
#4320 = CARTESIAN_POINT('',(222.86725444616,-98.6625,-2.));
#4321 = DIRECTION('',(-0.965925748477,-0.2588193355,-0.));
#4322 = DIRECTION('',(0.2588193355,-0.965925748477,0.));
#4323 = ADVANCED_FACE('',(#4324),#4342,.F.);
#4324 = FACE_BOUND('',#4325,.F.);
#4325 = EDGE_LOOP('',(#4326,#4327,#4328,#4336));
#4326 = ORIENTED_EDGE('',*,*,#4281,.T.);
#4327 = ORIENTED_EDGE('',*,*,#2061,.T.);
#4328 = ORIENTED_EDGE('',*,*,#4329,.F.);
#4329 = EDGE_CURVE('',#4330,#2053,#4332,.T.);
#4330 = VERTEX_POINT('',#4331);
#4331 = CARTESIAN_POINT('',(232.1,-79.7,-2.));
#4332 = LINE('',#4333,#4334);
#4333 = CARTESIAN_POINT('',(232.1,-79.7,-2.));
#4334 = VECTOR('',#4335,1.);
#4335 = DIRECTION('',(0.,0.,-1.));
#4336 = ORIENTED_EDGE('',*,*,#4337,.F.);
#4337 = EDGE_CURVE('',#4282,#4330,#4338,.T.);
#4338 = LINE('',#4339,#4340);
#4339 = CARTESIAN_POINT('',(246.65,-79.7,-2.));
#4340 = VECTOR('',#4341,1.);
#4341 = DIRECTION('',(-1.,0.,0.));
#4342 = PLANE('',#4343);
#4343 = AXIS2_PLACEMENT_3D('',#4344,#4345,#4346);
#4344 = CARTESIAN_POINT('',(244.15,-79.7,-2.));
#4345 = DIRECTION('',(0.,1.,0.));
#4346 = DIRECTION('',(-1.,0.,0.));
#4347 = ADVANCED_FACE('',(#4348),#4366,.F.);
#4348 = FACE_BOUND('',#4349,.F.);
#4349 = EDGE_LOOP('',(#4350,#4358,#4359,#4360));
#4350 = ORIENTED_EDGE('',*,*,#4351,.T.);
#4351 = EDGE_CURVE('',#4352,#2076,#4354,.T.);
#4352 = VERTEX_POINT('',#4353);
#4353 = CARTESIAN_POINT('',(226.605,-98.6625,-2.));
#4354 = LINE('',#4355,#4356);
#4355 = CARTESIAN_POINT('',(226.605,-98.6625,-2.));
#4356 = VECTOR('',#4357,1.);
#4357 = DIRECTION('',(0.,0.,-1.));
#4358 = ORIENTED_EDGE('',*,*,#2086,.T.);
#4359 = ORIENTED_EDGE('',*,*,#4303,.F.);
#4360 = ORIENTED_EDGE('',*,*,#4361,.F.);
#4361 = EDGE_CURVE('',#4352,#4304,#4362,.T.);
#4362 = LINE('',#4363,#4364);
#4363 = CARTESIAN_POINT('',(224.105,-98.6625,-2.));
#4364 = VECTOR('',#4365,1.);
#4365 = DIRECTION('',(-1.,0.,0.));
#4366 = PLANE('',#4367);
#4367 = AXIS2_PLACEMENT_3D('',#4368,#4369,#4370);
#4368 = CARTESIAN_POINT('',(226.605,-98.6625,-2.));
#4369 = DIRECTION('',(0.,1.,0.));
#4370 = DIRECTION('',(-1.,0.,0.));
#4371 = ADVANCED_FACE('',(#4372),#4390,.F.);
#4372 = FACE_BOUND('',#4373,.F.);
#4373 = EDGE_LOOP('',(#4374,#4375,#4376,#4384));
#4374 = ORIENTED_EDGE('',*,*,#4329,.T.);
#4375 = ORIENTED_EDGE('',*,*,#2111,.T.);
#4376 = ORIENTED_EDGE('',*,*,#4377,.F.);
#4377 = EDGE_CURVE('',#4378,#2103,#4380,.T.);
#4378 = VERTEX_POINT('',#4379);
#4379 = CARTESIAN_POINT('',(232.1,-81.5,-2.));
#4380 = LINE('',#4381,#4382);
#4381 = CARTESIAN_POINT('',(232.1,-81.5,-2.));
#4382 = VECTOR('',#4383,1.);
#4383 = DIRECTION('',(0.,0.,-1.));
#4384 = ORIENTED_EDGE('',*,*,#4385,.F.);
#4385 = EDGE_CURVE('',#4330,#4378,#4386,.T.);
#4386 = LINE('',#4387,#4388);
#4387 = CARTESIAN_POINT('',(232.1,-77.2,-2.));
#4388 = VECTOR('',#4389,1.);
#4389 = DIRECTION('',(0.,-1.,0.));
#4390 = PLANE('',#4391);
#4391 = AXIS2_PLACEMENT_3D('',#4392,#4393,#4394);
#4392 = CARTESIAN_POINT('',(232.1,-79.7,-2.));
#4393 = DIRECTION('',(-1.,0.,0.));
#4394 = DIRECTION('',(0.,-1.,0.));
#4395 = ADVANCED_FACE('',(#4396),#4414,.F.);
#4396 = FACE_BOUND('',#4397,.F.);
#4397 = EDGE_LOOP('',(#4398,#4406,#4407,#4408));
#4398 = ORIENTED_EDGE('',*,*,#4399,.T.);
#4399 = EDGE_CURVE('',#4400,#2126,#4402,.T.);
#4400 = VERTEX_POINT('',#4401);
#4401 = CARTESIAN_POINT('',(226.605,-81.5,-2.));
#4402 = LINE('',#4403,#4404);
#4403 = CARTESIAN_POINT('',(226.605,-81.5,-2.));
#4404 = VECTOR('',#4405,1.);
#4405 = DIRECTION('',(0.,0.,-1.));
#4406 = ORIENTED_EDGE('',*,*,#2136,.T.);
#4407 = ORIENTED_EDGE('',*,*,#4351,.F.);
#4408 = ORIENTED_EDGE('',*,*,#4409,.F.);
#4409 = EDGE_CURVE('',#4400,#4352,#4410,.T.);
#4410 = LINE('',#4411,#4412);
#4411 = CARTESIAN_POINT('',(226.605,-79.,-2.));
#4412 = VECTOR('',#4413,1.);
#4413 = DIRECTION('',(0.,-1.,0.));
#4414 = PLANE('',#4415);
#4415 = AXIS2_PLACEMENT_3D('',#4416,#4417,#4418);
#4416 = CARTESIAN_POINT('',(226.605,-81.5,-2.));
#4417 = DIRECTION('',(-1.,0.,0.));
#4418 = DIRECTION('',(0.,-1.,0.));
#4419 = ADVANCED_FACE('',(#4420),#4431,.F.);
#4420 = FACE_BOUND('',#4421,.F.);
#4421 = EDGE_LOOP('',(#4422,#4423,#4424,#4425));
#4422 = ORIENTED_EDGE('',*,*,#4377,.T.);
#4423 = ORIENTED_EDGE('',*,*,#2153,.T.);
#4424 = ORIENTED_EDGE('',*,*,#4399,.F.);
#4425 = ORIENTED_EDGE('',*,*,#4426,.F.);
#4426 = EDGE_CURVE('',#4378,#4400,#4427,.T.);
#4427 = LINE('',#4428,#4429);
#4428 = CARTESIAN_POINT('',(229.6,-81.5,-2.));
#4429 = VECTOR('',#4430,1.);
#4430 = DIRECTION('',(-1.,0.,0.));
#4431 = PLANE('',#4432);
#4432 = AXIS2_PLACEMENT_3D('',#4433,#4434,#4435);
#4433 = CARTESIAN_POINT('',(232.1,-81.5,-2.));
#4434 = DIRECTION('',(0.,1.,0.));
#4435 = DIRECTION('',(-1.,0.,0.));
#4436 = ADVANCED_FACE('',(#4437),#4457,.T.);
#4437 = FACE_BOUND('',#4438,.F.);
#4438 = EDGE_LOOP('',(#4439,#4448,#4449,#4450));
#4439 = ORIENTED_EDGE('',*,*,#4440,.F.);
#4440 = EDGE_CURVE('',#2168,#4441,#4443,.T.);
#4441 = VERTEX_POINT('',#4442);
#4442 = CARTESIAN_POINT('',(223.,-114.,-9.));
#4443 = CIRCLE('',#4444,1.5);
#4444 = AXIS2_PLACEMENT_3D('',#4445,#4446,#4447);
#4445 = CARTESIAN_POINT('',(223.,-114.,-7.5));
#4446 = DIRECTION('',(0.,1.,0.));
#4447 = DIRECTION('',(1.,0.,-0.));
#4448 = ORIENTED_EDGE('',*,*,#2177,.F.);
#4449 = ORIENTED_EDGE('',*,*,#4440,.T.);
#4450 = ORIENTED_EDGE('',*,*,#4451,.T.);
#4451 = EDGE_CURVE('',#4441,#4441,#4452,.T.);
#4452 = CIRCLE('',#4453,3.);
#4453 = AXIS2_PLACEMENT_3D('',#4454,#4455,#4456);
#4454 = CARTESIAN_POINT('',(220.,-114.,-9.));
#4455 = DIRECTION('',(0.,0.,1.));
#4456 = DIRECTION('',(1.,0.,-0.));
#4457 = TOROIDAL_SURFACE('',#4458,3.,1.5);
#4458 = AXIS2_PLACEMENT_3D('',#4459,#4460,#4461);
#4459 = CARTESIAN_POINT('',(220.,-114.,-7.5));
#4460 = DIRECTION('',(-0.,-0.,-1.));
#4461 = DIRECTION('',(1.,0.,-0.));
#4462 = ADVANCED_FACE('',(#4463),#4483,.T.);
#4463 = FACE_BOUND('',#4464,.F.);
#4464 = EDGE_LOOP('',(#4465,#4474,#4475,#4476));
#4465 = ORIENTED_EDGE('',*,*,#4466,.F.);
#4466 = EDGE_CURVE('',#2193,#4467,#4469,.T.);
#4467 = VERTEX_POINT('',#4468);
#4468 = CARTESIAN_POINT('',(203.,-101.,-13.));
#4469 = CIRCLE('',#4470,1.5);
#4470 = AXIS2_PLACEMENT_3D('',#4471,#4472,#4473);
#4471 = CARTESIAN_POINT('',(203.,-101.,-11.5));
#4472 = DIRECTION('',(0.,1.,0.));
#4473 = DIRECTION('',(1.,0.,-0.));
#4474 = ORIENTED_EDGE('',*,*,#2202,.F.);
#4475 = ORIENTED_EDGE('',*,*,#4466,.T.);
#4476 = ORIENTED_EDGE('',*,*,#4477,.T.);
#4477 = EDGE_CURVE('',#4467,#4467,#4478,.T.);
#4478 = CIRCLE('',#4479,3.);
#4479 = AXIS2_PLACEMENT_3D('',#4480,#4481,#4482);
#4480 = CARTESIAN_POINT('',(200.,-101.,-13.));
#4481 = DIRECTION('',(0.,0.,1.));
#4482 = DIRECTION('',(1.,0.,-0.));
#4483 = TOROIDAL_SURFACE('',#4484,3.,1.5);
#4484 = AXIS2_PLACEMENT_3D('',#4485,#4486,#4487);
#4485 = CARTESIAN_POINT('',(200.,-101.,-11.5));
#4486 = DIRECTION('',(-0.,-0.,-1.));
#4487 = DIRECTION('',(1.,0.,-0.));
#4488 = ADVANCED_FACE('',(#4489),#4492,.T.);
#4489 = FACE_BOUND('',#4490,.T.);
#4490 = EDGE_LOOP('',(#4491));
#4491 = ORIENTED_EDGE('',*,*,#2220,.F.);
#4492 = PLANE('',#4493);
#4493 = AXIS2_PLACEMENT_3D('',#4494,#4495,#4496);
#4494 = CARTESIAN_POINT('',(230.86550198153,-55.26538164695,-4.));
#4495 = DIRECTION('',(-0.,-0.,-1.));
#4496 = DIRECTION('',(-1.,0.,0.));
#4497 = ADVANCED_FACE('',(#4498),#4501,.T.);
#4498 = FACE_BOUND('',#4499,.T.);
#4499 = EDGE_LOOP('',(#4500));
#4500 = ORIENTED_EDGE('',*,*,#2240,.F.);
#4501 = PLANE('',#4502);
#4502 = AXIS2_PLACEMENT_3D('',#4503,#4504,#4505);
#4503 = CARTESIAN_POINT('',(230.86550198153,-55.26538164695,-4.));
#4504 = DIRECTION('',(-0.,-0.,-1.));
#4505 = DIRECTION('',(-1.,0.,0.));
#4506 = ADVANCED_FACE('',(#4507),#4527,.T.);
#4507 = FACE_BOUND('',#4508,.F.);
#4508 = EDGE_LOOP('',(#4509,#4518,#4519,#4520));
#4509 = ORIENTED_EDGE('',*,*,#4510,.F.);
#4510 = EDGE_CURVE('',#2258,#4511,#4513,.T.);
#4511 = VERTEX_POINT('',#4512);
#4512 = CARTESIAN_POINT('',(263.,-20.,-11.));
#4513 = CIRCLE('',#4514,1.5);
#4514 = AXIS2_PLACEMENT_3D('',#4515,#4516,#4517);
#4515 = CARTESIAN_POINT('',(263.,-20.,-9.5));
#4516 = DIRECTION('',(0.,1.,0.));
#4517 = DIRECTION('',(1.,0.,-0.));
#4518 = ORIENTED_EDGE('',*,*,#2267,.F.);
#4519 = ORIENTED_EDGE('',*,*,#4510,.T.);
#4520 = ORIENTED_EDGE('',*,*,#4521,.T.);
#4521 = EDGE_CURVE('',#4511,#4511,#4522,.T.);
#4522 = CIRCLE('',#4523,3.);
#4523 = AXIS2_PLACEMENT_3D('',#4524,#4525,#4526);
#4524 = CARTESIAN_POINT('',(260.,-20.,-11.));
#4525 = DIRECTION('',(0.,0.,1.));
#4526 = DIRECTION('',(1.,0.,-0.));
#4527 = TOROIDAL_SURFACE('',#4528,3.,1.5);
#4528 = AXIS2_PLACEMENT_3D('',#4529,#4530,#4531);
#4529 = CARTESIAN_POINT('',(260.,-20.,-9.5));
#4530 = DIRECTION('',(-0.,-0.,-1.));
#4531 = DIRECTION('',(1.,0.,-0.));
#4532 = ADVANCED_FACE('',(#4533),#4553,.T.);
#4533 = FACE_BOUND('',#4534,.F.);
#4534 = EDGE_LOOP('',(#4535,#4544,#4545,#4546));
#4535 = ORIENTED_EDGE('',*,*,#4536,.F.);
#4536 = EDGE_CURVE('',#2283,#4537,#4539,.T.);
#4537 = VERTEX_POINT('',#4538);
#4538 = CARTESIAN_POINT('',(218.,-20.,-7.));
#4539 = CIRCLE('',#4540,1.5);
#4540 = AXIS2_PLACEMENT_3D('',#4541,#4542,#4543);
#4541 = CARTESIAN_POINT('',(218.,-20.,-5.5));
#4542 = DIRECTION('',(0.,1.,0.));
#4543 = DIRECTION('',(1.,0.,-0.));
#4544 = ORIENTED_EDGE('',*,*,#2292,.F.);
#4545 = ORIENTED_EDGE('',*,*,#4536,.T.);
#4546 = ORIENTED_EDGE('',*,*,#4547,.T.);
#4547 = EDGE_CURVE('',#4537,#4537,#4548,.T.);
#4548 = CIRCLE('',#4549,3.);
#4549 = AXIS2_PLACEMENT_3D('',#4550,#4551,#4552);
#4550 = CARTESIAN_POINT('',(215.,-20.,-7.));
#4551 = DIRECTION('',(0.,0.,1.));
#4552 = DIRECTION('',(1.,0.,-0.));
#4553 = TOROIDAL_SURFACE('',#4554,3.,1.5);
#4554 = AXIS2_PLACEMENT_3D('',#4555,#4556,#4557);
#4555 = CARTESIAN_POINT('',(215.,-20.,-5.5));
#4556 = DIRECTION('',(-0.,-0.,-1.));
#4557 = DIRECTION('',(1.,0.,-0.));
#4558 = ADVANCED_FACE('',(#4559),#4562,.T.);
#4559 = FACE_BOUND('',#4560,.T.);
#4560 = EDGE_LOOP('',(#4561));
#4561 = ORIENTED_EDGE('',*,*,#2310,.F.);
#4562 = PLANE('',#4563);
#4563 = AXIS2_PLACEMENT_3D('',#4564,#4565,#4566);
#4564 = CARTESIAN_POINT('',(230.86550198153,-55.26538164695,-4.));
#4565 = DIRECTION('',(-0.,-0.,-1.));
#4566 = DIRECTION('',(-1.,0.,0.));
#4567 = ADVANCED_FACE('',(#4568),#4580,.T.);
#4568 = FACE_BOUND('',#4569,.F.);
#4569 = EDGE_LOOP('',(#4570,#4571,#4572,#4579));
#4570 = ORIENTED_EDGE('',*,*,#3203,.T.);
#4571 = ORIENTED_EDGE('',*,*,#3220,.T.);
#4572 = ORIENTED_EDGE('',*,*,#4573,.F.);
#4573 = EDGE_CURVE('',#2337,#3221,#4574,.T.);
#4574 = ELLIPSE('',#4575,1.697056274848,1.2);
#4575 = AXIS2_PLACEMENT_3D('',#4576,#4577,#4578);
#4576 = CARTESIAN_POINT('',(207.25,-1.01,5.31));
#4577 = DIRECTION('',(-0.707106781187,-0.707106781187,0.));
#4578 = DIRECTION('',(0.707106781187,-0.707106781187,0.));
#4579 = ORIENTED_EDGE('',*,*,#2336,.F.);
#4580 = CYLINDRICAL_SURFACE('',#4581,1.2);
#4581 = AXIS2_PLACEMENT_3D('',#4582,#4583,#4584);
#4582 = CARTESIAN_POINT('',(205.425,-1.01,5.31));
#4583 = DIRECTION('',(1.,0.,0.));
#4584 = DIRECTION('',(0.,-0.,1.));
#4585 = ADVANCED_FACE('',(#4586),#4598,.T.);
#4586 = FACE_BOUND('',#4587,.F.);
#4587 = EDGE_LOOP('',(#4588,#4595,#4596,#4597));
#4588 = ORIENTED_EDGE('',*,*,#4589,.T.);
#4589 = EDGE_CURVE('',#2713,#3292,#4590,.T.);
#4590 = ELLIPSE('',#4591,1.697056274848,1.2);
#4591 = AXIS2_PLACEMENT_3D('',#4592,#4593,#4594);
#4592 = CARTESIAN_POINT('',(168.474,-24.4575,5.31));
#4593 = DIRECTION('',(0.707106781187,-0.707106781187,-0.));
#4594 = DIRECTION('',(0.707106781187,0.707106781187,0.));
#4595 = ORIENTED_EDGE('',*,*,#3299,.T.);
#4596 = ORIENTED_EDGE('',*,*,#3349,.F.);
#4597 = ORIENTED_EDGE('',*,*,#2720,.F.);
#4598 = CYLINDRICAL_SURFACE('',#4599,1.2);
#4599 = AXIS2_PLACEMENT_3D('',#4600,#4601,#4602);
#4600 = CARTESIAN_POINT('',(168.474,-25.6575,5.31));
#4601 = DIRECTION('',(0.,1.,0.));
#4602 = DIRECTION('',(0.,-0.,1.));
#4603 = ADVANCED_FACE('',(#4604),#4623,.T.);
#4604 = FACE_BOUND('',#4605,.F.);
#4605 = EDGE_LOOP('',(#4606,#4607,#4615,#4622));
#4606 = ORIENTED_EDGE('',*,*,#4573,.T.);
#4607 = ORIENTED_EDGE('',*,*,#4608,.T.);
#4608 = EDGE_CURVE('',#3221,#4609,#4611,.T.);
#4609 = VERTEX_POINT('',#4610);
#4610 = CARTESIAN_POINT('',(206.05,1.595,5.31));
#4611 = LINE('',#4612,#4613);
#4612 = CARTESIAN_POINT('',(206.05,0.19,5.31));
#4613 = VECTOR('',#4614,1.);
#4614 = DIRECTION('',(0.,1.,0.));
#4615 = ORIENTED_EDGE('',*,*,#4616,.F.);
#4616 = EDGE_CURVE('',#2345,#4609,#4617,.T.);
#4617 = ELLIPSE('',#4618,1.697056274848,1.2);
#4618 = AXIS2_PLACEMENT_3D('',#4619,#4620,#4621);
#4619 = CARTESIAN_POINT('',(207.25,0.395,5.31));
#4620 = DIRECTION('',(-0.707106781187,-0.707106781187,-0.));
#4621 = DIRECTION('',(-0.707106781187,0.707106781187,0.));
#4622 = ORIENTED_EDGE('',*,*,#2344,.F.);
#4623 = CYLINDRICAL_SURFACE('',#4624,1.2);
#4624 = AXIS2_PLACEMENT_3D('',#4625,#4626,#4627);
#4625 = CARTESIAN_POINT('',(207.25,0.19,5.31));
#4626 = DIRECTION('',(0.,1.,0.));
#4627 = DIRECTION('',(0.,-0.,1.));
#4628 = ADVANCED_FACE('',(#4629),#4648,.T.);
#4629 = FACE_BOUND('',#4630,.F.);
#4630 = EDGE_LOOP('',(#4631,#4640,#4646,#4647));
#4631 = ORIENTED_EDGE('',*,*,#4632,.T.);
#4632 = EDGE_CURVE('',#2705,#4633,#4635,.T.);
#4633 = VERTEX_POINT('',#4634);
#4634 = CARTESIAN_POINT('',(168.595,-25.6575,5.31));
#4635 = ELLIPSE('',#4636,1.697056274848,1.2);
#4636 = AXIS2_PLACEMENT_3D('',#4637,#4638,#4639);
#4637 = CARTESIAN_POINT('',(169.795,-24.4575,5.31));
#4638 = DIRECTION('',(0.707106781187,-0.707106781187,-0.));
#4639 = DIRECTION('',(-0.707106781187,-0.707106781187,0.));
#4640 = ORIENTED_EDGE('',*,*,#4641,.T.);
#4641 = EDGE_CURVE('',#4633,#3292,#4642,.T.);
#4642 = LINE('',#4643,#4644);
#4643 = CARTESIAN_POINT('',(168.595,-25.6575,5.31));
#4644 = VECTOR('',#4645,1.);
#4645 = DIRECTION('',(-1.,0.,0.));
#4646 = ORIENTED_EDGE('',*,*,#4589,.F.);
#4647 = ORIENTED_EDGE('',*,*,#2712,.F.);
#4648 = CYLINDRICAL_SURFACE('',#4649,1.2);
#4649 = AXIS2_PLACEMENT_3D('',#4650,#4651,#4652);
#4650 = CARTESIAN_POINT('',(168.595,-24.4575,5.31));
#4651 = DIRECTION('',(-1.,0.,0.));
#4652 = DIRECTION('',(0.,-0.,1.));
#4653 = ADVANCED_FACE('',(#4654),#4673,.T.);
#4654 = FACE_BOUND('',#4655,.F.);
#4655 = EDGE_LOOP('',(#4656,#4657,#4665,#4672));
#4656 = ORIENTED_EDGE('',*,*,#4616,.T.);
#4657 = ORIENTED_EDGE('',*,*,#4658,.T.);
#4658 = EDGE_CURVE('',#4609,#4659,#4661,.T.);
#4659 = VERTEX_POINT('',#4660);
#4660 = CARTESIAN_POINT('',(224.475,1.595,5.31));
#4661 = LINE('',#4662,#4663);
#4662 = CARTESIAN_POINT('',(206.05,1.595,5.31));
#4663 = VECTOR('',#4664,1.);
#4664 = DIRECTION('',(1.,0.,0.));
#4665 = ORIENTED_EDGE('',*,*,#4666,.F.);
#4666 = EDGE_CURVE('',#2353,#4659,#4667,.T.);
#4667 = ELLIPSE('',#4668,1.697056274848,1.2);
#4668 = AXIS2_PLACEMENT_3D('',#4669,#4670,#4671);
#4669 = CARTESIAN_POINT('',(225.675,0.395,5.31));
#4670 = DIRECTION('',(-0.707106781187,-0.707106781187,0.));
#4671 = DIRECTION('',(0.707106781187,-0.707106781187,0.));
#4672 = ORIENTED_EDGE('',*,*,#2352,.F.);
#4673 = CYLINDRICAL_SURFACE('',#4674,1.2);
#4674 = AXIS2_PLACEMENT_3D('',#4675,#4676,#4677);
#4675 = CARTESIAN_POINT('',(206.05,0.395,5.31));
#4676 = DIRECTION('',(1.,0.,0.));
#4677 = DIRECTION('',(0.,-0.,1.));
#4678 = ADVANCED_FACE('',(#4679),#4698,.T.);
#4679 = FACE_BOUND('',#4680,.F.);
#4680 = EDGE_LOOP('',(#4681,#4690,#4696,#4697));
#4681 = ORIENTED_EDGE('',*,*,#4682,.T.);
#4682 = EDGE_CURVE('',#2697,#4683,#4685,.T.);
#4683 = VERTEX_POINT('',#4684);
#4684 = CARTESIAN_POINT('',(168.595,-35.39796871792,5.31));
#4685 = ELLIPSE('',#4686,1.256662202229,1.2);
#4686 = AXIS2_PLACEMENT_3D('',#4687,#4688,#4689);
#4687 = CARTESIAN_POINT('',(169.795,-35.77106373332,5.31));
#4688 = DIRECTION('',(-0.29689363994,-0.954910554221,-0.));
#4689 = DIRECTION('',(-0.954910554221,0.29689363994,0.));
#4690 = ORIENTED_EDGE('',*,*,#4691,.T.);
#4691 = EDGE_CURVE('',#4683,#4633,#4692,.T.);
#4692 = LINE('',#4693,#4694);
#4693 = CARTESIAN_POINT('',(168.595,-35.39796871792,5.31));
#4694 = VECTOR('',#4695,1.);
#4695 = DIRECTION('',(0.,1.,0.));
#4696 = ORIENTED_EDGE('',*,*,#4632,.F.);
#4697 = ORIENTED_EDGE('',*,*,#2704,.F.);
#4698 = CYLINDRICAL_SURFACE('',#4699,1.2);
#4699 = AXIS2_PLACEMENT_3D('',#4700,#4701,#4702);
#4700 = CARTESIAN_POINT('',(169.795,-35.39796871792,5.31));
#4701 = DIRECTION('',(0.,1.,0.));
#4702 = DIRECTION('',(0.,-0.,1.));
#4703 = ADVANCED_FACE('',(#4704),#4723,.T.);
#4704 = FACE_BOUND('',#4705,.F.);
#4705 = EDGE_LOOP('',(#4706,#4707,#4715,#4722));
#4706 = ORIENTED_EDGE('',*,*,#4666,.T.);
#4707 = ORIENTED_EDGE('',*,*,#4708,.T.);
#4708 = EDGE_CURVE('',#4659,#4709,#4711,.T.);
#4709 = VERTEX_POINT('',#4710);
#4710 = CARTESIAN_POINT('',(224.475,2.095,5.31));
#4711 = LINE('',#4712,#4713);
#4712 = CARTESIAN_POINT('',(224.475,1.595,5.31));
#4713 = VECTOR('',#4714,1.);
#4714 = DIRECTION('',(0.,1.,0.));
#4715 = ORIENTED_EDGE('',*,*,#4716,.F.);
#4716 = EDGE_CURVE('',#2361,#4709,#4717,.T.);
#4717 = ELLIPSE('',#4718,1.697056274848,1.2);
#4718 = AXIS2_PLACEMENT_3D('',#4719,#4720,#4721);
#4719 = CARTESIAN_POINT('',(225.675,0.895,5.31));
#4720 = DIRECTION('',(-0.707106781187,-0.707106781187,-0.));
#4721 = DIRECTION('',(-0.707106781187,0.707106781187,0.));
#4722 = ORIENTED_EDGE('',*,*,#2360,.F.);
#4723 = CYLINDRICAL_SURFACE('',#4724,1.2);
#4724 = AXIS2_PLACEMENT_3D('',#4725,#4726,#4727);
#4725 = CARTESIAN_POINT('',(225.675,1.595,5.31));
#4726 = DIRECTION('',(0.,1.,0.));
#4727 = DIRECTION('',(0.,-0.,1.));
#4728 = ADVANCED_FACE('',(#4729),#4748,.T.);
#4729 = FACE_BOUND('',#4730,.F.);
#4730 = EDGE_LOOP('',(#4731,#4740,#4746,#4747));
#4731 = ORIENTED_EDGE('',*,*,#4732,.T.);
#4732 = EDGE_CURVE('',#2689,#4733,#4735,.T.);
#4733 = VERTEX_POINT('',#4734);
#4734 = CARTESIAN_POINT('',(168.17713961906,-36.005,5.31));
#4735 = ELLIPSE('',#4736,1.355688279975,1.2);
#4736 = AXIS2_PLACEMENT_3D('',#4737,#4738,#4739);
#4737 = CARTESIAN_POINT('',(168.80792540874,-37.205,5.31));
#4738 = DIRECTION('',(-0.885159234409,-0.465288222224,-0.));
#4739 = DIRECTION('',(-0.465288222224,0.885159234409,0.));
#4740 = ORIENTED_EDGE('',*,*,#4741,.T.);
#4741 = EDGE_CURVE('',#4733,#4683,#4742,.T.);
#4742 = LINE('',#4743,#4744);
#4743 = CARTESIAN_POINT('',(168.17713961906,-36.005,5.31));
#4744 = VECTOR('',#4745,1.);
#4745 = DIRECTION('',(0.567013740519,0.823708333127,0.));
#4746 = ORIENTED_EDGE('',*,*,#4682,.F.);
#4747 = ORIENTED_EDGE('',*,*,#2696,.F.);
#4748 = CYLINDRICAL_SURFACE('',#4749,1.2);
#4749 = AXIS2_PLACEMENT_3D('',#4750,#4751,#4752);
#4750 = CARTESIAN_POINT('',(169.16558961881,-36.68541648862,5.31));
#4751 = DIRECTION('',(0.567013740519,0.823708333127,0.));
#4752 = DIRECTION('',(0.,-0.,1.));
#4753 = ADVANCED_FACE('',(#4754),#4773,.T.);
#4754 = FACE_BOUND('',#4755,.F.);
#4755 = EDGE_LOOP('',(#4756,#4757,#4765,#4772));
#4756 = ORIENTED_EDGE('',*,*,#4716,.T.);
#4757 = ORIENTED_EDGE('',*,*,#4758,.T.);
#4758 = EDGE_CURVE('',#4709,#4759,#4761,.T.);
#4759 = VERTEX_POINT('',#4760);
#4760 = CARTESIAN_POINT('',(225.1,2.095,5.31));
#4761 = LINE('',#4762,#4763);
#4762 = CARTESIAN_POINT('',(224.475,2.095,5.31));
#4763 = VECTOR('',#4764,1.);
#4764 = DIRECTION('',(1.,0.,0.));
#4765 = ORIENTED_EDGE('',*,*,#4766,.F.);
#4766 = EDGE_CURVE('',#2369,#4759,#4767,.T.);
#4767 = ELLIPSE('',#4768,1.697056274848,1.2);
#4768 = AXIS2_PLACEMENT_3D('',#4769,#4770,#4771);
#4769 = CARTESIAN_POINT('',(226.3,0.895,5.31));
#4770 = DIRECTION('',(-0.707106781187,-0.707106781187,0.));
#4771 = DIRECTION('',(0.707106781187,-0.707106781187,0.));
#4772 = ORIENTED_EDGE('',*,*,#2368,.F.);
#4773 = CYLINDRICAL_SURFACE('',#4774,1.2);
#4774 = AXIS2_PLACEMENT_3D('',#4775,#4776,#4777);
#4775 = CARTESIAN_POINT('',(224.475,0.895,5.31));
#4776 = DIRECTION('',(1.,0.,0.));
#4777 = DIRECTION('',(0.,-0.,1.));
#4778 = ADVANCED_FACE('',(#4779),#4798,.T.);
#4779 = FACE_BOUND('',#4780,.F.);
#4780 = EDGE_LOOP('',(#4781,#4790,#4796,#4797));
#4781 = ORIENTED_EDGE('',*,*,#4782,.T.);
#4782 = EDGE_CURVE('',#2681,#4783,#4785,.T.);
#4783 = VERTEX_POINT('',#4784);
#4784 = CARTESIAN_POINT('',(167.325,-36.005,5.31));
#4785 = ELLIPSE('',#4786,1.697056274848,1.2);
#4786 = AXIS2_PLACEMENT_3D('',#4787,#4788,#4789);
#4787 = CARTESIAN_POINT('',(168.525,-37.205,5.31));
#4788 = DIRECTION('',(-0.707106781187,-0.707106781187,0.));
#4789 = DIRECTION('',(0.707106781187,-0.707106781187,0.));
#4790 = ORIENTED_EDGE('',*,*,#4791,.T.);
#4791 = EDGE_CURVE('',#4783,#4733,#4792,.T.);
#4792 = LINE('',#4793,#4794);
#4793 = CARTESIAN_POINT('',(167.325,-36.005,5.31));
#4794 = VECTOR('',#4795,1.);
#4795 = DIRECTION('',(1.,0.,0.));
#4796 = ORIENTED_EDGE('',*,*,#4732,.F.);
#4797 = ORIENTED_EDGE('',*,*,#2688,.F.);
#4798 = CYLINDRICAL_SURFACE('',#4799,1.2);
#4799 = AXIS2_PLACEMENT_3D('',#4800,#4801,#4802);
#4800 = CARTESIAN_POINT('',(167.325,-37.205,5.31));
#4801 = DIRECTION('',(1.,0.,0.));
#4802 = DIRECTION('',(0.,-0.,1.));
#4803 = ADVANCED_FACE('',(#4804),#4823,.T.);
#4804 = FACE_BOUND('',#4805,.F.);
#4805 = EDGE_LOOP('',(#4806,#4807,#4815,#4822));
#4806 = ORIENTED_EDGE('',*,*,#4766,.T.);
#4807 = ORIENTED_EDGE('',*,*,#4808,.T.);
#4808 = EDGE_CURVE('',#4759,#4809,#4811,.T.);
#4809 = VERTEX_POINT('',#4810);
#4810 = CARTESIAN_POINT('',(225.1,3.5,5.31));
#4811 = LINE('',#4812,#4813);
#4812 = CARTESIAN_POINT('',(225.1,2.095,5.31));
#4813 = VECTOR('',#4814,1.);
#4814 = DIRECTION('',(0.,1.,0.));
#4815 = ORIENTED_EDGE('',*,*,#4816,.F.);
#4816 = EDGE_CURVE('',#2377,#4809,#4817,.T.);
#4817 = ELLIPSE('',#4818,1.697056274848,1.2);
#4818 = AXIS2_PLACEMENT_3D('',#4819,#4820,#4821);
#4819 = CARTESIAN_POINT('',(226.3,2.3,5.31));
#4820 = DIRECTION('',(-0.707106781187,-0.707106781187,-0.));
#4821 = DIRECTION('',(-0.707106781187,0.707106781187,0.));
#4822 = ORIENTED_EDGE('',*,*,#2376,.F.);
#4823 = CYLINDRICAL_SURFACE('',#4824,1.2);
#4824 = AXIS2_PLACEMENT_3D('',#4825,#4826,#4827);
#4825 = CARTESIAN_POINT('',(226.3,2.095,5.31));
#4826 = DIRECTION('',(0.,1.,0.));
#4827 = DIRECTION('',(0.,-0.,1.));
#4828 = ADVANCED_FACE('',(#4829),#4848,.T.);
#4829 = FACE_BOUND('',#4830,.F.);
#4830 = EDGE_LOOP('',(#4831,#4840,#4846,#4847));
#4831 = ORIENTED_EDGE('',*,*,#4832,.T.);
#4832 = EDGE_CURVE('',#2673,#4833,#4835,.T.);
#4833 = VERTEX_POINT('',#4834);
#4834 = CARTESIAN_POINT('',(167.325,-54.36375,5.31));
#4835 = CIRCLE('',#4836,1.2);
#4836 = AXIS2_PLACEMENT_3D('',#4837,#4838,#4839);
#4837 = CARTESIAN_POINT('',(168.525,-54.36375,5.31));
#4838 = DIRECTION('',(-0.,-1.,0.));
#4839 = DIRECTION('',(0.,-0.,1.));
#4840 = ORIENTED_EDGE('',*,*,#4841,.T.);
#4841 = EDGE_CURVE('',#4833,#4783,#4842,.T.);
#4842 = LINE('',#4843,#4844);
#4843 = CARTESIAN_POINT('',(167.325,-54.36375,5.31));
#4844 = VECTOR('',#4845,1.);
#4845 = DIRECTION('',(0.,1.,0.));
#4846 = ORIENTED_EDGE('',*,*,#4782,.F.);
#4847 = ORIENTED_EDGE('',*,*,#2680,.F.);
#4848 = CYLINDRICAL_SURFACE('',#4849,1.2);
#4849 = AXIS2_PLACEMENT_3D('',#4850,#4851,#4852);
#4850 = CARTESIAN_POINT('',(168.525,-54.36375,5.31));
#4851 = DIRECTION('',(0.,1.,0.));
#4852 = DIRECTION('',(0.,-0.,1.));
#4853 = ADVANCED_FACE('',(#4854),#4873,.T.);
#4854 = FACE_BOUND('',#4855,.F.);
#4855 = EDGE_LOOP('',(#4856,#4857,#4865,#4872));
#4856 = ORIENTED_EDGE('',*,*,#4816,.T.);
#4857 = ORIENTED_EDGE('',*,*,#4858,.T.);
#4858 = EDGE_CURVE('',#4809,#4859,#4861,.T.);
#4859 = VERTEX_POINT('',#4860);
#4860 = CARTESIAN_POINT('',(251.15,3.5,5.31));
#4861 = LINE('',#4862,#4863);
#4862 = CARTESIAN_POINT('',(225.1,3.5,5.31));
#4863 = VECTOR('',#4864,1.);
#4864 = DIRECTION('',(1.,0.,0.));
#4865 = ORIENTED_EDGE('',*,*,#4866,.F.);
#4866 = EDGE_CURVE('',#2385,#4859,#4867,.T.);
#4867 = ELLIPSE('',#4868,1.697056274848,1.2);
#4868 = AXIS2_PLACEMENT_3D('',#4869,#4870,#4871);
#4869 = CARTESIAN_POINT('',(249.95,2.3,5.31));
#4870 = DIRECTION('',(-0.707106781187,0.707106781187,0.));
#4871 = DIRECTION('',(0.707106781187,0.707106781187,0.));
#4872 = ORIENTED_EDGE('',*,*,#2384,.F.);
#4873 = CYLINDRICAL_SURFACE('',#4874,1.2);
#4874 = AXIS2_PLACEMENT_3D('',#4875,#4876,#4877);
#4875 = CARTESIAN_POINT('',(225.1,2.3,5.31));
#4876 = DIRECTION('',(1.,0.,0.));
#4877 = DIRECTION('',(0.,-0.,1.));
#4878 = ADVANCED_FACE('',(#4879),#4898,.T.);
#4879 = FACE_BOUND('',#4880,.F.);
#4880 = EDGE_LOOP('',(#4881,#4890,#4896,#4897));
#4881 = ORIENTED_EDGE('',*,*,#4882,.T.);
#4882 = EDGE_CURVE('',#2665,#4883,#4885,.T.);
#4883 = VERTEX_POINT('',#4884);
#4884 = CARTESIAN_POINT('',(167.325,-72.7225,5.31));
#4885 = ELLIPSE('',#4886,1.697056274848,1.2);
#4886 = AXIS2_PLACEMENT_3D('',#4887,#4888,#4889);
#4887 = CARTESIAN_POINT('',(168.525,-71.5225,5.31));
#4888 = DIRECTION('',(0.707106781187,-0.707106781187,-0.));
#4889 = DIRECTION('',(0.707106781187,0.707106781187,0.));
#4890 = ORIENTED_EDGE('',*,*,#4891,.T.);
#4891 = EDGE_CURVE('',#4883,#4833,#4892,.T.);
#4892 = LINE('',#4893,#4894);
#4893 = CARTESIAN_POINT('',(167.325,-72.7225,5.31));
#4894 = VECTOR('',#4895,1.);
#4895 = DIRECTION('',(0.,1.,0.));
#4896 = ORIENTED_EDGE('',*,*,#4832,.F.);
#4897 = ORIENTED_EDGE('',*,*,#2672,.F.);
#4898 = CYLINDRICAL_SURFACE('',#4899,1.2);
#4899 = AXIS2_PLACEMENT_3D('',#4900,#4901,#4902);
#4900 = CARTESIAN_POINT('',(168.525,-72.7225,5.31));
#4901 = DIRECTION('',(0.,1.,0.));
#4902 = DIRECTION('',(0.,-0.,1.));
#4903 = ADVANCED_FACE('',(#4904),#4923,.T.);
#4904 = FACE_BOUND('',#4905,.F.);
#4905 = EDGE_LOOP('',(#4906,#4907,#4915,#4922));
#4906 = ORIENTED_EDGE('',*,*,#4866,.T.);
#4907 = ORIENTED_EDGE('',*,*,#4908,.T.);
#4908 = EDGE_CURVE('',#4859,#4909,#4911,.T.);
#4909 = VERTEX_POINT('',#4910);
#4910 = CARTESIAN_POINT('',(251.15,1.595,5.31));
#4911 = LINE('',#4912,#4913);
#4912 = CARTESIAN_POINT('',(251.15,3.5,5.31));
#4913 = VECTOR('',#4914,1.);
#4914 = DIRECTION('',(0.,-1.,0.));
#4915 = ORIENTED_EDGE('',*,*,#4916,.F.);
#4916 = EDGE_CURVE('',#2393,#4909,#4917,.T.);
#4917 = ELLIPSE('',#4918,1.697056274848,1.2);
#4918 = AXIS2_PLACEMENT_3D('',#4919,#4920,#4921);
#4919 = CARTESIAN_POINT('',(249.95,0.395,5.31));
#4920 = DIRECTION('',(-0.707106781187,0.707106781187,0.));
#4921 = DIRECTION('',(-0.707106781187,-0.707106781187,0.));
#4922 = ORIENTED_EDGE('',*,*,#2392,.F.);
#4923 = CYLINDRICAL_SURFACE('',#4924,1.2);
#4924 = AXIS2_PLACEMENT_3D('',#4925,#4926,#4927);
#4925 = CARTESIAN_POINT('',(249.95,3.5,5.31));
#4926 = DIRECTION('',(0.,-1.,0.));
#4927 = DIRECTION('',(-0.,0.,1.));
#4928 = ADVANCED_FACE('',(#4929),#4948,.T.);
#4929 = FACE_BOUND('',#4930,.F.);
#4930 = EDGE_LOOP('',(#4931,#4940,#4946,#4947));
#4931 = ORIENTED_EDGE('',*,*,#4932,.T.);
#4932 = EDGE_CURVE('',#2657,#4933,#4935,.T.);
#4933 = VERTEX_POINT('',#4934);
#4934 = CARTESIAN_POINT('',(167.95,-72.7225,5.31));
#4935 = ELLIPSE('',#4936,1.697056274848,1.2);
#4936 = AXIS2_PLACEMENT_3D('',#4937,#4938,#4939);
#4937 = CARTESIAN_POINT('',(169.15,-71.5225,5.31));
#4938 = DIRECTION('',(0.707106781187,-0.707106781187,-0.));
#4939 = DIRECTION('',(-0.707106781187,-0.707106781187,0.));
#4940 = ORIENTED_EDGE('',*,*,#4941,.T.);
#4941 = EDGE_CURVE('',#4933,#4883,#4942,.T.);
#4942 = LINE('',#4943,#4944);
#4943 = CARTESIAN_POINT('',(167.95,-72.7225,5.31));
#4944 = VECTOR('',#4945,1.);
#4945 = DIRECTION('',(-1.,0.,0.));
#4946 = ORIENTED_EDGE('',*,*,#4882,.F.);
#4947 = ORIENTED_EDGE('',*,*,#2664,.F.);
#4948 = CYLINDRICAL_SURFACE('',#4949,1.2);
#4949 = AXIS2_PLACEMENT_3D('',#4950,#4951,#4952);
#4950 = CARTESIAN_POINT('',(167.95,-71.5225,5.31));
#4951 = DIRECTION('',(-1.,0.,0.));
#4952 = DIRECTION('',(0.,-0.,1.));
#4953 = ADVANCED_FACE('',(#4954),#4973,.T.);
#4954 = FACE_BOUND('',#4955,.F.);
#4955 = EDGE_LOOP('',(#4956,#4957,#4965,#4972));
#4956 = ORIENTED_EDGE('',*,*,#4916,.T.);
#4957 = ORIENTED_EDGE('',*,*,#4958,.T.);
#4958 = EDGE_CURVE('',#4909,#4959,#4961,.T.);
#4959 = VERTEX_POINT('',#4960);
#4960 = CARTESIAN_POINT('',(270.2,1.595,5.31));
#4961 = LINE('',#4962,#4963);
#4962 = CARTESIAN_POINT('',(251.15,1.595,5.31));
#4963 = VECTOR('',#4964,1.);
#4964 = DIRECTION('',(1.,0.,0.));
#4965 = ORIENTED_EDGE('',*,*,#4966,.F.);
#4966 = EDGE_CURVE('',#2401,#4959,#4967,.T.);
#4967 = ELLIPSE('',#4968,1.697056274848,1.2);
#4968 = AXIS2_PLACEMENT_3D('',#4969,#4970,#4971);
#4969 = CARTESIAN_POINT('',(269.,0.395,5.31));
#4970 = DIRECTION('',(-0.707106781187,0.707106781187,0.));
#4971 = DIRECTION('',(0.707106781187,0.707106781187,0.));
#4972 = ORIENTED_EDGE('',*,*,#2400,.F.);
#4973 = CYLINDRICAL_SURFACE('',#4974,1.2);
#4974 = AXIS2_PLACEMENT_3D('',#4975,#4976,#4977);
#4975 = CARTESIAN_POINT('',(251.15,0.395,5.31));
#4976 = DIRECTION('',(1.,0.,0.));
#4977 = DIRECTION('',(0.,-0.,1.));
#4978 = ADVANCED_FACE('',(#4979),#4998,.T.);
#4979 = FACE_BOUND('',#4980,.F.);
#4980 = EDGE_LOOP('',(#4981,#4990,#4996,#4997));
#4981 = ORIENTED_EDGE('',*,*,#4982,.T.);
#4982 = EDGE_CURVE('',#2649,#4983,#4985,.T.);
#4983 = VERTEX_POINT('',#4984);
#4984 = CARTESIAN_POINT('',(167.95,-78.7475,5.31));
#4985 = ELLIPSE('',#4986,1.697056274848,1.2);
#4986 = AXIS2_PLACEMENT_3D('',#4987,#4988,#4989);
#4987 = CARTESIAN_POINT('',(169.15,-77.5475,5.31));
#4988 = DIRECTION('',(0.707106781187,-0.707106781187,-0.));
#4989 = DIRECTION('',(0.707106781187,0.707106781187,0.));
#4990 = ORIENTED_EDGE('',*,*,#4991,.T.);
#4991 = EDGE_CURVE('',#4983,#4933,#4992,.T.);
#4992 = LINE('',#4993,#4994);
#4993 = CARTESIAN_POINT('',(167.95,-78.7475,5.31));
#4994 = VECTOR('',#4995,1.);
#4995 = DIRECTION('',(0.,1.,0.));
#4996 = ORIENTED_EDGE('',*,*,#4932,.F.);
#4997 = ORIENTED_EDGE('',*,*,#2656,.F.);
#4998 = CYLINDRICAL_SURFACE('',#4999,1.2);
#4999 = AXIS2_PLACEMENT_3D('',#5000,#5001,#5002);
#5000 = CARTESIAN_POINT('',(169.15,-78.7475,5.31));
#5001 = DIRECTION('',(0.,1.,0.));
#5002 = DIRECTION('',(0.,-0.,1.));
#5003 = ADVANCED_FACE('',(#5004),#5023,.T.);
#5004 = FACE_BOUND('',#5005,.F.);
#5005 = EDGE_LOOP('',(#5006,#5007,#5015,#5022));
#5006 = ORIENTED_EDGE('',*,*,#4966,.T.);
#5007 = ORIENTED_EDGE('',*,*,#5008,.T.);
#5008 = EDGE_CURVE('',#4959,#5009,#5011,.T.);
#5009 = VERTEX_POINT('',#5010);
#5010 = CARTESIAN_POINT('',(270.2,-0.31,5.31));
#5011 = LINE('',#5012,#5013);
#5012 = CARTESIAN_POINT('',(270.2,1.595,5.31));
#5013 = VECTOR('',#5014,1.);
#5014 = DIRECTION('',(0.,-1.,0.));
#5015 = ORIENTED_EDGE('',*,*,#5016,.F.);
#5016 = EDGE_CURVE('',#2409,#5009,#5017,.T.);
#5017 = ELLIPSE('',#5018,1.697056274848,1.2);
#5018 = AXIS2_PLACEMENT_3D('',#5019,#5020,#5021);
#5019 = CARTESIAN_POINT('',(269.,-1.51,5.31));
#5020 = DIRECTION('',(-0.707106781187,0.707106781187,0.));
#5021 = DIRECTION('',(-0.707106781187,-0.707106781187,0.));
#5022 = ORIENTED_EDGE('',*,*,#2408,.F.);
#5023 = CYLINDRICAL_SURFACE('',#5024,1.2);
#5024 = AXIS2_PLACEMENT_3D('',#5025,#5026,#5027);
#5025 = CARTESIAN_POINT('',(269.,1.595,5.31));
#5026 = DIRECTION('',(0.,-1.,0.));
#5027 = DIRECTION('',(-0.,0.,1.));
#5028 = ADVANCED_FACE('',(#5029),#5048,.T.);
#5029 = FACE_BOUND('',#5030,.F.);
#5030 = EDGE_LOOP('',(#5031,#5040,#5046,#5047));
#5031 = ORIENTED_EDGE('',*,*,#5032,.T.);
#5032 = EDGE_CURVE('',#2641,#5033,#5035,.T.);
#5033 = VERTEX_POINT('',#5034);
#5034 = CARTESIAN_POINT('',(187.,-78.7475,5.31));
#5035 = ELLIPSE('',#5036,1.697056274848,1.2);
#5036 = AXIS2_PLACEMENT_3D('',#5037,#5038,#5039);
#5037 = CARTESIAN_POINT('',(188.2,-77.5475,5.31));
#5038 = DIRECTION('',(0.707106781187,-0.707106781187,-0.));
#5039 = DIRECTION('',(-0.707106781187,-0.707106781187,0.));
#5040 = ORIENTED_EDGE('',*,*,#5041,.T.);
#5041 = EDGE_CURVE('',#5033,#4983,#5042,.T.);
#5042 = LINE('',#5043,#5044);
#5043 = CARTESIAN_POINT('',(187.,-78.7475,5.31));
#5044 = VECTOR('',#5045,1.);
#5045 = DIRECTION('',(-1.,0.,0.));
#5046 = ORIENTED_EDGE('',*,*,#4982,.F.);
#5047 = ORIENTED_EDGE('',*,*,#2648,.F.);
#5048 = CYLINDRICAL_SURFACE('',#5049,1.2);
#5049 = AXIS2_PLACEMENT_3D('',#5050,#5051,#5052);
#5050 = CARTESIAN_POINT('',(187.,-77.5475,5.31));
#5051 = DIRECTION('',(-1.,0.,0.));
#5052 = DIRECTION('',(0.,-0.,1.));
#5053 = ADVANCED_FACE('',(#5054),#5073,.T.);
#5054 = FACE_BOUND('',#5055,.F.);
#5055 = EDGE_LOOP('',(#5056,#5057,#5065,#5072));
#5056 = ORIENTED_EDGE('',*,*,#5016,.T.);
#5057 = ORIENTED_EDGE('',*,*,#5058,.T.);
#5058 = EDGE_CURVE('',#5009,#5059,#5061,.T.);
#5059 = VERTEX_POINT('',#5060);
#5060 = CARTESIAN_POINT('',(289.25,-0.31,5.31));
#5061 = LINE('',#5062,#5063);
#5062 = CARTESIAN_POINT('',(270.2,-0.31,5.31));
#5063 = VECTOR('',#5064,1.);
#5064 = DIRECTION('',(1.,0.,0.));
#5065 = ORIENTED_EDGE('',*,*,#5066,.F.);
#5066 = EDGE_CURVE('',#2417,#5059,#5067,.T.);
#5067 = ELLIPSE('',#5068,1.697056274848,1.2);
#5068 = AXIS2_PLACEMENT_3D('',#5069,#5070,#5071);
#5069 = CARTESIAN_POINT('',(288.05,-1.51,5.31));
#5070 = DIRECTION('',(-0.707106781187,0.707106781187,0.));
#5071 = DIRECTION('',(0.707106781187,0.707106781187,0.));
#5072 = ORIENTED_EDGE('',*,*,#2416,.F.);
#5073 = CYLINDRICAL_SURFACE('',#5074,1.2);
#5074 = AXIS2_PLACEMENT_3D('',#5075,#5076,#5077);
#5075 = CARTESIAN_POINT('',(270.2,-1.51,5.31));
#5076 = DIRECTION('',(1.,0.,0.));
#5077 = DIRECTION('',(0.,-0.,1.));
#5078 = ADVANCED_FACE('',(#5079),#5098,.T.);
#5079 = FACE_BOUND('',#5080,.F.);
#5080 = EDGE_LOOP('',(#5081,#5090,#5096,#5097));
#5081 = ORIENTED_EDGE('',*,*,#5082,.T.);
#5082 = EDGE_CURVE('',#2633,#5083,#5085,.T.);
#5083 = VERTEX_POINT('',#5084);
#5084 = CARTESIAN_POINT('',(187.,-79.39361403981,5.31));
#5085 = ELLIPSE('',#5086,1.512566714972,1.2);
#5086 = AXIS2_PLACEMENT_3D('',#5087,#5088,#5089);
#5087 = CARTESIAN_POINT('',(188.2,-80.31440612668,5.31));
#5088 = DIRECTION('',(-0.608761304711,-0.793353435668,-0.));
#5089 = DIRECTION('',(-0.793353435668,0.608761304711,0.));
#5090 = ORIENTED_EDGE('',*,*,#5091,.T.);
#5091 = EDGE_CURVE('',#5083,#5033,#5092,.T.);
#5092 = LINE('',#5093,#5094);
#5093 = CARTESIAN_POINT('',(187.,-79.39361403981,5.31));
#5094 = VECTOR('',#5095,1.);
#5095 = DIRECTION('',(0.,1.,0.));
#5096 = ORIENTED_EDGE('',*,*,#5032,.F.);
#5097 = ORIENTED_EDGE('',*,*,#2640,.F.);
#5098 = CYLINDRICAL_SURFACE('',#5099,1.2);
#5099 = AXIS2_PLACEMENT_3D('',#5100,#5101,#5102);
#5100 = CARTESIAN_POINT('',(188.2,-79.39361403981,5.31));
#5101 = DIRECTION('',(0.,1.,0.));
#5102 = DIRECTION('',(0.,-0.,1.));
#5103 = ADVANCED_FACE('',(#5104),#5123,.T.);
#5104 = FACE_BOUND('',#5105,.F.);
#5105 = EDGE_LOOP('',(#5106,#5107,#5115,#5122));
#5106 = ORIENTED_EDGE('',*,*,#5066,.T.);
#5107 = ORIENTED_EDGE('',*,*,#5108,.T.);
#5108 = EDGE_CURVE('',#5059,#5109,#5111,.T.);
#5109 = VERTEX_POINT('',#5110);
#5110 = CARTESIAN_POINT('',(289.25,-1.2625,5.31));
#5111 = LINE('',#5112,#5113);
#5112 = CARTESIAN_POINT('',(289.25,-0.31,5.31));
#5113 = VECTOR('',#5114,1.);
#5114 = DIRECTION('',(0.,-1.,0.));
#5115 = ORIENTED_EDGE('',*,*,#5116,.F.);
#5116 = EDGE_CURVE('',#2425,#5109,#5117,.T.);
#5117 = ELLIPSE('',#5118,1.697056274848,1.2);
#5118 = AXIS2_PLACEMENT_3D('',#5119,#5120,#5121);
#5119 = CARTESIAN_POINT('',(288.05,-2.4625,5.31));
#5120 = DIRECTION('',(-0.707106781187,0.707106781187,0.));
#5121 = DIRECTION('',(-0.707106781187,-0.707106781187,0.));
#5122 = ORIENTED_EDGE('',*,*,#2424,.F.);
#5123 = CYLINDRICAL_SURFACE('',#5124,1.2);
#5124 = AXIS2_PLACEMENT_3D('',#5125,#5126,#5127);
#5125 = CARTESIAN_POINT('',(288.05,-0.31,5.31));
#5126 = DIRECTION('',(0.,-1.,0.));
#5127 = DIRECTION('',(-0.,0.,1.));
#5128 = ADVANCED_FACE('',(#5129),#5148,.T.);
#5129 = FACE_BOUND('',#5130,.F.);
#5130 = EDGE_LOOP('',(#5131,#5140,#5146,#5147));
#5131 = ORIENTED_EDGE('',*,*,#5132,.T.);
#5132 = EDGE_CURVE('',#2625,#5133,#5135,.T.);
#5133 = VERTEX_POINT('',#5134);
#5134 = CARTESIAN_POINT('',(171.60116788845,-83.5197238401,5.31));
#5135 = ELLIPSE('',#5136,1.697056056687,1.2);
#5136 = AXIS2_PLACEMENT_3D('',#5137,#5138,#5139);
#5137 = CARTESIAN_POINT('',(173.07086170199,-84.36825159685,5.31));
#5138 = DIRECTION('',(-0.499999839963,-0.866025496182,0.));
#5139 = DIRECTION('',(0.866025496182,-0.499999839963,0.));
#5140 = ORIENTED_EDGE('',*,*,#5141,.T.);
#5141 = EDGE_CURVE('',#5133,#5083,#5142,.T.);
#5142 = LINE('',#5143,#5144);
#5143 = CARTESIAN_POINT('',(171.60116788845,-83.5197238401,5.31));
#5144 = VECTOR('',#5145,1.);
#5145 = DIRECTION('',(0.965925745189,0.258819347773,0.));
#5146 = ORIENTED_EDGE('',*,*,#5082,.F.);
#5147 = ORIENTED_EDGE('',*,*,#2632,.F.);
#5148 = CYLINDRICAL_SURFACE('',#5149,1.2);
#5149 = AXIS2_PLACEMENT_3D('',#5150,#5151,#5152);
#5150 = CARTESIAN_POINT('',(171.91175110578,-84.67883473432,5.31));
#5151 = DIRECTION('',(0.965925745189,0.258819347773,0.));
#5152 = DIRECTION('',(0.,-0.,1.));
#5153 = ADVANCED_FACE('',(#5154),#5173,.T.);
#5154 = FACE_BOUND('',#5155,.F.);
#5155 = EDGE_LOOP('',(#5156,#5157,#5165,#5172));
#5156 = ORIENTED_EDGE('',*,*,#5116,.T.);
#5157 = ORIENTED_EDGE('',*,*,#5158,.T.);
#5158 = EDGE_CURVE('',#5109,#5159,#5161,.T.);
#5159 = VERTEX_POINT('',#5160);
#5160 = CARTESIAN_POINT('',(308.3,-1.2625,5.31));
#5161 = LINE('',#5162,#5163);
#5162 = CARTESIAN_POINT('',(289.25,-1.2625,5.31));
#5163 = VECTOR('',#5164,1.);
#5164 = DIRECTION('',(1.,0.,0.));
#5165 = ORIENTED_EDGE('',*,*,#5166,.F.);
#5166 = EDGE_CURVE('',#2433,#5159,#5167,.T.);
#5167 = ELLIPSE('',#5168,1.697056274848,1.2);
#5168 = AXIS2_PLACEMENT_3D('',#5169,#5170,#5171);
#5169 = CARTESIAN_POINT('',(307.1,-2.4625,5.31));
#5170 = DIRECTION('',(-0.707106781187,0.707106781187,0.));
#5171 = DIRECTION('',(0.707106781187,0.707106781187,0.));
#5172 = ORIENTED_EDGE('',*,*,#2432,.F.);
#5173 = CYLINDRICAL_SURFACE('',#5174,1.2);
#5174 = AXIS2_PLACEMENT_3D('',#5175,#5176,#5177);
#5175 = CARTESIAN_POINT('',(289.25,-2.4625,5.31));
#5176 = DIRECTION('',(1.,0.,0.));
#5177 = DIRECTION('',(0.,-0.,1.));
#5178 = ADVANCED_FACE('',(#5179),#5198,.T.);
#5179 = FACE_BOUND('',#5180,.F.);
#5180 = EDGE_LOOP('',(#5181,#5190,#5196,#5197));
#5181 = ORIENTED_EDGE('',*,*,#5182,.T.);
#5182 = EDGE_CURVE('',#2617,#5183,#5185,.T.);
#5183 = VERTEX_POINT('',#5184);
#5184 = CARTESIAN_POINT('',(173.16216618015,-89.34544746462,5.31));
#5185 = ELLIPSE('',#5186,1.697058296932,1.2);
#5186 = AXIS2_PLACEMENT_3D('',#5187,#5188,#5189);
#5187 = CARTESIAN_POINT('',(174.63186081367,-90.1939782816,5.31));
#5188 = DIRECTION('',(-0.50000098318,-0.866024836144,-0.));
#5189 = DIRECTION('',(-0.866024836144,0.50000098318,0.));
#5190 = ORIENTED_EDGE('',*,*,#5191,.T.);
#5191 = EDGE_CURVE('',#5183,#5133,#5192,.T.);
#5192 = LINE('',#5193,#5194);
#5193 = CARTESIAN_POINT('',(173.16216618015,-89.34544746462,5.31));
#5194 = VECTOR('',#5195,1.);
#5195 = DIRECTION('',(-0.258819099429,0.965925811732,0.));
#5196 = ORIENTED_EDGE('',*,*,#5132,.F.);
#5197 = ORIENTED_EDGE('',*,*,#2624,.F.);
#5198 = CYLINDRICAL_SURFACE('',#5199,1.2);
#5199 = AXIS2_PLACEMENT_3D('',#5200,#5201,#5202);
#5200 = CARTESIAN_POINT('',(174.32127715423,-89.0348645453,5.31));
#5201 = DIRECTION('',(-0.258819099429,0.965925811732,0.));
#5202 = DIRECTION('',(0.,-0.,1.));
#5203 = ADVANCED_FACE('',(#5204),#5223,.T.);
#5204 = FACE_BOUND('',#5205,.F.);
#5205 = EDGE_LOOP('',(#5206,#5207,#5215,#5222));
#5206 = ORIENTED_EDGE('',*,*,#5166,.T.);
#5207 = ORIENTED_EDGE('',*,*,#5208,.T.);
#5208 = EDGE_CURVE('',#5159,#5209,#5211,.T.);
#5209 = VERTEX_POINT('',#5210);
#5210 = CARTESIAN_POINT('',(308.3,-20.3125,5.31));
#5211 = LINE('',#5212,#5213);
#5212 = CARTESIAN_POINT('',(308.3,-1.2625,5.31));
#5213 = VECTOR('',#5214,1.);
#5214 = DIRECTION('',(0.,-1.,0.));
#5215 = ORIENTED_EDGE('',*,*,#5216,.F.);
#5216 = EDGE_CURVE('',#2441,#5209,#5217,.T.);
#5217 = ELLIPSE('',#5218,1.697056274848,1.2);
#5218 = AXIS2_PLACEMENT_3D('',#5219,#5220,#5221);
#5219 = CARTESIAN_POINT('',(307.1,-21.5125,5.31));
#5220 = DIRECTION('',(-0.707106781187,0.707106781187,0.));
#5221 = DIRECTION('',(-0.707106781187,-0.707106781187,0.));
#5222 = ORIENTED_EDGE('',*,*,#2440,.F.);
#5223 = CYLINDRICAL_SURFACE('',#5224,1.2);
#5224 = AXIS2_PLACEMENT_3D('',#5225,#5226,#5227);
#5225 = CARTESIAN_POINT('',(307.1,-1.2625,5.31));
#5226 = DIRECTION('',(0.,-1.,0.));
#5227 = DIRECTION('',(-0.,0.,1.));
#5228 = ADVANCED_FACE('',(#5229),#5248,.T.);
#5229 = FACE_BOUND('',#5230,.F.);
#5230 = EDGE_LOOP('',(#5231,#5240,#5246,#5247));
#5231 = ORIENTED_EDGE('',*,*,#5232,.T.);
#5232 = EDGE_CURVE('',#2609,#5233,#5235,.T.);
#5233 = VERTEX_POINT('',#5234);
#5234 = CARTESIAN_POINT('',(171.02263599282,-89.91872751481,5.31));
#5235 = ELLIPSE('',#5236,1.69705836276,1.2);
#5236 = AXIS2_PLACEMENT_3D('',#5237,#5238,#5239);
#5237 = CARTESIAN_POINT('',(172.49233071627,-90.7672583077,5.31));
#5238 = DIRECTION('',(-0.500000949588,-0.866024855539,0.));
#5239 = DIRECTION('',(0.866024855539,-0.500000949588,0.));
#5240 = ORIENTED_EDGE('',*,*,#5241,.T.);
#5241 = EDGE_CURVE('',#5233,#5183,#5242,.T.);
#5242 = LINE('',#5243,#5244);
#5243 = CARTESIAN_POINT('',(171.02263599282,-89.91872751481,5.31));
#5244 = VECTOR('',#5245,1.);
#5245 = DIRECTION('',(0.965926428507,0.258816797584,0.));
#5246 = ORIENTED_EDGE('',*,*,#5182,.F.);
#5247 = ORIENTED_EDGE('',*,*,#2616,.F.);
#5248 = CYLINDRICAL_SURFACE('',#5249,1.2);
#5249 = AXIS2_PLACEMENT_3D('',#5250,#5251,#5252);
#5250 = CARTESIAN_POINT('',(171.33321614992,-91.07783922902,5.31));
#5251 = DIRECTION('',(0.965926428507,0.258816797584,0.));
#5252 = DIRECTION('',(0.,-0.,1.));
#5253 = ADVANCED_FACE('',(#5254),#5273,.T.);
#5254 = FACE_BOUND('',#5255,.F.);
#5255 = EDGE_LOOP('',(#5256,#5257,#5265,#5272));
#5256 = ORIENTED_EDGE('',*,*,#5216,.T.);
#5257 = ORIENTED_EDGE('',*,*,#5258,.T.);
#5258 = EDGE_CURVE('',#5209,#5259,#5261,.T.);
#5259 = VERTEX_POINT('',#5260);
#5260 = CARTESIAN_POINT('',(313.0625,-20.3125,5.31));
#5261 = LINE('',#5262,#5263);
#5262 = CARTESIAN_POINT('',(308.3,-20.3125,5.31));
#5263 = VECTOR('',#5264,1.);
#5264 = DIRECTION('',(1.,0.,0.));
#5265 = ORIENTED_EDGE('',*,*,#5266,.F.);
#5266 = EDGE_CURVE('',#2449,#5259,#5267,.T.);
#5267 = ELLIPSE('',#5268,1.697056274848,1.2);
#5268 = AXIS2_PLACEMENT_3D('',#5269,#5270,#5271);
#5269 = CARTESIAN_POINT('',(311.8625,-21.5125,5.31));
#5270 = DIRECTION('',(-0.707106781187,0.707106781187,0.));
#5271 = DIRECTION('',(0.707106781187,0.707106781187,0.));
#5272 = ORIENTED_EDGE('',*,*,#2448,.F.);
#5273 = CYLINDRICAL_SURFACE('',#5274,1.2);
#5274 = AXIS2_PLACEMENT_3D('',#5275,#5276,#5277);
#5275 = CARTESIAN_POINT('',(308.3,-21.5125,5.31));
#5276 = DIRECTION('',(1.,0.,0.));
#5277 = DIRECTION('',(0.,-0.,1.));
#5278 = ADVANCED_FACE('',(#5279),#5298,.T.);
#5279 = FACE_BOUND('',#5280,.F.);
#5280 = EDGE_LOOP('',(#5281,#5290,#5296,#5297));
#5281 = ORIENTED_EDGE('',*,*,#5282,.T.);
#5282 = EDGE_CURVE('',#2601,#5283,#5285,.T.);
#5283 = VERTEX_POINT('',#5284);
#5284 = CARTESIAN_POINT('',(180.80600262069,-126.4307292947,5.31));
#5285 = ELLIPSE('',#5286,1.697055178426,1.2);
#5286 = AXIS2_PLACEMENT_3D('',#5287,#5288,#5289);
#5287 = CARTESIAN_POINT('',(181.65453096276,-124.9610368332,5.31));
#5288 = DIRECTION('',(0.866025147658,-0.500000443623,-0.));
#5289 = DIRECTION('',(0.500000443623,0.866025147658,0.));
#5290 = ORIENTED_EDGE('',*,*,#5291,.T.);
#5291 = EDGE_CURVE('',#5283,#5233,#5292,.T.);
#5292 = LINE('',#5293,#5294);
#5293 = CARTESIAN_POINT('',(180.80600262069,-126.4307292947,5.31));
#5294 = VECTOR('',#5295,1.);
#5295 = DIRECTION('',(-0.258819174364,0.965925791654,0.));
#5296 = ORIENTED_EDGE('',*,*,#5232,.F.);
#5297 = ORIENTED_EDGE('',*,*,#2608,.F.);
#5298 = CYLINDRICAL_SURFACE('',#5299,1.2);
#5299 = AXIS2_PLACEMENT_3D('',#5300,#5301,#5302);
#5300 = CARTESIAN_POINT('',(181.96511357068,-126.1201462855,5.31));
#5301 = DIRECTION('',(-0.258819174364,0.965925791654,0.));
#5302 = DIRECTION('',(0.,-0.,1.));
#5303 = ADVANCED_FACE('',(#5304),#5323,.T.);
#5304 = FACE_BOUND('',#5305,.F.);
#5305 = EDGE_LOOP('',(#5306,#5307,#5315,#5322));
#5306 = ORIENTED_EDGE('',*,*,#5266,.T.);
#5307 = ORIENTED_EDGE('',*,*,#5308,.T.);
#5308 = EDGE_CURVE('',#5259,#5309,#5311,.T.);
#5309 = VERTEX_POINT('',#5310);
#5310 = CARTESIAN_POINT('',(313.0625,-84.4625,5.31));
#5311 = LINE('',#5312,#5313);
#5312 = CARTESIAN_POINT('',(313.0625,-20.3125,5.31));
#5313 = VECTOR('',#5314,1.);
#5314 = DIRECTION('',(0.,-1.,0.));
#5315 = ORIENTED_EDGE('',*,*,#5316,.F.);
#5316 = EDGE_CURVE('',#2457,#5309,#5317,.T.);
#5317 = ELLIPSE('',#5318,1.697056274848,1.2);
#5318 = AXIS2_PLACEMENT_3D('',#5319,#5320,#5321);
#5319 = CARTESIAN_POINT('',(311.8625,-83.2625,5.31));
#5320 = DIRECTION('',(0.707106781187,0.707106781187,0.));
#5321 = DIRECTION('',(0.707106781187,-0.707106781187,0.));
#5322 = ORIENTED_EDGE('',*,*,#2456,.F.);
#5323 = CYLINDRICAL_SURFACE('',#5324,1.2);
#5324 = AXIS2_PLACEMENT_3D('',#5325,#5326,#5327);
#5325 = CARTESIAN_POINT('',(311.8625,-20.3125,5.31));
#5326 = DIRECTION('',(0.,-1.,0.));
#5327 = DIRECTION('',(-0.,0.,1.));
#5328 = ADVANCED_FACE('',(#5329),#5348,.T.);
#5329 = FACE_BOUND('',#5330,.F.);
#5330 = EDGE_LOOP('',(#5331,#5340,#5346,#5347));
#5331 = ORIENTED_EDGE('',*,*,#5332,.T.);
#5332 = EDGE_CURVE('',#2593,#5333,#5335,.T.);
#5333 = VERTEX_POINT('',#5334);
#5334 = CARTESIAN_POINT('',(182.94552526449,-125.8574485863,5.31));
#5335 = ELLIPSE('',#5336,1.697054249438,1.2);
#5336 = AXIS2_PLACEMENT_3D('',#5337,#5338,#5339);
#5337 = CARTESIAN_POINT('',(183.79405233753,-124.3877564649,5.31));
#5338 = DIRECTION('',(0.866025421365,-0.49999996955,-0.));
#5339 = DIRECTION('',(-0.49999996955,-0.866025421365,0.));
#5340 = ORIENTED_EDGE('',*,*,#5341,.T.);
#5341 = EDGE_CURVE('',#5333,#5283,#5342,.T.);
#5342 = LINE('',#5343,#5344);
#5343 = CARTESIAN_POINT('',(182.94552526449,-125.8574485863,5.31));
#5344 = VECTOR('',#5345,1.);
#5345 = DIRECTION('',(-0.965926126085,-0.258817926246,0.));
#5346 = ORIENTED_EDGE('',*,*,#5282,.F.);
#5347 = ORIENTED_EDGE('',*,*,#2600,.F.);
#5348 = CYLINDRICAL_SURFACE('',#5349,1.2);
#5349 = AXIS2_PLACEMENT_3D('',#5350,#5351,#5352);
#5350 = CARTESIAN_POINT('',(182.63494375299,-124.698337235,5.31));
#5351 = DIRECTION('',(-0.965926126085,-0.258817926246,0.));
#5352 = DIRECTION('',(0.,0.,1.));
#5353 = ADVANCED_FACE('',(#5354),#5373,.T.);
#5354 = FACE_BOUND('',#5355,.F.);
#5355 = EDGE_LOOP('',(#5356,#5357,#5365,#5372));
#5356 = ORIENTED_EDGE('',*,*,#5316,.T.);
#5357 = ORIENTED_EDGE('',*,*,#5358,.T.);
#5358 = EDGE_CURVE('',#5309,#5359,#5361,.T.);
#5359 = VERTEX_POINT('',#5360);
#5360 = CARTESIAN_POINT('',(282.25,-84.4625,5.31));
#5361 = LINE('',#5362,#5363);
#5362 = CARTESIAN_POINT('',(313.0625,-84.4625,5.31));
#5363 = VECTOR('',#5364,1.);
#5364 = DIRECTION('',(-1.,0.,0.));
#5365 = ORIENTED_EDGE('',*,*,#5366,.F.);
#5366 = EDGE_CURVE('',#2465,#5359,#5367,.T.);
#5367 = ELLIPSE('',#5368,1.697056274848,1.2);
#5368 = AXIS2_PLACEMENT_3D('',#5369,#5370,#5371);
#5369 = CARTESIAN_POINT('',(283.45,-83.2625,5.31));
#5370 = DIRECTION('',(0.707106781187,-0.707106781187,-0.));
#5371 = DIRECTION('',(-0.707106781187,-0.707106781187,0.));
#5372 = ORIENTED_EDGE('',*,*,#2464,.F.);
#5373 = CYLINDRICAL_SURFACE('',#5374,1.2);
#5374 = AXIS2_PLACEMENT_3D('',#5375,#5376,#5377);
#5375 = CARTESIAN_POINT('',(313.0625,-83.2625,5.31));
#5376 = DIRECTION('',(-1.,0.,0.));
#5377 = DIRECTION('',(0.,-0.,1.));
#5378 = ADVANCED_FACE('',(#5379),#5398,.T.);
#5379 = FACE_BOUND('',#5380,.F.);
#5380 = EDGE_LOOP('',(#5381,#5390,#5396,#5397));
#5381 = ORIENTED_EDGE('',*,*,#5382,.T.);
#5382 = EDGE_CURVE('',#2585,#5383,#5385,.T.);
#5383 = VERTEX_POINT('',#5384);
#5384 = CARTESIAN_POINT('',(184.50653598327,-131.6831912688,5.31));
#5385 = ELLIPSE('',#5386,1.697055192036,1.2);
#5386 = AXIS2_PLACEMENT_3D('',#5387,#5388,#5389);
#5387 = CARTESIAN_POINT('',(185.3550627113,-130.2134978598,5.31));
#5388 = DIRECTION('',(0.866025699081,-0.499999488531,-0.));
#5389 = DIRECTION('',(0.499999488531,0.866025699081,0.));
#5390 = ORIENTED_EDGE('',*,*,#5391,.T.);
#5391 = EDGE_CURVE('',#5383,#5333,#5392,.T.);
#5392 = LINE('',#5393,#5394);
#5393 = CARTESIAN_POINT('',(184.50653598327,-131.6831912688,5.31));
#5394 = VECTOR('',#5395,1.);
#5395 = DIRECTION('',(-0.258820231884,0.965925508291,0.));
#5396 = ORIENTED_EDGE('',*,*,#5332,.F.);
#5397 = ORIENTED_EDGE('',*,*,#2592,.F.);
#5398 = CYLINDRICAL_SURFACE('',#5399,1.2);
#5399 = AXIS2_PLACEMENT_3D('',#5400,#5401,#5402);
#5400 = CARTESIAN_POINT('',(185.66564659322,-131.3726069906,5.31));
#5401 = DIRECTION('',(-0.258820231884,0.965925508291,0.));
#5402 = DIRECTION('',(0.,-0.,1.));
#5403 = ADVANCED_FACE('',(#5404),#5423,.T.);
#5404 = FACE_BOUND('',#5405,.F.);
#5405 = EDGE_LOOP('',(#5406,#5407,#5415,#5422));
#5406 = ORIENTED_EDGE('',*,*,#5366,.T.);
#5407 = ORIENTED_EDGE('',*,*,#5408,.T.);
#5408 = EDGE_CURVE('',#5359,#5409,#5411,.T.);
#5409 = VERTEX_POINT('',#5410);
#5410 = CARTESIAN_POINT('',(282.25,-83.51,5.31));
#5411 = LINE('',#5412,#5413);
#5412 = CARTESIAN_POINT('',(282.25,-84.4625,5.31));
#5413 = VECTOR('',#5414,1.);
#5414 = DIRECTION('',(0.,1.,0.));
#5415 = ORIENTED_EDGE('',*,*,#5416,.F.);
#5416 = EDGE_CURVE('',#2473,#5409,#5417,.T.);
#5417 = ELLIPSE('',#5418,1.697056274848,1.2);
#5418 = AXIS2_PLACEMENT_3D('',#5419,#5420,#5421);
#5419 = CARTESIAN_POINT('',(283.45,-82.31,5.31));
#5420 = DIRECTION('',(0.707106781187,-0.707106781187,-0.));
#5421 = DIRECTION('',(0.707106781187,0.707106781187,0.));
#5422 = ORIENTED_EDGE('',*,*,#2472,.F.);
#5423 = CYLINDRICAL_SURFACE('',#5424,1.2);
#5424 = AXIS2_PLACEMENT_3D('',#5425,#5426,#5427);
#5425 = CARTESIAN_POINT('',(283.45,-84.4625,5.31));
#5426 = DIRECTION('',(0.,1.,0.));
#5427 = DIRECTION('',(0.,-0.,1.));
#5428 = ADVANCED_FACE('',(#5429),#5448,.T.);
#5429 = FACE_BOUND('',#5430,.F.);
#5430 = EDGE_LOOP('',(#5431,#5440,#5446,#5447));
#5431 = ORIENTED_EDGE('',*,*,#5432,.T.);
#5432 = EDGE_CURVE('',#2577,#5433,#5435,.T.);
#5433 = VERTEX_POINT('',#5434);
#5434 = CARTESIAN_POINT('',(205.32222746567,-126.1056446051,5.31));
#5435 = CIRCLE('',#5436,1.2);
#5436 = AXIS2_PLACEMENT_3D('',#5437,#5438,#5439);
#5437 = CARTESIAN_POINT('',(205.01164467872,-124.9465335955,5.31));
#5438 = DIRECTION('',(0.965925841288,0.258818989126,-0.));
#5439 = DIRECTION('',(0.,0.,1.));
#5440 = ORIENTED_EDGE('',*,*,#5441,.T.);
#5441 = EDGE_CURVE('',#5433,#5383,#5442,.T.);
#5442 = LINE('',#5443,#5444);
#5443 = CARTESIAN_POINT('',(205.32222746566,-126.1056446051,5.31));
#5444 = VECTOR('',#5445,1.);
#5445 = DIRECTION('',(-0.965925838573,-0.258818999259,0.));
#5446 = ORIENTED_EDGE('',*,*,#5382,.F.);
#5447 = ORIENTED_EDGE('',*,*,#2584,.F.);
#5448 = CYLINDRICAL_SURFACE('',#5449,1.2);
#5449 = AXIS2_PLACEMENT_3D('',#5450,#5451,#5452);
#5450 = CARTESIAN_POINT('',(205.01164466655,-124.9465335988,5.31));
#5451 = DIRECTION('',(-0.965925838573,-0.258818999259,0.));
#5452 = DIRECTION('',(0.,0.,1.));
#5453 = ADVANCED_FACE('',(#5454),#5473,.T.);
#5454 = FACE_BOUND('',#5455,.F.);
#5455 = EDGE_LOOP('',(#5456,#5457,#5465,#5472));
#5456 = ORIENTED_EDGE('',*,*,#5416,.T.);
#5457 = ORIENTED_EDGE('',*,*,#5458,.T.);
#5458 = EDGE_CURVE('',#5409,#5459,#5461,.T.);
#5459 = VERTEX_POINT('',#5460);
#5460 = CARTESIAN_POINT('',(263.2,-83.51,5.31));
#5461 = LINE('',#5462,#5463);
#5462 = CARTESIAN_POINT('',(282.25,-83.51,5.31));
#5463 = VECTOR('',#5464,1.);
#5464 = DIRECTION('',(-1.,0.,0.));
#5465 = ORIENTED_EDGE('',*,*,#5466,.F.);
#5466 = EDGE_CURVE('',#2481,#5459,#5467,.T.);
#5467 = ELLIPSE('',#5468,1.697056274848,1.2);
#5468 = AXIS2_PLACEMENT_3D('',#5469,#5470,#5471);
#5469 = CARTESIAN_POINT('',(264.4,-82.31,5.31));
#5470 = DIRECTION('',(0.707106781187,-0.707106781187,-0.));
#5471 = DIRECTION('',(-0.707106781187,-0.707106781187,0.));
#5472 = ORIENTED_EDGE('',*,*,#2480,.F.);
#5473 = CYLINDRICAL_SURFACE('',#5474,1.2);
#5474 = AXIS2_PLACEMENT_3D('',#5475,#5476,#5477);
#5475 = CARTESIAN_POINT('',(282.25,-82.31,5.31));
#5476 = DIRECTION('',(-1.,0.,0.));
#5477 = DIRECTION('',(0.,-0.,1.));
#5478 = ADVANCED_FACE('',(#5479),#5498,.T.);
#5479 = FACE_BOUND('',#5480,.F.);
#5480 = EDGE_LOOP('',(#5481,#5490,#5496,#5497));
#5481 = ORIENTED_EDGE('',*,*,#5482,.T.);
#5482 = EDGE_CURVE('',#2569,#5483,#5485,.T.);
#5483 = VERTEX_POINT('',#5484);
#5484 = CARTESIAN_POINT('',(228.06978240046,-120.0104570434,5.31));
#5485 = ELLIPSE('',#5486,1.697056388846,1.2);
#5486 = AXIS2_PLACEMENT_3D('',#5487,#5488,#5489);
#5487 = CARTESIAN_POINT('',(226.60008844824,-119.1619288626,5.31));
#5488 = DIRECTION('',(0.499999992012,0.866025408396,-0.));
#5489 = DIRECTION('',(-0.866025408396,0.499999992012,0.));
#5490 = ORIENTED_EDGE('',*,*,#5491,.T.);
#5491 = EDGE_CURVE('',#5483,#5433,#5492,.T.);
#5492 = LINE('',#5493,#5494);
#5493 = CARTESIAN_POINT('',(228.06978240046,-120.0104570434,5.31));
#5494 = VECTOR('',#5495,1.);
#5495 = DIRECTION('',(-0.965925841288,-0.258818989126,0.));
#5496 = ORIENTED_EDGE('',*,*,#5432,.F.);
#5497 = ORIENTED_EDGE('',*,*,#2576,.F.);
#5498 = CYLINDRICAL_SURFACE('',#5499,1.2);
#5499 = AXIS2_PLACEMENT_3D('',#5500,#5501,#5502);
#5500 = CARTESIAN_POINT('',(227.75919961351,-118.8513460339,5.31));
#5501 = DIRECTION('',(-0.965925841288,-0.258818989126,0.));
#5502 = DIRECTION('',(0.,0.,1.));
#5503 = ADVANCED_FACE('',(#5504),#5523,.T.);
#5504 = FACE_BOUND('',#5505,.F.);
#5505 = EDGE_LOOP('',(#5506,#5507,#5515,#5522));
#5506 = ORIENTED_EDGE('',*,*,#5466,.T.);
#5507 = ORIENTED_EDGE('',*,*,#5508,.T.);
#5508 = EDGE_CURVE('',#5459,#5509,#5511,.T.);
#5509 = VERTEX_POINT('',#5510);
#5510 = CARTESIAN_POINT('',(263.2,-81.605,5.31));
#5511 = LINE('',#5512,#5513);
#5512 = CARTESIAN_POINT('',(263.2,-83.51,5.31));
#5513 = VECTOR('',#5514,1.);
#5514 = DIRECTION('',(0.,1.,0.));
#5515 = ORIENTED_EDGE('',*,*,#5516,.F.);
#5516 = EDGE_CURVE('',#2489,#5509,#5517,.T.);
#5517 = ELLIPSE('',#5518,1.697056274848,1.2);
#5518 = AXIS2_PLACEMENT_3D('',#5519,#5520,#5521);
#5519 = CARTESIAN_POINT('',(264.4,-80.405,5.31));
#5520 = DIRECTION('',(0.707106781187,-0.707106781187,-0.));
#5521 = DIRECTION('',(0.707106781187,0.707106781187,0.));
#5522 = ORIENTED_EDGE('',*,*,#2488,.F.);
#5523 = CYLINDRICAL_SURFACE('',#5524,1.2);
#5524 = AXIS2_PLACEMENT_3D('',#5525,#5526,#5527);
#5525 = CARTESIAN_POINT('',(264.4,-83.51,5.31));
#5526 = DIRECTION('',(0.,1.,0.));
#5527 = DIRECTION('',(0.,-0.,1.));
#5528 = ADVANCED_FACE('',(#5529),#5548,.T.);
#5529 = FACE_BOUND('',#5530,.F.);
#5530 = EDGE_LOOP('',(#5531,#5540,#5546,#5547));
#5531 = ORIENTED_EDGE('',*,*,#5532,.T.);
#5532 = EDGE_CURVE('',#2561,#5533,#5535,.T.);
#5533 = VERTEX_POINT('',#5534);
#5534 = CARTESIAN_POINT('',(227.12509413977,-116.4848335346,5.31));
#5535 = ELLIPSE('',#5536,1.697058669761,1.2);
#5536 = AXIS2_PLACEMENT_3D('',#5537,#5538,#5539);
#5537 = CARTESIAN_POINT('',(225.65539935268,-115.636302238,5.31));
#5538 = DIRECTION('',(0.500001155984,0.866024736376,0.));
#5539 = DIRECTION('',(0.866024736376,-0.500001155984,0.));
#5540 = ORIENTED_EDGE('',*,*,#5541,.T.);
#5541 = EDGE_CURVE('',#5533,#5483,#5542,.T.);
#5542 = LINE('',#5543,#5544);
#5543 = CARTESIAN_POINT('',(227.12509413977,-116.4848335346,5.31));
#5544 = VECTOR('',#5545,1.);
#5545 = DIRECTION('',(0.258819118897,-0.965925806516,0.));
#5546 = ORIENTED_EDGE('',*,*,#5482,.F.);
#5547 = ORIENTED_EDGE('',*,*,#2568,.F.);
#5548 = CYLINDRICAL_SURFACE('',#5549,1.2);
#5549 = AXIS2_PLACEMENT_3D('',#5550,#5551,#5552);
#5550 = CARTESIAN_POINT('',(225.96598317196,-116.7954164773,5.31));
#5551 = DIRECTION('',(0.258819118897,-0.965925806516,0.));
#5552 = DIRECTION('',(-0.,0.,1.));
#5553 = ADVANCED_FACE('',(#5554),#5573,.T.);
#5554 = FACE_BOUND('',#5555,.F.);
#5555 = EDGE_LOOP('',(#5556,#5557,#5565,#5572));
#5556 = ORIENTED_EDGE('',*,*,#5516,.T.);
#5557 = ORIENTED_EDGE('',*,*,#5558,.T.);
#5558 = EDGE_CURVE('',#5509,#5559,#5561,.T.);
#5559 = VERTEX_POINT('',#5560);
#5560 = CARTESIAN_POINT('',(244.15,-81.605,5.31));
#5561 = LINE('',#5562,#5563);
#5562 = CARTESIAN_POINT('',(263.2,-81.605,5.31));
#5563 = VECTOR('',#5564,1.);
#5564 = DIRECTION('',(-1.,0.,0.));
#5565 = ORIENTED_EDGE('',*,*,#5566,.F.);
#5566 = EDGE_CURVE('',#2497,#5559,#5567,.T.);
#5567 = ELLIPSE('',#5568,1.697056274848,1.2);
#5568 = AXIS2_PLACEMENT_3D('',#5569,#5570,#5571);
#5569 = CARTESIAN_POINT('',(245.35,-80.405,5.31));
#5570 = DIRECTION('',(0.707106781187,-0.707106781187,-0.));
#5571 = DIRECTION('',(-0.707106781187,-0.707106781187,0.));
#5572 = ORIENTED_EDGE('',*,*,#2496,.F.);
#5573 = CYLINDRICAL_SURFACE('',#5574,1.2);
#5574 = AXIS2_PLACEMENT_3D('',#5575,#5576,#5577);
#5575 = CARTESIAN_POINT('',(263.2,-80.405,5.31));
#5576 = DIRECTION('',(-1.,0.,0.));
#5577 = DIRECTION('',(0.,-0.,1.));
#5578 = ADVANCED_FACE('',(#5579),#5598,.T.);
#5579 = FACE_BOUND('',#5580,.F.);
#5580 = EDGE_LOOP('',(#5581,#5590,#5596,#5597));
#5581 = ORIENTED_EDGE('',*,*,#5582,.T.);
#5582 = EDGE_CURVE('',#2553,#5583,#5585,.T.);
#5583 = VERTEX_POINT('',#5584);
#5584 = CARTESIAN_POINT('',(227.60806468128,-116.3554233895,5.31));
#5585 = ELLIPSE('',#5586,1.697058860039,1.2);
#5586 = AXIS2_PLACEMENT_3D('',#5587,#5588,#5589);
#5587 = CARTESIAN_POINT('',(226.13836963427,-115.5068921625,5.31));
#5588 = DIRECTION('',(0.500001058883,0.866024792437,-0.));
#5589 = DIRECTION('',(-0.866024792437,0.500001058883,0.));
#5590 = ORIENTED_EDGE('',*,*,#5591,.T.);
#5591 = EDGE_CURVE('',#5583,#5533,#5592,.T.);
#5592 = LINE('',#5593,#5594);
#5593 = CARTESIAN_POINT('',(227.60806468128,-116.3554233895,5.31));
#5594 = VECTOR('',#5595,1.);
#5595 = DIRECTION('',(-0.96592653701,-0.258816392642,0.));
#5596 = ORIENTED_EDGE('',*,*,#5532,.F.);
#5597 = ORIENTED_EDGE('',*,*,#2560,.F.);
#5598 = CYLINDRICAL_SURFACE('',#5599,1.2);
#5599 = AXIS2_PLACEMENT_3D('',#5600,#5601,#5602);
#5600 = CARTESIAN_POINT('',(227.29748501011,-115.1963115451,5.31));
#5601 = DIRECTION('',(-0.96592653701,-0.258816392642,0.));
#5602 = DIRECTION('',(0.,0.,1.));
#5603 = ADVANCED_FACE('',(#5604),#5623,.T.);
#5604 = FACE_BOUND('',#5605,.F.);
#5605 = EDGE_LOOP('',(#5606,#5607,#5615,#5622));
#5606 = ORIENTED_EDGE('',*,*,#5566,.T.);
#5607 = ORIENTED_EDGE('',*,*,#5608,.T.);
#5608 = EDGE_CURVE('',#5559,#5609,#5611,.T.);
#5609 = VERTEX_POINT('',#5610);
#5610 = CARTESIAN_POINT('',(244.15,-79.7,5.31));
#5611 = LINE('',#5612,#5613);
#5612 = CARTESIAN_POINT('',(244.15,-81.605,5.31));
#5613 = VECTOR('',#5614,1.);
#5614 = DIRECTION('',(0.,1.,0.));
#5615 = ORIENTED_EDGE('',*,*,#5616,.F.);
#5616 = EDGE_CURVE('',#2505,#5609,#5617,.T.);
#5617 = ELLIPSE('',#5618,1.697056274848,1.2);
#5618 = AXIS2_PLACEMENT_3D('',#5619,#5620,#5621);
#5619 = CARTESIAN_POINT('',(245.35,-78.5,5.31));
#5620 = DIRECTION('',(0.707106781187,-0.707106781187,-0.));
#5621 = DIRECTION('',(0.707106781187,0.707106781187,0.));
#5622 = ORIENTED_EDGE('',*,*,#2504,.F.);
#5623 = CYLINDRICAL_SURFACE('',#5624,1.2);
#5624 = AXIS2_PLACEMENT_3D('',#5625,#5626,#5627);
#5625 = CARTESIAN_POINT('',(245.35,-81.605,5.31));
#5626 = DIRECTION('',(0.,1.,0.));
#5627 = DIRECTION('',(0.,-0.,1.));
#5628 = ADVANCED_FACE('',(#5629),#5648,.T.);
#5629 = FACE_BOUND('',#5630,.F.);
#5630 = EDGE_LOOP('',(#5631,#5640,#5646,#5647));
#5631 = ORIENTED_EDGE('',*,*,#5632,.T.);
#5632 = EDGE_CURVE('',#2545,#5633,#5635,.T.);
#5633 = VERTEX_POINT('',#5634);
#5634 = CARTESIAN_POINT('',(222.86725444616,-98.6625,5.31));
#5635 = ELLIPSE('',#5636,1.971215944211,1.2);
#5636 = AXIS2_PLACEMENT_3D('',#5637,#5638,#5639);
#5637 = CARTESIAN_POINT('',(221.303383512,-97.4625,5.31));
#5638 = DIRECTION('',(0.608761309751,0.793353431801,0.));
#5639 = DIRECTION('',(0.793353431801,-0.608761309751,0.));
#5640 = ORIENTED_EDGE('',*,*,#5641,.T.);
#5641 = EDGE_CURVE('',#5633,#5583,#5642,.T.);
#5642 = LINE('',#5643,#5644);
#5643 = CARTESIAN_POINT('',(222.86725444616,-98.6625,5.31));
#5644 = VECTOR('',#5645,1.);
#5645 = DIRECTION('',(0.2588193355,-0.965925748477,0.));
#5646 = ORIENTED_EDGE('',*,*,#5582,.F.);
#5647 = ORIENTED_EDGE('',*,*,#2552,.F.);
#5648 = CYLINDRICAL_SURFACE('',#5649,1.2);
#5649 = AXIS2_PLACEMENT_3D('',#5650,#5651,#5652);
#5650 = CARTESIAN_POINT('',(221.70814354799,-98.9730832026,5.31));
#5651 = DIRECTION('',(0.2588193355,-0.965925748477,0.));
#5652 = DIRECTION('',(-0.,0.,1.));
#5653 = ADVANCED_FACE('',(#5654),#5673,.T.);
#5654 = FACE_BOUND('',#5655,.F.);
#5655 = EDGE_LOOP('',(#5656,#5657,#5665,#5672));
#5656 = ORIENTED_EDGE('',*,*,#5616,.T.);
#5657 = ORIENTED_EDGE('',*,*,#5658,.T.);
#5658 = EDGE_CURVE('',#5609,#5659,#5661,.T.);
#5659 = VERTEX_POINT('',#5660);
#5660 = CARTESIAN_POINT('',(232.1,-79.7,5.31));
#5661 = LINE('',#5662,#5663);
#5662 = CARTESIAN_POINT('',(244.15,-79.7,5.31));
#5663 = VECTOR('',#5664,1.);
#5664 = DIRECTION('',(-1.,0.,0.));
#5665 = ORIENTED_EDGE('',*,*,#5666,.F.);
#5666 = EDGE_CURVE('',#2513,#5659,#5667,.T.);
#5667 = ELLIPSE('',#5668,1.697056274848,1.2);
#5668 = AXIS2_PLACEMENT_3D('',#5669,#5670,#5671);
#5669 = CARTESIAN_POINT('',(230.9,-78.5,5.31));
#5670 = DIRECTION('',(0.707106781187,0.707106781187,-0.));
#5671 = DIRECTION('',(-0.707106781187,0.707106781187,0.));
#5672 = ORIENTED_EDGE('',*,*,#2512,.F.);
#5673 = CYLINDRICAL_SURFACE('',#5674,1.2);
#5674 = AXIS2_PLACEMENT_3D('',#5675,#5676,#5677);
#5675 = CARTESIAN_POINT('',(244.15,-78.5,5.31));
#5676 = DIRECTION('',(-1.,0.,0.));
#5677 = DIRECTION('',(0.,-0.,1.));
#5678 = ADVANCED_FACE('',(#5679),#5698,.T.);
#5679 = FACE_BOUND('',#5680,.F.);
#5680 = EDGE_LOOP('',(#5681,#5690,#5696,#5697));
#5681 = ORIENTED_EDGE('',*,*,#5682,.T.);
#5682 = EDGE_CURVE('',#2537,#5683,#5685,.T.);
#5683 = VERTEX_POINT('',#5684);
#5684 = CARTESIAN_POINT('',(226.605,-98.6625,5.31));
#5685 = ELLIPSE('',#5686,1.697056274848,1.2);
#5686 = AXIS2_PLACEMENT_3D('',#5687,#5688,#5689);
#5687 = CARTESIAN_POINT('',(225.405,-97.4625,5.31));
#5688 = DIRECTION('',(0.707106781187,0.707106781187,-0.));
#5689 = DIRECTION('',(-0.707106781187,0.707106781187,0.));
#5690 = ORIENTED_EDGE('',*,*,#5691,.T.);
#5691 = EDGE_CURVE('',#5683,#5633,#5692,.T.);
#5692 = LINE('',#5693,#5694);
#5693 = CARTESIAN_POINT('',(226.605,-98.6625,5.31));
#5694 = VECTOR('',#5695,1.);
#5695 = DIRECTION('',(-1.,0.,0.));
#5696 = ORIENTED_EDGE('',*,*,#5632,.F.);
#5697 = ORIENTED_EDGE('',*,*,#2544,.F.);
#5698 = CYLINDRICAL_SURFACE('',#5699,1.2);
#5699 = AXIS2_PLACEMENT_3D('',#5700,#5701,#5702);
#5700 = CARTESIAN_POINT('',(226.605,-97.4625,5.31));
#5701 = DIRECTION('',(-1.,0.,0.));
#5702 = DIRECTION('',(0.,-0.,1.));
#5703 = ADVANCED_FACE('',(#5704),#5723,.T.);
#5704 = FACE_BOUND('',#5705,.F.);
#5705 = EDGE_LOOP('',(#5706,#5707,#5715,#5722));
#5706 = ORIENTED_EDGE('',*,*,#5666,.T.);
#5707 = ORIENTED_EDGE('',*,*,#5708,.T.);
#5708 = EDGE_CURVE('',#5659,#5709,#5711,.T.);
#5709 = VERTEX_POINT('',#5710);
#5710 = CARTESIAN_POINT('',(232.1,-81.5,5.31));
#5711 = LINE('',#5712,#5713);
#5712 = CARTESIAN_POINT('',(232.1,-79.7,5.31));
#5713 = VECTOR('',#5714,1.);
#5714 = DIRECTION('',(0.,-1.,0.));
#5715 = ORIENTED_EDGE('',*,*,#5716,.F.);
#5716 = EDGE_CURVE('',#2521,#5709,#5717,.T.);
#5717 = ELLIPSE('',#5718,1.697056274848,1.2);
#5718 = AXIS2_PLACEMENT_3D('',#5719,#5720,#5721);
#5719 = CARTESIAN_POINT('',(230.9,-80.3,5.31));
#5720 = DIRECTION('',(0.707106781187,0.707106781187,0.));
#5721 = DIRECTION('',(0.707106781187,-0.707106781187,0.));
#5722 = ORIENTED_EDGE('',*,*,#2520,.F.);
#5723 = CYLINDRICAL_SURFACE('',#5724,1.2);
#5724 = AXIS2_PLACEMENT_3D('',#5725,#5726,#5727);
#5725 = CARTESIAN_POINT('',(230.9,-79.7,5.31));
#5726 = DIRECTION('',(0.,-1.,0.));
#5727 = DIRECTION('',(-0.,0.,1.));
#5728 = ADVANCED_FACE('',(#5729),#5748,.T.);
#5729 = FACE_BOUND('',#5730,.F.);
#5730 = EDGE_LOOP('',(#5731,#5740,#5746,#5747));
#5731 = ORIENTED_EDGE('',*,*,#5732,.T.);
#5732 = EDGE_CURVE('',#2529,#5733,#5735,.T.);
#5733 = VERTEX_POINT('',#5734);
#5734 = CARTESIAN_POINT('',(226.605,-81.5,5.31));
#5735 = ELLIPSE('',#5736,1.697056274848,1.2);
#5736 = AXIS2_PLACEMENT_3D('',#5737,#5738,#5739);
#5737 = CARTESIAN_POINT('',(225.405,-80.3,5.31));
#5738 = DIRECTION('',(0.707106781187,0.707106781187,0.));
#5739 = DIRECTION('',(0.707106781187,-0.707106781187,0.));
#5740 = ORIENTED_EDGE('',*,*,#5741,.T.);
#5741 = EDGE_CURVE('',#5733,#5683,#5742,.T.);
#5742 = LINE('',#5743,#5744);
#5743 = CARTESIAN_POINT('',(226.605,-81.5,5.31));
#5744 = VECTOR('',#5745,1.);
#5745 = DIRECTION('',(0.,-1.,0.));
#5746 = ORIENTED_EDGE('',*,*,#5682,.F.);
#5747 = ORIENTED_EDGE('',*,*,#2536,.F.);
#5748 = CYLINDRICAL_SURFACE('',#5749,1.2);
#5749 = AXIS2_PLACEMENT_3D('',#5750,#5751,#5752);
#5750 = CARTESIAN_POINT('',(225.405,-81.5,5.31));
#5751 = DIRECTION('',(0.,-1.,0.));
#5752 = DIRECTION('',(-0.,0.,1.));
#5753 = ADVANCED_FACE('',(#5754),#5765,.T.);
#5754 = FACE_BOUND('',#5755,.F.);
#5755 = EDGE_LOOP('',(#5756,#5757,#5763,#5764));
#5756 = ORIENTED_EDGE('',*,*,#5716,.T.);
#5757 = ORIENTED_EDGE('',*,*,#5758,.T.);
#5758 = EDGE_CURVE('',#5709,#5733,#5759,.T.);
#5759 = LINE('',#5760,#5761);
#5760 = CARTESIAN_POINT('',(232.1,-81.5,5.31));
#5761 = VECTOR('',#5762,1.);
#5762 = DIRECTION('',(-1.,0.,0.));
#5763 = ORIENTED_EDGE('',*,*,#5732,.F.);
#5764 = ORIENTED_EDGE('',*,*,#2528,.F.);
#5765 = CYLINDRICAL_SURFACE('',#5766,1.2);
#5766 = AXIS2_PLACEMENT_3D('',#5767,#5768,#5769);
#5767 = CARTESIAN_POINT('',(232.1,-80.3,5.31));
#5768 = DIRECTION('',(-1.,0.,0.));
#5769 = DIRECTION('',(0.,-0.,1.));
#5770 = ADVANCED_FACE('',(#5771),#5796,.F.);
#5771 = FACE_BOUND('',#5772,.F.);
#5772 = EDGE_LOOP('',(#5773,#5781,#5782,#5790));
#5773 = ORIENTED_EDGE('',*,*,#5774,.T.);
#5774 = EDGE_CURVE('',#5775,#2738,#5777,.T.);
#5775 = VERTEX_POINT('',#5776);
#5776 = CARTESIAN_POINT('',(190.816,-2.31,-2.));
#5777 = LINE('',#5778,#5779);
#5778 = CARTESIAN_POINT('',(190.816,-2.31,-2.));
#5779 = VECTOR('',#5780,1.);
#5780 = DIRECTION('',(0.,0.,1.));
#5781 = ORIENTED_EDGE('',*,*,#2737,.T.);
#5782 = ORIENTED_EDGE('',*,*,#5783,.F.);
#5783 = EDGE_CURVE('',#5784,#2740,#5786,.T.);
#5784 = VERTEX_POINT('',#5785);
#5785 = CARTESIAN_POINT('',(207.425,-2.31,-2.));
#5786 = LINE('',#5787,#5788);
#5787 = CARTESIAN_POINT('',(207.425,-2.31,-2.));
#5788 = VECTOR('',#5789,1.);
#5789 = DIRECTION('',(0.,0.,1.));
#5790 = ORIENTED_EDGE('',*,*,#5791,.F.);
#5791 = EDGE_CURVE('',#5775,#5784,#5792,.T.);
#5792 = LINE('',#5793,#5794);
#5793 = CARTESIAN_POINT('',(190.316,-2.31,-2.));
#5794 = VECTOR('',#5795,1.);
#5795 = DIRECTION('',(1.,0.,0.));
#5796 = PLANE('',#5797);
#5797 = AXIS2_PLACEMENT_3D('',#5798,#5799,#5800);
#5798 = CARTESIAN_POINT('',(190.816,-2.31,-2.));
#5799 = DIRECTION('',(0.,1.,0.));
#5800 = DIRECTION('',(1.,0.,0.));
#5801 = ADVANCED_FACE('',(#5802),#5820,.F.);
#5802 = FACE_BOUND('',#5803,.F.);
#5803 = EDGE_LOOP('',(#5804,#5805,#5806,#5814));
#5804 = ORIENTED_EDGE('',*,*,#5783,.T.);
#5805 = ORIENTED_EDGE('',*,*,#3187,.T.);
#5806 = ORIENTED_EDGE('',*,*,#5807,.F.);
#5807 = EDGE_CURVE('',#5808,#3180,#5810,.T.);
#5808 = VERTEX_POINT('',#5809);
#5809 = CARTESIAN_POINT('',(207.425,-1.81,-2.));
#5810 = LINE('',#5811,#5812);
#5811 = CARTESIAN_POINT('',(207.425,-1.81,-2.));
#5812 = VECTOR('',#5813,1.);
#5813 = DIRECTION('',(0.,0.,1.));
#5814 = ORIENTED_EDGE('',*,*,#5815,.F.);
#5815 = EDGE_CURVE('',#5784,#5808,#5816,.T.);
#5816 = LINE('',#5817,#5818);
#5817 = CARTESIAN_POINT('',(207.425,-2.81,-2.));
#5818 = VECTOR('',#5819,1.);
#5819 = DIRECTION('',(0.,1.,0.));
#5820 = PLANE('',#5821);
#5821 = AXIS2_PLACEMENT_3D('',#5822,#5823,#5824);
#5822 = CARTESIAN_POINT('',(207.425,-2.31,-2.));
#5823 = DIRECTION('',(-1.,0.,0.));
#5824 = DIRECTION('',(0.,1.,0.));
#5825 = ADVANCED_FACE('',(#5826),#5844,.F.);
#5826 = FACE_BOUND('',#5827,.F.);
#5827 = EDGE_LOOP('',(#5828,#5829,#5830,#5838));
#5828 = ORIENTED_EDGE('',*,*,#5807,.T.);
#5829 = ORIENTED_EDGE('',*,*,#3179,.T.);
#5830 = ORIENTED_EDGE('',*,*,#5831,.F.);
#5831 = EDGE_CURVE('',#5832,#3172,#5834,.T.);
#5832 = VERTEX_POINT('',#5833);
#5833 = CARTESIAN_POINT('',(208.05,-1.81,-2.));
#5834 = LINE('',#5835,#5836);
#5835 = CARTESIAN_POINT('',(208.05,-1.81,-2.));
#5836 = VECTOR('',#5837,1.);
#5837 = DIRECTION('',(0.,0.,1.));
#5838 = ORIENTED_EDGE('',*,*,#5839,.F.);
#5839 = EDGE_CURVE('',#5808,#5832,#5840,.T.);
#5840 = LINE('',#5841,#5842);
#5841 = CARTESIAN_POINT('',(207.925,-1.81,-2.));
#5842 = VECTOR('',#5843,1.);
#5843 = DIRECTION('',(1.,0.,0.));
#5844 = PLANE('',#5845);
#5845 = AXIS2_PLACEMENT_3D('',#5846,#5847,#5848);
#5846 = CARTESIAN_POINT('',(207.425,-1.81,-2.));
#5847 = DIRECTION('',(0.,1.,0.));
#5848 = DIRECTION('',(1.,0.,0.));
#5849 = ADVANCED_FACE('',(#5850),#5868,.F.);
#5850 = FACE_BOUND('',#5851,.F.);
#5851 = EDGE_LOOP('',(#5852,#5853,#5854,#5862));
#5852 = ORIENTED_EDGE('',*,*,#5831,.T.);
#5853 = ORIENTED_EDGE('',*,*,#3171,.T.);
#5854 = ORIENTED_EDGE('',*,*,#5855,.F.);
#5855 = EDGE_CURVE('',#5856,#3164,#5858,.T.);
#5856 = VERTEX_POINT('',#5857);
#5857 = CARTESIAN_POINT('',(208.05,-0.405,-2.));
#5858 = LINE('',#5859,#5860);
#5859 = CARTESIAN_POINT('',(208.05,-0.405,-2.));
#5860 = VECTOR('',#5861,1.);
#5861 = DIRECTION('',(0.,0.,1.));
#5862 = ORIENTED_EDGE('',*,*,#5863,.F.);
#5863 = EDGE_CURVE('',#5832,#5856,#5864,.T.);
#5864 = LINE('',#5865,#5866);
#5865 = CARTESIAN_POINT('',(208.05,-2.31,-2.));
#5866 = VECTOR('',#5867,1.);
#5867 = DIRECTION('',(0.,1.,0.));
#5868 = PLANE('',#5869);
#5869 = AXIS2_PLACEMENT_3D('',#5870,#5871,#5872);
#5870 = CARTESIAN_POINT('',(208.05,-1.81,-2.));
#5871 = DIRECTION('',(-1.,0.,0.));
#5872 = DIRECTION('',(0.,1.,0.));
#5873 = ADVANCED_FACE('',(#5874),#5892,.F.);
#5874 = FACE_BOUND('',#5875,.F.);
#5875 = EDGE_LOOP('',(#5876,#5877,#5878,#5886));
#5876 = ORIENTED_EDGE('',*,*,#5855,.T.);
#5877 = ORIENTED_EDGE('',*,*,#3163,.T.);
#5878 = ORIENTED_EDGE('',*,*,#5879,.F.);
#5879 = EDGE_CURVE('',#5880,#3156,#5882,.T.);
#5880 = VERTEX_POINT('',#5881);
#5881 = CARTESIAN_POINT('',(226.475,-0.405,-2.));
#5882 = LINE('',#5883,#5884);
#5883 = CARTESIAN_POINT('',(226.475,-0.405,-2.));
#5884 = VECTOR('',#5885,1.);
#5885 = DIRECTION('',(0.,0.,1.));
#5886 = ORIENTED_EDGE('',*,*,#5887,.F.);
#5887 = EDGE_CURVE('',#5856,#5880,#5888,.T.);
#5888 = LINE('',#5889,#5890);
#5889 = CARTESIAN_POINT('',(208.55,-0.405,-2.));
#5890 = VECTOR('',#5891,1.);
#5891 = DIRECTION('',(1.,0.,0.));
#5892 = PLANE('',#5893);
#5893 = AXIS2_PLACEMENT_3D('',#5894,#5895,#5896);
#5894 = CARTESIAN_POINT('',(208.05,-0.405,-2.));
#5895 = DIRECTION('',(0.,1.,0.));
#5896 = DIRECTION('',(1.,0.,0.));
#5897 = ADVANCED_FACE('',(#5898),#5916,.F.);
#5898 = FACE_BOUND('',#5899,.F.);
#5899 = EDGE_LOOP('',(#5900,#5901,#5902,#5910));
#5900 = ORIENTED_EDGE('',*,*,#5879,.T.);
#5901 = ORIENTED_EDGE('',*,*,#3155,.T.);
#5902 = ORIENTED_EDGE('',*,*,#5903,.F.);
#5903 = EDGE_CURVE('',#5904,#3148,#5906,.T.);
#5904 = VERTEX_POINT('',#5905);
#5905 = CARTESIAN_POINT('',(226.475,9.5E-02,-2.));
#5906 = LINE('',#5907,#5908);
#5907 = CARTESIAN_POINT('',(226.475,9.5E-02,-2.));
#5908 = VECTOR('',#5909,1.);
#5909 = DIRECTION('',(0.,0.,1.));
#5910 = ORIENTED_EDGE('',*,*,#5911,.F.);
#5911 = EDGE_CURVE('',#5880,#5904,#5912,.T.);
#5912 = LINE('',#5913,#5914);
#5913 = CARTESIAN_POINT('',(226.475,-0.905,-2.));
#5914 = VECTOR('',#5915,1.);
#5915 = DIRECTION('',(0.,1.,0.));
#5916 = PLANE('',#5917);
#5917 = AXIS2_PLACEMENT_3D('',#5918,#5919,#5920);
#5918 = CARTESIAN_POINT('',(226.475,-0.405,-2.));
#5919 = DIRECTION('',(-1.,0.,0.));
#5920 = DIRECTION('',(0.,1.,0.));
#5921 = ADVANCED_FACE('',(#5922),#5940,.F.);
#5922 = FACE_BOUND('',#5923,.F.);
#5923 = EDGE_LOOP('',(#5924,#5925,#5926,#5934));
#5924 = ORIENTED_EDGE('',*,*,#5903,.T.);
#5925 = ORIENTED_EDGE('',*,*,#3147,.T.);
#5926 = ORIENTED_EDGE('',*,*,#5927,.F.);
#5927 = EDGE_CURVE('',#5928,#3140,#5930,.T.);
#5928 = VERTEX_POINT('',#5929);
#5929 = CARTESIAN_POINT('',(227.1,9.5E-02,-2.));
#5930 = LINE('',#5931,#5932);
#5931 = CARTESIAN_POINT('',(227.1,9.5E-02,-2.));
#5932 = VECTOR('',#5933,1.);
#5933 = DIRECTION('',(0.,0.,1.));
#5934 = ORIENTED_EDGE('',*,*,#5935,.F.);
#5935 = EDGE_CURVE('',#5904,#5928,#5936,.T.);
#5936 = LINE('',#5937,#5938);
#5937 = CARTESIAN_POINT('',(226.975,9.5E-02,-2.));
#5938 = VECTOR('',#5939,1.);
#5939 = DIRECTION('',(1.,0.,0.));
#5940 = PLANE('',#5941);
#5941 = AXIS2_PLACEMENT_3D('',#5942,#5943,#5944);
#5942 = CARTESIAN_POINT('',(226.475,9.5E-02,-2.));
#5943 = DIRECTION('',(0.,1.,0.));
#5944 = DIRECTION('',(1.,0.,0.));
#5945 = ADVANCED_FACE('',(#5946),#5964,.F.);
#5946 = FACE_BOUND('',#5947,.F.);
#5947 = EDGE_LOOP('',(#5948,#5949,#5950,#5958));
#5948 = ORIENTED_EDGE('',*,*,#5927,.T.);
#5949 = ORIENTED_EDGE('',*,*,#3139,.T.);
#5950 = ORIENTED_EDGE('',*,*,#5951,.F.);
#5951 = EDGE_CURVE('',#5952,#3132,#5954,.T.);
#5952 = VERTEX_POINT('',#5953);
#5953 = CARTESIAN_POINT('',(227.1,1.5,-2.));
#5954 = LINE('',#5955,#5956);
#5955 = CARTESIAN_POINT('',(227.1,1.5,-2.));
#5956 = VECTOR('',#5957,1.);
#5957 = DIRECTION('',(0.,0.,1.));
#5958 = ORIENTED_EDGE('',*,*,#5959,.F.);
#5959 = EDGE_CURVE('',#5928,#5952,#5960,.T.);
#5960 = LINE('',#5961,#5962);
#5961 = CARTESIAN_POINT('',(227.1,-0.405,-2.));
#5962 = VECTOR('',#5963,1.);
#5963 = DIRECTION('',(0.,1.,0.));
#5964 = PLANE('',#5965);
#5965 = AXIS2_PLACEMENT_3D('',#5966,#5967,#5968);
#5966 = CARTESIAN_POINT('',(227.1,9.5E-02,-2.));
#5967 = DIRECTION('',(-1.,0.,0.));
#5968 = DIRECTION('',(0.,1.,0.));
#5969 = ADVANCED_FACE('',(#5970),#5988,.F.);
#5970 = FACE_BOUND('',#5971,.F.);
#5971 = EDGE_LOOP('',(#5972,#5973,#5974,#5982));
#5972 = ORIENTED_EDGE('',*,*,#5951,.T.);
#5973 = ORIENTED_EDGE('',*,*,#3131,.T.);
#5974 = ORIENTED_EDGE('',*,*,#5975,.F.);
#5975 = EDGE_CURVE('',#5976,#3124,#5978,.T.);
#5976 = VERTEX_POINT('',#5977);
#5977 = CARTESIAN_POINT('',(249.15,1.5,-2.));
#5978 = LINE('',#5979,#5980);
#5979 = CARTESIAN_POINT('',(249.15,1.5,-2.));
#5980 = VECTOR('',#5981,1.);
#5981 = DIRECTION('',(0.,0.,1.));
#5982 = ORIENTED_EDGE('',*,*,#5983,.F.);
#5983 = EDGE_CURVE('',#5952,#5976,#5984,.T.);
#5984 = LINE('',#5985,#5986);
#5985 = CARTESIAN_POINT('',(227.6,1.5,-2.));
#5986 = VECTOR('',#5987,1.);
#5987 = DIRECTION('',(1.,0.,0.));
#5988 = PLANE('',#5989);
#5989 = AXIS2_PLACEMENT_3D('',#5990,#5991,#5992);
#5990 = CARTESIAN_POINT('',(227.1,1.5,-2.));
#5991 = DIRECTION('',(0.,1.,0.));
#5992 = DIRECTION('',(1.,0.,0.));
#5993 = ADVANCED_FACE('',(#5994),#6012,.F.);
#5994 = FACE_BOUND('',#5995,.F.);
#5995 = EDGE_LOOP('',(#5996,#5997,#5998,#6006));
#5996 = ORIENTED_EDGE('',*,*,#5975,.T.);
#5997 = ORIENTED_EDGE('',*,*,#3123,.T.);
#5998 = ORIENTED_EDGE('',*,*,#5999,.F.);
#5999 = EDGE_CURVE('',#6000,#3116,#6002,.T.);
#6000 = VERTEX_POINT('',#6001);
#6001 = CARTESIAN_POINT('',(249.15,-0.405,-2.));
#6002 = LINE('',#6003,#6004);
#6003 = CARTESIAN_POINT('',(249.15,-0.405,-2.));
#6004 = VECTOR('',#6005,1.);
#6005 = DIRECTION('',(0.,0.,1.));
#6006 = ORIENTED_EDGE('',*,*,#6007,.F.);
#6007 = EDGE_CURVE('',#5976,#6000,#6008,.T.);
#6008 = LINE('',#6009,#6010);
#6009 = CARTESIAN_POINT('',(249.15,1.,-2.));
#6010 = VECTOR('',#6011,1.);
#6011 = DIRECTION('',(0.,-1.,0.));
#6012 = PLANE('',#6013);
#6013 = AXIS2_PLACEMENT_3D('',#6014,#6015,#6016);
#6014 = CARTESIAN_POINT('',(249.15,1.5,-2.));
#6015 = DIRECTION('',(1.,0.,0.));
#6016 = DIRECTION('',(0.,-1.,0.));
#6017 = ADVANCED_FACE('',(#6018),#6036,.F.);
#6018 = FACE_BOUND('',#6019,.F.);
#6019 = EDGE_LOOP('',(#6020,#6021,#6022,#6030));
#6020 = ORIENTED_EDGE('',*,*,#5999,.T.);
#6021 = ORIENTED_EDGE('',*,*,#3115,.T.);
#6022 = ORIENTED_EDGE('',*,*,#6023,.F.);
#6023 = EDGE_CURVE('',#6024,#3108,#6026,.T.);
#6024 = VERTEX_POINT('',#6025);
#6025 = CARTESIAN_POINT('',(268.2,-0.405,-2.));
#6026 = LINE('',#6027,#6028);
#6027 = CARTESIAN_POINT('',(268.2,-0.405,-2.));
#6028 = VECTOR('',#6029,1.);
#6029 = DIRECTION('',(0.,0.,1.));
#6030 = ORIENTED_EDGE('',*,*,#6031,.F.);
#6031 = EDGE_CURVE('',#6000,#6024,#6032,.T.);
#6032 = LINE('',#6033,#6034);
#6033 = CARTESIAN_POINT('',(248.65,-0.405,-2.));
#6034 = VECTOR('',#6035,1.);
#6035 = DIRECTION('',(1.,0.,0.));
#6036 = PLANE('',#6037);
#6037 = AXIS2_PLACEMENT_3D('',#6038,#6039,#6040);
#6038 = CARTESIAN_POINT('',(249.15,-0.405,-2.));
#6039 = DIRECTION('',(0.,1.,0.));
#6040 = DIRECTION('',(1.,0.,0.));
#6041 = ADVANCED_FACE('',(#6042),#6060,.F.);
#6042 = FACE_BOUND('',#6043,.F.);
#6043 = EDGE_LOOP('',(#6044,#6045,#6046,#6054));
#6044 = ORIENTED_EDGE('',*,*,#6023,.T.);
#6045 = ORIENTED_EDGE('',*,*,#3107,.T.);
#6046 = ORIENTED_EDGE('',*,*,#6047,.F.);
#6047 = EDGE_CURVE('',#6048,#3100,#6050,.T.);
#6048 = VERTEX_POINT('',#6049);
#6049 = CARTESIAN_POINT('',(268.2,-2.31,-2.));
#6050 = LINE('',#6051,#6052);
#6051 = CARTESIAN_POINT('',(268.2,-2.31,-2.));
#6052 = VECTOR('',#6053,1.);
#6053 = DIRECTION('',(0.,0.,1.));
#6054 = ORIENTED_EDGE('',*,*,#6055,.F.);
#6055 = EDGE_CURVE('',#6024,#6048,#6056,.T.);
#6056 = LINE('',#6057,#6058);
#6057 = CARTESIAN_POINT('',(268.2,-0.905,-2.));
#6058 = VECTOR('',#6059,1.);
#6059 = DIRECTION('',(0.,-1.,0.));
#6060 = PLANE('',#6061);
#6061 = AXIS2_PLACEMENT_3D('',#6062,#6063,#6064);
#6062 = CARTESIAN_POINT('',(268.2,-0.405,-2.));
#6063 = DIRECTION('',(1.,0.,0.));
#6064 = DIRECTION('',(0.,-1.,0.));
#6065 = ADVANCED_FACE('',(#6066),#6084,.F.);
#6066 = FACE_BOUND('',#6067,.F.);
#6067 = EDGE_LOOP('',(#6068,#6069,#6070,#6078));
#6068 = ORIENTED_EDGE('',*,*,#6047,.T.);
#6069 = ORIENTED_EDGE('',*,*,#3099,.T.);
#6070 = ORIENTED_EDGE('',*,*,#6071,.F.);
#6071 = EDGE_CURVE('',#6072,#3092,#6074,.T.);
#6072 = VERTEX_POINT('',#6073);
#6073 = CARTESIAN_POINT('',(287.25,-2.31,-2.));
#6074 = LINE('',#6075,#6076);
#6075 = CARTESIAN_POINT('',(287.25,-2.31,-2.));
#6076 = VECTOR('',#6077,1.);
#6077 = DIRECTION('',(0.,0.,1.));
#6078 = ORIENTED_EDGE('',*,*,#6079,.F.);
#6079 = EDGE_CURVE('',#6048,#6072,#6080,.T.);
#6080 = LINE('',#6081,#6082);
#6081 = CARTESIAN_POINT('',(267.7,-2.31,-2.));
#6082 = VECTOR('',#6083,1.);
#6083 = DIRECTION('',(1.,0.,0.));
#6084 = PLANE('',#6085);
#6085 = AXIS2_PLACEMENT_3D('',#6086,#6087,#6088);
#6086 = CARTESIAN_POINT('',(268.2,-2.31,-2.));
#6087 = DIRECTION('',(0.,1.,0.));
#6088 = DIRECTION('',(1.,0.,0.));
#6089 = ADVANCED_FACE('',(#6090),#6108,.F.);
#6090 = FACE_BOUND('',#6091,.F.);
#6091 = EDGE_LOOP('',(#6092,#6093,#6094,#6102));
#6092 = ORIENTED_EDGE('',*,*,#6071,.T.);
#6093 = ORIENTED_EDGE('',*,*,#3091,.T.);
#6094 = ORIENTED_EDGE('',*,*,#6095,.F.);
#6095 = EDGE_CURVE('',#6096,#3084,#6098,.T.);
#6096 = VERTEX_POINT('',#6097);
#6097 = CARTESIAN_POINT('',(287.25,-3.2625,-2.));
#6098 = LINE('',#6099,#6100);
#6099 = CARTESIAN_POINT('',(287.25,-3.2625,-2.));
#6100 = VECTOR('',#6101,1.);
#6101 = DIRECTION('',(0.,0.,1.));
#6102 = ORIENTED_EDGE('',*,*,#6103,.F.);
#6103 = EDGE_CURVE('',#6072,#6096,#6104,.T.);
#6104 = LINE('',#6105,#6106);
#6105 = CARTESIAN_POINT('',(287.25,-2.81,-2.));
#6106 = VECTOR('',#6107,1.);
#6107 = DIRECTION('',(0.,-1.,0.));
#6108 = PLANE('',#6109);
#6109 = AXIS2_PLACEMENT_3D('',#6110,#6111,#6112);
#6110 = CARTESIAN_POINT('',(287.25,-2.31,-2.));
#6111 = DIRECTION('',(1.,0.,0.));
#6112 = DIRECTION('',(0.,-1.,0.));
#6113 = ADVANCED_FACE('',(#6114),#6132,.F.);
#6114 = FACE_BOUND('',#6115,.F.);
#6115 = EDGE_LOOP('',(#6116,#6117,#6118,#6126));
#6116 = ORIENTED_EDGE('',*,*,#6095,.T.);
#6117 = ORIENTED_EDGE('',*,*,#3083,.T.);
#6118 = ORIENTED_EDGE('',*,*,#6119,.F.);
#6119 = EDGE_CURVE('',#6120,#3076,#6122,.T.);
#6120 = VERTEX_POINT('',#6121);
#6121 = CARTESIAN_POINT('',(306.3,-3.2625,-2.));
#6122 = LINE('',#6123,#6124);
#6123 = CARTESIAN_POINT('',(306.3,-3.2625,-2.));
#6124 = VECTOR('',#6125,1.);
#6125 = DIRECTION('',(0.,0.,1.));
#6126 = ORIENTED_EDGE('',*,*,#6127,.F.);
#6127 = EDGE_CURVE('',#6096,#6120,#6128,.T.);
#6128 = LINE('',#6129,#6130);
#6129 = CARTESIAN_POINT('',(286.75,-3.2625,-2.));
#6130 = VECTOR('',#6131,1.);
#6131 = DIRECTION('',(1.,0.,0.));
#6132 = PLANE('',#6133);
#6133 = AXIS2_PLACEMENT_3D('',#6134,#6135,#6136);
#6134 = CARTESIAN_POINT('',(287.25,-3.2625,-2.));
#6135 = DIRECTION('',(0.,1.,0.));
#6136 = DIRECTION('',(1.,0.,0.));
#6137 = ADVANCED_FACE('',(#6138),#6156,.F.);
#6138 = FACE_BOUND('',#6139,.F.);
#6139 = EDGE_LOOP('',(#6140,#6141,#6142,#6150));
#6140 = ORIENTED_EDGE('',*,*,#6119,.T.);
#6141 = ORIENTED_EDGE('',*,*,#3075,.T.);
#6142 = ORIENTED_EDGE('',*,*,#6143,.F.);
#6143 = EDGE_CURVE('',#6144,#3068,#6146,.T.);
#6144 = VERTEX_POINT('',#6145);
#6145 = CARTESIAN_POINT('',(306.3,-22.3125,-2.));
#6146 = LINE('',#6147,#6148);
#6147 = CARTESIAN_POINT('',(306.3,-22.3125,-2.));
#6148 = VECTOR('',#6149,1.);
#6149 = DIRECTION('',(0.,0.,1.));
#6150 = ORIENTED_EDGE('',*,*,#6151,.F.);
#6151 = EDGE_CURVE('',#6120,#6144,#6152,.T.);
#6152 = LINE('',#6153,#6154);
#6153 = CARTESIAN_POINT('',(306.3,-3.7625,-2.));
#6154 = VECTOR('',#6155,1.);
#6155 = DIRECTION('',(0.,-1.,0.));
#6156 = PLANE('',#6157);
#6157 = AXIS2_PLACEMENT_3D('',#6158,#6159,#6160);
#6158 = CARTESIAN_POINT('',(306.3,-3.2625,-2.));
#6159 = DIRECTION('',(1.,0.,0.));
#6160 = DIRECTION('',(0.,-1.,0.));
#6161 = ADVANCED_FACE('',(#6162),#6180,.F.);
#6162 = FACE_BOUND('',#6163,.F.);
#6163 = EDGE_LOOP('',(#6164,#6165,#6166,#6174));
#6164 = ORIENTED_EDGE('',*,*,#6143,.T.);
#6165 = ORIENTED_EDGE('',*,*,#3067,.T.);
#6166 = ORIENTED_EDGE('',*,*,#6167,.F.);
#6167 = EDGE_CURVE('',#6168,#3060,#6170,.T.);
#6168 = VERTEX_POINT('',#6169);
#6169 = CARTESIAN_POINT('',(311.0625,-22.3125,-2.));
#6170 = LINE('',#6171,#6172);
#6171 = CARTESIAN_POINT('',(311.0625,-22.3125,-2.));
#6172 = VECTOR('',#6173,1.);
#6173 = DIRECTION('',(0.,0.,1.));
#6174 = ORIENTED_EDGE('',*,*,#6175,.F.);
#6175 = EDGE_CURVE('',#6144,#6168,#6176,.T.);
#6176 = LINE('',#6177,#6178);
#6177 = CARTESIAN_POINT('',(305.8,-22.3125,-2.));
#6178 = VECTOR('',#6179,1.);
#6179 = DIRECTION('',(1.,0.,0.));
#6180 = PLANE('',#6181);
#6181 = AXIS2_PLACEMENT_3D('',#6182,#6183,#6184);
#6182 = CARTESIAN_POINT('',(306.3,-22.3125,-2.));
#6183 = DIRECTION('',(0.,1.,0.));
#6184 = DIRECTION('',(1.,0.,0.));
#6185 = ADVANCED_FACE('',(#6186),#6204,.F.);
#6186 = FACE_BOUND('',#6187,.F.);
#6187 = EDGE_LOOP('',(#6188,#6189,#6190,#6198));
#6188 = ORIENTED_EDGE('',*,*,#6167,.T.);
#6189 = ORIENTED_EDGE('',*,*,#3059,.T.);
#6190 = ORIENTED_EDGE('',*,*,#6191,.F.);
#6191 = EDGE_CURVE('',#6192,#3052,#6194,.T.);
#6192 = VERTEX_POINT('',#6193);
#6193 = CARTESIAN_POINT('',(311.0625,-82.4625,-2.));
#6194 = LINE('',#6195,#6196);
#6195 = CARTESIAN_POINT('',(311.0625,-82.4625,-2.));
#6196 = VECTOR('',#6197,1.);
#6197 = DIRECTION('',(0.,0.,1.));
#6198 = ORIENTED_EDGE('',*,*,#6199,.F.);
#6199 = EDGE_CURVE('',#6168,#6192,#6200,.T.);
#6200 = LINE('',#6201,#6202);
#6201 = CARTESIAN_POINT('',(311.0625,-22.8125,-2.));
#6202 = VECTOR('',#6203,1.);
#6203 = DIRECTION('',(0.,-1.,0.));
#6204 = PLANE('',#6205);
#6205 = AXIS2_PLACEMENT_3D('',#6206,#6207,#6208);
#6206 = CARTESIAN_POINT('',(311.0625,-22.3125,-2.));
#6207 = DIRECTION('',(1.,0.,0.));
#6208 = DIRECTION('',(0.,-1.,0.));
#6209 = ADVANCED_FACE('',(#6210),#6228,.F.);
#6210 = FACE_BOUND('',#6211,.F.);
#6211 = EDGE_LOOP('',(#6212,#6213,#6214,#6222));
#6212 = ORIENTED_EDGE('',*,*,#6191,.T.);
#6213 = ORIENTED_EDGE('',*,*,#3051,.T.);
#6214 = ORIENTED_EDGE('',*,*,#6215,.F.);
#6215 = EDGE_CURVE('',#6216,#3044,#6218,.T.);
#6216 = VERTEX_POINT('',#6217);
#6217 = CARTESIAN_POINT('',(284.25,-82.4625,-2.));
#6218 = LINE('',#6219,#6220);
#6219 = CARTESIAN_POINT('',(284.25,-82.4625,-2.));
#6220 = VECTOR('',#6221,1.);
#6221 = DIRECTION('',(0.,0.,1.));
#6222 = ORIENTED_EDGE('',*,*,#6223,.F.);
#6223 = EDGE_CURVE('',#6192,#6216,#6224,.T.);
#6224 = LINE('',#6225,#6226);
#6225 = CARTESIAN_POINT('',(310.5625,-82.4625,-2.));
#6226 = VECTOR('',#6227,1.);
#6227 = DIRECTION('',(-1.,0.,0.));
#6228 = PLANE('',#6229);
#6229 = AXIS2_PLACEMENT_3D('',#6230,#6231,#6232);
#6230 = CARTESIAN_POINT('',(311.0625,-82.4625,-2.));
#6231 = DIRECTION('',(0.,-1.,0.));
#6232 = DIRECTION('',(-1.,0.,0.));
#6233 = ADVANCED_FACE('',(#6234),#6252,.F.);
#6234 = FACE_BOUND('',#6235,.F.);
#6235 = EDGE_LOOP('',(#6236,#6237,#6238,#6246));
#6236 = ORIENTED_EDGE('',*,*,#6215,.T.);
#6237 = ORIENTED_EDGE('',*,*,#3043,.T.);
#6238 = ORIENTED_EDGE('',*,*,#6239,.F.);
#6239 = EDGE_CURVE('',#6240,#3036,#6242,.T.);
#6240 = VERTEX_POINT('',#6241);
#6241 = CARTESIAN_POINT('',(284.25,-81.51,-2.));
#6242 = LINE('',#6243,#6244);
#6243 = CARTESIAN_POINT('',(284.25,-81.51,-2.));
#6244 = VECTOR('',#6245,1.);
#6245 = DIRECTION('',(0.,0.,1.));
#6246 = ORIENTED_EDGE('',*,*,#6247,.F.);
#6247 = EDGE_CURVE('',#6216,#6240,#6248,.T.);
#6248 = LINE('',#6249,#6250);
#6249 = CARTESIAN_POINT('',(284.25,-81.9625,-2.));
#6250 = VECTOR('',#6251,1.);
#6251 = DIRECTION('',(0.,1.,0.));
#6252 = PLANE('',#6253);
#6253 = AXIS2_PLACEMENT_3D('',#6254,#6255,#6256);
#6254 = CARTESIAN_POINT('',(284.25,-82.4625,-2.));
#6255 = DIRECTION('',(-1.,0.,0.));
#6256 = DIRECTION('',(0.,1.,0.));
#6257 = ADVANCED_FACE('',(#6258),#6276,.F.);
#6258 = FACE_BOUND('',#6259,.F.);
#6259 = EDGE_LOOP('',(#6260,#6261,#6262,#6270));
#6260 = ORIENTED_EDGE('',*,*,#6239,.T.);
#6261 = ORIENTED_EDGE('',*,*,#3035,.T.);
#6262 = ORIENTED_EDGE('',*,*,#6263,.F.);
#6263 = EDGE_CURVE('',#6264,#3028,#6266,.T.);
#6264 = VERTEX_POINT('',#6265);
#6265 = CARTESIAN_POINT('',(265.2,-81.51,-2.));
#6266 = LINE('',#6267,#6268);
#6267 = CARTESIAN_POINT('',(265.2,-81.51,-2.));
#6268 = VECTOR('',#6269,1.);
#6269 = DIRECTION('',(0.,0.,1.));
#6270 = ORIENTED_EDGE('',*,*,#6271,.F.);
#6271 = EDGE_CURVE('',#6240,#6264,#6272,.T.);
#6272 = LINE('',#6273,#6274);
#6273 = CARTESIAN_POINT('',(284.75,-81.51,-2.));
#6274 = VECTOR('',#6275,1.);
#6275 = DIRECTION('',(-1.,0.,0.));
#6276 = PLANE('',#6277);
#6277 = AXIS2_PLACEMENT_3D('',#6278,#6279,#6280);
#6278 = CARTESIAN_POINT('',(284.25,-81.51,-2.));
#6279 = DIRECTION('',(0.,-1.,0.));
#6280 = DIRECTION('',(-1.,0.,0.));
#6281 = ADVANCED_FACE('',(#6282),#6300,.F.);
#6282 = FACE_BOUND('',#6283,.F.);
#6283 = EDGE_LOOP('',(#6284,#6285,#6286,#6294));
#6284 = ORIENTED_EDGE('',*,*,#6263,.T.);
#6285 = ORIENTED_EDGE('',*,*,#3027,.T.);
#6286 = ORIENTED_EDGE('',*,*,#6287,.F.);
#6287 = EDGE_CURVE('',#6288,#3020,#6290,.T.);
#6288 = VERTEX_POINT('',#6289);
#6289 = CARTESIAN_POINT('',(265.2,-79.605,-2.));
#6290 = LINE('',#6291,#6292);
#6291 = CARTESIAN_POINT('',(265.2,-79.605,-2.));
#6292 = VECTOR('',#6293,1.);
#6293 = DIRECTION('',(0.,0.,1.));
#6294 = ORIENTED_EDGE('',*,*,#6295,.F.);
#6295 = EDGE_CURVE('',#6264,#6288,#6296,.T.);
#6296 = LINE('',#6297,#6298);
#6297 = CARTESIAN_POINT('',(265.2,-81.01,-2.));
#6298 = VECTOR('',#6299,1.);
#6299 = DIRECTION('',(0.,1.,0.));
#6300 = PLANE('',#6301);
#6301 = AXIS2_PLACEMENT_3D('',#6302,#6303,#6304);
#6302 = CARTESIAN_POINT('',(265.2,-81.51,-2.));
#6303 = DIRECTION('',(-1.,0.,0.));
#6304 = DIRECTION('',(0.,1.,0.));
#6305 = ADVANCED_FACE('',(#6306),#6324,.F.);
#6306 = FACE_BOUND('',#6307,.F.);
#6307 = EDGE_LOOP('',(#6308,#6309,#6310,#6318));
#6308 = ORIENTED_EDGE('',*,*,#6287,.T.);
#6309 = ORIENTED_EDGE('',*,*,#3019,.T.);
#6310 = ORIENTED_EDGE('',*,*,#6311,.F.);
#6311 = EDGE_CURVE('',#6312,#3012,#6314,.T.);
#6312 = VERTEX_POINT('',#6313);
#6313 = CARTESIAN_POINT('',(246.15,-79.605,-2.));
#6314 = LINE('',#6315,#6316);
#6315 = CARTESIAN_POINT('',(246.15,-79.605,-2.));
#6316 = VECTOR('',#6317,1.);
#6317 = DIRECTION('',(0.,0.,1.));
#6318 = ORIENTED_EDGE('',*,*,#6319,.F.);
#6319 = EDGE_CURVE('',#6288,#6312,#6320,.T.);
#6320 = LINE('',#6321,#6322);
#6321 = CARTESIAN_POINT('',(265.7,-79.605,-2.));
#6322 = VECTOR('',#6323,1.);
#6323 = DIRECTION('',(-1.,0.,0.));
#6324 = PLANE('',#6325);
#6325 = AXIS2_PLACEMENT_3D('',#6326,#6327,#6328);
#6326 = CARTESIAN_POINT('',(265.2,-79.605,-2.));
#6327 = DIRECTION('',(0.,-1.,0.));
#6328 = DIRECTION('',(-1.,0.,0.));
#6329 = ADVANCED_FACE('',(#6330),#6348,.F.);
#6330 = FACE_BOUND('',#6331,.F.);
#6331 = EDGE_LOOP('',(#6332,#6333,#6334,#6342));
#6332 = ORIENTED_EDGE('',*,*,#6311,.T.);
#6333 = ORIENTED_EDGE('',*,*,#3011,.T.);
#6334 = ORIENTED_EDGE('',*,*,#6335,.F.);
#6335 = EDGE_CURVE('',#6336,#3004,#6338,.T.);
#6336 = VERTEX_POINT('',#6337);
#6337 = CARTESIAN_POINT('',(246.15,-77.7,-2.));
#6338 = LINE('',#6339,#6340);
#6339 = CARTESIAN_POINT('',(246.15,-77.7,-2.));
#6340 = VECTOR('',#6341,1.);
#6341 = DIRECTION('',(0.,0.,1.));
#6342 = ORIENTED_EDGE('',*,*,#6343,.F.);
#6343 = EDGE_CURVE('',#6312,#6336,#6344,.T.);
#6344 = LINE('',#6345,#6346);
#6345 = CARTESIAN_POINT('',(246.15,-79.105,-2.));
#6346 = VECTOR('',#6347,1.);
#6347 = DIRECTION('',(0.,1.,0.));
#6348 = PLANE('',#6349);
#6349 = AXIS2_PLACEMENT_3D('',#6350,#6351,#6352);
#6350 = CARTESIAN_POINT('',(246.15,-79.605,-2.));
#6351 = DIRECTION('',(-1.,0.,0.));
#6352 = DIRECTION('',(0.,1.,0.));
#6353 = ADVANCED_FACE('',(#6354),#6372,.F.);
#6354 = FACE_BOUND('',#6355,.F.);
#6355 = EDGE_LOOP('',(#6356,#6357,#6358,#6366));
#6356 = ORIENTED_EDGE('',*,*,#6335,.T.);
#6357 = ORIENTED_EDGE('',*,*,#3003,.T.);
#6358 = ORIENTED_EDGE('',*,*,#6359,.F.);
#6359 = EDGE_CURVE('',#6360,#2996,#6362,.T.);
#6360 = VERTEX_POINT('',#6361);
#6361 = CARTESIAN_POINT('',(230.1,-77.7,-2.));
#6362 = LINE('',#6363,#6364);
#6363 = CARTESIAN_POINT('',(230.1,-77.7,-2.));
#6364 = VECTOR('',#6365,1.);
#6365 = DIRECTION('',(0.,0.,1.));
#6366 = ORIENTED_EDGE('',*,*,#6367,.F.);
#6367 = EDGE_CURVE('',#6336,#6360,#6368,.T.);
#6368 = LINE('',#6369,#6370);
#6369 = CARTESIAN_POINT('',(246.65,-77.7,-2.));
#6370 = VECTOR('',#6371,1.);
#6371 = DIRECTION('',(-1.,0.,0.));
#6372 = PLANE('',#6373);
#6373 = AXIS2_PLACEMENT_3D('',#6374,#6375,#6376);
#6374 = CARTESIAN_POINT('',(246.15,-77.7,-2.));
#6375 = DIRECTION('',(0.,-1.,0.));
#6376 = DIRECTION('',(-1.,0.,0.));
#6377 = ADVANCED_FACE('',(#6378),#6396,.F.);
#6378 = FACE_BOUND('',#6379,.F.);
#6379 = EDGE_LOOP('',(#6380,#6381,#6382,#6390));
#6380 = ORIENTED_EDGE('',*,*,#6359,.T.);
#6381 = ORIENTED_EDGE('',*,*,#2995,.T.);
#6382 = ORIENTED_EDGE('',*,*,#6383,.F.);
#6383 = EDGE_CURVE('',#6384,#2988,#6386,.T.);
#6384 = VERTEX_POINT('',#6385);
#6385 = CARTESIAN_POINT('',(230.1,-79.5,-2.));
#6386 = LINE('',#6387,#6388);
#6387 = CARTESIAN_POINT('',(230.1,-79.5,-2.));
#6388 = VECTOR('',#6389,1.);
#6389 = DIRECTION('',(0.,0.,1.));
#6390 = ORIENTED_EDGE('',*,*,#6391,.F.);
#6391 = EDGE_CURVE('',#6360,#6384,#6392,.T.);
#6392 = LINE('',#6393,#6394);
#6393 = CARTESIAN_POINT('',(230.1,-77.2,-2.));
#6394 = VECTOR('',#6395,1.);
#6395 = DIRECTION('',(0.,-1.,0.));
#6396 = PLANE('',#6397);
#6397 = AXIS2_PLACEMENT_3D('',#6398,#6399,#6400);
#6398 = CARTESIAN_POINT('',(230.1,-77.7,-2.));
#6399 = DIRECTION('',(1.,0.,0.));
#6400 = DIRECTION('',(0.,-1.,0.));
#6401 = ADVANCED_FACE('',(#6402),#6420,.F.);
#6402 = FACE_BOUND('',#6403,.F.);
#6403 = EDGE_LOOP('',(#6404,#6405,#6406,#6414));
#6404 = ORIENTED_EDGE('',*,*,#6383,.T.);
#6405 = ORIENTED_EDGE('',*,*,#2987,.T.);
#6406 = ORIENTED_EDGE('',*,*,#6407,.F.);
#6407 = EDGE_CURVE('',#6408,#2980,#6410,.T.);
#6408 = VERTEX_POINT('',#6409);
#6409 = CARTESIAN_POINT('',(224.605,-79.5,-2.));
#6410 = LINE('',#6411,#6412);
#6411 = CARTESIAN_POINT('',(224.605,-79.5,-2.));
#6412 = VECTOR('',#6413,1.);
#6413 = DIRECTION('',(0.,0.,1.));
#6414 = ORIENTED_EDGE('',*,*,#6415,.F.);
#6415 = EDGE_CURVE('',#6384,#6408,#6416,.T.);
#6416 = LINE('',#6417,#6418);
#6417 = CARTESIAN_POINT('',(229.6,-79.5,-2.));
#6418 = VECTOR('',#6419,1.);
#6419 = DIRECTION('',(-1.,0.,0.));
#6420 = PLANE('',#6421);
#6421 = AXIS2_PLACEMENT_3D('',#6422,#6423,#6424);
#6422 = CARTESIAN_POINT('',(230.1,-79.5,-2.));
#6423 = DIRECTION('',(0.,-1.,0.));
#6424 = DIRECTION('',(-1.,0.,0.));
#6425 = ADVANCED_FACE('',(#6426),#6444,.F.);
#6426 = FACE_BOUND('',#6427,.F.);
#6427 = EDGE_LOOP('',(#6428,#6429,#6430,#6438));
#6428 = ORIENTED_EDGE('',*,*,#6407,.T.);
#6429 = ORIENTED_EDGE('',*,*,#2979,.T.);
#6430 = ORIENTED_EDGE('',*,*,#6431,.F.);
#6431 = EDGE_CURVE('',#6432,#2972,#6434,.T.);
#6432 = VERTEX_POINT('',#6433);
#6433 = CARTESIAN_POINT('',(224.605,-96.6625,-2.));
#6434 = LINE('',#6435,#6436);
#6435 = CARTESIAN_POINT('',(224.605,-96.6625,-2.));
#6436 = VECTOR('',#6437,1.);
#6437 = DIRECTION('',(0.,0.,1.));
#6438 = ORIENTED_EDGE('',*,*,#6439,.F.);
#6439 = EDGE_CURVE('',#6408,#6432,#6440,.T.);
#6440 = LINE('',#6441,#6442);
#6441 = CARTESIAN_POINT('',(224.605,-79.,-2.));
#6442 = VECTOR('',#6443,1.);
#6443 = DIRECTION('',(0.,-1.,0.));
#6444 = PLANE('',#6445);
#6445 = AXIS2_PLACEMENT_3D('',#6446,#6447,#6448);
#6446 = CARTESIAN_POINT('',(224.605,-79.5,-2.));
#6447 = DIRECTION('',(1.,0.,0.));
#6448 = DIRECTION('',(0.,-1.,0.));
#6449 = ADVANCED_FACE('',(#6450),#6468,.F.);
#6450 = FACE_BOUND('',#6451,.F.);
#6451 = EDGE_LOOP('',(#6452,#6453,#6454,#6462));
#6452 = ORIENTED_EDGE('',*,*,#6431,.T.);
#6453 = ORIENTED_EDGE('',*,*,#2971,.T.);
#6454 = ORIENTED_EDGE('',*,*,#6455,.F.);
#6455 = EDGE_CURVE('',#6456,#2964,#6458,.T.);
#6456 = VERTEX_POINT('',#6457);
#6457 = CARTESIAN_POINT('',(220.26080288923,-96.6625,-2.));
#6458 = LINE('',#6459,#6460);
#6459 = CARTESIAN_POINT('',(220.26080288923,-96.6625,-2.));
#6460 = VECTOR('',#6461,1.);
#6461 = DIRECTION('',(0.,0.,1.));
#6462 = ORIENTED_EDGE('',*,*,#6463,.F.);
#6463 = EDGE_CURVE('',#6432,#6456,#6464,.T.);
#6464 = LINE('',#6465,#6466);
#6465 = CARTESIAN_POINT('',(224.105,-96.6625,-2.));
#6466 = VECTOR('',#6467,1.);
#6467 = DIRECTION('',(-1.,0.,0.));
#6468 = PLANE('',#6469);
#6469 = AXIS2_PLACEMENT_3D('',#6470,#6471,#6472);
#6470 = CARTESIAN_POINT('',(224.605,-96.6625,-2.));
#6471 = DIRECTION('',(0.,-1.,0.));
#6472 = DIRECTION('',(-1.,0.,0.));
#6473 = ADVANCED_FACE('',(#6474),#6492,.F.);
#6474 = FACE_BOUND('',#6475,.F.);
#6475 = EDGE_LOOP('',(#6476,#6477,#6478,#6486));
#6476 = ORIENTED_EDGE('',*,*,#6455,.T.);
#6477 = ORIENTED_EDGE('',*,*,#2963,.T.);
#6478 = ORIENTED_EDGE('',*,*,#6479,.F.);
#6479 = EDGE_CURVE('',#6480,#2956,#6482,.T.);
#6480 = VERTEX_POINT('',#6481);
#6481 = CARTESIAN_POINT('',(225.15857293625,-114.9412046779,-2.));
#6482 = LINE('',#6483,#6484);
#6483 = CARTESIAN_POINT('',(225.15857293625,-114.9412046779,-2.));
#6484 = VECTOR('',#6485,1.);
#6485 = DIRECTION('',(0.,0.,1.));
#6486 = ORIENTED_EDGE('',*,*,#6487,.F.);
#6487 = EDGE_CURVE('',#6456,#6480,#6488,.T.);
#6488 = LINE('',#6489,#6490);
#6489 = CARTESIAN_POINT('',(220.09215287423,-96.03309033225,-2.));
#6490 = VECTOR('',#6491,1.);
#6491 = DIRECTION('',(0.2588193355,-0.965925748477,0.));
#6492 = PLANE('',#6493);
#6493 = AXIS2_PLACEMENT_3D('',#6494,#6495,#6496);
#6494 = CARTESIAN_POINT('',(220.26080288923,-96.6625,-2.));
#6495 = DIRECTION('',(0.965925748477,0.2588193355,0.));
#6496 = DIRECTION('',(0.2588193355,-0.965925748477,0.));
#6497 = ADVANCED_FACE('',(#6498),#6516,.F.);
#6498 = FACE_BOUND('',#6499,.F.);
#6499 = EDGE_LOOP('',(#6500,#6501,#6502,#6510));
#6500 = ORIENTED_EDGE('',*,*,#6479,.T.);
#6501 = ORIENTED_EDGE('',*,*,#2955,.T.);
#6502 = ORIENTED_EDGE('',*,*,#6503,.F.);
#6503 = EDGE_CURVE('',#6504,#2948,#6506,.T.);
#6504 = VERTEX_POINT('',#6505);
#6505 = CARTESIAN_POINT('',(224.67560282795,-115.0706147069,-2.));
#6506 = LINE('',#6507,#6508);
#6507 = CARTESIAN_POINT('',(224.67560282795,-115.0706147069,-2.));
#6508 = VECTOR('',#6509,1.);
#6509 = DIRECTION('',(0.,0.,1.));
#6510 = ORIENTED_EDGE('',*,*,#6511,.F.);
#6511 = EDGE_CURVE('',#6480,#6504,#6512,.T.);
#6512 = LINE('',#6513,#6514);
#6513 = CARTESIAN_POINT('',(224.67560819632,-115.0706132685,-2.));
#6514 = VECTOR('',#6515,1.);
#6515 = DIRECTION('',(-0.96592653701,-0.258816392642,0.));
#6516 = PLANE('',#6517);
#6517 = AXIS2_PLACEMENT_3D('',#6518,#6519,#6520);
#6518 = CARTESIAN_POINT('',(225.15857293625,-114.9412046779,-2.));
#6519 = DIRECTION('',(0.258816392642,-0.96592653701,0.));
#6520 = DIRECTION('',(-0.96592653701,-0.258816392642,0.));
#6521 = ADVANCED_FACE('',(#6522),#6540,.F.);
#6522 = FACE_BOUND('',#6523,.F.);
#6523 = EDGE_LOOP('',(#6524,#6525,#6526,#6534));
#6524 = ORIENTED_EDGE('',*,*,#6503,.T.);
#6525 = ORIENTED_EDGE('',*,*,#2947,.T.);
#6526 = ORIENTED_EDGE('',*,*,#6527,.F.);
#6527 = EDGE_CURVE('',#6528,#2940,#6530,.T.);
#6528 = VERTEX_POINT('',#6529);
#6529 = CARTESIAN_POINT('',(225.62029248009,-118.5962434086,-2.));
#6530 = LINE('',#6531,#6532);
#6531 = CARTESIAN_POINT('',(225.62029248009,-118.5962434086,-2.));
#6532 = VECTOR('',#6533,1.);
#6533 = DIRECTION('',(0.,0.,1.));
#6534 = ORIENTED_EDGE('',*,*,#6535,.F.);
#6535 = EDGE_CURVE('',#6504,#6528,#6536,.T.);
#6536 = LINE('',#6537,#6538);
#6537 = CARTESIAN_POINT('',(224.54619290325,-114.5876504405,-2.));
#6538 = VECTOR('',#6539,1.);
#6539 = DIRECTION('',(0.258819118897,-0.965925806516,0.));
#6540 = PLANE('',#6541);
#6541 = AXIS2_PLACEMENT_3D('',#6542,#6543,#6544);
#6542 = CARTESIAN_POINT('',(224.67560282795,-115.0706147069,-2.));
#6543 = DIRECTION('',(0.965925806516,0.258819118897,0.));
#6544 = DIRECTION('',(0.258819118897,-0.965925806516,0.));
#6545 = ADVANCED_FACE('',(#6546),#6564,.F.);
#6546 = FACE_BOUND('',#6547,.F.);
#6547 = EDGE_LOOP('',(#6548,#6549,#6550,#6558));
#6548 = ORIENTED_EDGE('',*,*,#6527,.T.);
#6549 = ORIENTED_EDGE('',*,*,#2939,.T.);
#6550 = ORIENTED_EDGE('',*,*,#6551,.F.);
#6551 = EDGE_CURVE('',#6552,#2932,#6554,.T.);
#6552 = VERTEX_POINT('',#6553);
#6553 = CARTESIAN_POINT('',(204.80458949313,-124.173792921,-2.));
#6554 = LINE('',#6555,#6556);
#6555 = CARTESIAN_POINT('',(204.80458949313,-124.173792921,-2.));
#6556 = VECTOR('',#6557,1.);
#6557 = DIRECTION('',(0.,0.,1.));
#6558 = ORIENTED_EDGE('',*,*,#6559,.F.);
#6559 = EDGE_CURVE('',#6528,#6552,#6560,.T.);
#6560 = LINE('',#6561,#6562);
#6561 = CARTESIAN_POINT('',(225.13732949456,-118.7256529206,-2.));
#6562 = VECTOR('',#6563,1.);
#6563 = DIRECTION('',(-0.965925841288,-0.258818989126,0.));
#6564 = PLANE('',#6565);
#6565 = AXIS2_PLACEMENT_3D('',#6566,#6567,#6568);
#6566 = CARTESIAN_POINT('',(225.62029248009,-118.5962434086,-2.));
#6567 = DIRECTION('',(0.258818989126,-0.965925841288,0.));
#6568 = DIRECTION('',(-0.965925841288,-0.258818989126,0.));
#6569 = ADVANCED_FACE('',(#6570),#6588,.F.);
#6570 = FACE_BOUND('',#6571,.F.);
#6571 = EDGE_LOOP('',(#6572,#6573,#6574,#6582));
#6572 = ORIENTED_EDGE('',*,*,#6551,.T.);
#6573 = ORIENTED_EDGE('',*,*,#2931,.T.);
#6574 = ORIENTED_EDGE('',*,*,#6575,.F.);
#6575 = EDGE_CURVE('',#6576,#2924,#6578,.T.);
#6576 = VERTEX_POINT('',#6577);
#6577 = CARTESIAN_POINT('',(185.92074719665,-129.2337022537,-2.));
#6578 = LINE('',#6579,#6580);
#6579 = CARTESIAN_POINT('',(185.92074719665,-129.2337022537,-2.));
#6580 = VECTOR('',#6581,1.);
#6581 = DIRECTION('',(0.,0.,1.));
#6582 = ORIENTED_EDGE('',*,*,#6583,.F.);
#6583 = EDGE_CURVE('',#6552,#6576,#6584,.T.);
#6584 = LINE('',#6585,#6586);
#6585 = CARTESIAN_POINT('',(204.80458949962,-124.1737929192,-2.));
#6586 = VECTOR('',#6587,1.);
#6587 = DIRECTION('',(-0.965925838573,-0.258818999259,0.));
#6588 = PLANE('',#6589);
#6589 = AXIS2_PLACEMENT_3D('',#6590,#6591,#6592);
#6590 = CARTESIAN_POINT('',(204.80458949313,-124.173792921,-2.));
#6591 = DIRECTION('',(0.258818999259,-0.965925838573,0.));
#6592 = DIRECTION('',(-0.965925838573,-0.258818999259,0.));
#6593 = ADVANCED_FACE('',(#6594),#6612,.F.);
#6594 = FACE_BOUND('',#6595,.F.);
#6595 = EDGE_LOOP('',(#6596,#6597,#6598,#6606));
#6596 = ORIENTED_EDGE('',*,*,#6575,.T.);
#6597 = ORIENTED_EDGE('',*,*,#2923,.T.);
#6598 = ORIENTED_EDGE('',*,*,#6599,.F.);
#6599 = EDGE_CURVE('',#6600,#2916,#6602,.T.);
#6600 = VERTEX_POINT('',#6601);
#6601 = CARTESIAN_POINT('',(184.3597370529,-123.4079617172,-2.));
#6602 = LINE('',#6603,#6604);
#6603 = CARTESIAN_POINT('',(184.3597370529,-123.4079617172,-2.));
#6604 = VECTOR('',#6605,1.);
#6605 = DIRECTION('',(0.,0.,1.));
#6606 = ORIENTED_EDGE('',*,*,#6607,.F.);
#6607 = EDGE_CURVE('',#6576,#6600,#6608,.T.);
#6608 = LINE('',#6609,#6610);
#6609 = CARTESIAN_POINT('',(185.79133724585,-128.7507401159,-2.));
#6610 = VECTOR('',#6611,1.);
#6611 = DIRECTION('',(-0.258820231884,0.965925508291,0.));
#6612 = PLANE('',#6613);
#6613 = AXIS2_PLACEMENT_3D('',#6614,#6615,#6616);
#6614 = CARTESIAN_POINT('',(185.92074719665,-129.2337022537,-2.));
#6615 = DIRECTION('',(-0.965925508291,-0.258820231884,0.));
#6616 = DIRECTION('',(-0.258820231884,0.965925508291,0.));
#6617 = ADVANCED_FACE('',(#6618),#6636,.F.);
#6618 = FACE_BOUND('',#6619,.F.);
#6619 = EDGE_LOOP('',(#6620,#6621,#6622,#6630));
#6620 = ORIENTED_EDGE('',*,*,#6599,.T.);
#6621 = ORIENTED_EDGE('',*,*,#2915,.T.);
#6622 = ORIENTED_EDGE('',*,*,#6623,.F.);
#6623 = EDGE_CURVE('',#6624,#2908,#6626,.T.);
#6624 = VERTEX_POINT('',#6625);
#6625 = CARTESIAN_POINT('',(182.22021652413,-123.9812418589,-2.));
#6626 = LINE('',#6627,#6628);
#6627 = CARTESIAN_POINT('',(182.22021652413,-123.9812418589,-2.));
#6628 = VECTOR('',#6629,1.);
#6629 = DIRECTION('',(0.,0.,1.));
#6630 = ORIENTED_EDGE('',*,*,#6631,.F.);
#6631 = EDGE_CURVE('',#6600,#6624,#6632,.T.);
#6632 = LINE('',#6633,#6634);
#6633 = CARTESIAN_POINT('',(184.84269896312,-123.278553063,-2.));
#6634 = VECTOR('',#6635,1.);
#6635 = DIRECTION('',(-0.965926126085,-0.258817926246,0.));
#6636 = PLANE('',#6637);
#6637 = AXIS2_PLACEMENT_3D('',#6638,#6639,#6640);
#6638 = CARTESIAN_POINT('',(184.3597370529,-123.4079617172,-2.));
#6639 = DIRECTION('',(0.258817926246,-0.965926126085,0.));
#6640 = DIRECTION('',(-0.965926126085,-0.258817926246,0.));
#6641 = ADVANCED_FACE('',(#6642),#6660,.F.);
#6642 = FACE_BOUND('',#6643,.F.);
#6643 = EDGE_LOOP('',(#6644,#6645,#6646,#6654));
#6644 = ORIENTED_EDGE('',*,*,#6623,.T.);
#6645 = ORIENTED_EDGE('',*,*,#2907,.T.);
#6646 = ORIENTED_EDGE('',*,*,#6647,.F.);
#6647 = EDGE_CURVE('',#6648,#2900,#6650,.T.);
#6648 = VERTEX_POINT('',#6649);
#6649 = CARTESIAN_POINT('',(173.47212719857,-91.33294550296,-2.));
#6650 = LINE('',#6651,#6652);
#6651 = CARTESIAN_POINT('',(173.47212719857,-91.33294550296,-2.));
#6652 = VECTOR('',#6653,1.);
#6653 = DIRECTION('',(0.,0.,1.));
#6654 = ORIENTED_EDGE('',*,*,#6655,.F.);
#6655 = EDGE_CURVE('',#6624,#6648,#6656,.T.);
#6656 = LINE('',#6657,#6658);
#6657 = CARTESIAN_POINT('',(182.09080710417,-123.4982795871,-2.));
#6658 = VECTOR('',#6659,1.);
#6659 = DIRECTION('',(-0.258819174364,0.965925791654,0.));
#6660 = PLANE('',#6661);
#6661 = AXIS2_PLACEMENT_3D('',#6662,#6663,#6664);
#6662 = CARTESIAN_POINT('',(182.22021652413,-123.9812418589,-2.));
#6663 = DIRECTION('',(-0.965925791654,-0.258819174364,0.));
#6664 = DIRECTION('',(-0.258819174364,0.965925791654,0.));
#6665 = ADVANCED_FACE('',(#6666),#6684,.F.);
#6666 = FACE_BOUND('',#6667,.F.);
#6667 = EDGE_LOOP('',(#6668,#6669,#6670,#6678));
#6668 = ORIENTED_EDGE('',*,*,#6647,.T.);
#6669 = ORIENTED_EDGE('',*,*,#2899,.T.);
#6670 = ORIENTED_EDGE('',*,*,#6671,.F.);
#6671 = EDGE_CURVE('',#6672,#2892,#6674,.T.);
#6672 = VERTEX_POINT('',#6673);
#6673 = CARTESIAN_POINT('',(175.61165723603,-90.75966549292,-2.));
#6674 = LINE('',#6675,#6676);
#6675 = CARTESIAN_POINT('',(175.61165723603,-90.75966549292,-2.));
#6676 = VECTOR('',#6677,1.);
#6677 = DIRECTION('',(0.,0.,1.));
#6678 = ORIENTED_EDGE('',*,*,#6679,.F.);
#6679 = EDGE_CURVE('',#6648,#6672,#6680,.T.);
#6680 = LINE('',#6681,#6682);
#6681 = CARTESIAN_POINT('',(173.9550916012,-91.20353678574,-2.));
#6682 = VECTOR('',#6683,1.);
#6683 = DIRECTION('',(0.965926428507,0.258816797584,0.));
#6684 = PLANE('',#6685);
#6685 = AXIS2_PLACEMENT_3D('',#6686,#6687,#6688);
#6686 = CARTESIAN_POINT('',(173.47212719857,-91.33294550296,-2.));
#6687 = DIRECTION('',(-0.258816797584,0.965926428507,0.));
#6688 = DIRECTION('',(0.965926428507,0.258816797584,0.));
#6689 = ADVANCED_FACE('',(#6690),#6708,.F.);
#6690 = FACE_BOUND('',#6691,.F.);
#6691 = EDGE_LOOP('',(#6692,#6693,#6694,#6702));
#6692 = ORIENTED_EDGE('',*,*,#6671,.T.);
#6693 = ORIENTED_EDGE('',*,*,#2891,.T.);
#6694 = ORIENTED_EDGE('',*,*,#6695,.F.);
#6695 = EDGE_CURVE('',#6696,#2884,#6698,.T.);
#6696 = VERTEX_POINT('',#6697);
#6697 = CARTESIAN_POINT('',(174.05065757768,-84.93393676802,-2.));
#6698 = LINE('',#6699,#6700);
#6699 = CARTESIAN_POINT('',(174.05065757768,-84.93393676802,-2.));
#6700 = VECTOR('',#6701,1.);
#6701 = DIRECTION('',(0.,0.,1.));
#6702 = ORIENTED_EDGE('',*,*,#6703,.F.);
#6703 = EDGE_CURVE('',#6672,#6696,#6704,.T.);
#6704 = LINE('',#6705,#6706);
#6705 = CARTESIAN_POINT('',(175.74106709413,-91.24262954971,-2.));
#6706 = VECTOR('',#6707,1.);
#6707 = DIRECTION('',(-0.258819099429,0.965925811732,0.));
#6708 = PLANE('',#6709);
#6709 = AXIS2_PLACEMENT_3D('',#6710,#6711,#6712);
#6710 = CARTESIAN_POINT('',(175.61165723603,-90.75966549292,-2.));
#6711 = DIRECTION('',(-0.965925811732,-0.258819099429,0.));
#6712 = DIRECTION('',(-0.258819099429,0.965925811732,0.));
#6713 = ADVANCED_FACE('',(#6714),#6732,.F.);
#6714 = FACE_BOUND('',#6715,.F.);
#6715 = EDGE_LOOP('',(#6716,#6717,#6718,#6726));
#6716 = ORIENTED_EDGE('',*,*,#6695,.T.);
#6717 = ORIENTED_EDGE('',*,*,#2883,.T.);
#6718 = ORIENTED_EDGE('',*,*,#6719,.F.);
#6719 = EDGE_CURVE('',#6720,#2876,#6722,.T.);
#6720 = VERTEX_POINT('',#6721);
#6721 = CARTESIAN_POINT('',(188.99999999999,-80.92826751792,-2.));
#6722 = LINE('',#6723,#6724);
#6723 = CARTESIAN_POINT('',(188.99999999999,-80.92826751792,-2.));
#6724 = VECTOR('',#6725,1.);
#6725 = DIRECTION('',(0.,0.,1.));
#6726 = ORIENTED_EDGE('',*,*,#6727,.F.);
#6727 = EDGE_CURVE('',#6696,#6720,#6728,.T.);
#6728 = LINE('',#6729,#6730);
#6729 = CARTESIAN_POINT('',(174.53362032611,-84.8045271274,-2.));
#6730 = VECTOR('',#6731,1.);
#6731 = DIRECTION('',(0.965925745189,0.258819347773,0.));
#6732 = PLANE('',#6733);
#6733 = AXIS2_PLACEMENT_3D('',#6734,#6735,#6736);
#6734 = CARTESIAN_POINT('',(174.05065757768,-84.93393676802,-2.));
#6735 = DIRECTION('',(-0.258819347773,0.965925745189,0.));
#6736 = DIRECTION('',(0.965925745189,0.258819347773,0.));
#6737 = ADVANCED_FACE('',(#6738),#6756,.F.);
#6738 = FACE_BOUND('',#6739,.F.);
#6739 = EDGE_LOOP('',(#6740,#6741,#6742,#6750));
#6740 = ORIENTED_EDGE('',*,*,#6719,.T.);
#6741 = ORIENTED_EDGE('',*,*,#2875,.T.);
#6742 = ORIENTED_EDGE('',*,*,#6743,.F.);
#6743 = EDGE_CURVE('',#6744,#2868,#6746,.T.);
#6744 = VERTEX_POINT('',#6745);
#6745 = CARTESIAN_POINT('',(189.,-76.7475,-2.));
#6746 = LINE('',#6747,#6748);
#6747 = CARTESIAN_POINT('',(189.,-76.7475,-2.));
#6748 = VECTOR('',#6749,1.);
#6749 = DIRECTION('',(0.,0.,1.));
#6750 = ORIENTED_EDGE('',*,*,#6751,.F.);
#6751 = EDGE_CURVE('',#6720,#6744,#6752,.T.);
#6752 = LINE('',#6753,#6754);
#6753 = CARTESIAN_POINT('',(189.,-81.01,-2.));
#6754 = VECTOR('',#6755,1.);
#6755 = DIRECTION('',(0.,1.,0.));
#6756 = PLANE('',#6757);
#6757 = AXIS2_PLACEMENT_3D('',#6758,#6759,#6760);
#6758 = CARTESIAN_POINT('',(189.,-80.92826751793,-2.));
#6759 = DIRECTION('',(-1.,0.,0.));
#6760 = DIRECTION('',(0.,1.,0.));
#6761 = ADVANCED_FACE('',(#6762),#6780,.F.);
#6762 = FACE_BOUND('',#6763,.F.);
#6763 = EDGE_LOOP('',(#6764,#6765,#6766,#6774));
#6764 = ORIENTED_EDGE('',*,*,#6743,.T.);
#6765 = ORIENTED_EDGE('',*,*,#2867,.T.);
#6766 = ORIENTED_EDGE('',*,*,#6767,.F.);
#6767 = EDGE_CURVE('',#6768,#2860,#6770,.T.);
#6768 = VERTEX_POINT('',#6769);
#6769 = CARTESIAN_POINT('',(169.95,-76.7475,-2.));
#6770 = LINE('',#6771,#6772);
#6771 = CARTESIAN_POINT('',(169.95,-76.7475,-2.));
#6772 = VECTOR('',#6773,1.);
#6773 = DIRECTION('',(0.,0.,1.));
#6774 = ORIENTED_EDGE('',*,*,#6775,.F.);
#6775 = EDGE_CURVE('',#6744,#6768,#6776,.T.);
#6776 = LINE('',#6777,#6778);
#6777 = CARTESIAN_POINT('',(189.5,-76.7475,-2.));
#6778 = VECTOR('',#6779,1.);
#6779 = DIRECTION('',(-1.,0.,0.));
#6780 = PLANE('',#6781);
#6781 = AXIS2_PLACEMENT_3D('',#6782,#6783,#6784);
#6782 = CARTESIAN_POINT('',(189.,-76.7475,-2.));
#6783 = DIRECTION('',(0.,-1.,0.));
#6784 = DIRECTION('',(-1.,0.,0.));
#6785 = ADVANCED_FACE('',(#6786),#6804,.F.);
#6786 = FACE_BOUND('',#6787,.F.);
#6787 = EDGE_LOOP('',(#6788,#6789,#6790,#6798));
#6788 = ORIENTED_EDGE('',*,*,#6767,.T.);
#6789 = ORIENTED_EDGE('',*,*,#2859,.T.);
#6790 = ORIENTED_EDGE('',*,*,#6791,.F.);
#6791 = EDGE_CURVE('',#6792,#2852,#6794,.T.);
#6792 = VERTEX_POINT('',#6793);
#6793 = CARTESIAN_POINT('',(169.95,-70.7225,-2.));
#6794 = LINE('',#6795,#6796);
#6795 = CARTESIAN_POINT('',(169.95,-70.7225,-2.));
#6796 = VECTOR('',#6797,1.);
#6797 = DIRECTION('',(0.,0.,1.));
#6798 = ORIENTED_EDGE('',*,*,#6799,.F.);
#6799 = EDGE_CURVE('',#6768,#6792,#6800,.T.);
#6800 = LINE('',#6801,#6802);
#6801 = CARTESIAN_POINT('',(169.95,-76.2475,-2.));
#6802 = VECTOR('',#6803,1.);
#6803 = DIRECTION('',(0.,1.,0.));
#6804 = PLANE('',#6805);
#6805 = AXIS2_PLACEMENT_3D('',#6806,#6807,#6808);
#6806 = CARTESIAN_POINT('',(169.95,-76.7475,-2.));
#6807 = DIRECTION('',(-1.,0.,0.));
#6808 = DIRECTION('',(0.,1.,0.));
#6809 = ADVANCED_FACE('',(#6810),#6828,.F.);
#6810 = FACE_BOUND('',#6811,.F.);
#6811 = EDGE_LOOP('',(#6812,#6813,#6814,#6822));
#6812 = ORIENTED_EDGE('',*,*,#6791,.T.);
#6813 = ORIENTED_EDGE('',*,*,#2851,.T.);
#6814 = ORIENTED_EDGE('',*,*,#6815,.F.);
#6815 = EDGE_CURVE('',#6816,#2844,#6818,.T.);
#6816 = VERTEX_POINT('',#6817);
#6817 = CARTESIAN_POINT('',(169.325,-70.7225,-2.));
#6818 = LINE('',#6819,#6820);
#6819 = CARTESIAN_POINT('',(169.325,-70.7225,-2.));
#6820 = VECTOR('',#6821,1.);
#6821 = DIRECTION('',(0.,0.,1.));
#6822 = ORIENTED_EDGE('',*,*,#6823,.F.);
#6823 = EDGE_CURVE('',#6792,#6816,#6824,.T.);
#6824 = LINE('',#6825,#6826);
#6825 = CARTESIAN_POINT('',(170.45,-70.7225,-2.));
#6826 = VECTOR('',#6827,1.);
#6827 = DIRECTION('',(-1.,0.,0.));
#6828 = PLANE('',#6829);
#6829 = AXIS2_PLACEMENT_3D('',#6830,#6831,#6832);
#6830 = CARTESIAN_POINT('',(169.95,-70.7225,-2.));
#6831 = DIRECTION('',(0.,-1.,0.));
#6832 = DIRECTION('',(-1.,0.,0.));
#6833 = ADVANCED_FACE('',(#6834),#6852,.F.);
#6834 = FACE_BOUND('',#6835,.F.);
#6835 = EDGE_LOOP('',(#6836,#6837,#6838,#6846));
#6836 = ORIENTED_EDGE('',*,*,#6815,.T.);
#6837 = ORIENTED_EDGE('',*,*,#2843,.T.);
#6838 = ORIENTED_EDGE('',*,*,#6839,.F.);
#6839 = EDGE_CURVE('',#6840,#2836,#6842,.T.);
#6840 = VERTEX_POINT('',#6841);
#6841 = CARTESIAN_POINT('',(169.325,-56.1025,-2.));
#6842 = LINE('',#6843,#6844);
#6843 = CARTESIAN_POINT('',(169.325,-56.1025,-2.));
#6844 = VECTOR('',#6845,1.);
#6845 = DIRECTION('',(0.,0.,1.));
#6846 = ORIENTED_EDGE('',*,*,#6847,.F.);
#6847 = EDGE_CURVE('',#6816,#6840,#6848,.T.);
#6848 = LINE('',#6849,#6850);
#6849 = CARTESIAN_POINT('',(169.325,-70.2225,-2.));
#6850 = VECTOR('',#6851,1.);
#6851 = DIRECTION('',(0.,1.,0.));
#6852 = PLANE('',#6853);
#6853 = AXIS2_PLACEMENT_3D('',#6854,#6855,#6856);
#6854 = CARTESIAN_POINT('',(169.325,-70.7225,-2.));
#6855 = DIRECTION('',(-1.,0.,0.));
#6856 = DIRECTION('',(0.,1.,0.));
#6857 = ADVANCED_FACE('',(#6858),#6876,.F.);
#6858 = FACE_BOUND('',#6859,.F.);
#6859 = EDGE_LOOP('',(#6860,#6861,#6862,#6870));
#6860 = ORIENTED_EDGE('',*,*,#6839,.T.);
#6861 = ORIENTED_EDGE('',*,*,#2835,.T.);
#6862 = ORIENTED_EDGE('',*,*,#6863,.F.);
#6863 = EDGE_CURVE('',#6864,#2828,#6866,.T.);
#6864 = VERTEX_POINT('',#6865);
#6865 = CARTESIAN_POINT('',(169.95,-56.1025,-2.));
#6866 = LINE('',#6867,#6868);
#6867 = CARTESIAN_POINT('',(169.95,-56.1025,-2.));
#6868 = VECTOR('',#6869,1.);
#6869 = DIRECTION('',(0.,0.,1.));
#6870 = ORIENTED_EDGE('',*,*,#6871,.F.);
#6871 = EDGE_CURVE('',#6840,#6864,#6872,.T.);
#6872 = LINE('',#6873,#6874);
#6873 = CARTESIAN_POINT('',(169.825,-56.1025,-2.));
#6874 = VECTOR('',#6875,1.);
#6875 = DIRECTION('',(1.,0.,0.));
#6876 = PLANE('',#6877);
#6877 = AXIS2_PLACEMENT_3D('',#6878,#6879,#6880);
#6878 = CARTESIAN_POINT('',(169.325,-56.1025,-2.));
#6879 = DIRECTION('',(0.,1.,0.));
#6880 = DIRECTION('',(1.,0.,0.));
#6881 = ADVANCED_FACE('',(#6882),#6900,.F.);
#6882 = FACE_BOUND('',#6883,.F.);
#6883 = EDGE_LOOP('',(#6884,#6885,#6886,#6894));
#6884 = ORIENTED_EDGE('',*,*,#6863,.T.);
#6885 = ORIENTED_EDGE('',*,*,#2827,.T.);
#6886 = ORIENTED_EDGE('',*,*,#6887,.F.);
#6887 = EDGE_CURVE('',#6888,#2820,#6890,.T.);
#6888 = VERTEX_POINT('',#6889);
#6889 = CARTESIAN_POINT('',(169.95,-52.625,-2.));
#6890 = LINE('',#6891,#6892);
#6891 = CARTESIAN_POINT('',(169.95,-52.625,-2.));
#6892 = VECTOR('',#6893,1.);
#6893 = DIRECTION('',(0.,0.,1.));
#6894 = ORIENTED_EDGE('',*,*,#6895,.F.);
#6895 = EDGE_CURVE('',#6864,#6888,#6896,.T.);
#6896 = LINE('',#6897,#6898);
#6897 = CARTESIAN_POINT('',(169.95,-56.6025,-2.));
#6898 = VECTOR('',#6899,1.);
#6899 = DIRECTION('',(0.,1.,0.));
#6900 = PLANE('',#6901);
#6901 = AXIS2_PLACEMENT_3D('',#6902,#6903,#6904);
#6902 = CARTESIAN_POINT('',(169.95,-56.1025,-2.));
#6903 = DIRECTION('',(-1.,0.,0.));
#6904 = DIRECTION('',(0.,1.,0.));
#6905 = ADVANCED_FACE('',(#6906),#6924,.F.);
#6906 = FACE_BOUND('',#6907,.F.);
#6907 = EDGE_LOOP('',(#6908,#6909,#6910,#6918));
#6908 = ORIENTED_EDGE('',*,*,#6887,.T.);
#6909 = ORIENTED_EDGE('',*,*,#2819,.T.);
#6910 = ORIENTED_EDGE('',*,*,#6911,.F.);
#6911 = EDGE_CURVE('',#6912,#2812,#6914,.T.);
#6912 = VERTEX_POINT('',#6913);
#6913 = CARTESIAN_POINT('',(169.325,-52.625,-2.));
#6914 = LINE('',#6915,#6916);
#6915 = CARTESIAN_POINT('',(169.325,-52.625,-2.));
#6916 = VECTOR('',#6917,1.);
#6917 = DIRECTION('',(0.,0.,1.));
#6918 = ORIENTED_EDGE('',*,*,#6919,.F.);
#6919 = EDGE_CURVE('',#6888,#6912,#6920,.T.);
#6920 = LINE('',#6921,#6922);
#6921 = CARTESIAN_POINT('',(170.45,-52.625,-2.));
#6922 = VECTOR('',#6923,1.);
#6923 = DIRECTION('',(-1.,0.,0.));
#6924 = PLANE('',#6925);
#6925 = AXIS2_PLACEMENT_3D('',#6926,#6927,#6928);
#6926 = CARTESIAN_POINT('',(169.95,-52.625,-2.));
#6927 = DIRECTION('',(0.,-1.,0.));
#6928 = DIRECTION('',(-1.,0.,0.));
#6929 = ADVANCED_FACE('',(#6930),#6948,.F.);
#6930 = FACE_BOUND('',#6931,.F.);
#6931 = EDGE_LOOP('',(#6932,#6933,#6934,#6942));
#6932 = ORIENTED_EDGE('',*,*,#6911,.T.);
#6933 = ORIENTED_EDGE('',*,*,#2811,.T.);
#6934 = ORIENTED_EDGE('',*,*,#6935,.F.);
#6935 = EDGE_CURVE('',#6936,#2804,#6938,.T.);
#6936 = VERTEX_POINT('',#6937);
#6937 = CARTESIAN_POINT('',(169.325,-38.005,-2.));
#6938 = LINE('',#6939,#6940);
#6939 = CARTESIAN_POINT('',(169.325,-38.005,-2.));
#6940 = VECTOR('',#6941,1.);
#6941 = DIRECTION('',(0.,0.,1.));
#6942 = ORIENTED_EDGE('',*,*,#6943,.F.);
#6943 = EDGE_CURVE('',#6912,#6936,#6944,.T.);
#6944 = LINE('',#6945,#6946);
#6945 = CARTESIAN_POINT('',(169.325,-52.125,-2.));
#6946 = VECTOR('',#6947,1.);
#6947 = DIRECTION('',(0.,1.,0.));
#6948 = PLANE('',#6949);
#6949 = AXIS2_PLACEMENT_3D('',#6950,#6951,#6952);
#6950 = CARTESIAN_POINT('',(169.325,-52.625,-2.));
#6951 = DIRECTION('',(-1.,0.,0.));
#6952 = DIRECTION('',(0.,1.,0.));
#6953 = ADVANCED_FACE('',(#6954),#6972,.F.);
#6954 = FACE_BOUND('',#6955,.F.);
#6955 = EDGE_LOOP('',(#6956,#6957,#6958,#6966));
#6956 = ORIENTED_EDGE('',*,*,#6935,.T.);
#6957 = ORIENTED_EDGE('',*,*,#2803,.T.);
#6958 = ORIENTED_EDGE('',*,*,#6959,.F.);
#6959 = EDGE_CURVE('',#6960,#2796,#6962,.T.);
#6960 = VERTEX_POINT('',#6961);
#6961 = CARTESIAN_POINT('',(169.95,-38.005,-2.));
#6962 = LINE('',#6963,#6964);
#6963 = CARTESIAN_POINT('',(169.95,-38.005,-2.));
#6964 = VECTOR('',#6965,1.);
#6965 = DIRECTION('',(0.,0.,1.));
#6966 = ORIENTED_EDGE('',*,*,#6967,.F.);
#6967 = EDGE_CURVE('',#6936,#6960,#6968,.T.);
#6968 = LINE('',#6969,#6970);
#6969 = CARTESIAN_POINT('',(169.825,-38.005,-2.));
#6970 = VECTOR('',#6971,1.);
#6971 = DIRECTION('',(1.,0.,0.));
#6972 = PLANE('',#6973);
#6973 = AXIS2_PLACEMENT_3D('',#6974,#6975,#6976);
#6974 = CARTESIAN_POINT('',(169.325,-38.005,-2.));
#6975 = DIRECTION('',(0.,1.,0.));
#6976 = DIRECTION('',(1.,0.,0.));
#6977 = ADVANCED_FACE('',(#6978),#6996,.F.);
#6978 = FACE_BOUND('',#6979,.F.);
#6979 = EDGE_LOOP('',(#6980,#6981,#6982,#6990));
#6980 = ORIENTED_EDGE('',*,*,#6959,.T.);
#6981 = ORIENTED_EDGE('',*,*,#2795,.T.);
#6982 = ORIENTED_EDGE('',*,*,#6983,.F.);
#6983 = EDGE_CURVE('',#6984,#2788,#6986,.T.);
#6984 = VERTEX_POINT('',#6985);
#6985 = CARTESIAN_POINT('',(169.95,-36.95679374358,-2.));
#6986 = LINE('',#6987,#6988);
#6987 = CARTESIAN_POINT('',(169.95,-36.95679374358,-2.));
#6988 = VECTOR('',#6989,1.);
#6989 = DIRECTION('',(0.,0.,1.));
#6990 = ORIENTED_EDGE('',*,*,#6991,.F.);
#6991 = EDGE_CURVE('',#6960,#6984,#6992,.T.);
#6992 = LINE('',#6993,#6994);
#6993 = CARTESIAN_POINT('',(169.95,-38.505,-2.));
#6994 = VECTOR('',#6995,1.);
#6995 = DIRECTION('',(0.,1.,0.));
#6996 = PLANE('',#6997);
#6997 = AXIS2_PLACEMENT_3D('',#6998,#6999,#7000);
#6998 = CARTESIAN_POINT('',(169.95,-38.005,-2.));
#6999 = DIRECTION('',(-1.,0.,0.));
#7000 = DIRECTION('',(0.,1.,0.));
#7001 = ADVANCED_FACE('',(#7002),#7020,.F.);
#7002 = FACE_BOUND('',#7003,.F.);
#7003 = EDGE_LOOP('',(#7004,#7005,#7006,#7014));
#7004 = ORIENTED_EDGE('',*,*,#6983,.T.);
#7005 = ORIENTED_EDGE('',*,*,#2787,.T.);
#7006 = ORIENTED_EDGE('',*,*,#7007,.F.);
#7007 = EDGE_CURVE('',#7008,#2780,#7010,.T.);
#7008 = VERTEX_POINT('',#7009);
#7009 = CARTESIAN_POINT('',(170.595,-36.01979374358,-2.));
#7010 = LINE('',#7011,#7012);
#7011 = CARTESIAN_POINT('',(170.595,-36.01979374358,-2.));
#7012 = VECTOR('',#7013,1.);
#7013 = DIRECTION('',(0.,0.,1.));
#7014 = ORIENTED_EDGE('',*,*,#7015,.F.);
#7015 = EDGE_CURVE('',#6984,#7008,#7016,.T.);
#7016 = LINE('',#7017,#7018);
#7017 = CARTESIAN_POINT('',(170.03814583343,-36.82874312974,-2.));
#7018 = VECTOR('',#7019,1.);
#7019 = DIRECTION('',(0.567013740519,0.823708333127,0.));
#7020 = PLANE('',#7021);
#7021 = AXIS2_PLACEMENT_3D('',#7022,#7023,#7024);
#7022 = CARTESIAN_POINT('',(169.95,-36.95679374358,-2.));
#7023 = DIRECTION('',(-0.823708333127,0.567013740519,0.));
#7024 = DIRECTION('',(0.567013740519,0.823708333127,0.));
#7025 = ADVANCED_FACE('',(#7026),#7044,.F.);
#7026 = FACE_BOUND('',#7027,.F.);
#7027 = EDGE_LOOP('',(#7028,#7029,#7030,#7038));
#7028 = ORIENTED_EDGE('',*,*,#7007,.T.);
#7029 = ORIENTED_EDGE('',*,*,#2779,.T.);
#7030 = ORIENTED_EDGE('',*,*,#7031,.F.);
#7031 = EDGE_CURVE('',#7032,#2772,#7034,.T.);
#7032 = VERTEX_POINT('',#7033);
#7033 = CARTESIAN_POINT('',(170.595,-23.6575,-2.));
#7034 = LINE('',#7035,#7036);
#7035 = CARTESIAN_POINT('',(170.595,-23.6575,-2.));
#7036 = VECTOR('',#7037,1.);
#7037 = DIRECTION('',(0.,0.,1.));
#7038 = ORIENTED_EDGE('',*,*,#7039,.F.);
#7039 = EDGE_CURVE('',#7008,#7032,#7040,.T.);
#7040 = LINE('',#7041,#7042);
#7041 = CARTESIAN_POINT('',(170.595,-36.17525,-2.));
#7042 = VECTOR('',#7043,1.);
#7043 = DIRECTION('',(0.,1.,0.));
#7044 = PLANE('',#7045);
#7045 = AXIS2_PLACEMENT_3D('',#7046,#7047,#7048);
#7046 = CARTESIAN_POINT('',(170.595,-36.01979374358,-2.));
#7047 = DIRECTION('',(-1.,0.,0.));
#7048 = DIRECTION('',(0.,1.,0.));
#7049 = ADVANCED_FACE('',(#7050),#7068,.F.);
#7050 = FACE_BOUND('',#7051,.F.);
#7051 = EDGE_LOOP('',(#7052,#7053,#7054,#7062));
#7052 = ORIENTED_EDGE('',*,*,#7031,.T.);
#7053 = ORIENTED_EDGE('',*,*,#2771,.T.);
#7054 = ORIENTED_EDGE('',*,*,#7055,.F.);
#7055 = EDGE_CURVE('',#7056,#2764,#7058,.T.);
#7056 = VERTEX_POINT('',#7057);
#7057 = CARTESIAN_POINT('',(169.274,-23.6575,-2.));
#7058 = LINE('',#7059,#7060);
#7059 = CARTESIAN_POINT('',(169.274,-23.6575,-2.));
#7060 = VECTOR('',#7061,1.);
#7061 = DIRECTION('',(0.,0.,1.));
#7062 = ORIENTED_EDGE('',*,*,#7063,.F.);
#7063 = EDGE_CURVE('',#7032,#7056,#7064,.T.);
#7064 = LINE('',#7065,#7066);
#7065 = CARTESIAN_POINT('',(171.095,-23.6575,-2.));
#7066 = VECTOR('',#7067,1.);
#7067 = DIRECTION('',(-1.,0.,0.));
#7068 = PLANE('',#7069);
#7069 = AXIS2_PLACEMENT_3D('',#7070,#7071,#7072);
#7070 = CARTESIAN_POINT('',(170.595,-23.6575,-2.));
#7071 = DIRECTION('',(0.,-1.,0.));
#7072 = DIRECTION('',(-1.,0.,0.));
#7073 = ADVANCED_FACE('',(#7074,#7092),#7126,.F.);
#7074 = FACE_BOUND('',#7075,.F.);
#7075 = EDGE_LOOP('',(#7076,#7077,#7078,#7086));
#7076 = ORIENTED_EDGE('',*,*,#7055,.T.);
#7077 = ORIENTED_EDGE('',*,*,#2763,.T.);
#7078 = ORIENTED_EDGE('',*,*,#7079,.F.);
#7079 = EDGE_CURVE('',#7080,#2756,#7082,.T.);
#7080 = VERTEX_POINT('',#7081);
#7081 = CARTESIAN_POINT('',(169.274,1.8925,-2.));
#7082 = LINE('',#7083,#7084);
#7083 = CARTESIAN_POINT('',(169.274,1.8925,-2.));
#7084 = VECTOR('',#7085,1.);
#7085 = DIRECTION('',(0.,0.,1.));
#7086 = ORIENTED_EDGE('',*,*,#7087,.F.);
#7087 = EDGE_CURVE('',#7056,#7080,#7088,.T.);
#7088 = LINE('',#7089,#7090);
#7089 = CARTESIAN_POINT('',(169.274,-23.1575,-2.));
#7090 = VECTOR('',#7091,1.);
#7091 = DIRECTION('',(0.,1.,0.));
#7092 = FACE_BOUND('',#7093,.F.);
#7093 = EDGE_LOOP('',(#7094,#7104,#7112,#7120));
#7094 = ORIENTED_EDGE('',*,*,#7095,.F.);
#7095 = EDGE_CURVE('',#7096,#7098,#7100,.T.);
#7096 = VERTEX_POINT('',#7097);
#7097 = CARTESIAN_POINT('',(169.274,-16.6075,5.3));
#7098 = VERTEX_POINT('',#7099);
#7099 = CARTESIAN_POINT('',(169.274,-6.6075,5.3));
#7100 = LINE('',#7101,#7102);
#7101 = CARTESIAN_POINT('',(169.274,-20.1325,5.3));
#7102 = VECTOR('',#7103,1.);
#7103 = DIRECTION('',(0.,1.,0.));
#7104 = ORIENTED_EDGE('',*,*,#7105,.T.);
#7105 = EDGE_CURVE('',#7096,#7106,#7108,.T.);
#7106 = VERTEX_POINT('',#7107);
#7107 = CARTESIAN_POINT('',(169.274,-16.6075,0.3));
#7108 = LINE('',#7109,#7110);
#7109 = CARTESIAN_POINT('',(169.274,-16.6075,-0.85));
#7110 = VECTOR('',#7111,1.);
#7111 = DIRECTION('',(0.,0.,-1.));
#7112 = ORIENTED_EDGE('',*,*,#7113,.T.);
#7113 = EDGE_CURVE('',#7106,#7114,#7116,.T.);
#7114 = VERTEX_POINT('',#7115);
#7115 = CARTESIAN_POINT('',(169.274,-6.6075,0.3));
#7116 = LINE('',#7117,#7118);
#7117 = CARTESIAN_POINT('',(169.274,-20.1325,0.3));
#7118 = VECTOR('',#7119,1.);
#7119 = DIRECTION('',(0.,1.,0.));
#7120 = ORIENTED_EDGE('',*,*,#7121,.F.);
#7121 = EDGE_CURVE('',#7098,#7114,#7122,.T.);
#7122 = LINE('',#7123,#7124);
#7123 = CARTESIAN_POINT('',(169.274,-6.6075,-0.85));
#7124 = VECTOR('',#7125,1.);
#7125 = DIRECTION('',(0.,0.,-1.));
#7126 = PLANE('',#7127);
#7127 = AXIS2_PLACEMENT_3D('',#7128,#7129,#7130);
#7128 = CARTESIAN_POINT('',(169.274,-23.6575,-2.));
#7129 = DIRECTION('',(-1.,0.,0.));
#7130 = DIRECTION('',(0.,1.,0.));
#7131 = ADVANCED_FACE('',(#7132),#7150,.F.);
#7132 = FACE_BOUND('',#7133,.F.);
#7133 = EDGE_LOOP('',(#7134,#7135,#7136,#7144));
#7134 = ORIENTED_EDGE('',*,*,#7079,.T.);
#7135 = ORIENTED_EDGE('',*,*,#2755,.T.);
#7136 = ORIENTED_EDGE('',*,*,#7137,.F.);
#7137 = EDGE_CURVE('',#7138,#2748,#7140,.T.);
#7138 = VERTEX_POINT('',#7139);
#7139 = CARTESIAN_POINT('',(190.816,1.8925,-2.));
#7140 = LINE('',#7141,#7142);
#7141 = CARTESIAN_POINT('',(190.816,1.8925,-2.));
#7142 = VECTOR('',#7143,1.);
#7143 = DIRECTION('',(0.,0.,1.));
#7144 = ORIENTED_EDGE('',*,*,#7145,.F.);
#7145 = EDGE_CURVE('',#7080,#7138,#7146,.T.);
#7146 = LINE('',#7147,#7148);
#7147 = CARTESIAN_POINT('',(169.774,1.8925,-2.));
#7148 = VECTOR('',#7149,1.);
#7149 = DIRECTION('',(1.,0.,0.));
#7150 = PLANE('',#7151);
#7151 = AXIS2_PLACEMENT_3D('',#7152,#7153,#7154);
#7152 = CARTESIAN_POINT('',(169.274,1.8925,-2.));
#7153 = DIRECTION('',(0.,1.,0.));
#7154 = DIRECTION('',(1.,0.,0.));
#7155 = ADVANCED_FACE('',(#7156),#7167,.F.);
#7156 = FACE_BOUND('',#7157,.F.);
#7157 = EDGE_LOOP('',(#7158,#7159,#7160,#7161));
#7158 = ORIENTED_EDGE('',*,*,#7137,.T.);
#7159 = ORIENTED_EDGE('',*,*,#2747,.T.);
#7160 = ORIENTED_EDGE('',*,*,#5774,.F.);
#7161 = ORIENTED_EDGE('',*,*,#7162,.F.);
#7162 = EDGE_CURVE('',#7138,#5775,#7163,.T.);
#7163 = LINE('',#7164,#7165);
#7164 = CARTESIAN_POINT('',(190.816,1.3925,-2.));
#7165 = VECTOR('',#7166,1.);
#7166 = DIRECTION('',(0.,-1.,0.));
#7167 = PLANE('',#7168);
#7168 = AXIS2_PLACEMENT_3D('',#7169,#7170,#7171);
#7169 = CARTESIAN_POINT('',(190.816,1.8925,-2.));
#7170 = DIRECTION('',(1.,0.,0.));
#7171 = DIRECTION('',(0.,-1.,0.));
#7172 = ADVANCED_FACE('',(#7173),#7184,.T.);
#7173 = FACE_BOUND('',#7174,.T.);
#7174 = EDGE_LOOP('',(#7175,#7176,#7177,#7183));
#7175 = ORIENTED_EDGE('',*,*,#3228,.T.);
#7176 = ORIENTED_EDGE('',*,*,#4608,.T.);
#7177 = ORIENTED_EDGE('',*,*,#7178,.F.);
#7178 = EDGE_CURVE('',#3246,#4609,#7179,.T.);
#7179 = LINE('',#7180,#7181);
#7180 = CARTESIAN_POINT('',(206.05,1.595,-2.));
#7181 = VECTOR('',#7182,1.);
#7182 = DIRECTION('',(0.,0.,1.));
#7183 = ORIENTED_EDGE('',*,*,#3253,.F.);
#7184 = PLANE('',#7185);
#7185 = AXIS2_PLACEMENT_3D('',#7186,#7187,#7188);
#7186 = CARTESIAN_POINT('',(206.05,0.19,-2.));
#7187 = DIRECTION('',(-1.,0.,0.));
#7188 = DIRECTION('',(0.,1.,0.));
#7189 = ADVANCED_FACE('',(#7190),#7201,.T.);
#7190 = FACE_BOUND('',#7191,.T.);
#7191 = EDGE_LOOP('',(#7192,#7198,#7199,#7200));
#7192 = ORIENTED_EDGE('',*,*,#7193,.T.);
#7193 = EDGE_CURVE('',#3268,#4633,#7194,.T.);
#7194 = LINE('',#7195,#7196);
#7195 = CARTESIAN_POINT('',(168.595,-25.6575,-2.));
#7196 = VECTOR('',#7197,1.);
#7197 = DIRECTION('',(0.,0.,1.));
#7198 = ORIENTED_EDGE('',*,*,#4641,.T.);
#7199 = ORIENTED_EDGE('',*,*,#3291,.F.);
#7200 = ORIENTED_EDGE('',*,*,#3277,.F.);
#7201 = PLANE('',#7202);
#7202 = AXIS2_PLACEMENT_3D('',#7203,#7204,#7205);
#7203 = CARTESIAN_POINT('',(168.595,-25.6575,-2.));
#7204 = DIRECTION('',(0.,-1.,0.));
#7205 = DIRECTION('',(-1.,0.,0.));
#7206 = ADVANCED_FACE('',(#7207),#7223,.F.);
#7207 = FACE_BOUND('',#7208,.F.);
#7208 = EDGE_LOOP('',(#7209,#7215,#7216,#7222));
#7209 = ORIENTED_EDGE('',*,*,#7210,.F.);
#7210 = EDGE_CURVE('',#3312,#7098,#7211,.T.);
#7211 = LINE('',#7212,#7213);
#7212 = CARTESIAN_POINT('',(160.,-6.6075,5.3));
#7213 = VECTOR('',#7214,1.);
#7214 = DIRECTION('',(1.,0.,0.));
#7215 = ORIENTED_EDGE('',*,*,#3309,.F.);
#7216 = ORIENTED_EDGE('',*,*,#7217,.T.);
#7217 = EDGE_CURVE('',#3310,#7096,#7218,.T.);
#7218 = LINE('',#7219,#7220);
#7219 = CARTESIAN_POINT('',(160.,-16.6075,5.3));
#7220 = VECTOR('',#7221,1.);
#7221 = DIRECTION('',(1.,0.,0.));
#7222 = ORIENTED_EDGE('',*,*,#7095,.T.);
#7223 = PLANE('',#7224);
#7224 = AXIS2_PLACEMENT_3D('',#7225,#7226,#7227);
#7225 = CARTESIAN_POINT('',(160.,-16.6075,5.3));
#7226 = DIRECTION('',(0.,0.,1.));
#7227 = DIRECTION('',(1.,0.,0.));
#7228 = ADVANCED_FACE('',(#7229),#7240,.F.);
#7229 = FACE_BOUND('',#7230,.F.);
#7230 = EDGE_LOOP('',(#7231,#7237,#7238,#7239));
#7231 = ORIENTED_EDGE('',*,*,#7232,.F.);
#7232 = EDGE_CURVE('',#3328,#7114,#7233,.T.);
#7233 = LINE('',#7234,#7235);
#7234 = CARTESIAN_POINT('',(160.,-6.6075,0.3));
#7235 = VECTOR('',#7236,1.);
#7236 = DIRECTION('',(1.,0.,0.));
#7237 = ORIENTED_EDGE('',*,*,#3335,.F.);
#7238 = ORIENTED_EDGE('',*,*,#7210,.T.);
#7239 = ORIENTED_EDGE('',*,*,#7121,.T.);
#7240 = PLANE('',#7241);
#7241 = AXIS2_PLACEMENT_3D('',#7242,#7243,#7244);
#7242 = CARTESIAN_POINT('',(160.,-6.6075,0.3));
#7243 = DIRECTION('',(0.,1.,0.));
#7244 = DIRECTION('',(0.,0.,1.));
#7245 = ADVANCED_FACE('',(#7246),#7257,.T.);
#7246 = FACE_BOUND('',#7247,.T.);
#7247 = EDGE_LOOP('',(#7248,#7249,#7250,#7256));
#7248 = ORIENTED_EDGE('',*,*,#7232,.F.);
#7249 = ORIENTED_EDGE('',*,*,#3327,.F.);
#7250 = ORIENTED_EDGE('',*,*,#7251,.T.);
#7251 = EDGE_CURVE('',#3320,#7106,#7252,.T.);
#7252 = LINE('',#7253,#7254);
#7253 = CARTESIAN_POINT('',(160.,-16.6075,0.3));
#7254 = VECTOR('',#7255,1.);
#7255 = DIRECTION('',(1.,0.,0.));
#7256 = ORIENTED_EDGE('',*,*,#7113,.T.);
#7257 = PLANE('',#7258);
#7258 = AXIS2_PLACEMENT_3D('',#7259,#7260,#7261);
#7259 = CARTESIAN_POINT('',(160.,-16.6075,0.3));
#7260 = DIRECTION('',(0.,0.,1.));
#7261 = DIRECTION('',(1.,0.,0.));
#7262 = ADVANCED_FACE('',(#7263),#7269,.T.);
#7263 = FACE_BOUND('',#7264,.T.);
#7264 = EDGE_LOOP('',(#7265,#7266,#7267,#7268));
#7265 = ORIENTED_EDGE('',*,*,#7251,.F.);
#7266 = ORIENTED_EDGE('',*,*,#3319,.F.);
#7267 = ORIENTED_EDGE('',*,*,#7217,.T.);
#7268 = ORIENTED_EDGE('',*,*,#7105,.T.);
#7269 = PLANE('',#7270);
#7270 = AXIS2_PLACEMENT_3D('',#7271,#7272,#7273);
#7271 = CARTESIAN_POINT('',(160.,-16.6075,0.3));
#7272 = DIRECTION('',(0.,1.,0.));
#7273 = DIRECTION('',(0.,0.,1.));
#7274 = ADVANCED_FACE('',(#7275),#7286,.T.);
#7275 = FACE_BOUND('',#7276,.T.);
#7276 = EDGE_LOOP('',(#7277,#7278,#7279,#7285));
#7277 = ORIENTED_EDGE('',*,*,#7178,.T.);
#7278 = ORIENTED_EDGE('',*,*,#4658,.T.);
#7279 = ORIENTED_EDGE('',*,*,#7280,.F.);
#7280 = EDGE_CURVE('',#3370,#4659,#7281,.T.);
#7281 = LINE('',#7282,#7283);
#7282 = CARTESIAN_POINT('',(224.475,1.595,-2.));
#7283 = VECTOR('',#7284,1.);
#7284 = DIRECTION('',(0.,0.,1.));
#7285 = ORIENTED_EDGE('',*,*,#3377,.F.);
#7286 = PLANE('',#7287);
#7287 = AXIS2_PLACEMENT_3D('',#7288,#7289,#7290);
#7288 = CARTESIAN_POINT('',(206.05,1.595,-2.));
#7289 = DIRECTION('',(0.,1.,0.));
#7290 = DIRECTION('',(1.,0.,0.));
#7291 = ADVANCED_FACE('',(#7292,#7303),#7337,.T.);
#7292 = FACE_BOUND('',#7293,.T.);
#7293 = EDGE_LOOP('',(#7294,#7300,#7301,#7302));
#7294 = ORIENTED_EDGE('',*,*,#7295,.T.);
#7295 = EDGE_CURVE('',#3392,#4683,#7296,.T.);
#7296 = LINE('',#7297,#7298);
#7297 = CARTESIAN_POINT('',(168.59499999999,-35.39796871792,-2.));
#7298 = VECTOR('',#7299,1.);
#7299 = DIRECTION('',(0.,0.,1.));
#7300 = ORIENTED_EDGE('',*,*,#4691,.T.);
#7301 = ORIENTED_EDGE('',*,*,#7193,.F.);
#7302 = ORIENTED_EDGE('',*,*,#3401,.F.);
#7303 = FACE_BOUND('',#7304,.T.);
#7304 = EDGE_LOOP('',(#7305,#7315,#7323,#7331));
#7305 = ORIENTED_EDGE('',*,*,#7306,.F.);
#7306 = EDGE_CURVE('',#7307,#7309,#7311,.T.);
#7307 = VERTEX_POINT('',#7308);
#7308 = CARTESIAN_POINT('',(168.595,-35.,4.5));
#7309 = VERTEX_POINT('',#7310);
#7310 = CARTESIAN_POINT('',(168.595,-26.,4.5));
#7311 = LINE('',#7312,#7313);
#7312 = CARTESIAN_POINT('',(168.595,-35.19898435896,4.5));
#7313 = VECTOR('',#7314,1.);
#7314 = DIRECTION('',(0.,1.,0.));
#7315 = ORIENTED_EDGE('',*,*,#7316,.T.);
#7316 = EDGE_CURVE('',#7307,#7317,#7319,.T.);
#7317 = VERTEX_POINT('',#7318);
#7318 = CARTESIAN_POINT('',(168.595,-35.,0.5));
#7319 = LINE('',#7320,#7321);
#7320 = CARTESIAN_POINT('',(168.595,-35.,-0.75));
#7321 = VECTOR('',#7322,1.);
#7322 = DIRECTION('',(0.,0.,-1.));
#7323 = ORIENTED_EDGE('',*,*,#7324,.T.);
#7324 = EDGE_CURVE('',#7317,#7325,#7327,.T.);
#7325 = VERTEX_POINT('',#7326);
#7326 = CARTESIAN_POINT('',(168.595,-26.,0.5));
#7327 = LINE('',#7328,#7329);
#7328 = CARTESIAN_POINT('',(168.595,-35.19898435896,0.5));
#7329 = VECTOR('',#7330,1.);
#7330 = DIRECTION('',(0.,1.,0.));
#7331 = ORIENTED_EDGE('',*,*,#7332,.F.);
#7332 = EDGE_CURVE('',#7309,#7325,#7333,.T.);
#7333 = LINE('',#7334,#7335);
#7334 = CARTESIAN_POINT('',(168.595,-26.,-0.75));
#7335 = VECTOR('',#7336,1.);
#7336 = DIRECTION('',(0.,0.,-1.));
#7337 = PLANE('',#7338);
#7338 = AXIS2_PLACEMENT_3D('',#7339,#7340,#7341);
#7339 = CARTESIAN_POINT('',(168.595,-35.39796871792,-2.));
#7340 = DIRECTION('',(-1.,0.,0.));
#7341 = DIRECTION('',(0.,1.,0.));
#7342 = ADVANCED_FACE('',(#7343),#7354,.T.);
#7343 = FACE_BOUND('',#7344,.T.);
#7344 = EDGE_LOOP('',(#7345,#7346,#7347,#7353));
#7345 = ORIENTED_EDGE('',*,*,#7280,.T.);
#7346 = ORIENTED_EDGE('',*,*,#4708,.T.);
#7347 = ORIENTED_EDGE('',*,*,#7348,.F.);
#7348 = EDGE_CURVE('',#3418,#4709,#7349,.T.);
#7349 = LINE('',#7350,#7351);
#7350 = CARTESIAN_POINT('',(224.475,2.095,-2.));
#7351 = VECTOR('',#7352,1.);
#7352 = DIRECTION('',(0.,0.,1.));
#7353 = ORIENTED_EDGE('',*,*,#3425,.F.);
#7354 = PLANE('',#7355);
#7355 = AXIS2_PLACEMENT_3D('',#7356,#7357,#7358);
#7356 = CARTESIAN_POINT('',(224.475,1.595,-2.));
#7357 = DIRECTION('',(-1.,0.,0.));
#7358 = DIRECTION('',(0.,1.,0.));
#7359 = ADVANCED_FACE('',(#7360),#7371,.T.);
#7360 = FACE_BOUND('',#7361,.T.);
#7361 = EDGE_LOOP('',(#7362,#7368,#7369,#7370));
#7362 = ORIENTED_EDGE('',*,*,#7363,.T.);
#7363 = EDGE_CURVE('',#3440,#4733,#7364,.T.);
#7364 = LINE('',#7365,#7366);
#7365 = CARTESIAN_POINT('',(168.17713961906,-36.005,-2.));
#7366 = VECTOR('',#7367,1.);
#7367 = DIRECTION('',(0.,0.,1.));
#7368 = ORIENTED_EDGE('',*,*,#4741,.T.);
#7369 = ORIENTED_EDGE('',*,*,#7295,.F.);
#7370 = ORIENTED_EDGE('',*,*,#3449,.F.);
#7371 = PLANE('',#7372);
#7372 = AXIS2_PLACEMENT_3D('',#7373,#7374,#7375);
#7373 = CARTESIAN_POINT('',(168.17713961906,-36.005,-2.));
#7374 = DIRECTION('',(-0.823708333127,0.567013740519,0.));
#7375 = DIRECTION('',(0.567013740519,0.823708333127,0.));
#7376 = ADVANCED_FACE('',(#7377),#7388,.T.);
#7377 = FACE_BOUND('',#7378,.T.);
#7378 = EDGE_LOOP('',(#7379,#7380,#7381,#7387));
#7379 = ORIENTED_EDGE('',*,*,#7348,.T.);
#7380 = ORIENTED_EDGE('',*,*,#4758,.T.);
#7381 = ORIENTED_EDGE('',*,*,#7382,.F.);
#7382 = EDGE_CURVE('',#3466,#4759,#7383,.T.);
#7383 = LINE('',#7384,#7385);
#7384 = CARTESIAN_POINT('',(225.1,2.095,-2.));
#7385 = VECTOR('',#7386,1.);
#7386 = DIRECTION('',(0.,0.,1.));
#7387 = ORIENTED_EDGE('',*,*,#3473,.F.);
#7388 = PLANE('',#7389);
#7389 = AXIS2_PLACEMENT_3D('',#7390,#7391,#7392);
#7390 = CARTESIAN_POINT('',(224.475,2.095,-2.));
#7391 = DIRECTION('',(0.,1.,0.));
#7392 = DIRECTION('',(1.,0.,0.));
#7393 = ADVANCED_FACE('',(#7394),#7405,.T.);
#7394 = FACE_BOUND('',#7395,.T.);
#7395 = EDGE_LOOP('',(#7396,#7402,#7403,#7404));
#7396 = ORIENTED_EDGE('',*,*,#7397,.T.);
#7397 = EDGE_CURVE('',#3488,#4783,#7398,.T.);
#7398 = LINE('',#7399,#7400);
#7399 = CARTESIAN_POINT('',(167.325,-36.005,-2.));
#7400 = VECTOR('',#7401,1.);
#7401 = DIRECTION('',(0.,0.,1.));
#7402 = ORIENTED_EDGE('',*,*,#4791,.T.);
#7403 = ORIENTED_EDGE('',*,*,#7363,.F.);
#7404 = ORIENTED_EDGE('',*,*,#3497,.F.);
#7405 = PLANE('',#7406);
#7406 = AXIS2_PLACEMENT_3D('',#7407,#7408,#7409);
#7407 = CARTESIAN_POINT('',(167.325,-36.005,-2.));
#7408 = DIRECTION('',(0.,1.,0.));
#7409 = DIRECTION('',(1.,0.,0.));
#7410 = ADVANCED_FACE('',(#7411),#7422,.T.);
#7411 = FACE_BOUND('',#7412,.T.);
#7412 = EDGE_LOOP('',(#7413,#7414,#7415,#7421));
#7413 = ORIENTED_EDGE('',*,*,#7382,.T.);
#7414 = ORIENTED_EDGE('',*,*,#4808,.T.);
#7415 = ORIENTED_EDGE('',*,*,#7416,.F.);
#7416 = EDGE_CURVE('',#3514,#4809,#7417,.T.);
#7417 = LINE('',#7418,#7419);
#7418 = CARTESIAN_POINT('',(225.1,3.5,-2.));
#7419 = VECTOR('',#7420,1.);
#7420 = DIRECTION('',(0.,0.,1.));
#7421 = ORIENTED_EDGE('',*,*,#3521,.F.);
#7422 = PLANE('',#7423);
#7423 = AXIS2_PLACEMENT_3D('',#7424,#7425,#7426);
#7424 = CARTESIAN_POINT('',(225.1,2.095,-2.));
#7425 = DIRECTION('',(-1.,0.,0.));
#7426 = DIRECTION('',(0.,1.,0.));
#7427 = ADVANCED_FACE('',(#7428),#7439,.T.);
#7428 = FACE_BOUND('',#7429,.T.);
#7429 = EDGE_LOOP('',(#7430,#7436,#7437,#7438));
#7430 = ORIENTED_EDGE('',*,*,#7431,.T.);
#7431 = EDGE_CURVE('',#3536,#4833,#7432,.T.);
#7432 = LINE('',#7433,#7434);
#7433 = CARTESIAN_POINT('',(167.325,-54.36375,-2.));
#7434 = VECTOR('',#7435,1.);
#7435 = DIRECTION('',(0.,0.,1.));
#7436 = ORIENTED_EDGE('',*,*,#4841,.T.);
#7437 = ORIENTED_EDGE('',*,*,#7397,.F.);
#7438 = ORIENTED_EDGE('',*,*,#3545,.F.);
#7439 = PLANE('',#7440);
#7440 = AXIS2_PLACEMENT_3D('',#7441,#7442,#7443);
#7441 = CARTESIAN_POINT('',(167.325,-54.36375,-2.));
#7442 = DIRECTION('',(-1.,0.,0.));
#7443 = DIRECTION('',(0.,1.,0.));
#7444 = ADVANCED_FACE('',(#7445),#7456,.T.);
#7445 = FACE_BOUND('',#7446,.T.);
#7446 = EDGE_LOOP('',(#7447,#7448,#7449,#7455));
#7447 = ORIENTED_EDGE('',*,*,#7416,.T.);
#7448 = ORIENTED_EDGE('',*,*,#4858,.T.);
#7449 = ORIENTED_EDGE('',*,*,#7450,.F.);
#7450 = EDGE_CURVE('',#3562,#4859,#7451,.T.);
#7451 = LINE('',#7452,#7453);
#7452 = CARTESIAN_POINT('',(251.15,3.5,-2.));
#7453 = VECTOR('',#7454,1.);
#7454 = DIRECTION('',(0.,0.,1.));
#7455 = ORIENTED_EDGE('',*,*,#3569,.F.);
#7456 = PLANE('',#7457);
#7457 = AXIS2_PLACEMENT_3D('',#7458,#7459,#7460);
#7458 = CARTESIAN_POINT('',(225.1,3.5,-2.));
#7459 = DIRECTION('',(0.,1.,0.));
#7460 = DIRECTION('',(1.,0.,0.));
#7461 = ADVANCED_FACE('',(#7462),#7473,.T.);
#7462 = FACE_BOUND('',#7463,.T.);
#7463 = EDGE_LOOP('',(#7464,#7470,#7471,#7472));
#7464 = ORIENTED_EDGE('',*,*,#7465,.T.);
#7465 = EDGE_CURVE('',#3584,#4883,#7466,.T.);
#7466 = LINE('',#7467,#7468);
#7467 = CARTESIAN_POINT('',(167.325,-72.7225,-2.));
#7468 = VECTOR('',#7469,1.);
#7469 = DIRECTION('',(0.,0.,1.));
#7470 = ORIENTED_EDGE('',*,*,#4891,.T.);
#7471 = ORIENTED_EDGE('',*,*,#7431,.F.);
#7472 = ORIENTED_EDGE('',*,*,#3593,.F.);
#7473 = PLANE('',#7474);
#7474 = AXIS2_PLACEMENT_3D('',#7475,#7476,#7477);
#7475 = CARTESIAN_POINT('',(167.325,-72.7225,-2.));
#7476 = DIRECTION('',(-1.,0.,0.));
#7477 = DIRECTION('',(0.,1.,0.));
#7478 = ADVANCED_FACE('',(#7479),#7490,.T.);
#7479 = FACE_BOUND('',#7480,.T.);
#7480 = EDGE_LOOP('',(#7481,#7482,#7483,#7489));
#7481 = ORIENTED_EDGE('',*,*,#7450,.T.);
#7482 = ORIENTED_EDGE('',*,*,#4908,.T.);
#7483 = ORIENTED_EDGE('',*,*,#7484,.F.);
#7484 = EDGE_CURVE('',#3610,#4909,#7485,.T.);
#7485 = LINE('',#7486,#7487);
#7486 = CARTESIAN_POINT('',(251.15,1.595,-2.));
#7487 = VECTOR('',#7488,1.);
#7488 = DIRECTION('',(0.,0.,1.));
#7489 = ORIENTED_EDGE('',*,*,#3617,.F.);
#7490 = PLANE('',#7491);
#7491 = AXIS2_PLACEMENT_3D('',#7492,#7493,#7494);
#7492 = CARTESIAN_POINT('',(251.15,3.5,-2.));
#7493 = DIRECTION('',(1.,0.,0.));
#7494 = DIRECTION('',(0.,-1.,0.));
#7495 = ADVANCED_FACE('',(#7496),#7507,.T.);
#7496 = FACE_BOUND('',#7497,.T.);
#7497 = EDGE_LOOP('',(#7498,#7504,#7505,#7506));
#7498 = ORIENTED_EDGE('',*,*,#7499,.T.);
#7499 = EDGE_CURVE('',#3632,#4933,#7500,.T.);
#7500 = LINE('',#7501,#7502);
#7501 = CARTESIAN_POINT('',(167.95,-72.7225,-2.));
#7502 = VECTOR('',#7503,1.);
#7503 = DIRECTION('',(0.,0.,1.));
#7504 = ORIENTED_EDGE('',*,*,#4941,.T.);
#7505 = ORIENTED_EDGE('',*,*,#7465,.F.);
#7506 = ORIENTED_EDGE('',*,*,#3641,.F.);
#7507 = PLANE('',#7508);
#7508 = AXIS2_PLACEMENT_3D('',#7509,#7510,#7511);
#7509 = CARTESIAN_POINT('',(167.95,-72.7225,-2.));
#7510 = DIRECTION('',(0.,-1.,0.));
#7511 = DIRECTION('',(-1.,0.,0.));
#7512 = ADVANCED_FACE('',(#7513),#7524,.T.);
#7513 = FACE_BOUND('',#7514,.T.);
#7514 = EDGE_LOOP('',(#7515,#7516,#7517,#7523));
#7515 = ORIENTED_EDGE('',*,*,#7484,.T.);
#7516 = ORIENTED_EDGE('',*,*,#4958,.T.);
#7517 = ORIENTED_EDGE('',*,*,#7518,.F.);
#7518 = EDGE_CURVE('',#3658,#4959,#7519,.T.);
#7519 = LINE('',#7520,#7521);
#7520 = CARTESIAN_POINT('',(270.2,1.595,-2.));
#7521 = VECTOR('',#7522,1.);
#7522 = DIRECTION('',(0.,0.,1.));
#7523 = ORIENTED_EDGE('',*,*,#3665,.F.);
#7524 = PLANE('',#7525);
#7525 = AXIS2_PLACEMENT_3D('',#7526,#7527,#7528);
#7526 = CARTESIAN_POINT('',(251.15,1.595,-2.));
#7527 = DIRECTION('',(0.,1.,0.));
#7528 = DIRECTION('',(1.,0.,0.));
#7529 = ADVANCED_FACE('',(#7530),#7541,.T.);
#7530 = FACE_BOUND('',#7531,.T.);
#7531 = EDGE_LOOP('',(#7532,#7538,#7539,#7540));
#7532 = ORIENTED_EDGE('',*,*,#7533,.T.);
#7533 = EDGE_CURVE('',#3680,#4983,#7534,.T.);
#7534 = LINE('',#7535,#7536);
#7535 = CARTESIAN_POINT('',(167.95,-78.7475,-2.));
#7536 = VECTOR('',#7537,1.);
#7537 = DIRECTION('',(0.,0.,1.));
#7538 = ORIENTED_EDGE('',*,*,#4991,.T.);
#7539 = ORIENTED_EDGE('',*,*,#7499,.F.);
#7540 = ORIENTED_EDGE('',*,*,#3689,.F.);
#7541 = PLANE('',#7542);
#7542 = AXIS2_PLACEMENT_3D('',#7543,#7544,#7545);
#7543 = CARTESIAN_POINT('',(167.95,-78.7475,-2.));
#7544 = DIRECTION('',(-1.,0.,0.));
#7545 = DIRECTION('',(0.,1.,0.));
#7546 = ADVANCED_FACE('',(#7547),#7558,.T.);
#7547 = FACE_BOUND('',#7548,.T.);
#7548 = EDGE_LOOP('',(#7549,#7550,#7551,#7557));
#7549 = ORIENTED_EDGE('',*,*,#7518,.T.);
#7550 = ORIENTED_EDGE('',*,*,#5008,.T.);
#7551 = ORIENTED_EDGE('',*,*,#7552,.F.);
#7552 = EDGE_CURVE('',#3706,#5009,#7553,.T.);
#7553 = LINE('',#7554,#7555);
#7554 = CARTESIAN_POINT('',(270.2,-0.31,-2.));
#7555 = VECTOR('',#7556,1.);
#7556 = DIRECTION('',(0.,0.,1.));
#7557 = ORIENTED_EDGE('',*,*,#3713,.F.);
#7558 = PLANE('',#7559);
#7559 = AXIS2_PLACEMENT_3D('',#7560,#7561,#7562);
#7560 = CARTESIAN_POINT('',(270.2,1.595,-2.));
#7561 = DIRECTION('',(1.,0.,0.));
#7562 = DIRECTION('',(0.,-1.,0.));
#7563 = ADVANCED_FACE('',(#7564),#7575,.T.);
#7564 = FACE_BOUND('',#7565,.T.);
#7565 = EDGE_LOOP('',(#7566,#7572,#7573,#7574));
#7566 = ORIENTED_EDGE('',*,*,#7567,.T.);
#7567 = EDGE_CURVE('',#3728,#5033,#7568,.T.);
#7568 = LINE('',#7569,#7570);
#7569 = CARTESIAN_POINT('',(187.,-78.7475,-2.));
#7570 = VECTOR('',#7571,1.);
#7571 = DIRECTION('',(0.,0.,1.));
#7572 = ORIENTED_EDGE('',*,*,#5041,.T.);
#7573 = ORIENTED_EDGE('',*,*,#7533,.F.);
#7574 = ORIENTED_EDGE('',*,*,#3737,.F.);
#7575 = PLANE('',#7576);
#7576 = AXIS2_PLACEMENT_3D('',#7577,#7578,#7579);
#7577 = CARTESIAN_POINT('',(187.,-78.7475,-2.));
#7578 = DIRECTION('',(0.,-1.,0.));
#7579 = DIRECTION('',(-1.,0.,0.));
#7580 = ADVANCED_FACE('',(#7581),#7592,.T.);
#7581 = FACE_BOUND('',#7582,.T.);
#7582 = EDGE_LOOP('',(#7583,#7584,#7585,#7591));
#7583 = ORIENTED_EDGE('',*,*,#7552,.T.);
#7584 = ORIENTED_EDGE('',*,*,#5058,.T.);
#7585 = ORIENTED_EDGE('',*,*,#7586,.F.);
#7586 = EDGE_CURVE('',#3754,#5059,#7587,.T.);
#7587 = LINE('',#7588,#7589);
#7588 = CARTESIAN_POINT('',(289.25,-0.31,-2.));
#7589 = VECTOR('',#7590,1.);
#7590 = DIRECTION('',(0.,0.,1.));
#7591 = ORIENTED_EDGE('',*,*,#3761,.F.);
#7592 = PLANE('',#7593);
#7593 = AXIS2_PLACEMENT_3D('',#7594,#7595,#7596);
#7594 = CARTESIAN_POINT('',(270.2,-0.31,-2.));
#7595 = DIRECTION('',(0.,1.,0.));
#7596 = DIRECTION('',(1.,0.,0.));
#7597 = ADVANCED_FACE('',(#7598),#7609,.T.);
#7598 = FACE_BOUND('',#7599,.T.);
#7599 = EDGE_LOOP('',(#7600,#7606,#7607,#7608));
#7600 = ORIENTED_EDGE('',*,*,#7601,.T.);
#7601 = EDGE_CURVE('',#3776,#5083,#7602,.T.);
#7602 = LINE('',#7603,#7604);
#7603 = CARTESIAN_POINT('',(186.99999999999,-79.39361403981,-2.));
#7604 = VECTOR('',#7605,1.);
#7605 = DIRECTION('',(0.,0.,1.));
#7606 = ORIENTED_EDGE('',*,*,#5091,.T.);
#7607 = ORIENTED_EDGE('',*,*,#7567,.F.);
#7608 = ORIENTED_EDGE('',*,*,#3785,.F.);
#7609 = PLANE('',#7610);
#7610 = AXIS2_PLACEMENT_3D('',#7611,#7612,#7613);
#7611 = CARTESIAN_POINT('',(187.,-79.39361403981,-2.));
#7612 = DIRECTION('',(-1.,0.,0.));
#7613 = DIRECTION('',(0.,1.,0.));
#7614 = ADVANCED_FACE('',(#7615),#7626,.T.);
#7615 = FACE_BOUND('',#7616,.T.);
#7616 = EDGE_LOOP('',(#7617,#7618,#7619,#7625));
#7617 = ORIENTED_EDGE('',*,*,#7586,.T.);
#7618 = ORIENTED_EDGE('',*,*,#5108,.T.);
#7619 = ORIENTED_EDGE('',*,*,#7620,.F.);
#7620 = EDGE_CURVE('',#3802,#5109,#7621,.T.);
#7621 = LINE('',#7622,#7623);
#7622 = CARTESIAN_POINT('',(289.25,-1.2625,-2.));
#7623 = VECTOR('',#7624,1.);
#7624 = DIRECTION('',(0.,0.,1.));
#7625 = ORIENTED_EDGE('',*,*,#3809,.F.);
#7626 = PLANE('',#7627);
#7627 = AXIS2_PLACEMENT_3D('',#7628,#7629,#7630);
#7628 = CARTESIAN_POINT('',(289.25,-0.31,-2.));
#7629 = DIRECTION('',(1.,0.,0.));
#7630 = DIRECTION('',(0.,-1.,0.));
#7631 = ADVANCED_FACE('',(#7632),#7643,.T.);
#7632 = FACE_BOUND('',#7633,.T.);
#7633 = EDGE_LOOP('',(#7634,#7640,#7641,#7642));
#7634 = ORIENTED_EDGE('',*,*,#7635,.T.);
#7635 = EDGE_CURVE('',#3824,#5133,#7636,.T.);
#7636 = LINE('',#7637,#7638);
#7637 = CARTESIAN_POINT('',(171.60116788845,-83.5197238401,-2.));
#7638 = VECTOR('',#7639,1.);
#7639 = DIRECTION('',(0.,0.,1.));
#7640 = ORIENTED_EDGE('',*,*,#5141,.T.);
#7641 = ORIENTED_EDGE('',*,*,#7601,.F.);
#7642 = ORIENTED_EDGE('',*,*,#3833,.F.);
#7643 = PLANE('',#7644);
#7644 = AXIS2_PLACEMENT_3D('',#7645,#7646,#7647);
#7645 = CARTESIAN_POINT('',(171.60116788845,-83.5197238401,-2.));
#7646 = DIRECTION('',(-0.258819347773,0.965925745189,0.));
#7647 = DIRECTION('',(0.965925745189,0.258819347773,0.));
#7648 = ADVANCED_FACE('',(#7649),#7660,.T.);
#7649 = FACE_BOUND('',#7650,.T.);
#7650 = EDGE_LOOP('',(#7651,#7652,#7653,#7659));
#7651 = ORIENTED_EDGE('',*,*,#7620,.T.);
#7652 = ORIENTED_EDGE('',*,*,#5158,.T.);
#7653 = ORIENTED_EDGE('',*,*,#7654,.F.);
#7654 = EDGE_CURVE('',#3850,#5159,#7655,.T.);
#7655 = LINE('',#7656,#7657);
#7656 = CARTESIAN_POINT('',(308.3,-1.2625,-2.));
#7657 = VECTOR('',#7658,1.);
#7658 = DIRECTION('',(0.,0.,1.));
#7659 = ORIENTED_EDGE('',*,*,#3857,.F.);
#7660 = PLANE('',#7661);
#7661 = AXIS2_PLACEMENT_3D('',#7662,#7663,#7664);
#7662 = CARTESIAN_POINT('',(289.25,-1.2625,-2.));
#7663 = DIRECTION('',(0.,1.,0.));
#7664 = DIRECTION('',(1.,0.,0.));
#7665 = ADVANCED_FACE('',(#7666),#7677,.T.);
#7666 = FACE_BOUND('',#7667,.T.);
#7667 = EDGE_LOOP('',(#7668,#7674,#7675,#7676));
#7668 = ORIENTED_EDGE('',*,*,#7669,.T.);
#7669 = EDGE_CURVE('',#3872,#5183,#7670,.T.);
#7670 = LINE('',#7671,#7672);
#7671 = CARTESIAN_POINT('',(173.16216618015,-89.34544746462,-2.));
#7672 = VECTOR('',#7673,1.);
#7673 = DIRECTION('',(0.,0.,1.));
#7674 = ORIENTED_EDGE('',*,*,#5191,.T.);
#7675 = ORIENTED_EDGE('',*,*,#7635,.F.);
#7676 = ORIENTED_EDGE('',*,*,#3881,.F.);
#7677 = PLANE('',#7678);
#7678 = AXIS2_PLACEMENT_3D('',#7679,#7680,#7681);
#7679 = CARTESIAN_POINT('',(173.16216618015,-89.34544746462,-2.));
#7680 = DIRECTION('',(-0.965925811732,-0.258819099429,0.));
#7681 = DIRECTION('',(-0.258819099429,0.965925811732,0.));
#7682 = ADVANCED_FACE('',(#7683),#7694,.T.);
#7683 = FACE_BOUND('',#7684,.T.);
#7684 = EDGE_LOOP('',(#7685,#7686,#7687,#7693));
#7685 = ORIENTED_EDGE('',*,*,#7654,.T.);
#7686 = ORIENTED_EDGE('',*,*,#5208,.T.);
#7687 = ORIENTED_EDGE('',*,*,#7688,.F.);
#7688 = EDGE_CURVE('',#3898,#5209,#7689,.T.);
#7689 = LINE('',#7690,#7691);
#7690 = CARTESIAN_POINT('',(308.3,-20.3125,-2.));
#7691 = VECTOR('',#7692,1.);
#7692 = DIRECTION('',(0.,0.,1.));
#7693 = ORIENTED_EDGE('',*,*,#3905,.F.);
#7694 = PLANE('',#7695);
#7695 = AXIS2_PLACEMENT_3D('',#7696,#7697,#7698);
#7696 = CARTESIAN_POINT('',(308.3,-1.2625,-2.));
#7697 = DIRECTION('',(1.,0.,0.));
#7698 = DIRECTION('',(0.,-1.,0.));
#7699 = ADVANCED_FACE('',(#7700),#7711,.T.);
#7700 = FACE_BOUND('',#7701,.T.);
#7701 = EDGE_LOOP('',(#7702,#7708,#7709,#7710));
#7702 = ORIENTED_EDGE('',*,*,#7703,.T.);
#7703 = EDGE_CURVE('',#3920,#5233,#7704,.T.);
#7704 = LINE('',#7705,#7706);
#7705 = CARTESIAN_POINT('',(171.02263599282,-89.91872751481,-2.));
#7706 = VECTOR('',#7707,1.);
#7707 = DIRECTION('',(0.,0.,1.));
#7708 = ORIENTED_EDGE('',*,*,#5241,.T.);
#7709 = ORIENTED_EDGE('',*,*,#7669,.F.);
#7710 = ORIENTED_EDGE('',*,*,#3929,.F.);
#7711 = PLANE('',#7712);
#7712 = AXIS2_PLACEMENT_3D('',#7713,#7714,#7715);
#7713 = CARTESIAN_POINT('',(171.02263599282,-89.91872751481,-2.));
#7714 = DIRECTION('',(-0.258816797584,0.965926428507,0.));
#7715 = DIRECTION('',(0.965926428507,0.258816797584,0.));
#7716 = ADVANCED_FACE('',(#7717),#7728,.T.);
#7717 = FACE_BOUND('',#7718,.T.);
#7718 = EDGE_LOOP('',(#7719,#7720,#7721,#7727));
#7719 = ORIENTED_EDGE('',*,*,#7688,.T.);
#7720 = ORIENTED_EDGE('',*,*,#5258,.T.);
#7721 = ORIENTED_EDGE('',*,*,#7722,.F.);
#7722 = EDGE_CURVE('',#3946,#5259,#7723,.T.);
#7723 = LINE('',#7724,#7725);
#7724 = CARTESIAN_POINT('',(313.0625,-20.3125,-2.));
#7725 = VECTOR('',#7726,1.);
#7726 = DIRECTION('',(0.,0.,1.));
#7727 = ORIENTED_EDGE('',*,*,#3953,.F.);
#7728 = PLANE('',#7729);
#7729 = AXIS2_PLACEMENT_3D('',#7730,#7731,#7732);
#7730 = CARTESIAN_POINT('',(308.3,-20.3125,-2.));
#7731 = DIRECTION('',(0.,1.,0.));
#7732 = DIRECTION('',(1.,0.,0.));
#7733 = ADVANCED_FACE('',(#7734),#7745,.T.);
#7734 = FACE_BOUND('',#7735,.T.);
#7735 = EDGE_LOOP('',(#7736,#7742,#7743,#7744));
#7736 = ORIENTED_EDGE('',*,*,#7737,.T.);
#7737 = EDGE_CURVE('',#3968,#5283,#7738,.T.);
#7738 = LINE('',#7739,#7740);
#7739 = CARTESIAN_POINT('',(180.80600262069,-126.4307292947,-2.));
#7740 = VECTOR('',#7741,1.);
#7741 = DIRECTION('',(0.,0.,1.));
#7742 = ORIENTED_EDGE('',*,*,#5291,.T.);
#7743 = ORIENTED_EDGE('',*,*,#7703,.F.);
#7744 = ORIENTED_EDGE('',*,*,#3977,.F.);
#7745 = PLANE('',#7746);
#7746 = AXIS2_PLACEMENT_3D('',#7747,#7748,#7749);
#7747 = CARTESIAN_POINT('',(180.80600262069,-126.4307292947,-2.));
#7748 = DIRECTION('',(-0.965925791654,-0.258819174364,0.));
#7749 = DIRECTION('',(-0.258819174364,0.965925791654,0.));
#7750 = ADVANCED_FACE('',(#7751),#7762,.T.);
#7751 = FACE_BOUND('',#7752,.T.);
#7752 = EDGE_LOOP('',(#7753,#7754,#7755,#7761));
#7753 = ORIENTED_EDGE('',*,*,#7722,.T.);
#7754 = ORIENTED_EDGE('',*,*,#5308,.T.);
#7755 = ORIENTED_EDGE('',*,*,#7756,.F.);
#7756 = EDGE_CURVE('',#3994,#5309,#7757,.T.);
#7757 = LINE('',#7758,#7759);
#7758 = CARTESIAN_POINT('',(313.0625,-84.4625,-2.));
#7759 = VECTOR('',#7760,1.);
#7760 = DIRECTION('',(0.,0.,1.));
#7761 = ORIENTED_EDGE('',*,*,#4001,.F.);
#7762 = PLANE('',#7763);
#7763 = AXIS2_PLACEMENT_3D('',#7764,#7765,#7766);
#7764 = CARTESIAN_POINT('',(313.0625,-20.3125,-2.));
#7765 = DIRECTION('',(1.,0.,0.));
#7766 = DIRECTION('',(0.,-1.,0.));
#7767 = ADVANCED_FACE('',(#7768),#7779,.T.);
#7768 = FACE_BOUND('',#7769,.T.);
#7769 = EDGE_LOOP('',(#7770,#7776,#7777,#7778));
#7770 = ORIENTED_EDGE('',*,*,#7771,.T.);
#7771 = EDGE_CURVE('',#4016,#5333,#7772,.T.);
#7772 = LINE('',#7773,#7774);
#7773 = CARTESIAN_POINT('',(182.94552526449,-125.8574485863,-2.));
#7774 = VECTOR('',#7775,1.);
#7775 = DIRECTION('',(0.,0.,1.));
#7776 = ORIENTED_EDGE('',*,*,#5341,.T.);
#7777 = ORIENTED_EDGE('',*,*,#7737,.F.);
#7778 = ORIENTED_EDGE('',*,*,#4025,.F.);
#7779 = PLANE('',#7780);
#7780 = AXIS2_PLACEMENT_3D('',#7781,#7782,#7783);
#7781 = CARTESIAN_POINT('',(182.94552526449,-125.8574485863,-2.));
#7782 = DIRECTION('',(0.258817926246,-0.965926126085,0.));
#7783 = DIRECTION('',(-0.965926126085,-0.258817926246,0.));
#7784 = ADVANCED_FACE('',(#7785),#7796,.T.);
#7785 = FACE_BOUND('',#7786,.T.);
#7786 = EDGE_LOOP('',(#7787,#7788,#7789,#7795));
#7787 = ORIENTED_EDGE('',*,*,#7756,.T.);
#7788 = ORIENTED_EDGE('',*,*,#5358,.T.);
#7789 = ORIENTED_EDGE('',*,*,#7790,.F.);
#7790 = EDGE_CURVE('',#4042,#5359,#7791,.T.);
#7791 = LINE('',#7792,#7793);
#7792 = CARTESIAN_POINT('',(282.25,-84.4625,-2.));
#7793 = VECTOR('',#7794,1.);
#7794 = DIRECTION('',(0.,0.,1.));
#7795 = ORIENTED_EDGE('',*,*,#4049,.F.);
#7796 = PLANE('',#7797);
#7797 = AXIS2_PLACEMENT_3D('',#7798,#7799,#7800);
#7798 = CARTESIAN_POINT('',(313.0625,-84.4625,-2.));
#7799 = DIRECTION('',(0.,-1.,0.));
#7800 = DIRECTION('',(-1.,0.,0.));
#7801 = ADVANCED_FACE('',(#7802),#7813,.T.);
#7802 = FACE_BOUND('',#7803,.T.);
#7803 = EDGE_LOOP('',(#7804,#7810,#7811,#7812));
#7804 = ORIENTED_EDGE('',*,*,#7805,.T.);
#7805 = EDGE_CURVE('',#4064,#5383,#7806,.T.);
#7806 = LINE('',#7807,#7808);
#7807 = CARTESIAN_POINT('',(184.50653598327,-131.6831912688,-2.));
#7808 = VECTOR('',#7809,1.);
#7809 = DIRECTION('',(0.,0.,1.));
#7810 = ORIENTED_EDGE('',*,*,#5391,.T.);
#7811 = ORIENTED_EDGE('',*,*,#7771,.F.);
#7812 = ORIENTED_EDGE('',*,*,#4073,.F.);
#7813 = PLANE('',#7814);
#7814 = AXIS2_PLACEMENT_3D('',#7815,#7816,#7817);
#7815 = CARTESIAN_POINT('',(184.50653598327,-131.6831912688,-2.));
#7816 = DIRECTION('',(-0.965925508291,-0.258820231884,0.));
#7817 = DIRECTION('',(-0.258820231884,0.965925508291,0.));
#7818 = ADVANCED_FACE('',(#7819),#7830,.T.);
#7819 = FACE_BOUND('',#7820,.T.);
#7820 = EDGE_LOOP('',(#7821,#7822,#7823,#7829));
#7821 = ORIENTED_EDGE('',*,*,#7790,.T.);
#7822 = ORIENTED_EDGE('',*,*,#5408,.T.);
#7823 = ORIENTED_EDGE('',*,*,#7824,.F.);
#7824 = EDGE_CURVE('',#4090,#5409,#7825,.T.);
#7825 = LINE('',#7826,#7827);
#7826 = CARTESIAN_POINT('',(282.25,-83.51,-2.));
#7827 = VECTOR('',#7828,1.);
#7828 = DIRECTION('',(0.,0.,1.));
#7829 = ORIENTED_EDGE('',*,*,#4097,.F.);
#7830 = PLANE('',#7831);
#7831 = AXIS2_PLACEMENT_3D('',#7832,#7833,#7834);
#7832 = CARTESIAN_POINT('',(282.25,-84.4625,-2.));
#7833 = DIRECTION('',(-1.,0.,0.));
#7834 = DIRECTION('',(0.,1.,0.));
#7835 = ADVANCED_FACE('',(#7836),#7847,.T.);
#7836 = FACE_BOUND('',#7837,.T.);
#7837 = EDGE_LOOP('',(#7838,#7844,#7845,#7846));
#7838 = ORIENTED_EDGE('',*,*,#7839,.T.);
#7839 = EDGE_CURVE('',#4112,#5433,#7840,.T.);
#7840 = LINE('',#7841,#7842);
#7841 = CARTESIAN_POINT('',(205.32222746567,-126.1056446051,-2.));
#7842 = VECTOR('',#7843,1.);
#7843 = DIRECTION('',(0.,0.,1.));
#7844 = ORIENTED_EDGE('',*,*,#5441,.T.);
#7845 = ORIENTED_EDGE('',*,*,#7805,.F.);
#7846 = ORIENTED_EDGE('',*,*,#4121,.F.);
#7847 = PLANE('',#7848);
#7848 = AXIS2_PLACEMENT_3D('',#7849,#7850,#7851);
#7849 = CARTESIAN_POINT('',(205.32222746566,-126.1056446051,-2.));
#7850 = DIRECTION('',(0.258818999259,-0.965925838573,0.));
#7851 = DIRECTION('',(-0.965925838573,-0.258818999259,0.));
#7852 = ADVANCED_FACE('',(#7853),#7864,.T.);
#7853 = FACE_BOUND('',#7854,.T.);
#7854 = EDGE_LOOP('',(#7855,#7856,#7857,#7863));
#7855 = ORIENTED_EDGE('',*,*,#7824,.T.);
#7856 = ORIENTED_EDGE('',*,*,#5458,.T.);
#7857 = ORIENTED_EDGE('',*,*,#7858,.F.);
#7858 = EDGE_CURVE('',#4138,#5459,#7859,.T.);
#7859 = LINE('',#7860,#7861);
#7860 = CARTESIAN_POINT('',(263.2,-83.51,-2.));
#7861 = VECTOR('',#7862,1.);
#7862 = DIRECTION('',(0.,0.,1.));
#7863 = ORIENTED_EDGE('',*,*,#4145,.F.);
#7864 = PLANE('',#7865);
#7865 = AXIS2_PLACEMENT_3D('',#7866,#7867,#7868);
#7866 = CARTESIAN_POINT('',(282.25,-83.51,-2.));
#7867 = DIRECTION('',(0.,-1.,0.));
#7868 = DIRECTION('',(-1.,0.,0.));
#7869 = ADVANCED_FACE('',(#7870),#7881,.T.);
#7870 = FACE_BOUND('',#7871,.T.);
#7871 = EDGE_LOOP('',(#7872,#7878,#7879,#7880));
#7872 = ORIENTED_EDGE('',*,*,#7873,.T.);
#7873 = EDGE_CURVE('',#4160,#5483,#7874,.T.);
#7874 = LINE('',#7875,#7876);
#7875 = CARTESIAN_POINT('',(228.06978240046,-120.0104570434,-2.));
#7876 = VECTOR('',#7877,1.);
#7877 = DIRECTION('',(0.,0.,1.));
#7878 = ORIENTED_EDGE('',*,*,#5491,.T.);
#7879 = ORIENTED_EDGE('',*,*,#7839,.F.);
#7880 = ORIENTED_EDGE('',*,*,#4169,.F.);
#7881 = PLANE('',#7882);
#7882 = AXIS2_PLACEMENT_3D('',#7883,#7884,#7885);
#7883 = CARTESIAN_POINT('',(228.06978240046,-120.0104570434,-2.));
#7884 = DIRECTION('',(0.258818989126,-0.965925841288,0.));
#7885 = DIRECTION('',(-0.965925841288,-0.258818989126,0.));
#7886 = ADVANCED_FACE('',(#7887),#7898,.T.);
#7887 = FACE_BOUND('',#7888,.T.);
#7888 = EDGE_LOOP('',(#7889,#7890,#7891,#7897));
#7889 = ORIENTED_EDGE('',*,*,#7858,.T.);
#7890 = ORIENTED_EDGE('',*,*,#5508,.T.);
#7891 = ORIENTED_EDGE('',*,*,#7892,.F.);
#7892 = EDGE_CURVE('',#4186,#5509,#7893,.T.);
#7893 = LINE('',#7894,#7895);
#7894 = CARTESIAN_POINT('',(263.2,-81.605,-2.));
#7895 = VECTOR('',#7896,1.);
#7896 = DIRECTION('',(0.,0.,1.));
#7897 = ORIENTED_EDGE('',*,*,#4193,.F.);
#7898 = PLANE('',#7899);
#7899 = AXIS2_PLACEMENT_3D('',#7900,#7901,#7902);
#7900 = CARTESIAN_POINT('',(263.2,-83.51,-2.));
#7901 = DIRECTION('',(-1.,0.,0.));
#7902 = DIRECTION('',(0.,1.,0.));
#7903 = ADVANCED_FACE('',(#7904),#7915,.T.);
#7904 = FACE_BOUND('',#7905,.T.);
#7905 = EDGE_LOOP('',(#7906,#7912,#7913,#7914));
#7906 = ORIENTED_EDGE('',*,*,#7907,.T.);
#7907 = EDGE_CURVE('',#4208,#5533,#7908,.T.);
#7908 = LINE('',#7909,#7910);
#7909 = CARTESIAN_POINT('',(227.12509413977,-116.4848335346,-2.));
#7910 = VECTOR('',#7911,1.);
#7911 = DIRECTION('',(0.,0.,1.));
#7912 = ORIENTED_EDGE('',*,*,#5541,.T.);
#7913 = ORIENTED_EDGE('',*,*,#7873,.F.);
#7914 = ORIENTED_EDGE('',*,*,#4217,.F.);
#7915 = PLANE('',#7916);
#7916 = AXIS2_PLACEMENT_3D('',#7917,#7918,#7919);
#7917 = CARTESIAN_POINT('',(227.12509413977,-116.4848335346,-2.));
#7918 = DIRECTION('',(0.965925806516,0.258819118897,0.));
#7919 = DIRECTION('',(0.258819118897,-0.965925806516,0.));
#7920 = ADVANCED_FACE('',(#7921),#7932,.T.);
#7921 = FACE_BOUND('',#7922,.T.);
#7922 = EDGE_LOOP('',(#7923,#7924,#7925,#7931));
#7923 = ORIENTED_EDGE('',*,*,#7892,.T.);
#7924 = ORIENTED_EDGE('',*,*,#5558,.T.);
#7925 = ORIENTED_EDGE('',*,*,#7926,.F.);
#7926 = EDGE_CURVE('',#4234,#5559,#7927,.T.);
#7927 = LINE('',#7928,#7929);
#7928 = CARTESIAN_POINT('',(244.15,-81.605,-2.));
#7929 = VECTOR('',#7930,1.);
#7930 = DIRECTION('',(0.,0.,1.));
#7931 = ORIENTED_EDGE('',*,*,#4241,.F.);
#7932 = PLANE('',#7933);
#7933 = AXIS2_PLACEMENT_3D('',#7934,#7935,#7936);
#7934 = CARTESIAN_POINT('',(263.2,-81.605,-2.));
#7935 = DIRECTION('',(0.,-1.,0.));
#7936 = DIRECTION('',(-1.,0.,0.));
#7937 = ADVANCED_FACE('',(#7938),#7949,.T.);
#7938 = FACE_BOUND('',#7939,.T.);
#7939 = EDGE_LOOP('',(#7940,#7946,#7947,#7948));
#7940 = ORIENTED_EDGE('',*,*,#7941,.T.);
#7941 = EDGE_CURVE('',#4256,#5583,#7942,.T.);
#7942 = LINE('',#7943,#7944);
#7943 = CARTESIAN_POINT('',(227.60806468128,-116.3554233895,-2.));
#7944 = VECTOR('',#7945,1.);
#7945 = DIRECTION('',(0.,0.,1.));
#7946 = ORIENTED_EDGE('',*,*,#5591,.T.);
#7947 = ORIENTED_EDGE('',*,*,#7907,.F.);
#7948 = ORIENTED_EDGE('',*,*,#4265,.F.);
#7949 = PLANE('',#7950);
#7950 = AXIS2_PLACEMENT_3D('',#7951,#7952,#7953);
#7951 = CARTESIAN_POINT('',(227.60806468128,-116.3554233895,-2.));
#7952 = DIRECTION('',(0.258816392642,-0.96592653701,0.));
#7953 = DIRECTION('',(-0.96592653701,-0.258816392642,0.));
#7954 = ADVANCED_FACE('',(#7955),#7966,.T.);
#7955 = FACE_BOUND('',#7956,.T.);
#7956 = EDGE_LOOP('',(#7957,#7958,#7959,#7965));
#7957 = ORIENTED_EDGE('',*,*,#7926,.T.);
#7958 = ORIENTED_EDGE('',*,*,#5608,.T.);
#7959 = ORIENTED_EDGE('',*,*,#7960,.F.);
#7960 = EDGE_CURVE('',#4282,#5609,#7961,.T.);
#7961 = LINE('',#7962,#7963);
#7962 = CARTESIAN_POINT('',(244.15,-79.7,-2.));
#7963 = VECTOR('',#7964,1.);
#7964 = DIRECTION('',(0.,0.,1.));
#7965 = ORIENTED_EDGE('',*,*,#4289,.F.);
#7966 = PLANE('',#7967);
#7967 = AXIS2_PLACEMENT_3D('',#7968,#7969,#7970);
#7968 = CARTESIAN_POINT('',(244.15,-81.605,-2.));
#7969 = DIRECTION('',(-1.,0.,0.));
#7970 = DIRECTION('',(0.,1.,0.));
#7971 = ADVANCED_FACE('',(#7972),#7983,.T.);
#7972 = FACE_BOUND('',#7973,.T.);
#7973 = EDGE_LOOP('',(#7974,#7980,#7981,#7982));
#7974 = ORIENTED_EDGE('',*,*,#7975,.T.);
#7975 = EDGE_CURVE('',#4304,#5633,#7976,.T.);
#7976 = LINE('',#7977,#7978);
#7977 = CARTESIAN_POINT('',(222.86725444616,-98.6625,-2.));
#7978 = VECTOR('',#7979,1.);
#7979 = DIRECTION('',(0.,0.,1.));
#7980 = ORIENTED_EDGE('',*,*,#5641,.T.);
#7981 = ORIENTED_EDGE('',*,*,#7941,.F.);
#7982 = ORIENTED_EDGE('',*,*,#4313,.F.);
#7983 = PLANE('',#7984);
#7984 = AXIS2_PLACEMENT_3D('',#7985,#7986,#7987);
#7985 = CARTESIAN_POINT('',(222.86725444616,-98.6625,-2.));
#7986 = DIRECTION('',(0.965925748477,0.2588193355,0.));
#7987 = DIRECTION('',(0.2588193355,-0.965925748477,0.));
#7988 = ADVANCED_FACE('',(#7989),#8000,.T.);
#7989 = FACE_BOUND('',#7990,.T.);
#7990 = EDGE_LOOP('',(#7991,#7992,#7993,#7999));
#7991 = ORIENTED_EDGE('',*,*,#7960,.T.);
#7992 = ORIENTED_EDGE('',*,*,#5658,.T.);
#7993 = ORIENTED_EDGE('',*,*,#7994,.F.);
#7994 = EDGE_CURVE('',#4330,#5659,#7995,.T.);
#7995 = LINE('',#7996,#7997);
#7996 = CARTESIAN_POINT('',(232.1,-79.7,-2.));
#7997 = VECTOR('',#7998,1.);
#7998 = DIRECTION('',(0.,0.,1.));
#7999 = ORIENTED_EDGE('',*,*,#4337,.F.);
#8000 = PLANE('',#8001);
#8001 = AXIS2_PLACEMENT_3D('',#8002,#8003,#8004);
#8002 = CARTESIAN_POINT('',(244.15,-79.7,-2.));
#8003 = DIRECTION('',(0.,-1.,0.));
#8004 = DIRECTION('',(-1.,0.,0.));
#8005 = ADVANCED_FACE('',(#8006),#8017,.T.);
#8006 = FACE_BOUND('',#8007,.T.);
#8007 = EDGE_LOOP('',(#8008,#8014,#8015,#8016));
#8008 = ORIENTED_EDGE('',*,*,#8009,.T.);
#8009 = EDGE_CURVE('',#4352,#5683,#8010,.T.);
#8010 = LINE('',#8011,#8012);
#8011 = CARTESIAN_POINT('',(226.605,-98.6625,-2.));
#8012 = VECTOR('',#8013,1.);
#8013 = DIRECTION('',(0.,0.,1.));
#8014 = ORIENTED_EDGE('',*,*,#5691,.T.);
#8015 = ORIENTED_EDGE('',*,*,#7975,.F.);
#8016 = ORIENTED_EDGE('',*,*,#4361,.F.);
#8017 = PLANE('',#8018);
#8018 = AXIS2_PLACEMENT_3D('',#8019,#8020,#8021);
#8019 = CARTESIAN_POINT('',(226.605,-98.6625,-2.));
#8020 = DIRECTION('',(0.,-1.,0.));
#8021 = DIRECTION('',(-1.,0.,0.));
#8022 = ADVANCED_FACE('',(#8023),#8034,.T.);
#8023 = FACE_BOUND('',#8024,.T.);
#8024 = EDGE_LOOP('',(#8025,#8026,#8027,#8033));
#8025 = ORIENTED_EDGE('',*,*,#7994,.T.);
#8026 = ORIENTED_EDGE('',*,*,#5708,.T.);
#8027 = ORIENTED_EDGE('',*,*,#8028,.F.);
#8028 = EDGE_CURVE('',#4378,#5709,#8029,.T.);
#8029 = LINE('',#8030,#8031);
#8030 = CARTESIAN_POINT('',(232.1,-81.5,-2.));
#8031 = VECTOR('',#8032,1.);
#8032 = DIRECTION('',(0.,0.,1.));
#8033 = ORIENTED_EDGE('',*,*,#4385,.F.);
#8034 = PLANE('',#8035);
#8035 = AXIS2_PLACEMENT_3D('',#8036,#8037,#8038);
#8036 = CARTESIAN_POINT('',(232.1,-79.7,-2.));
#8037 = DIRECTION('',(1.,0.,0.));
#8038 = DIRECTION('',(0.,-1.,0.));
#8039 = ADVANCED_FACE('',(#8040),#8051,.T.);
#8040 = FACE_BOUND('',#8041,.T.);
#8041 = EDGE_LOOP('',(#8042,#8048,#8049,#8050));
#8042 = ORIENTED_EDGE('',*,*,#8043,.T.);
#8043 = EDGE_CURVE('',#4400,#5733,#8044,.T.);
#8044 = LINE('',#8045,#8046);
#8045 = CARTESIAN_POINT('',(226.605,-81.5,-2.));
#8046 = VECTOR('',#8047,1.);
#8047 = DIRECTION('',(0.,0.,1.));
#8048 = ORIENTED_EDGE('',*,*,#5741,.T.);
#8049 = ORIENTED_EDGE('',*,*,#8009,.F.);
#8050 = ORIENTED_EDGE('',*,*,#4409,.F.);
#8051 = PLANE('',#8052);
#8052 = AXIS2_PLACEMENT_3D('',#8053,#8054,#8055);
#8053 = CARTESIAN_POINT('',(226.605,-81.5,-2.));
#8054 = DIRECTION('',(1.,0.,0.));
#8055 = DIRECTION('',(0.,-1.,0.));
#8056 = ADVANCED_FACE('',(#8057),#8063,.T.);
#8057 = FACE_BOUND('',#8058,.T.);
#8058 = EDGE_LOOP('',(#8059,#8060,#8061,#8062));
#8059 = ORIENTED_EDGE('',*,*,#8028,.T.);
#8060 = ORIENTED_EDGE('',*,*,#5758,.T.);
#8061 = ORIENTED_EDGE('',*,*,#8043,.F.);
#8062 = ORIENTED_EDGE('',*,*,#4426,.F.);
#8063 = PLANE('',#8064);
#8064 = AXIS2_PLACEMENT_3D('',#8065,#8066,#8067);
#8065 = CARTESIAN_POINT('',(232.1,-81.5,-2.));
#8066 = DIRECTION('',(0.,-1.,0.));
#8067 = DIRECTION('',(-1.,0.,0.));
#8068 = ADVANCED_FACE('',(#8069),#8072,.F.);
#8069 = FACE_BOUND('',#8070,.F.);
#8070 = EDGE_LOOP('',(#8071));
#8071 = ORIENTED_EDGE('',*,*,#4451,.T.);
#8072 = PLANE('',#8073);
#8073 = AXIS2_PLACEMENT_3D('',#8074,#8075,#8076);
#8074 = CARTESIAN_POINT('',(220.,-114.,-9.));
#8075 = DIRECTION('',(0.,0.,1.));
#8076 = DIRECTION('',(1.,0.,-0.));
#8077 = ADVANCED_FACE('',(#8078),#8081,.F.);
#8078 = FACE_BOUND('',#8079,.F.);
#8079 = EDGE_LOOP('',(#8080));
#8080 = ORIENTED_EDGE('',*,*,#4477,.T.);
#8081 = PLANE('',#8082);
#8082 = AXIS2_PLACEMENT_3D('',#8083,#8084,#8085);
#8083 = CARTESIAN_POINT('',(200.,-101.,-13.));
#8084 = DIRECTION('',(0.,0.,1.));
#8085 = DIRECTION('',(1.,0.,-0.));
#8086 = ADVANCED_FACE('',(#8087),#8090,.F.);
#8087 = FACE_BOUND('',#8088,.F.);
#8088 = EDGE_LOOP('',(#8089));
#8089 = ORIENTED_EDGE('',*,*,#4521,.T.);
#8090 = PLANE('',#8091);
#8091 = AXIS2_PLACEMENT_3D('',#8092,#8093,#8094);
#8092 = CARTESIAN_POINT('',(260.,-20.,-11.));
#8093 = DIRECTION('',(0.,0.,1.));
#8094 = DIRECTION('',(1.,0.,-0.));
#8095 = ADVANCED_FACE('',(#8096),#8099,.F.);
#8096 = FACE_BOUND('',#8097,.F.);
#8097 = EDGE_LOOP('',(#8098));
#8098 = ORIENTED_EDGE('',*,*,#4547,.T.);
#8099 = PLANE('',#8100);
#8100 = AXIS2_PLACEMENT_3D('',#8101,#8102,#8103);
#8101 = CARTESIAN_POINT('',(215.,-20.,-7.));
#8102 = DIRECTION('',(0.,0.,1.));
#8103 = DIRECTION('',(1.,0.,-0.));
#8104 = ADVANCED_FACE('',(#8105,#8164,#8175,#8186),#8197,.F.);
#8105 = FACE_BOUND('',#8106,.F.);
#8106 = EDGE_LOOP('',(#8107,#8108,#8109,#8110,#8111,#8112,#8113,#8114,
    #8115,#8116,#8117,#8118,#8119,#8120,#8121,#8122,#8123,#8124,#8125,
    #8126,#8127,#8128,#8129,#8130,#8131,#8132,#8133,#8134,#8135,#8136,
    #8137,#8138,#8139,#8140,#8141,#8142,#8143,#8144,#8145,#8146,#8147,
    #8148,#8149,#8150,#8151,#8152,#8153,#8154,#8155,#8156,#8157,#8158,
    #8159,#8160,#8161,#8162,#8163));
#8107 = ORIENTED_EDGE('',*,*,#7162,.T.);
#8108 = ORIENTED_EDGE('',*,*,#5791,.T.);
#8109 = ORIENTED_EDGE('',*,*,#5815,.T.);
#8110 = ORIENTED_EDGE('',*,*,#5839,.T.);
#8111 = ORIENTED_EDGE('',*,*,#5863,.T.);
#8112 = ORIENTED_EDGE('',*,*,#5887,.T.);
#8113 = ORIENTED_EDGE('',*,*,#5911,.T.);
#8114 = ORIENTED_EDGE('',*,*,#5935,.T.);
#8115 = ORIENTED_EDGE('',*,*,#5959,.T.);
#8116 = ORIENTED_EDGE('',*,*,#5983,.T.);
#8117 = ORIENTED_EDGE('',*,*,#6007,.T.);
#8118 = ORIENTED_EDGE('',*,*,#6031,.T.);
#8119 = ORIENTED_EDGE('',*,*,#6055,.T.);
#8120 = ORIENTED_EDGE('',*,*,#6079,.T.);
#8121 = ORIENTED_EDGE('',*,*,#6103,.T.);
#8122 = ORIENTED_EDGE('',*,*,#6127,.T.);
#8123 = ORIENTED_EDGE('',*,*,#6151,.T.);
#8124 = ORIENTED_EDGE('',*,*,#6175,.T.);
#8125 = ORIENTED_EDGE('',*,*,#6199,.T.);
#8126 = ORIENTED_EDGE('',*,*,#6223,.T.);
#8127 = ORIENTED_EDGE('',*,*,#6247,.T.);
#8128 = ORIENTED_EDGE('',*,*,#6271,.T.);
#8129 = ORIENTED_EDGE('',*,*,#6295,.T.);
#8130 = ORIENTED_EDGE('',*,*,#6319,.T.);
#8131 = ORIENTED_EDGE('',*,*,#6343,.T.);
#8132 = ORIENTED_EDGE('',*,*,#6367,.T.);
#8133 = ORIENTED_EDGE('',*,*,#6391,.T.);
#8134 = ORIENTED_EDGE('',*,*,#6415,.T.);
#8135 = ORIENTED_EDGE('',*,*,#6439,.T.);
#8136 = ORIENTED_EDGE('',*,*,#6463,.T.);
#8137 = ORIENTED_EDGE('',*,*,#6487,.T.);
#8138 = ORIENTED_EDGE('',*,*,#6511,.T.);
#8139 = ORIENTED_EDGE('',*,*,#6535,.T.);
#8140 = ORIENTED_EDGE('',*,*,#6559,.T.);
#8141 = ORIENTED_EDGE('',*,*,#6583,.T.);
#8142 = ORIENTED_EDGE('',*,*,#6607,.T.);
#8143 = ORIENTED_EDGE('',*,*,#6631,.T.);
#8144 = ORIENTED_EDGE('',*,*,#6655,.T.);
#8145 = ORIENTED_EDGE('',*,*,#6679,.T.);
#8146 = ORIENTED_EDGE('',*,*,#6703,.T.);
#8147 = ORIENTED_EDGE('',*,*,#6727,.T.);
#8148 = ORIENTED_EDGE('',*,*,#6751,.T.);
#8149 = ORIENTED_EDGE('',*,*,#6775,.T.);
#8150 = ORIENTED_EDGE('',*,*,#6799,.T.);
#8151 = ORIENTED_EDGE('',*,*,#6823,.T.);
#8152 = ORIENTED_EDGE('',*,*,#6847,.T.);
#8153 = ORIENTED_EDGE('',*,*,#6871,.T.);
#8154 = ORIENTED_EDGE('',*,*,#6895,.T.);
#8155 = ORIENTED_EDGE('',*,*,#6919,.T.);
#8156 = ORIENTED_EDGE('',*,*,#6943,.T.);
#8157 = ORIENTED_EDGE('',*,*,#6967,.T.);
#8158 = ORIENTED_EDGE('',*,*,#6991,.T.);
#8159 = ORIENTED_EDGE('',*,*,#7015,.T.);
#8160 = ORIENTED_EDGE('',*,*,#7039,.T.);
#8161 = ORIENTED_EDGE('',*,*,#7063,.T.);
#8162 = ORIENTED_EDGE('',*,*,#7087,.T.);
#8163 = ORIENTED_EDGE('',*,*,#7145,.T.);
#8164 = FACE_BOUND('',#8165,.F.);
#8165 = EDGE_LOOP('',(#8166));
#8166 = ORIENTED_EDGE('',*,*,#8167,.T.);
#8167 = EDGE_CURVE('',#8168,#8168,#8170,.T.);
#8168 = VERTEX_POINT('',#8169);
#8169 = CARTESIAN_POINT('',(307.4068,-60.1075,-2.));
#8170 = CIRCLE('',#8171,2.5);
#8171 = AXIS2_PLACEMENT_3D('',#8172,#8173,#8174);
#8172 = CARTESIAN_POINT('',(304.9068,-60.1075,-2.));
#8173 = DIRECTION('',(0.,0.,1.));
#8174 = DIRECTION('',(1.,0.,0.));
#8175 = FACE_BOUND('',#8176,.F.);
#8176 = EDGE_LOOP('',(#8177));
#8177 = ORIENTED_EDGE('',*,*,#8178,.T.);
#8178 = EDGE_CURVE('',#8179,#8179,#8181,.T.);
#8179 = VERTEX_POINT('',#8180);
#8180 = CARTESIAN_POINT('',(233.6068,-72.4075,-2.));
#8181 = CIRCLE('',#8182,2.5);
#8182 = AXIS2_PLACEMENT_3D('',#8183,#8184,#8185);
#8183 = CARTESIAN_POINT('',(231.1068,-72.4075,-2.));
#8184 = DIRECTION('',(0.,0.,1.));
#8185 = DIRECTION('',(1.,0.,0.));
#8186 = FACE_BOUND('',#8187,.F.);
#8187 = EDGE_LOOP('',(#8188));
#8188 = ORIENTED_EDGE('',*,*,#8189,.T.);
#8189 = EDGE_CURVE('',#8190,#8190,#8192,.T.);
#8190 = VERTEX_POINT('',#8191);
#8191 = CARTESIAN_POINT('',(184.4068,-35.5075,-2.));
#8192 = CIRCLE('',#8193,2.5);
#8193 = AXIS2_PLACEMENT_3D('',#8194,#8195,#8196);
#8194 = CARTESIAN_POINT('',(181.9068,-35.5075,-2.));
#8195 = DIRECTION('',(0.,0.,1.));
#8196 = DIRECTION('',(1.,0.,0.));
#8197 = PLANE('',#8198);
#8198 = AXIS2_PLACEMENT_3D('',#8199,#8200,#8201);
#8199 = CARTESIAN_POINT('',(230.86550198153,-55.26538164695,-2.));
#8200 = DIRECTION('',(-0.,-0.,-1.));
#8201 = DIRECTION('',(-1.,0.,0.));
#8202 = ADVANCED_FACE('',(#8203),#8228,.F.);
#8203 = FACE_BOUND('',#8204,.F.);
#8204 = EDGE_LOOP('',(#8205,#8213,#8214,#8222));
#8205 = ORIENTED_EDGE('',*,*,#8206,.F.);
#8206 = EDGE_CURVE('',#7309,#8207,#8209,.T.);
#8207 = VERTEX_POINT('',#8208);
#8208 = CARTESIAN_POINT('',(170.,-26.,4.5));
#8209 = LINE('',#8210,#8211);
#8210 = CARTESIAN_POINT('',(160.,-26.,4.5));
#8211 = VECTOR('',#8212,1.);
#8212 = DIRECTION('',(1.,0.,0.));
#8213 = ORIENTED_EDGE('',*,*,#7306,.F.);
#8214 = ORIENTED_EDGE('',*,*,#8215,.T.);
#8215 = EDGE_CURVE('',#7307,#8216,#8218,.T.);
#8216 = VERTEX_POINT('',#8217);
#8217 = CARTESIAN_POINT('',(170.,-35.,4.5));
#8218 = LINE('',#8219,#8220);
#8219 = CARTESIAN_POINT('',(160.,-35.,4.5));
#8220 = VECTOR('',#8221,1.);
#8221 = DIRECTION('',(1.,0.,0.));
#8222 = ORIENTED_EDGE('',*,*,#8223,.T.);
#8223 = EDGE_CURVE('',#8216,#8207,#8224,.T.);
#8224 = LINE('',#8225,#8226);
#8225 = CARTESIAN_POINT('',(170.,-35.,4.5));
#8226 = VECTOR('',#8227,1.);
#8227 = DIRECTION('',(0.,1.,0.));
#8228 = PLANE('',#8229);
#8229 = AXIS2_PLACEMENT_3D('',#8230,#8231,#8232);
#8230 = CARTESIAN_POINT('',(160.,-35.,4.5));
#8231 = DIRECTION('',(0.,0.,1.));
#8232 = DIRECTION('',(1.,0.,0.));
#8233 = ADVANCED_FACE('',(#8234),#8252,.F.);
#8234 = FACE_BOUND('',#8235,.F.);
#8235 = EDGE_LOOP('',(#8236,#8244,#8245,#8246));
#8236 = ORIENTED_EDGE('',*,*,#8237,.F.);
#8237 = EDGE_CURVE('',#7325,#8238,#8240,.T.);
#8238 = VERTEX_POINT('',#8239);
#8239 = CARTESIAN_POINT('',(170.,-26.,0.5));
#8240 = LINE('',#8241,#8242);
#8241 = CARTESIAN_POINT('',(160.,-26.,0.5));
#8242 = VECTOR('',#8243,1.);
#8243 = DIRECTION('',(1.,0.,0.));
#8244 = ORIENTED_EDGE('',*,*,#7332,.F.);
#8245 = ORIENTED_EDGE('',*,*,#8206,.T.);
#8246 = ORIENTED_EDGE('',*,*,#8247,.F.);
#8247 = EDGE_CURVE('',#8238,#8207,#8248,.T.);
#8248 = LINE('',#8249,#8250);
#8249 = CARTESIAN_POINT('',(170.,-26.,0.5));
#8250 = VECTOR('',#8251,1.);
#8251 = DIRECTION('',(0.,0.,1.));
#8252 = PLANE('',#8253);
#8253 = AXIS2_PLACEMENT_3D('',#8254,#8255,#8256);
#8254 = CARTESIAN_POINT('',(160.,-26.,0.5));
#8255 = DIRECTION('',(0.,1.,0.));
#8256 = DIRECTION('',(0.,0.,1.));
#8257 = ADVANCED_FACE('',(#8258),#8276,.T.);
#8258 = FACE_BOUND('',#8259,.T.);
#8259 = EDGE_LOOP('',(#8260,#8261,#8262,#8270));
#8260 = ORIENTED_EDGE('',*,*,#8237,.F.);
#8261 = ORIENTED_EDGE('',*,*,#7324,.F.);
#8262 = ORIENTED_EDGE('',*,*,#8263,.T.);
#8263 = EDGE_CURVE('',#7317,#8264,#8266,.T.);
#8264 = VERTEX_POINT('',#8265);
#8265 = CARTESIAN_POINT('',(170.,-35.,0.5));
#8266 = LINE('',#8267,#8268);
#8267 = CARTESIAN_POINT('',(160.,-35.,0.5));
#8268 = VECTOR('',#8269,1.);
#8269 = DIRECTION('',(1.,0.,0.));
#8270 = ORIENTED_EDGE('',*,*,#8271,.T.);
#8271 = EDGE_CURVE('',#8264,#8238,#8272,.T.);
#8272 = LINE('',#8273,#8274);
#8273 = CARTESIAN_POINT('',(170.,-35.,0.5));
#8274 = VECTOR('',#8275,1.);
#8275 = DIRECTION('',(0.,1.,0.));
#8276 = PLANE('',#8277);
#8277 = AXIS2_PLACEMENT_3D('',#8278,#8279,#8280);
#8278 = CARTESIAN_POINT('',(160.,-35.,0.5));
#8279 = DIRECTION('',(0.,0.,1.));
#8280 = DIRECTION('',(1.,0.,0.));
#8281 = ADVANCED_FACE('',(#8282),#8293,.T.);
#8282 = FACE_BOUND('',#8283,.T.);
#8283 = EDGE_LOOP('',(#8284,#8285,#8286,#8287));
#8284 = ORIENTED_EDGE('',*,*,#8263,.F.);
#8285 = ORIENTED_EDGE('',*,*,#7316,.F.);
#8286 = ORIENTED_EDGE('',*,*,#8215,.T.);
#8287 = ORIENTED_EDGE('',*,*,#8288,.F.);
#8288 = EDGE_CURVE('',#8264,#8216,#8289,.T.);
#8289 = LINE('',#8290,#8291);
#8290 = CARTESIAN_POINT('',(170.,-35.,0.5));
#8291 = VECTOR('',#8292,1.);
#8292 = DIRECTION('',(0.,0.,1.));
#8293 = PLANE('',#8294);
#8294 = AXIS2_PLACEMENT_3D('',#8295,#8296,#8297);
#8295 = CARTESIAN_POINT('',(160.,-35.,0.5));
#8296 = DIRECTION('',(0.,1.,0.));
#8297 = DIRECTION('',(0.,0.,1.));
#8298 = ADVANCED_FACE('',(#8299),#8318,.T.);
#8299 = FACE_BOUND('',#8300,.T.);
#8300 = EDGE_LOOP('',(#8301,#8309,#8316,#8317));
#8301 = ORIENTED_EDGE('',*,*,#8302,.T.);
#8302 = EDGE_CURVE('',#8168,#8303,#8305,.T.);
#8303 = VERTEX_POINT('',#8304);
#8304 = CARTESIAN_POINT('',(307.4068,-60.1075,0.));
#8305 = LINE('',#8306,#8307);
#8306 = CARTESIAN_POINT('',(307.4068,-60.1075,-4.));
#8307 = VECTOR('',#8308,1.);
#8308 = DIRECTION('',(0.,0.,1.));
#8309 = ORIENTED_EDGE('',*,*,#8310,.F.);
#8310 = EDGE_CURVE('',#8303,#8303,#8311,.T.);
#8311 = CIRCLE('',#8312,2.5);
#8312 = AXIS2_PLACEMENT_3D('',#8313,#8314,#8315);
#8313 = CARTESIAN_POINT('',(304.9068,-60.1075,0.));
#8314 = DIRECTION('',(0.,0.,1.));
#8315 = DIRECTION('',(1.,0.,0.));
#8316 = ORIENTED_EDGE('',*,*,#8302,.F.);
#8317 = ORIENTED_EDGE('',*,*,#8167,.T.);
#8318 = CYLINDRICAL_SURFACE('',#8319,2.5);
#8319 = AXIS2_PLACEMENT_3D('',#8320,#8321,#8322);
#8320 = CARTESIAN_POINT('',(304.9068,-60.1075,-4.));
#8321 = DIRECTION('',(0.,0.,1.));
#8322 = DIRECTION('',(1.,0.,0.));
#8323 = ADVANCED_FACE('',(#8324),#8343,.T.);
#8324 = FACE_BOUND('',#8325,.T.);
#8325 = EDGE_LOOP('',(#8326,#8334,#8341,#8342));
#8326 = ORIENTED_EDGE('',*,*,#8327,.T.);
#8327 = EDGE_CURVE('',#8179,#8328,#8330,.T.);
#8328 = VERTEX_POINT('',#8329);
#8329 = CARTESIAN_POINT('',(233.6068,-72.4075,0.));
#8330 = LINE('',#8331,#8332);
#8331 = CARTESIAN_POINT('',(233.6068,-72.4075,-4.));
#8332 = VECTOR('',#8333,1.);
#8333 = DIRECTION('',(0.,0.,1.));
#8334 = ORIENTED_EDGE('',*,*,#8335,.F.);
#8335 = EDGE_CURVE('',#8328,#8328,#8336,.T.);
#8336 = CIRCLE('',#8337,2.5);
#8337 = AXIS2_PLACEMENT_3D('',#8338,#8339,#8340);
#8338 = CARTESIAN_POINT('',(231.1068,-72.4075,0.));
#8339 = DIRECTION('',(0.,0.,1.));
#8340 = DIRECTION('',(1.,0.,0.));
#8341 = ORIENTED_EDGE('',*,*,#8327,.F.);
#8342 = ORIENTED_EDGE('',*,*,#8178,.T.);
#8343 = CYLINDRICAL_SURFACE('',#8344,2.5);
#8344 = AXIS2_PLACEMENT_3D('',#8345,#8346,#8347);
#8345 = CARTESIAN_POINT('',(231.1068,-72.4075,-4.));
#8346 = DIRECTION('',(0.,0.,1.));
#8347 = DIRECTION('',(1.,0.,0.));
#8348 = ADVANCED_FACE('',(#8349),#8368,.T.);
#8349 = FACE_BOUND('',#8350,.T.);
#8350 = EDGE_LOOP('',(#8351,#8359,#8366,#8367));
#8351 = ORIENTED_EDGE('',*,*,#8352,.T.);
#8352 = EDGE_CURVE('',#8190,#8353,#8355,.T.);
#8353 = VERTEX_POINT('',#8354);
#8354 = CARTESIAN_POINT('',(184.4068,-35.5075,0.));
#8355 = LINE('',#8356,#8357);
#8356 = CARTESIAN_POINT('',(184.4068,-35.5075,-4.));
#8357 = VECTOR('',#8358,1.);
#8358 = DIRECTION('',(0.,0.,1.));
#8359 = ORIENTED_EDGE('',*,*,#8360,.F.);
#8360 = EDGE_CURVE('',#8353,#8353,#8361,.T.);
#8361 = CIRCLE('',#8362,2.5);
#8362 = AXIS2_PLACEMENT_3D('',#8363,#8364,#8365);
#8363 = CARTESIAN_POINT('',(181.9068,-35.5075,0.));
#8364 = DIRECTION('',(0.,0.,1.));
#8365 = DIRECTION('',(1.,0.,0.));
#8366 = ORIENTED_EDGE('',*,*,#8352,.F.);
#8367 = ORIENTED_EDGE('',*,*,#8189,.T.);
#8368 = CYLINDRICAL_SURFACE('',#8369,2.5);
#8369 = AXIS2_PLACEMENT_3D('',#8370,#8371,#8372);
#8370 = CARTESIAN_POINT('',(181.9068,-35.5075,-4.));
#8371 = DIRECTION('',(0.,0.,1.));
#8372 = DIRECTION('',(1.,0.,0.));
#8373 = ADVANCED_FACE('',(#8374),#8380,.F.);
#8374 = FACE_BOUND('',#8375,.F.);
#8375 = EDGE_LOOP('',(#8376,#8377,#8378,#8379));
#8376 = ORIENTED_EDGE('',*,*,#8288,.F.);
#8377 = ORIENTED_EDGE('',*,*,#8271,.T.);
#8378 = ORIENTED_EDGE('',*,*,#8247,.T.);
#8379 = ORIENTED_EDGE('',*,*,#8223,.F.);
#8380 = PLANE('',#8381);
#8381 = AXIS2_PLACEMENT_3D('',#8382,#8383,#8384);
#8382 = CARTESIAN_POINT('',(170.,-35.,0.5));
#8383 = DIRECTION('',(1.,0.,0.));
#8384 = DIRECTION('',(0.,0.,1.));
#8385 = ADVANCED_FACE('',(#8386,#8389),#8400,.T.);
#8386 = FACE_BOUND('',#8387,.T.);
#8387 = EDGE_LOOP('',(#8388));
#8388 = ORIENTED_EDGE('',*,*,#8310,.T.);
#8389 = FACE_BOUND('',#8390,.T.);
#8390 = EDGE_LOOP('',(#8391));
#8391 = ORIENTED_EDGE('',*,*,#8392,.F.);
#8392 = EDGE_CURVE('',#8393,#8393,#8395,.T.);
#8393 = VERTEX_POINT('',#8394);
#8394 = CARTESIAN_POINT('',(306.0068,-60.1075,0.));
#8395 = CIRCLE('',#8396,1.1);
#8396 = AXIS2_PLACEMENT_3D('',#8397,#8398,#8399);
#8397 = CARTESIAN_POINT('',(304.9068,-60.1075,0.));
#8398 = DIRECTION('',(0.,0.,1.));
#8399 = DIRECTION('',(1.,0.,0.));
#8400 = PLANE('',#8401);
#8401 = AXIS2_PLACEMENT_3D('',#8402,#8403,#8404);
#8402 = CARTESIAN_POINT('',(304.9068,-60.1075,0.));
#8403 = DIRECTION('',(0.,0.,1.));
#8404 = DIRECTION('',(1.,0.,0.));
#8405 = ADVANCED_FACE('',(#8406,#8409),#8420,.T.);
#8406 = FACE_BOUND('',#8407,.T.);
#8407 = EDGE_LOOP('',(#8408));
#8408 = ORIENTED_EDGE('',*,*,#8335,.T.);
#8409 = FACE_BOUND('',#8410,.T.);
#8410 = EDGE_LOOP('',(#8411));
#8411 = ORIENTED_EDGE('',*,*,#8412,.F.);
#8412 = EDGE_CURVE('',#8413,#8413,#8415,.T.);
#8413 = VERTEX_POINT('',#8414);
#8414 = CARTESIAN_POINT('',(232.2068,-72.4075,0.));
#8415 = CIRCLE('',#8416,1.1);
#8416 = AXIS2_PLACEMENT_3D('',#8417,#8418,#8419);
#8417 = CARTESIAN_POINT('',(231.1068,-72.4075,0.));
#8418 = DIRECTION('',(0.,0.,1.));
#8419 = DIRECTION('',(1.,0.,0.));
#8420 = PLANE('',#8421);
#8421 = AXIS2_PLACEMENT_3D('',#8422,#8423,#8424);
#8422 = CARTESIAN_POINT('',(231.1068,-72.4075,0.));
#8423 = DIRECTION('',(0.,0.,1.));
#8424 = DIRECTION('',(1.,0.,0.));
#8425 = ADVANCED_FACE('',(#8426,#8429),#8440,.T.);
#8426 = FACE_BOUND('',#8427,.T.);
#8427 = EDGE_LOOP('',(#8428));
#8428 = ORIENTED_EDGE('',*,*,#8360,.T.);
#8429 = FACE_BOUND('',#8430,.T.);
#8430 = EDGE_LOOP('',(#8431));
#8431 = ORIENTED_EDGE('',*,*,#8432,.F.);
#8432 = EDGE_CURVE('',#8433,#8433,#8435,.T.);
#8433 = VERTEX_POINT('',#8434);
#8434 = CARTESIAN_POINT('',(183.0068,-35.5075,0.));
#8435 = CIRCLE('',#8436,1.1);
#8436 = AXIS2_PLACEMENT_3D('',#8437,#8438,#8439);
#8437 = CARTESIAN_POINT('',(181.9068,-35.5075,0.));
#8438 = DIRECTION('',(0.,0.,1.));
#8439 = DIRECTION('',(1.,0.,0.));
#8440 = PLANE('',#8441);
#8441 = AXIS2_PLACEMENT_3D('',#8442,#8443,#8444);
#8442 = CARTESIAN_POINT('',(181.9068,-35.5075,0.));
#8443 = DIRECTION('',(0.,0.,1.));
#8444 = DIRECTION('',(1.,0.,0.));
#8445 = ADVANCED_FACE('',(#8446),#8465,.F.);
#8446 = FACE_BOUND('',#8447,.F.);
#8447 = EDGE_LOOP('',(#8448,#8456,#8457,#8458));
#8448 = ORIENTED_EDGE('',*,*,#8449,.T.);
#8449 = EDGE_CURVE('',#8450,#8393,#8452,.T.);
#8450 = VERTEX_POINT('',#8451);
#8451 = CARTESIAN_POINT('',(306.0068,-60.1075,-2.));
#8452 = LINE('',#8453,#8454);
#8453 = CARTESIAN_POINT('',(306.0068,-60.1075,-4.5));
#8454 = VECTOR('',#8455,1.);
#8455 = DIRECTION('',(0.,0.,1.));
#8456 = ORIENTED_EDGE('',*,*,#8392,.F.);
#8457 = ORIENTED_EDGE('',*,*,#8449,.F.);
#8458 = ORIENTED_EDGE('',*,*,#8459,.T.);
#8459 = EDGE_CURVE('',#8450,#8450,#8460,.T.);
#8460 = CIRCLE('',#8461,1.1);
#8461 = AXIS2_PLACEMENT_3D('',#8462,#8463,#8464);
#8462 = CARTESIAN_POINT('',(304.9068,-60.1075,-2.));
#8463 = DIRECTION('',(0.,0.,1.));
#8464 = DIRECTION('',(1.,0.,0.));
#8465 = CYLINDRICAL_SURFACE('',#8466,1.1);
#8466 = AXIS2_PLACEMENT_3D('',#8467,#8468,#8469);
#8467 = CARTESIAN_POINT('',(304.9068,-60.1075,-4.5));
#8468 = DIRECTION('',(0.,0.,1.));
#8469 = DIRECTION('',(1.,0.,0.));
#8470 = ADVANCED_FACE('',(#8471),#8490,.F.);
#8471 = FACE_BOUND('',#8472,.F.);
#8472 = EDGE_LOOP('',(#8473,#8481,#8482,#8483));
#8473 = ORIENTED_EDGE('',*,*,#8474,.T.);
#8474 = EDGE_CURVE('',#8475,#8413,#8477,.T.);
#8475 = VERTEX_POINT('',#8476);
#8476 = CARTESIAN_POINT('',(232.2068,-72.4075,-2.));
#8477 = LINE('',#8478,#8479);
#8478 = CARTESIAN_POINT('',(232.2068,-72.4075,-4.5));
#8479 = VECTOR('',#8480,1.);
#8480 = DIRECTION('',(0.,0.,1.));
#8481 = ORIENTED_EDGE('',*,*,#8412,.F.);
#8482 = ORIENTED_EDGE('',*,*,#8474,.F.);
#8483 = ORIENTED_EDGE('',*,*,#8484,.T.);
#8484 = EDGE_CURVE('',#8475,#8475,#8485,.T.);
#8485 = CIRCLE('',#8486,1.1);
#8486 = AXIS2_PLACEMENT_3D('',#8487,#8488,#8489);
#8487 = CARTESIAN_POINT('',(231.1068,-72.4075,-2.));
#8488 = DIRECTION('',(0.,0.,1.));
#8489 = DIRECTION('',(1.,0.,0.));
#8490 = CYLINDRICAL_SURFACE('',#8491,1.1);
#8491 = AXIS2_PLACEMENT_3D('',#8492,#8493,#8494);
#8492 = CARTESIAN_POINT('',(231.1068,-72.4075,-4.5));
#8493 = DIRECTION('',(0.,0.,1.));
#8494 = DIRECTION('',(1.,0.,0.));
#8495 = ADVANCED_FACE('',(#8496),#8515,.F.);
#8496 = FACE_BOUND('',#8497,.F.);
#8497 = EDGE_LOOP('',(#8498,#8506,#8507,#8508));
#8498 = ORIENTED_EDGE('',*,*,#8499,.T.);
#8499 = EDGE_CURVE('',#8500,#8433,#8502,.T.);
#8500 = VERTEX_POINT('',#8501);
#8501 = CARTESIAN_POINT('',(183.0068,-35.5075,-2.));
#8502 = LINE('',#8503,#8504);
#8503 = CARTESIAN_POINT('',(183.0068,-35.5075,-4.5));
#8504 = VECTOR('',#8505,1.);
#8505 = DIRECTION('',(0.,0.,1.));
#8506 = ORIENTED_EDGE('',*,*,#8432,.F.);
#8507 = ORIENTED_EDGE('',*,*,#8499,.F.);
#8508 = ORIENTED_EDGE('',*,*,#8509,.T.);
#8509 = EDGE_CURVE('',#8500,#8500,#8510,.T.);
#8510 = CIRCLE('',#8511,1.1);
#8511 = AXIS2_PLACEMENT_3D('',#8512,#8513,#8514);
#8512 = CARTESIAN_POINT('',(181.9068,-35.5075,-2.));
#8513 = DIRECTION('',(0.,0.,1.));
#8514 = DIRECTION('',(1.,0.,0.));
#8515 = CYLINDRICAL_SURFACE('',#8516,1.1);
#8516 = AXIS2_PLACEMENT_3D('',#8517,#8518,#8519);
#8517 = CARTESIAN_POINT('',(181.9068,-35.5075,-4.5));
#8518 = DIRECTION('',(0.,0.,1.));
#8519 = DIRECTION('',(1.,0.,0.));
#8520 = ADVANCED_FACE('',(#8521),#8524,.F.);
#8521 = FACE_BOUND('',#8522,.F.);
#8522 = EDGE_LOOP('',(#8523));
#8523 = ORIENTED_EDGE('',*,*,#8459,.F.);
#8524 = PLANE('',#8525);
#8525 = AXIS2_PLACEMENT_3D('',#8526,#8527,#8528);
#8526 = CARTESIAN_POINT('',(230.86550198153,-55.26538164695,-2.));
#8527 = DIRECTION('',(-0.,-0.,-1.));
#8528 = DIRECTION('',(-1.,0.,0.));
#8529 = ADVANCED_FACE('',(#8530),#8533,.F.);
#8530 = FACE_BOUND('',#8531,.F.);
#8531 = EDGE_LOOP('',(#8532));
#8532 = ORIENTED_EDGE('',*,*,#8484,.F.);
#8533 = PLANE('',#8534);
#8534 = AXIS2_PLACEMENT_3D('',#8535,#8536,#8537);
#8535 = CARTESIAN_POINT('',(230.86550198153,-55.26538164695,-2.));
#8536 = DIRECTION('',(-0.,-0.,-1.));
#8537 = DIRECTION('',(-1.,0.,0.));
#8538 = ADVANCED_FACE('',(#8539),#8542,.F.);
#8539 = FACE_BOUND('',#8540,.F.);
#8540 = EDGE_LOOP('',(#8541));
#8541 = ORIENTED_EDGE('',*,*,#8509,.F.);
#8542 = PLANE('',#8543);
#8543 = AXIS2_PLACEMENT_3D('',#8544,#8545,#8546);
#8544 = CARTESIAN_POINT('',(230.86550198153,-55.26538164695,-2.));
#8545 = DIRECTION('',(-0.,-0.,-1.));
#8546 = DIRECTION('',(-1.,0.,0.));
#8547 = ( GEOMETRIC_REPRESENTATION_CONTEXT(3) 
GLOBAL_UNCERTAINTY_ASSIGNED_CONTEXT((#8551)) 
GLOBAL_UNIT_ASSIGNED_CONTEXT((#8548,#8549,#8550)) REPRESENTATION_CONTEXT
('Context #1','3D Context with UNIT and UNCERTAINTY') );
#8548 = ( LENGTH_UNIT() NAMED_UNIT(*) SI_UNIT(.MILLI.,.METRE.) );
#8549 = ( NAMED_UNIT(*) PLANE_ANGLE_UNIT() SI_UNIT($,.RADIAN.) );
#8550 = ( NAMED_UNIT(*) SI_UNIT($,.STERADIAN.) SOLID_ANGLE_UNIT() );
#8551 = UNCERTAINTY_MEASURE_WITH_UNIT(LENGTH_MEASURE(1.E-07),#8548,
  'distance_accuracy_value','confusion accuracy');
#8552 = PRODUCT_RELATED_PRODUCT_CATEGORY('part',$,(#7));
ENDSEC;
END-ISO-10303-21;
